{
  "results": {
    "hendrycksTest-marketing": {
      "acc": 0.3504273504273504,
      "acc_stderr": 0.03125610824421881,
      "acc_norm": 0.36752136752136755,
      "acc_norm_stderr": 0.03158539157745636
    },
    "hendrycksTest-world_religions": {
      "acc": 0.4502923976608187,
      "acc_stderr": 0.03815827365913237,
      "acc_norm": 0.47368421052631576,
      "acc_norm_stderr": 0.038295098689947286
    },
    "hendrycksTest-college_physics": {
      "acc": 0.2647058823529412,
      "acc_stderr": 0.04389869956808778,
      "acc_norm": 0.3137254901960784,
      "acc_norm_stderr": 0.04617034827006718
    },
    "hendrycksTest-high_school_statistics": {
      "acc": 0.26851851851851855,
      "acc_stderr": 0.0302252261600124,
      "acc_norm": 0.2916666666666667,
      "acc_norm_stderr": 0.03099866630456053
    },
    "hendrycksTest-professional_psychology": {
      "acc": 0.30718954248366015,
      "acc_stderr": 0.018663359671463677,
      "acc_norm": 0.2973856209150327,
      "acc_norm_stderr": 0.01849259653639695
    },
    "hendrycksTest-us_foreign_policy": {
      "acc": 0.31,
      "acc_stderr": 0.04648231987117316,
      "acc_norm": 0.35,
      "acc_norm_stderr": 0.047937248544110196
    },
    "hendrycksTest-nutrition": {
      "acc": 0.3431372549019608,
      "acc_stderr": 0.027184498909941616,
      "acc_norm": 0.38562091503267976,
      "acc_norm_stderr": 0.027870745278290324
    },
    "hendrycksTest-prehistory": {
      "acc": 0.28703703703703703,
      "acc_stderr": 0.025171041915309684,
      "acc_norm": 0.2808641975308642,
      "acc_norm_stderr": 0.025006469755799204
    },
    "lambada_openai": {
      "ppl": 4.494119251576457,
      "ppl_stderr": 0.0997294801023666,
      "acc": 0.6726178924898117,
      "acc_stderr": 0.006537681377487921
    },
    "hendrycksTest-high_school_world_history": {
      "acc": 0.2742616033755274,
      "acc_stderr": 0.029041333510598035,
      "acc_norm": 0.2742616033755274,
      "acc_norm_stderr": 0.02904133351059804
    },
    "hendrycksTest-econometrics": {
      "acc": 0.2894736842105263,
      "acc_stderr": 0.04266339443159394,
      "acc_norm": 0.2807017543859649,
      "acc_norm_stderr": 0.042270544512321984
    },
    "hendrycksTest-clinical_knowledge": {
      "acc": 0.27547169811320754,
      "acc_stderr": 0.027495663683724053,
      "acc_norm": 0.32075471698113206,
      "acc_norm_stderr": 0.028727502957880267
    },
    "hendrycksTest-college_mathematics": {
      "acc": 0.25,
      "acc_stderr": 0.04351941398892446,
      "acc_norm": 0.25,
      "acc_norm_stderr": 0.04351941398892446
    },
    "hendrycksTest-miscellaneous": {
      "acc": 0.39719029374201786,
      "acc_stderr": 0.017497905037159367,
      "acc_norm": 0.37547892720306514,
      "acc_norm_stderr": 0.017316613197182786
    },
    "hendrycksTest-high_school_macroeconomics": {
      "acc": 0.25384615384615383,
      "acc_stderr": 0.022066054378726257,
      "acc_norm": 0.24615384615384617,
      "acc_norm_stderr": 0.021840866990423084
    },
    "hendrycksTest-high_school_biology": {
      "acc": 0.25161290322580643,
      "acc_stderr": 0.024685979286239956,
      "acc_norm": 0.2709677419354839,
      "acc_norm_stderr": 0.02528441611490016
    },
    "hendrycksTest-elementary_mathematics": {
      "acc": 0.29894179894179895,
      "acc_stderr": 0.02357760479165582,
      "acc_norm": 0.30158730158730157,
      "acc_norm_stderr": 0.023636975996101796
    },
    "hendrycksTest-high_school_geography": {
      "acc": 0.2727272727272727,
      "acc_stderr": 0.03173071239071724,
      "acc_norm": 0.31313131313131315,
      "acc_norm_stderr": 0.033042050878136525
    },
    "hendrycksTest-human_aging": {
      "acc": 0.31390134529147984,
      "acc_stderr": 0.031146796482972465,
      "acc_norm": 0.3004484304932735,
      "acc_norm_stderr": 0.030769352008229143
    },
    "hendrycksTest-high_school_government_and_politics": {
      "acc": 0.31088082901554404,
      "acc_stderr": 0.03340361906276588,
      "acc_norm": 0.34196891191709844,
      "acc_norm_stderr": 0.034234651001042816
    },
    "hendrycksTest-electrical_engineering": {
      "acc": 0.3931034482758621,
      "acc_stderr": 0.040703290137070705,
      "acc_norm": 0.3724137931034483,
      "acc_norm_stderr": 0.0402873153294756
    },
    "hendrycksTest-international_law": {
      "acc": 0.2644628099173554,
      "acc_stderr": 0.04026187527591206,
      "acc_norm": 0.36363636363636365,
      "acc_norm_stderr": 0.043913262867240704
    },
    "hendrycksTest-management": {
      "acc": 0.3592233009708738,
      "acc_stderr": 0.04750458399041693,
      "acc_norm": 0.3883495145631068,
      "acc_norm_stderr": 0.0482572933735639
    },
    "hendrycksTest-high_school_psychology": {
      "acc": 0.326605504587156,
      "acc_stderr": 0.020106990889937306,
      "acc_norm": 0.30091743119266057,
      "acc_norm_stderr": 0.019664751366802114
    },
    "hendrycksTest-medical_genetics": {
      "acc": 0.26,
      "acc_stderr": 0.04408440022768078,
      "acc_norm": 0.34,
      "acc_norm_stderr": 0.04760952285695235
    },
    "hendrycksTest-high_school_european_history": {
      "acc": 0.296969696969697,
      "acc_stderr": 0.035679697722680474,
      "acc_norm": 0.3212121212121212,
      "acc_norm_stderr": 0.03646204963253812
    },
    "hendrycksTest-high_school_us_history": {
      "acc": 0.2647058823529412,
      "acc_stderr": 0.030964517926923375,
      "acc_norm": 0.28431372549019607,
      "acc_norm_stderr": 0.031660096793998144
    },
    "hendrycksTest-moral_scenarios": {
      "acc": 0.25139664804469275,
      "acc_stderr": 0.014508979453553974,
      "acc_norm": 0.25027932960893856,
      "acc_norm_stderr": 0.01448750085285041
    },
    "hendrycksTest-high_school_computer_science": {
      "acc": 0.33,
      "acc_stderr": 0.04725815626252604,
      "acc_norm": 0.34,
      "acc_norm_stderr": 0.04760952285695235
    },
    "hendrycksTest-machine_learning": {
      "acc": 0.23214285714285715,
      "acc_stderr": 0.04007341809755806,
      "acc_norm": 0.23214285714285715,
      "acc_norm_stderr": 0.040073418097558045
    },
    "hendrycksTest-sociology": {
      "acc": 0.3582089552238806,
      "acc_stderr": 0.03390393042268814,
      "acc_norm": 0.3333333333333333,
      "acc_norm_stderr": 0.03333333333333334
    },
    "hendrycksTest-business_ethics": {
      "acc": 0.29,
      "acc_stderr": 0.045604802157206845,
      "acc_norm": 0.31,
      "acc_norm_stderr": 0.04648231987117316
    },
    "hendrycksTest-college_medicine": {
      "acc": 0.3179190751445087,
      "acc_stderr": 0.0355068398916558,
      "acc_norm": 0.34104046242774566,
      "acc_norm_stderr": 0.036146654241808254
    },
    "hendrycksTest-astronomy": {
      "acc": 0.2894736842105263,
      "acc_stderr": 0.03690677986137282,
      "acc_norm": 0.3223684210526316,
      "acc_norm_stderr": 0.03803510248351585
    },
    "hendrycksTest-high_school_microeconomics": {
      "acc": 0.2773109243697479,
      "acc_stderr": 0.02907937453948001,
      "acc_norm": 0.2857142857142857,
      "acc_norm_stderr": 0.02934457250063434
    },
    "hendrycksTest-logical_fallacies": {
      "acc": 0.26993865030674846,
      "acc_stderr": 0.034878251684978906,
      "acc_norm": 0.3067484662576687,
      "acc_norm_stderr": 0.036230899157241474
    },
    "hendrycksTest-public_relations": {
      "acc": 0.36363636363636365,
      "acc_stderr": 0.04607582090719976,
      "acc_norm": 0.38181818181818183,
      "acc_norm_stderr": 0.046534298079135075
    },
    "hendrycksTest-anatomy": {
      "acc": 0.32592592592592595,
      "acc_stderr": 0.040491220417025055,
      "acc_norm": 0.28888888888888886,
      "acc_norm_stderr": 0.039154506304142495
    },
    "hendrycksTest-security_studies": {
      "acc": 0.2897959183673469,
      "acc_stderr": 0.02904308868330432,
      "acc_norm": 0.24081632653061225,
      "acc_norm_stderr": 0.027372942201788167
    },
    "logiqa": {
      "acc": 0.21812596006144394,