{
  "results": {
    "hendrycksTest-high_school_computer_science": {
      "acc": 0.24,
      "acc_stderr": 0.04292346959909284,
      "acc_norm": 0.28,
      "acc_norm_stderr": 0.04512608598542127
    },
    "hendrycksTest-professional_law": {
      "acc": 0.2503259452411995,
      "acc_stderr": 0.01106415102716544,
      "acc_norm": 0.26140808344198174,
      "acc_norm_stderr": 0.011222528169771307
    },
    "hendrycksTest-us_foreign_policy": {
      "acc": 0.22,
      "acc_stderr": 0.04163331998932269,
      "acc_norm": 0.24,
      "acc_norm_stderr": 0.042923469599092816
    },
    "piqa": {
      "acc": 0.6501632208922742,
      "acc_stderr": 0.011127288644632841,
      "acc_norm": 0.6528835690968444,
      "acc_norm_stderr": 0.011107104993128083
    },
    "hendrycksTest-computer_security": {
      "acc": 0.33,
      "acc_stderr": 0.047258156262526045,
      "acc_norm": 0.34,
      "acc_norm_stderr": 0.04760952285695236
    },
    "hendrycksTest-econometrics": {
      "acc": 0.30701754385964913,
      "acc_stderr": 0.04339138322579861,
      "acc_norm": 0.2719298245614035,
      "acc_norm_stderr": 0.04185774424022056
    },
    "hendrycksTest-high_school_mathematics": {
      "acc": 0.21481481481481482,
      "acc_stderr": 0.025040443877000673,
      "acc_norm": 0.23333333333333334,
      "acc_norm_stderr": 0.025787874220959305
    },
    "hendrycksTest-high_school_european_history": {
      "acc": 0.2545454545454545,
      "acc_stderr": 0.0340150671524904,
      "acc_norm": 0.2545454545454545,
      "acc_norm_stderr": 0.0340150671524904
    },
    "arc_challenge": {
      "acc": 0.23293515358361774,
      "acc_stderr": 0.012352507042617394,
      "acc_norm": 0.25341296928327645,
      "acc_norm_stderr": 0.012710896778378606
    },
    "arc_easy": {
      "acc": 0.5265151515151515,
      "acc_stderr": 0.010245347015573697,
      "acc_norm": 0.5143097643097643,
      "acc_norm_stderr": 0.010255580881603624
    },
    "hendrycksTest-machine_learning": {
      "acc": 0.20535714285714285,
      "acc_stderr": 0.038342410214190714,
      "acc_norm": 0.20535714285714285,
      "acc_norm_stderr": 0.03834241021419072
    },
    "hendrycksTest-high_school_world_history": {
      "acc": 0.27848101265822783,
      "acc_stderr": 0.02917868230484255,
      "acc_norm": 0.2742616033755274,
      "acc_norm_stderr": 0.029041333510598035
    },
    "hendrycksTest-human_sexuality": {
      "acc": 0.3816793893129771,
      "acc_stderr": 0.042607351576445594,
      "acc_norm": 0.37404580152671757,
      "acc_norm_stderr": 0.042438692422305246
    },
    "hendrycksTest-miscellaneous": {
      "acc": 0.26181353767560667,
      "acc_stderr": 0.01572083867844525,
      "acc_norm": 0.27586206896551724,
      "acc_norm_stderr": 0.015982814774695625
    },
    "hendrycksTest-high_school_chemistry": {
      "acc": 0.21182266009852216,
      "acc_stderr": 0.028748983689941072,
      "acc_norm": 0.2315270935960591,
      "acc_norm_stderr": 0.029678333141444455
    },
    "hendrycksTest-moral_scenarios": {
      "acc": 0.25139664804469275,
      "acc_stderr": 0.014508979453553974,
      "acc_norm": 0.25139664804469275,
      "acc_norm_stderr": 0.014508979453553974
    },
    "hendrycksTest-jurisprudence": {
      "acc": 0.2037037037037037,
      "acc_stderr": 0.03893542518824846,
      "acc_norm": 0.26851851851851855,
      "acc_norm_stderr": 0.04284467968052192
    },
    "hendrycksTest-business_ethics": {
      "acc": 0.35,
      "acc_stderr": 0.0479372485441102,
      "acc_norm": 0.3,
      "acc_norm_stderr": 0.046056618647183814
    },
    "hendrycksTest-astronomy": {
      "acc": 0.20394736842105263,
      "acc_stderr": 0.032790004063100515,
      "acc_norm": 0.2631578947368421,
      "acc_norm_stderr": 0.03583496176361062
    },
    "hendrycksTest-conceptual_physics": {
      "acc": 0.2978723404255319,
      "acc_stderr": 0.02989614568209546,
      "acc_norm": 0.24680851063829787,
      "acc_norm_stderr": 0.028185441301234116
    },
    "hendrycksTest-sociology": {
      "acc": 0.3034825870646766,
      "acc_stderr": 0.03251006816458619,
      "acc_norm": 0.2736318407960199,
      "acc_norm_stderr": 0.03152439186555404
    },
    "hendrycksTest-security_studies": {
      "acc": 0.33877551020408164,
      "acc_stderr": 0.030299506562154188,
      "acc_norm": 0.2530612244897959,
      "acc_norm_stderr": 0.027833023871399666
    },
    "hendrycksTest-high_school_government_and_politics": {
      "acc": 0.20207253886010362,
      "acc_stderr": 0.02897908979429673,
      "acc_norm": 0.20725388601036268,
      "acc_norm_stderr": 0.02925282329180363
    },
    "hendrycksTest-high_school_physics": {
      "acc": 0.2582781456953642,
      "acc_stderr": 0.035737053147634576,
      "acc_norm": 0.23841059602649006,
      "acc_norm_stderr": 0.0347918557259966
    },
    "hendrycksTest-college_biology": {
      "acc": 0.2222222222222222,
      "acc_stderr": 0.03476590104304134,
      "acc_norm": 0.24305555555555555,
      "acc_norm_stderr": 0.03586879280080341
    },
    "hendrycksTest-high_school_macroeconomics": {
      "acc": 0.24871794871794872,
      "acc_stderr": 0.0219169577092138,
      "acc_norm": 0.27692307692307694,
      "acc_norm_stderr": 0.022688042352424994
    },
    "hendrycksTest-human_aging": {
      "acc": 0.3094170403587444,
      "acc_stderr": 0.03102441174057221,
      "acc_norm": 0.273542600896861,
      "acc_norm_stderr": 0.029918586707798824
    },
    "hendrycksTest-logical_fallacies": {
      "acc": 0.17791411042944785,
      "acc_stderr": 0.03004735765580664,
      "acc_norm": 0.2147239263803681,
      "acc_norm_stderr": 0.03226219377286774
    },
    "hendrycksTest-anatomy": {
      "acc": 0.2,
      "acc_stderr": 0.03455473702325438,
      "acc_norm": 0.16296296296296298,
      "acc_norm_stderr": 0.03190541474482841
    },
    "hendrycksTest-college_computer_science": {
      "acc": 0.31,
      "acc_stderr": 0.04648231987117316,
      "acc_norm": 0.31,
      "acc_norm_stderr": 0.04648231987117316
    },
    "hendrycksTest-formal_logic": {
      "acc": 0.3492063492063492,
      "acc_stderr": 0.04263906892795131,
      "acc_norm": 0.30952380952380953,
      "acc_norm_stderr": 0.04134913018303316
    },
    "hendrycksTest-college_physics": {
      "acc": 0.20588235294117646,
      "acc_stderr": 0.040233822736177476,
      "acc_norm": 0.21568627450980393,
      "acc_norm_stderr": 0.04092563958237656
    },
    "hendrycksTest-management": {
      "acc": 0.2621359223300971,
      "acc_stderr": 0.04354631077260594,
      "acc_norm": 0.2524271844660194,
      "acc_norm_stderr": 0.04301250399690879
    },
    "wsc": {
      "acc": 0.36538461538461536,
      "acc_stderr": 0.0474473339327792
    },
    "hendrycksTest-college_mathematics": {
      "acc": 0.21,
      "acc_stderr": 0.040936018074033256,
      "acc_norm": 0.31,
      "acc_norm_stderr": 0.04648231987117316
    },
    "hendrycksTest-virology": {
      "acc": 0.3253012048192771,
      "acc_stderr": 0.03647168523683228,
      "acc_norm": 0.3373493975903614,
      "acc_norm_stderr": 0.036807836907275814
    },
    "winogrande": {
      "acc": 0.4940805051302289,
      "acc_stderr": 0.014051500838485807
    },
    "hendrycksTest-philosophy": {
      "acc": 0.22186495176848875,
      "acc_stderr": 0.02359885829286305,
      "acc_norm": 0.2508038585209003,
      "acc_norm_stderr": 0.024619771956697168
    },
    "lambada_openai": {
      "ppl": 17.22373023969447,
      "ppl_stderr": 0.547654723717207,
      "acc": 0.4183970502619833,
      "acc_stderr": 0.006872578040274
    },
    "hendrycksTest-clinical_knowledge": {
      "acc": 0.21509433962264152,
      "acc_stderr": 0.025288394502891363,
      "acc_norm": 0.2339622641509434,
      "acc_norm_stderr": 0.02605529690115292
    },
    "hendrycksTest-marketing": {
      "acc": 0.3247863247863248,
      "acc_stderr": 0.030679022765498835,
      "acc_norm": 0.3247863247863248,
      "acc_norm_stderr": 0.030679022765498835
    },