{
  "results": {
    "hendrycksTest-machine_learning": {
      "acc": 0.22321428571428573,
      "acc_stderr": 0.039523019677025116,
      "acc_norm": 0.21428571428571427,
      "acc_norm_stderr": 0.03894641120044793
    },
    "hendrycksTest-medical_genetics": {
      "acc": 0.27,
      "acc_stderr": 0.044619604333847394,
      "acc_norm": 0.26,
      "acc_norm_stderr": 0.04408440022768077
    },
    "hendrycksTest-clinical_knowledge": {
      "acc": 0.19622641509433963,
      "acc_stderr": 0.024442388131100848,
      "acc_norm": 0.27169811320754716,
      "acc_norm_stderr": 0.027377706624670713
    },
    "hendrycksTest-human_aging": {
      "acc": 0.29596412556053814,
      "acc_stderr": 0.03063659134869981,
      "acc_norm": 0.3004484304932735,
      "acc_norm_stderr": 0.03076935200822914
    },
    "hendrycksTest-international_law": {
      "acc": 0.1652892561983471,
      "acc_stderr": 0.03390780612972776,
      "acc_norm": 0.2809917355371901,
      "acc_norm_stderr": 0.04103203830514512
    },
    "hendrycksTest-public_relations": {
      "acc": 0.20909090909090908,
      "acc_stderr": 0.03895091015724136,
      "acc_norm": 0.19090909090909092,
      "acc_norm_stderr": 0.03764425585984927
    },
    "winogrande": {
      "acc": 0.5122336227308603,
      "acc_stderr": 0.01404827882040562
    },
    "hendrycksTest-high_school_us_history": {
      "acc": 0.28921568627450983,
      "acc_stderr": 0.03182231867647555,
      "acc_norm": 0.3235294117647059,
      "acc_norm_stderr": 0.03283472056108566
    },
    "hendrycksTest-astronomy": {
      "acc": 0.16447368421052633,
      "acc_stderr": 0.030167533468632712,
      "acc_norm": 0.20394736842105263,
      "acc_norm_stderr": 0.03279000406310052
    },
    "hendrycksTest-abstract_algebra": {
      "acc": 0.18,
      "acc_stderr": 0.038612291966536955,
      "acc_norm": 0.22,
      "acc_norm_stderr": 0.0416333199893227
    },
    "hendrycksTest-high_school_biology": {
      "acc": 0.23870967741935484,
      "acc_stderr": 0.024251071262208834,
      "acc_norm": 0.24516129032258063,
      "acc_norm_stderr": 0.024472243840895518
    },
    "hendrycksTest-marketing": {
      "acc": 0.3247863247863248,
      "acc_stderr": 0.03067902276549883,
      "acc_norm": 0.3162393162393162,
      "acc_norm_stderr": 0.030463656747340247
    },
    "hendrycksTest-high_school_psychology": {
      "acc": 0.25137614678899084,
      "acc_stderr": 0.018599206360287415,
      "acc_norm": 0.24220183486238533,
      "acc_norm_stderr": 0.01836817630659862
    },
    "hendrycksTest-security_studies": {
      "acc": 0.2857142857142857,
      "acc_stderr": 0.028920583220675578,
      "acc_norm": 0.22857142857142856,
      "acc_norm_stderr": 0.02688214492230774
    },
    "lambada_openai": {
      "ppl": 15.986507136862615,
      "ppl_stderr": 0.49732681465918327,
      "acc": 0.4313991849408112,
      "acc_stderr": 0.00690010138345435
    },
    "hendrycksTest-high_school_physics": {
      "acc": 0.24503311258278146,
      "acc_stderr": 0.03511807571804726,
      "acc_norm": 0.25165562913907286,
      "acc_norm_stderr": 0.035433042343899844
    },
    "hendrycksTest-business_ethics": {
      "acc": 0.34,
      "acc_stderr": 0.04760952285695235,
      "acc_norm": 0.27,
      "acc_norm_stderr": 0.044619604333847394
    },
    "hendrycksTest-professional_law": {
      "acc": 0.24445893089960888,
      "acc_stderr": 0.010976425013113912,
      "acc_norm": 0.258148631029987,
      "acc_norm_stderr": 0.011176923719313385
    },
    "arc_challenge": {
      "acc": 0.23720136518771331,
      "acc_stderr": 0.012430399829260835,
      "acc_norm": 0.26706484641638223,
      "acc_norm_stderr": 0.012928933196496352
    },
    "logiqa": {
      "acc": 0.23655913978494625,
      "acc_stderr": 0.016668667667174192,
      "acc_norm": 0.24423963133640553,
      "acc_norm_stderr": 0.016851689430077556
    },
    "hendrycksTest-high_school_geography": {
      "acc": 0.20707070707070707,
      "acc_stderr": 0.028869778460267052,
      "acc_norm": 0.2474747474747475,
      "acc_norm_stderr": 0.03074630074212451
    },
    "hendrycksTest-college_computer_science": {
      "acc": 0.33,
      "acc_stderr": 0.04725815626252606,
      "acc_norm": 0.32,
      "acc_norm_stderr": 0.046882617226215034
    },
    "hendrycksTest-anatomy": {
      "acc": 0.25925925925925924,
      "acc_stderr": 0.03785714465066653,
      "acc_norm": 0.22962962962962963,
      "acc_norm_stderr": 0.03633384414073464
    },
    "hendrycksTest-global_facts": {
      "acc": 0.21,
      "acc_stderr": 0.040936018074033256,
      "acc_norm": 0.22,
      "acc_norm_stderr": 0.04163331998932269
    },
    "hendrycksTest-econometrics": {
      "acc": 0.2719298245614035,
      "acc_stderr": 0.04185774424022056,
      "acc_norm": 0.21052631578947367,
      "acc_norm_stderr": 0.03835153954399421
    },
    "wsc": {
      "acc": 0.36538461538461536,
      "acc_stderr": 0.0474473339327792
    },
    "hendrycksTest-high_school_microeconomics": {
      "acc": 0.2184873949579832,
      "acc_stderr": 0.02684151432295895,
      "acc_norm": 0.24369747899159663,
      "acc_norm_stderr": 0.027886828078380572
    },
    "hendrycksTest-computer_security": {
      "acc": 0.29,
      "acc_stderr": 0.04560480215720683,
      "acc_norm": 0.29,
      "acc_norm_stderr": 0.045604802157206845
    },
    "hendrycksTest-high_school_chemistry": {
      "acc": 0.2019704433497537,
      "acc_stderr": 0.028247350122180267,
      "acc_norm": 0.24630541871921183,
      "acc_norm_stderr": 0.030315099285617732
    },
    "hendrycksTest-high_school_statistics": {
      "acc": 0.22685185185185186,
      "acc_stderr": 0.028561650102422256,
      "acc_norm": 0.27314814814814814,
      "acc_norm_stderr": 0.03038805130167812
    },
    "hendrycksTest-professional_accounting": {
      "acc": 0.2730496453900709,
      "acc_stderr": 0.026577860943307854,
      "acc_norm": 0.2624113475177305,
      "acc_norm_stderr": 0.026244920349843007
    },
    "hendrycksTest-elementary_mathematics": {
      "acc": 0.20105820105820105,
      "acc_stderr": 0.020641810782370165,
      "acc_norm": 0.21693121693121692,
      "acc_norm_stderr": 0.021227082449445055
    },
    "hendrycksTest-professional_psychology": {
      "acc": 0.24836601307189543,
      "acc_stderr": 0.017479487001364764,
      "acc_norm": 0.26143790849673204,
      "acc_norm_stderr": 0.017776947157528037
    },
    "hendrycksTest-management": {
      "acc": 0.23300970873786409,
      "acc_stderr": 0.04185832598928313,
      "acc_norm": 0.2524271844660194,
      "acc_norm_stderr": 0.04301250399690879
    },
    "hendrycksTest-high_school_government_and_politics": {
      "acc": 0.21761658031088082,
      "acc_stderr": 0.029778663037752937,
      "acc_norm": 0.23834196891191708,
      "acc_norm_stderr": 0.030748905363909895
    },
    "hendrycksTest-jurisprudence": {
      "acc": 0.25,
      "acc_stderr": 0.04186091791394607,
      "acc_norm": 0.37037037037037035,
      "acc_norm_stderr": 0.04668408033024931
    },
    "hendrycksTest-moral_scenarios": {
      "acc": 0.2346368715083799,
      "acc_stderr": 0.014173044098303654,
      "acc_norm": 0.23575418994413408,
      "acc_norm_stderr": 0.014196375686290804
    },
    "hendrycksTest-world_religions": {
      "acc": 0.30994152046783624,
      "acc_stderr": 0.035469769593931624,
      "acc_norm": 0.3216374269005848,
      "acc_norm_stderr": 0.03582529442573122
    },
    "arc_easy": {
      "acc": 0.5433501683501684,
      "acc_stderr": 0.010221149650118182,
      "acc_norm": 0.5231481481481481,
      "acc_norm_stderr": 0.010248782484554474
    },
    "hendrycksTest-formal_logic": {
      "acc": 0.2777777777777778,
      "acc_stderr": 0.04006168083848876,
      "acc_norm": 0.25396825396825395,
      "acc_norm_stderr": 0.038932596106046734
    },
    "hendrycksTest-sociology": {
      "acc": 0.2935323383084577,
      "acc_stderr": 0.032200241045342054,
      "acc_norm": 0.25870646766169153,