{
  "results": {
    "hendrycksTest-sociology": {
      "acc": 0.22885572139303484,
      "acc_stderr": 0.02970528405677243,
      "acc_norm": 0.23383084577114427,
      "acc_norm_stderr": 0.029929415408348384
    },
    "hendrycksTest-college_mathematics": {
      "acc": 0.21,
      "acc_stderr": 0.040936018074033256,
      "acc_norm": 0.28,
      "acc_norm_stderr": 0.04512608598542128
    },
    "piqa": {
      "acc": 0.6621327529923831,
      "acc_stderr": 0.011035474307853841,
      "acc_norm": 0.6741022850924918,
      "acc_norm_stderr": 0.010935760218903946
    },
    "hendrycksTest-formal_logic": {
      "acc": 0.30952380952380953,
      "acc_stderr": 0.04134913018303316,
      "acc_norm": 0.2777777777777778,
      "acc_norm_stderr": 0.040061680838488774
    },
    "hendrycksTest-professional_psychology": {
      "acc": 0.2369281045751634,
      "acc_stderr": 0.017201662169789793,
      "acc_norm": 0.24019607843137256,
      "acc_norm_stderr": 0.017282760695167432
    },
    "hendrycksTest-world_religions": {
      "acc": 0.28654970760233917,
      "acc_stderr": 0.03467826685703826,
      "acc_norm": 0.2982456140350877,
      "acc_norm_stderr": 0.03508771929824565
    },
    "lambada_openai": {
      "ppl": 14.365809169167072,
      "ppl_stderr": 0.4431781655052301,
      "acc": 0.45371628177760526,
      "acc_stderr": 0.006936068656935463
    },
    "sciq": {
      "acc": 0.902,
      "acc_stderr": 0.009406619184621231,
      "acc_norm": 0.896,
      "acc_norm_stderr": 0.00965801621852431
    },
    "hendrycksTest-professional_accounting": {
      "acc": 0.2375886524822695,
      "acc_stderr": 0.025389512552729906,
      "acc_norm": 0.22695035460992907,
      "acc_norm_stderr": 0.02498710636564297
    },
    "hendrycksTest-medical_genetics": {
      "acc": 0.31,
      "acc_stderr": 0.04648231987117316,
      "acc_norm": 0.3,
      "acc_norm_stderr": 0.046056618647183814
    },
    "hendrycksTest-astronomy": {
      "acc": 0.16447368421052633,
      "acc_stderr": 0.030167533468632688,
      "acc_norm": 0.17763157894736842,
      "acc_norm_stderr": 0.031103182383123408
    },
    "hendrycksTest-public_relations": {
      "acc": 0.24545454545454545,
      "acc_stderr": 0.04122066502878285,
      "acc_norm": 0.22727272727272727,
      "acc_norm_stderr": 0.040139645540727735
    },
    "hendrycksTest-high_school_computer_science": {
      "acc": 0.24,
      "acc_stderr": 0.04292346959909284,
      "acc_norm": 0.24,
      "acc_norm_stderr": 0.04292346959909284
    },
    "hendrycksTest-nutrition": {
      "acc": 0.238562091503268,
      "acc_stderr": 0.02440439492808787,
      "acc_norm": 0.2581699346405229,
      "acc_norm_stderr": 0.025058503316958157
    },
    "hendrycksTest-moral_scenarios": {
      "acc": 0.22905027932960895,
      "acc_stderr": 0.014054314935614579,
      "acc_norm": 0.22905027932960895,
      "acc_norm_stderr": 0.014054314935614577
    },
    "hendrycksTest-virology": {
      "acc": 0.3192771084337349,
      "acc_stderr": 0.0362933532994786,
      "acc_norm": 0.3373493975903614,
      "acc_norm_stderr": 0.03680783690727581
    },
    "hendrycksTest-professional_law": {
      "acc": 0.25684485006518903,
      "acc_stderr": 0.011158455853098844,
      "acc_norm": 0.26597131681877445,
      "acc_norm_stderr": 0.011285033165551274
    },
    "hendrycksTest-abstract_algebra": {
      "acc": 0.17,
      "acc_stderr": 0.0377525168068637,
      "acc_norm": 0.22,
      "acc_norm_stderr": 0.041633319989322716
    },
    "hendrycksTest-college_chemistry": {
      "acc": 0.24,
      "acc_stderr": 0.042923469599092816,
      "acc_norm": 0.22,
      "acc_norm_stderr": 0.041633319989322695
    },
    "hendrycksTest-high_school_chemistry": {
      "acc": 0.17733990147783252,
      "acc_stderr": 0.026874337276808345,
      "acc_norm": 0.21182266009852216,
      "acc_norm_stderr": 0.028748983689941072
    },
    "hendrycksTest-logical_fallacies": {
      "acc": 0.19631901840490798,
      "acc_stderr": 0.031207970394709218,
      "acc_norm": 0.22699386503067484,
      "acc_norm_stderr": 0.032910995786157686
    },
    "hendrycksTest-global_facts": {
      "acc": 0.24,
      "acc_stderr": 0.042923469599092816,
      "acc_norm": 0.24,
      "acc_norm_stderr": 0.042923469599092816
    },
    "hendrycksTest-electrical_engineering": {
      "acc": 0.25517241379310346,
      "acc_stderr": 0.03632984052707842,
      "acc_norm": 0.2413793103448276,
      "acc_norm_stderr": 0.03565998174135302
    },
    "hendrycksTest-college_medicine": {
      "acc": 0.24855491329479767,
      "acc_stderr": 0.03295304696818318,
      "acc_norm": 0.2832369942196532,
      "acc_norm_stderr": 0.03435568056047874
    },
    "hendrycksTest-computer_security": {
      "acc": 0.31,
      "acc_stderr": 0.04648231987117316,
      "acc_norm": 0.3,
      "acc_norm_stderr": 0.046056618647183814
    },
    "hendrycksTest-high_school_macroeconomics": {
      "acc": 0.25384615384615383,
      "acc_stderr": 0.022066054378726257,
      "acc_norm": 0.27692307692307694,
      "acc_norm_stderr": 0.022688042352424994
    },
    "hendrycksTest-marketing": {
      "acc": 0.33760683760683763,
      "acc_stderr": 0.030980296992618558,
      "acc_norm": 0.34615384615384615,
      "acc_norm_stderr": 0.0311669573672359
    },
    "hendrycksTest-college_biology": {
      "acc": 0.2638888888888889,
      "acc_stderr": 0.03685651095897532,
      "acc_norm": 0.2222222222222222,
      "acc_norm_stderr": 0.03476590104304134
    },
    "hendrycksTest-high_school_microeconomics": {
      "acc": 0.226890756302521,
      "acc_stderr": 0.027205371538279472,
      "acc_norm": 0.2689075630252101,
      "acc_norm_stderr": 0.028801392193631276
    },
    "hendrycksTest-miscellaneous": {
      "acc": 0.2656449553001277,
      "acc_stderr": 0.01579430248788872,
      "acc_norm": 0.2707535121328225,
      "acc_norm_stderr": 0.015889888362560486
    },
    "hendrycksTest-high_school_government_and_politics": {
      "acc": 0.18652849740932642,
      "acc_stderr": 0.028112091210117447,
      "acc_norm": 0.19170984455958548,
      "acc_norm_stderr": 0.028408953626245292
    },
    "hendrycksTest-high_school_psychology": {
      "acc": 0.24036697247706423,
      "acc_stderr": 0.01832060732096407,
      "acc_norm": 0.24036697247706423,
      "acc_norm_stderr": 0.01832060732096407
    },
    "arc_challenge": {
      "acc": 0.24744027303754265,
      "acc_stderr": 0.012610352663292673,
      "acc_norm": 0.27559726962457337,
      "acc_norm_stderr": 0.013057169655761838
    },
    "hendrycksTest-college_computer_science": {
      "acc": 0.34,
      "acc_stderr": 0.04760952285695235,
      "acc_norm": 0.32,
      "acc_norm_stderr": 0.046882617226215034
    },
    "hendrycksTest-high_school_biology": {
      "acc": 0.22903225806451613,
      "acc_stderr": 0.023904914311782648,
      "acc_norm": 0.24193548387096775,
      "acc_norm_stderr": 0.024362599693031093
    },
    "logiqa": {
      "acc": 0.19047619047619047,
      "acc_stderr": 0.015402048382145586,
      "acc_norm": 0.21658986175115208,
      "acc_norm_stderr": 0.016156860583178306
    },
    "hendrycksTest-professional_medicine": {
      "acc": 0.20955882352941177,
      "acc_stderr": 0.024723110407677072,
      "acc_norm": 0.20588235294117646,
      "acc_norm_stderr": 0.024562204314142314
    },
    "hendrycksTest-high_school_physics": {
      "acc": 0.24503311258278146,
      "acc_stderr": 0.03511807571804726,
      "acc_norm": 0.23841059602649006,
      "acc_norm_stderr": 0.034791855725996586
    },
    "hendrycksTest-high_school_statistics": {
      "acc": 0.2222222222222222,
      "acc_stderr": 0.028353212866863438,
      "acc_norm": 0.2222222222222222,
      "acc_norm_stderr": 0.028353212866863438
    },
    "winogrande": {
      "acc": 0.505130228887135,
      "acc_stderr": 0.014051745961790513
    },
    "hendrycksTest-high_school_geography": {
      "acc": 0.19696969696969696,
      "acc_stderr": 0.028335609732463355,