{
  "results": {
    "hendrycksTest-computer_security": {
      "acc": 0.19,
      "acc_stderr": 0.03942772444036623,
      "acc_norm": 0.24,
      "acc_norm_stderr": 0.04292346959909283
    },
    "hendrycksTest-college_computer_science": {
      "acc": 0.33,
      "acc_stderr": 0.047258156262526045,
      "acc_norm": 0.34,
      "acc_norm_stderr": 0.04760952285695235
    },
    "hendrycksTest-college_medicine": {
      "acc": 0.30057803468208094,
      "acc_stderr": 0.0349610148119118,
      "acc_norm": 0.31213872832369943,
      "acc_norm_stderr": 0.03533133389323657
    },
    "hendrycksTest-high_school_european_history": {
      "acc": 0.2727272727272727,
      "acc_stderr": 0.03477691162163659,
      "acc_norm": 0.3090909090909091,
      "acc_norm_stderr": 0.036085410115739666
    },
    "logiqa": {
      "acc": 0.22580645161290322,
      "acc_stderr": 0.01639971378844506,
      "acc_norm": 0.2626728110599078,
      "acc_norm_stderr": 0.017261598347857544
    },
    "hendrycksTest-anatomy": {
      "acc": 0.1925925925925926,
      "acc_stderr": 0.03406542058502655,
      "acc_norm": 0.18518518518518517,
      "acc_norm_stderr": 0.0335567721631314
    },
    "hendrycksTest-electrical_engineering": {
      "acc": 0.2689655172413793,
      "acc_stderr": 0.036951833116502325,
      "acc_norm": 0.2620689655172414,
      "acc_norm_stderr": 0.036646663372252565
    },
    "hendrycksTest-international_law": {
      "acc": 0.18181818181818182,
      "acc_stderr": 0.03520893951097652,
      "acc_norm": 0.3140495867768595,
      "acc_norm_stderr": 0.04236964753041018
    },
    "hendrycksTest-high_school_mathematics": {
      "acc": 0.2851851851851852,
      "acc_stderr": 0.027528599210340496,
      "acc_norm": 0.3074074074074074,
      "acc_norm_stderr": 0.028133252578815635
    },
    "hendrycksTest-miscellaneous": {
      "acc": 0.23371647509578544,
      "acc_stderr": 0.015133383278988841,
      "acc_norm": 0.24393358876117496,
      "acc_norm_stderr": 0.015357212665829489
    },
    "hendrycksTest-nutrition": {
      "acc": 0.26143790849673204,
      "acc_stderr": 0.025160998214292452,
      "acc_norm": 0.2875816993464052,
      "acc_norm_stderr": 0.02591780611714716
    },
    "hendrycksTest-virology": {
      "acc": 0.25903614457831325,
      "acc_stderr": 0.03410646614071858,
      "acc_norm": 0.2891566265060241,
      "acc_norm_stderr": 0.03529486801511115
    },
    "arc_easy": {
      "acc": 0.43813131313131315,
      "acc_stderr": 0.01018093710060005,
      "acc_norm": 0.41792929292929293,
      "acc_norm_stderr": 0.010120628211017897
    },
    "hendrycksTest-logical_fallacies": {
      "acc": 0.2147239263803681,
      "acc_stderr": 0.032262193772867744,
      "acc_norm": 0.24539877300613497,
      "acc_norm_stderr": 0.03380939813943354
    },
    "hendrycksTest-professional_psychology": {
      "acc": 0.26143790849673204,
      "acc_stderr": 0.01777694715752803,
      "acc_norm": 0.29248366013071897,
      "acc_norm_stderr": 0.018403415710109793
    },
    "hendrycksTest-high_school_geography": {
      "acc": 0.23232323232323232,
      "acc_stderr": 0.030088629490217483,
      "acc_norm": 0.24242424242424243,
      "acc_norm_stderr": 0.030532892233932026
    },
    "hendrycksTest-jurisprudence": {
      "acc": 0.21296296296296297,
      "acc_stderr": 0.03957835471980979,
      "acc_norm": 0.2962962962962963,
      "acc_norm_stderr": 0.04414343666854932
    },
    "arc_challenge": {
      "acc": 0.1945392491467577,
      "acc_stderr": 0.01156770917464873,
      "acc_norm": 0.23208191126279865,
      "acc_norm_stderr": 0.012336718284948854
    },
    "hendrycksTest-human_sexuality": {
      "acc": 0.3053435114503817,
      "acc_stderr": 0.04039314978724562,
      "acc_norm": 0.2748091603053435,
      "acc_norm_stderr": 0.03915345408847835
    },
    "hendrycksTest-conceptual_physics": {
      "acc": 0.2553191489361702,
      "acc_stderr": 0.028504856470514196,
      "acc_norm": 0.23404255319148937,
      "acc_norm_stderr": 0.027678452578212397
    },
    "hendrycksTest-college_biology": {
      "acc": 0.2638888888888889,
      "acc_stderr": 0.03685651095897532,
      "acc_norm": 0.2638888888888889,
      "acc_norm_stderr": 0.03685651095897532
    },
    "hendrycksTest-medical_genetics": {
      "acc": 0.22,
      "acc_stderr": 0.04163331998932269,
      "acc_norm": 0.26,
      "acc_norm_stderr": 0.0440844002276808
    },
    "hendrycksTest-philosophy": {
      "acc": 0.24437299035369775,
      "acc_stderr": 0.024406162094668893,
      "acc_norm": 0.2990353697749196,
      "acc_norm_stderr": 0.026003301117885135
    },
    "hendrycksTest-human_aging": {
      "acc": 0.20179372197309417,
      "acc_stderr": 0.026936111912802246,
      "acc_norm": 0.17937219730941703,
      "acc_norm_stderr": 0.0257498195691928
    },
    "hendrycksTest-moral_disputes": {
      "acc": 0.24855491329479767,
      "acc_stderr": 0.023267528432100174,
      "acc_norm": 0.26878612716763006,
      "acc_norm_stderr": 0.023868003262500104
    },
    "hendrycksTest-high_school_microeconomics": {
      "acc": 0.25630252100840334,
      "acc_stderr": 0.028359620870533953,
      "acc_norm": 0.29831932773109243,
      "acc_norm_stderr": 0.029719142876342853
    },
    "hendrycksTest-econometrics": {
      "acc": 0.2807017543859649,
      "acc_stderr": 0.04227054451232199,
      "acc_norm": 0.2894736842105263,
      "acc_norm_stderr": 0.04266339443159394
    },
    "piqa": {
      "acc": 0.6099020674646355,
      "acc_stderr": 0.011380525046581557,
      "acc_norm": 0.6033732317736671,
      "acc_norm_stderr": 0.011413778810510455
    },
    "hendrycksTest-sociology": {
      "acc": 0.3482587064676617,
      "acc_stderr": 0.033687874661154596,
      "acc_norm": 0.35323383084577115,
      "acc_norm_stderr": 0.03379790611796776
    },
    "hendrycksTest-professional_law": {
      "acc": 0.24185136897001303,
      "acc_stderr": 0.010936550813827066,
      "acc_norm": 0.25684485006518903,
      "acc_norm_stderr": 0.011158455853098836
    },
    "hendrycksTest-global_facts": {
      "acc": 0.21,
      "acc_stderr": 0.04093601807403325,
      "acc_norm": 0.22,
      "acc_norm_stderr": 0.04163331998932269
    },
    "hendrycksTest-formal_logic": {
      "acc": 0.23809523809523808,
      "acc_stderr": 0.03809523809523809,
      "acc_norm": 0.25396825396825395,
      "acc_norm_stderr": 0.03893259610604674
    },
    "hendrycksTest-security_studies": {
      "acc": 0.37142857142857144,
      "acc_stderr": 0.03093285879278985,
      "acc_norm": 0.2612244897959184,
      "acc_norm_stderr": 0.028123429335142783
    },
    "hendrycksTest-clinical_knowledge": {
      "acc": 0.2641509433962264,
      "acc_stderr": 0.027134291628741695,
      "acc_norm": 0.32452830188679244,
      "acc_norm_stderr": 0.02881561571343211
    },
    "hendrycksTest-high_school_statistics": {
      "acc": 0.3194444444444444,
      "acc_stderr": 0.03179876342176851,
      "acc_norm": 0.3287037037037037,
      "acc_norm_stderr": 0.03203614084670058
    },
    "hendrycksTest-professional_medicine": {
      "acc": 0.3014705882352941,
      "acc_stderr": 0.027875982114273168,
      "acc_norm": 0.29044117647058826,
      "acc_norm_stderr": 0.027576468622740512
    },
    "hendrycksTest-astronomy": {
      "acc": 0.23684210526315788,
      "acc_stderr": 0.03459777606810538,
      "acc_norm": 0.3157894736842105,
      "acc_norm_stderr": 0.0378272898086547
    },
    "hendrycksTest-professional_accounting": {
      "acc": 0.24822695035460993,
      "acc_stderr": 0.025770015644290382,
      "acc_norm": 0.25177304964539005,
      "acc_norm_stderr": 0.025892151156709405
    },
    "hendrycksTest-high_school_computer_science": {
      "acc": 0.19,
      "acc_stderr": 0.03942772444036622,
      "acc_norm": 0.17,
      "acc_norm_stderr": 0.03775251680686371
    },
    "hendrycksTest-high_school_macroeconomics": {
      "acc": 0.2692307692307692,
      "acc_stderr": 0.022489389793654824,
      "acc_norm": 0.27692307692307694,