{
  "results": {
    "arc_easy": {
      "acc": 0.3926767676767677,
      "acc_stderr": 0.010020646555538687,
      "acc_norm": 0.3686868686868687,
      "acc_norm_stderr": 0.009899640855681038
    },
    "hendrycksTest-high_school_european_history": {
      "acc": 0.21212121212121213,
      "acc_stderr": 0.03192271569548302,
      "acc_norm": 0.24242424242424243,
      "acc_norm_stderr": 0.03346409881055953
    },
    "hendrycksTest-logical_fallacies": {
      "acc": 0.25153374233128833,
      "acc_stderr": 0.034089978868575295,
      "acc_norm": 0.2822085889570552,
      "acc_norm_stderr": 0.03536117886664743
    },
    "hendrycksTest-high_school_macroeconomics": {
      "acc": 0.26153846153846155,
      "acc_stderr": 0.022282141204204426,
      "acc_norm": 0.28717948717948716,
      "acc_norm_stderr": 0.022939925418530602
    },
    "hendrycksTest-computer_security": {
      "acc": 0.19,
      "acc_stderr": 0.03942772444036623,
      "acc_norm": 0.24,
      "acc_norm_stderr": 0.04292346959909283
    },
    "arc_challenge": {
      "acc": 0.18515358361774745,
      "acc_stderr": 0.011350774438389681,
      "acc_norm": 0.22098976109215018,
      "acc_norm_stderr": 0.012124929206818258
    },
    "logiqa": {
      "acc": 0.23655913978494625,
      "acc_stderr": 0.016668667667174192,
      "acc_norm": 0.26881720430107525,
      "acc_norm_stderr": 0.017389409463712625
    },
    "hendrycksTest-business_ethics": {
      "acc": 0.29,
      "acc_stderr": 0.04560480215720684,
      "acc_norm": 0.29,
      "acc_norm_stderr": 0.04560480215720683
    },
    "hendrycksTest-college_chemistry": {
      "acc": 0.28,
      "acc_stderr": 0.04512608598542127,
      "acc_norm": 0.32,
      "acc_norm_stderr": 0.04688261722621504
    },
    "hendrycksTest-college_medicine": {
      "acc": 0.28901734104046245,
      "acc_stderr": 0.034564257450869995,
      "acc_norm": 0.3468208092485549,
      "acc_norm_stderr": 0.036291466701596636
    },
    "hendrycksTest-college_physics": {
      "acc": 0.18627450980392157,
      "acc_stderr": 0.038739587141493524,
      "acc_norm": 0.20588235294117646,
      "acc_norm_stderr": 0.04023382273617747
    },
    "hendrycksTest-conceptual_physics": {
      "acc": 0.3021276595744681,
      "acc_stderr": 0.03001755447188055,
      "acc_norm": 0.2936170212765957,
      "acc_norm_stderr": 0.029771642712491227
    },
    "hendrycksTest-high_school_world_history": {
      "acc": 0.24050632911392406,
      "acc_stderr": 0.027820781981149675,
      "acc_norm": 0.2616033755274262,
      "acc_norm_stderr": 0.028609516716994934
    },
    "hendrycksTest-moral_disputes": {
      "acc": 0.22832369942196531,
      "acc_stderr": 0.02259870380432162,
      "acc_norm": 0.2774566473988439,
      "acc_norm_stderr": 0.024105712607754307
    },
    "hendrycksTest-college_mathematics": {
      "acc": 0.17,
      "acc_stderr": 0.03775251680686371,
      "acc_norm": 0.22,
      "acc_norm_stderr": 0.0416333199893227
    },
    "hendrycksTest-global_facts": {
      "acc": 0.26,
      "acc_stderr": 0.04408440022768077,
      "acc_norm": 0.25,
      "acc_norm_stderr": 0.04351941398892446
    },
    "hendrycksTest-high_school_computer_science": {
      "acc": 0.21,
      "acc_stderr": 0.040936018074033256,
      "acc_norm": 0.3,
      "acc_norm_stderr": 0.04605661864718381
    },
    "hendrycksTest-high_school_geography": {
      "acc": 0.30808080808080807,
      "acc_stderr": 0.03289477330098615,
      "acc_norm": 0.3333333333333333,
      "acc_norm_stderr": 0.033586181457325226
    },
    "hendrycksTest-prehistory": {
      "acc": 0.29012345679012347,
      "acc_stderr": 0.025251173936495026,
      "acc_norm": 0.2222222222222222,
      "acc_norm_stderr": 0.023132376234543346
    },
    "hendrycksTest-world_religions": {
      "acc": 0.21637426900584794,
      "acc_stderr": 0.031581495393387324,
      "acc_norm": 0.2573099415204678,
      "acc_norm_stderr": 0.03352799844161865
    },
    "hendrycksTest-high_school_government_and_politics": {
      "acc": 0.24870466321243523,
      "acc_stderr": 0.031195840877700293,
      "acc_norm": 0.29533678756476683,
      "acc_norm_stderr": 0.03292296639155139
    },
    "hendrycksTest-medical_genetics": {
      "acc": 0.19,
      "acc_stderr": 0.03942772444036625,
      "acc_norm": 0.24,
      "acc_norm_stderr": 0.042923469599092816
    },
    "hendrycksTest-astronomy": {
      "acc": 0.23026315789473684,
      "acc_stderr": 0.034260594244031654,
      "acc_norm": 0.3157894736842105,
      "acc_norm_stderr": 0.037827289808654685
    },
    "hendrycksTest-high_school_microeconomics": {
      "acc": 0.2815126050420168,
      "acc_stderr": 0.02921354941437216,
      "acc_norm": 0.3445378151260504,
      "acc_norm_stderr": 0.03086868260412163
    },
    "hendrycksTest-high_school_statistics": {
      "acc": 0.27314814814814814,
      "acc_stderr": 0.030388051301678116,
      "acc_norm": 0.2777777777777778,
      "acc_norm_stderr": 0.03054674526495317
    },
    "hendrycksTest-international_law": {
      "acc": 0.18181818181818182,
      "acc_stderr": 0.035208939510976534,
      "acc_norm": 0.36363636363636365,
      "acc_norm_stderr": 0.04391326286724071
    },
    "hendrycksTest-abstract_algebra": {
      "acc": 0.19,
      "acc_stderr": 0.039427724440366234,
      "acc_norm": 0.27,
      "acc_norm_stderr": 0.0446196043338474
    },
    "hendrycksTest-anatomy": {
      "acc": 0.2518518518518518,
      "acc_stderr": 0.03749850709174023,
      "acc_norm": 0.2222222222222222,
      "acc_norm_stderr": 0.03591444084196969
    },
    "hendrycksTest-professional_medicine": {
      "acc": 0.3713235294117647,
      "acc_stderr": 0.02934980313976587,
      "acc_norm": 0.3860294117647059,
      "acc_norm_stderr": 0.029573269134411124
    },
    "wsc": {
      "acc": 0.36538461538461536,
      "acc_stderr": 0.0474473339327792
    },
    "hendrycksTest-high_school_biology": {
      "acc": 0.2838709677419355,
      "acc_stderr": 0.025649381063029268,
      "acc_norm": 0.34516129032258064,
      "acc_norm_stderr": 0.027045746573534323
    },
    "hendrycksTest-formal_logic": {
      "acc": 0.25396825396825395,
      "acc_stderr": 0.03893259610604671,
      "acc_norm": 0.2619047619047619,
      "acc_norm_stderr": 0.03932537680392869
    },
    "lambada_openai": {
      "ppl": 192.71620129601155,
      "ppl_stderr": 7.990755800649554,
      "acc": 0.16572870172714924,
      "acc_stderr": 0.005180415430035668
    },
    "hendrycksTest-sociology": {
      "acc": 0.2835820895522388,
      "acc_stderr": 0.03187187537919796,
      "acc_norm": 0.2935323383084577,
      "acc_norm_stderr": 0.032200241045342054
    },
    "hendrycksTest-electrical_engineering": {
      "acc": 0.25517241379310346,
      "acc_stderr": 0.03632984052707842,
      "acc_norm": 0.3103448275862069,
      "acc_norm_stderr": 0.03855289616378948
    },
    "hendrycksTest-jurisprudence": {
      "acc": 0.16666666666666666,
      "acc_stderr": 0.036028141763926436,
      "acc_norm": 0.3055555555555556,
      "acc_norm_stderr": 0.044531975073749834
    },
    "hendrycksTest-human_aging": {
      "acc": 0.2062780269058296,
      "acc_stderr": 0.027157150479563824,
      "acc_norm": 0.17488789237668162,
      "acc_norm_stderr": 0.025495284626444965
    },
    "hendrycksTest-miscellaneous": {
      "acc": 0.23116219667943805,
      "acc_stderr": 0.015075523238101081,
      "acc_norm": 0.2554278416347382,
      "acc_norm_stderr": 0.01559495538445576
    },
    "hendrycksTest-high_school_chemistry": {
      "acc": 0.21674876847290642,
      "acc_stderr": 0.02899033125251624,
      "acc_norm": 0.270935960591133,
      "acc_norm_stderr": 0.031270907132976984
    },
    "hendrycksTest-human_sexuality": {
      "acc": 0.26717557251908397,
      "acc_stderr": 0.03880848301082393,
      "acc_norm": 0.2748091603053435,
      "acc_norm_stderr": 0.03915345408847836
    },
    "hendrycksTest-nutrition": {
      "acc": 0.24836601307189543,
      "acc_stderr": 0.02473998135511359,