{
  "results": {
    "hendrycksTest-college_computer_science": {
      "acc": 0.27,
      "acc_stderr": 0.044619604333847394,
      "acc_norm": 0.26,
      "acc_norm_stderr": 0.04408440022768078
    },
    "hendrycksTest-prehistory": {
      "acc": 0.26851851851851855,
      "acc_stderr": 0.024659685185967294,
      "acc_norm": 0.2006172839506173,
      "acc_norm_stderr": 0.02228231394977488
    },
    "hendrycksTest-machine_learning": {
      "acc": 0.25,
      "acc_stderr": 0.04109974682633932,
      "acc_norm": 0.26785714285714285,
      "acc_norm_stderr": 0.04203277291467762
    },
    "hendrycksTest-college_medicine": {
      "acc": 0.26011560693641617,
      "acc_stderr": 0.03345036916788992,
      "acc_norm": 0.3352601156069364,
      "acc_norm_stderr": 0.03599586301247078
    },
    "lambada_openai": {
      "ppl": 186.00796979381008,
      "ppl_stderr": 7.755649863465262,
      "acc": 0.17465554046186688,
      "acc_stderr": 0.0052895761831338135
    },
    "hendrycksTest-high_school_physics": {
      "acc": 0.26490066225165565,
      "acc_stderr": 0.03603038545360384,
      "acc_norm": 0.2913907284768212,
      "acc_norm_stderr": 0.03710185726119995
    },
    "hendrycksTest-high_school_world_history": {
      "acc": 0.2489451476793249,
      "acc_stderr": 0.028146970599422644,
      "acc_norm": 0.2911392405063291,
      "acc_norm_stderr": 0.029571601065753374
    },
    "hendrycksTest-medical_genetics": {
      "acc": 0.2,
      "acc_stderr": 0.04020151261036847,
      "acc_norm": 0.27,
      "acc_norm_stderr": 0.04461960433384739
    },
    "hendrycksTest-college_physics": {
      "acc": 0.23529411764705882,
      "acc_stderr": 0.042207736591714534,
      "acc_norm": 0.2647058823529412,
      "acc_norm_stderr": 0.0438986995680878
    },
    "winogrande": {
      "acc": 0.5138121546961326,
      "acc_stderr": 0.014047122916440419
    },
    "hendrycksTest-high_school_geography": {
      "acc": 0.2828282828282828,
      "acc_stderr": 0.032087795587867514,
      "acc_norm": 0.3383838383838384,
      "acc_norm_stderr": 0.03371124142626303
    },
    "hendrycksTest-global_facts": {
      "acc": 0.21,
      "acc_stderr": 0.040936018074033256,
      "acc_norm": 0.21,
      "acc_norm_stderr": 0.040936018074033256
    },
    "hendrycksTest-high_school_psychology": {
      "acc": 0.3321100917431193,
      "acc_stderr": 0.020192682985423344,
      "acc_norm": 0.3100917431192661,
      "acc_norm_stderr": 0.019830849684439756
    },
    "hendrycksTest-marketing": {
      "acc": 0.20085470085470086,
      "acc_stderr": 0.026246772946890477,
      "acc_norm": 0.21367521367521367,
      "acc_norm_stderr": 0.026853450377009154
    },
    "hendrycksTest-virology": {
      "acc": 0.18674698795180722,
      "acc_stderr": 0.030338749144500608,
      "acc_norm": 0.22289156626506024,
      "acc_norm_stderr": 0.03240004825594688
    },
    "hendrycksTest-conceptual_physics": {
      "acc": 0.2765957446808511,
      "acc_stderr": 0.02924188386962882,
      "acc_norm": 0.251063829787234,
      "acc_norm_stderr": 0.02834696377716247
    },
    "hendrycksTest-computer_security": {
      "acc": 0.24,
      "acc_stderr": 0.04292346959909284,
      "acc_norm": 0.26,
      "acc_norm_stderr": 0.04408440022768078
    },
    "hendrycksTest-college_mathematics": {
      "acc": 0.19,
      "acc_stderr": 0.03942772444036623,
      "acc_norm": 0.3,
      "acc_norm_stderr": 0.046056618647183814
    },
    "hendrycksTest-moral_disputes": {
      "acc": 0.24855491329479767,
      "acc_stderr": 0.023267528432100174,
      "acc_norm": 0.28034682080924855,
      "acc_norm_stderr": 0.02418242749657762
    },
    "wsc": {
      "acc": 0.36538461538461536,
      "acc_stderr": 0.0474473339327792
    },
    "hendrycksTest-miscellaneous": {
      "acc": 0.21711366538952745,
      "acc_stderr": 0.014743125394823298,
      "acc_norm": 0.24776500638569604,
      "acc_norm_stderr": 0.015438083080568963
    },
    "hendrycksTest-professional_psychology": {
      "acc": 0.23039215686274508,
      "acc_stderr": 0.017035229258034034,
      "acc_norm": 0.25326797385620914,
      "acc_norm_stderr": 0.01759348689536683
    },
    "hendrycksTest-high_school_computer_science": {
      "acc": 0.16,
      "acc_stderr": 0.03684529491774708,
      "acc_norm": 0.22,
      "acc_norm_stderr": 0.04163331998932269
    },
    "hendrycksTest-high_school_government_and_politics": {
      "acc": 0.23834196891191708,
      "acc_stderr": 0.030748905363909895,
      "acc_norm": 0.27979274611398963,
      "acc_norm_stderr": 0.032396370467357015
    },
    "sciq": {
      "acc": 0.671,
      "acc_stderr": 0.014865395385928367,
      "acc_norm": 0.647,
      "acc_norm_stderr": 0.01512017260548369
    },
    "hendrycksTest-high_school_chemistry": {
      "acc": 0.1921182266009852,
      "acc_stderr": 0.027719315709614768,
      "acc_norm": 0.2561576354679803,
      "acc_norm_stderr": 0.0307127300709826
    },
    "hendrycksTest-professional_law": {
      "acc": 0.24902216427640156,
      "acc_stderr": 0.01104489226404077,
      "acc_norm": 0.26988265971316816,
      "acc_norm_stderr": 0.011337381084250392
    },
    "hendrycksTest-human_aging": {
      "acc": 0.21076233183856502,
      "acc_stderr": 0.027373095500540196,
      "acc_norm": 0.17937219730941703,
      "acc_norm_stderr": 0.0257498195691928
    },
    "hendrycksTest-formal_logic": {
      "acc": 0.30158730158730157,
      "acc_stderr": 0.04104947269903394,
      "acc_norm": 0.30952380952380953,
      "acc_norm_stderr": 0.04134913018303316
    },
    "arc_easy": {
      "acc": 0.398989898989899,
      "acc_stderr": 0.010048240683798757,
      "acc_norm": 0.37415824915824913,
      "acc_norm_stderr": 0.009929516948977625
    },
    "hendrycksTest-security_studies": {
      "acc": 0.3224489795918367,
      "acc_stderr": 0.02992310056368391,
      "acc_norm": 0.23673469387755103,
      "acc_norm_stderr": 0.02721283588407315
    },
    "hendrycksTest-world_religions": {
      "acc": 0.19883040935672514,
      "acc_stderr": 0.03061111655743253,
      "acc_norm": 0.22807017543859648,
      "acc_norm_stderr": 0.032180937956023566
    },
    "logiqa": {
      "acc": 0.23195084485407066,
      "acc_stderr": 0.0165552524979259,
      "acc_norm": 0.27956989247311825,
      "acc_norm_stderr": 0.017602909186822453
    },
    "hendrycksTest-high_school_statistics": {
      "acc": 0.3148148148148148,
      "acc_stderr": 0.03167468706828978,
      "acc_norm": 0.3194444444444444,
      "acc_norm_stderr": 0.0317987634217685
    },
    "hendrycksTest-college_chemistry": {
      "acc": 0.32,
      "acc_stderr": 0.04688261722621504,
      "acc_norm": 0.29,
      "acc_norm_stderr": 0.04560480215720684
    },
    "hendrycksTest-college_biology": {
      "acc": 0.2569444444444444,
      "acc_stderr": 0.03653946969442099,
      "acc_norm": 0.2777777777777778,
      "acc_norm_stderr": 0.037455547914624576
    },
    "hendrycksTest-abstract_algebra": {
      "acc": 0.24,
      "acc_stderr": 0.042923469599092816,
      "acc_norm": 0.32,
      "acc_norm_stderr": 0.04688261722621504
    },
    "arc_challenge": {
      "acc": 0.17918088737201365,
      "acc_stderr": 0.011207045216615674,
      "acc_norm": 0.21928327645051193,
      "acc_norm_stderr": 0.012091245787615734
    },
    "hendrycksTest-management": {
      "acc": 0.2524271844660194,
      "acc_stderr": 0.04301250399690879,
      "acc_norm": 0.2912621359223301,
      "acc_norm_stderr": 0.04498676320572924
    },
    "hendrycksTest-high_school_macroeconomics": {
      "acc": 0.2717948717948718,
      "acc_stderr": 0.022556551010132354,
      "acc_norm": 0.2743589743589744,
      "acc_norm_stderr": 0.022622765767493218
    },
    "hendrycksTest-high_school_us_history": {
      "acc": 0.2647058823529412,
      "acc_stderr": 0.0309645179269234,
      "acc_norm": 0.29901960784313725,
      "acc_norm_stderr": 0.03213325717373616
    },
    "hendrycksTest-international_law": {
      "acc": 0.18181818181818182,