{
  "results": {
    "hendrycksTest-college_mathematics": {
      "acc": 0.16,
      "acc_stderr": 0.036845294917747115,
      "acc_norm": 0.29,
      "acc_norm_stderr": 0.04560480215720684
    },
    "hendrycksTest-abstract_algebra": {
      "acc": 0.2,
      "acc_stderr": 0.04020151261036846,
      "acc_norm": 0.27,
      "acc_norm_stderr": 0.0446196043338474
    },
    "hendrycksTest-management": {
      "acc": 0.2621359223300971,
      "acc_stderr": 0.04354631077260595,
      "acc_norm": 0.3106796116504854,
      "acc_norm_stderr": 0.0458212416016155
    },
    "hendrycksTest-high_school_computer_science": {
      "acc": 0.22,
      "acc_stderr": 0.041633319989322695,
      "acc_norm": 0.26,
      "acc_norm_stderr": 0.04408440022768082
    },
    "hendrycksTest-miscellaneous": {
      "acc": 0.2567049808429119,
      "acc_stderr": 0.015620480263064515,
      "acc_norm": 0.2515964240102171,
      "acc_norm_stderr": 0.015517322365529643
    },
    "lambada_openai": {
      "ppl": 357.6282624590446,
      "ppl_stderr": 15.128298327011574,
      "acc": 0.133514457597516,
      "acc_stderr": 0.004738674533805284
    },
    "hendrycksTest-business_ethics": {
      "acc": 0.25,
      "acc_stderr": 0.04351941398892446,
      "acc_norm": 0.24,
      "acc_norm_stderr": 0.04292346959909282
    },
    "arc_challenge": {
      "acc": 0.17832764505119453,
      "acc_stderr": 0.011186139406711306,
      "acc_norm": 0.21075085324232082,
      "acc_norm_stderr": 0.011918271754852187
    },
    "sciq": {
      "acc": 0.605,
      "acc_stderr": 0.015466551464829344,
      "acc_norm": 0.566,
      "acc_norm_stderr": 0.015680876566375054
    },
    "hendrycksTest-high_school_european_history": {
      "acc": 0.19393939393939394,
      "acc_stderr": 0.03087414513656209,
      "acc_norm": 0.2787878787878788,
      "acc_norm_stderr": 0.0350143870629678
    },
    "hendrycksTest-high_school_psychology": {
      "acc": 0.28623853211009176,
      "acc_stderr": 0.01937943662891997,
      "acc_norm": 0.26422018348623855,
      "acc_norm_stderr": 0.018904164171510182
    },
    "hendrycksTest-marketing": {
      "acc": 0.20085470085470086,
      "acc_stderr": 0.02624677294689048,
      "acc_norm": 0.2222222222222222,
      "acc_norm_stderr": 0.02723601394619669
    },
    "hendrycksTest-elementary_mathematics": {
      "acc": 0.2671957671957672,
      "acc_stderr": 0.02278967314577656,
      "acc_norm": 0.2619047619047619,
      "acc_norm_stderr": 0.022644212615525218
    },
    "hendrycksTest-high_school_statistics": {
      "acc": 0.25,
      "acc_stderr": 0.029531221160930918,
      "acc_norm": 0.32407407407407407,
      "acc_norm_stderr": 0.03191923445686186
    },
    "hendrycksTest-high_school_us_history": {
      "acc": 0.2549019607843137,
      "acc_stderr": 0.03058759135160425,
      "acc_norm": 0.28431372549019607,
      "acc_norm_stderr": 0.031660096793998116
    },
    "hendrycksTest-econometrics": {
      "acc": 0.2894736842105263,
      "acc_stderr": 0.04266339443159394,
      "acc_norm": 0.30701754385964913,
      "acc_norm_stderr": 0.0433913832257986
    },
    "wsc": {
      "acc": 0.36538461538461536,
      "acc_stderr": 0.0474473339327792
    },
    "hendrycksTest-college_medicine": {
      "acc": 0.20809248554913296,
      "acc_stderr": 0.0309528902177499,
      "acc_norm": 0.3063583815028902,
      "acc_norm_stderr": 0.03514942551267438
    },
    "hendrycksTest-high_school_government_and_politics": {
      "acc": 0.23316062176165803,
      "acc_stderr": 0.030516111371476005,
      "acc_norm": 0.27461139896373055,
      "acc_norm_stderr": 0.032210245080411565
    },
    "hendrycksTest-high_school_chemistry": {
      "acc": 0.22660098522167488,
      "acc_stderr": 0.02945486383529297,
      "acc_norm": 0.2955665024630542,
      "acc_norm_stderr": 0.032104944337514575
    },
    "hendrycksTest-professional_medicine": {
      "acc": 0.35661764705882354,
      "acc_stderr": 0.029097209568411962,
      "acc_norm": 0.3786764705882353,
      "acc_norm_stderr": 0.02946513363977613
    },
    "hendrycksTest-medical_genetics": {
      "acc": 0.19,
      "acc_stderr": 0.03942772444036622,
      "acc_norm": 0.26,
      "acc_norm_stderr": 0.04408440022768077
    },
    "winogrande": {
      "acc": 0.5311760063141279,
      "acc_stderr": 0.014025142640639518
    },
    "hendrycksTest-high_school_mathematics": {
      "acc": 0.2777777777777778,
      "acc_stderr": 0.027309140588230175,
      "acc_norm": 0.31851851851851853,
      "acc_norm_stderr": 0.02840653309060846
    },
    "hendrycksTest-us_foreign_policy": {
      "acc": 0.24,
      "acc_stderr": 0.04292346959909282,
      "acc_norm": 0.27,
      "acc_norm_stderr": 0.0446196043338474
    },
    "hendrycksTest-anatomy": {
      "acc": 0.2074074074074074,
      "acc_stderr": 0.035025531706783165,
      "acc_norm": 0.1925925925925926,
      "acc_norm_stderr": 0.03406542058502651
    },
    "hendrycksTest-formal_logic": {
      "acc": 0.2619047619047619,
      "acc_stderr": 0.039325376803928724,
      "acc_norm": 0.25396825396825395,
      "acc_norm_stderr": 0.03893259610604674
    },
    "hendrycksTest-jurisprudence": {
      "acc": 0.24074074074074073,
      "acc_stderr": 0.04133119440243839,
      "acc_norm": 0.28703703703703703,
      "acc_norm_stderr": 0.043733130409147614
    },
    "hendrycksTest-clinical_knowledge": {
      "acc": 0.24150943396226415,
      "acc_stderr": 0.026341480371118355,
      "acc_norm": 0.32075471698113206,
      "acc_norm_stderr": 0.028727502957880267
    },
    "hendrycksTest-college_physics": {
      "acc": 0.22549019607843138,
      "acc_stderr": 0.041583075330832865,
      "acc_norm": 0.22549019607843138,
      "acc_norm_stderr": 0.041583075330832865
    },
    "hendrycksTest-college_chemistry": {
      "acc": 0.24,
      "acc_stderr": 0.04292346959909282,
      "acc_norm": 0.27,
      "acc_norm_stderr": 0.04461960433384741
    },
    "hendrycksTest-conceptual_physics": {
      "acc": 0.2851063829787234,
      "acc_stderr": 0.029513196625539355,
      "acc_norm": 0.26382978723404255,
      "acc_norm_stderr": 0.028809989854102956
    },
    "hendrycksTest-professional_accounting": {
      "acc": 0.2801418439716312,
      "acc_stderr": 0.026789172351140263,
      "acc_norm": 0.29432624113475175,
      "acc_norm_stderr": 0.0271871270115038
    },
    "hendrycksTest-world_religions": {
      "acc": 0.19298245614035087,
      "acc_stderr": 0.03026745755489847,
      "acc_norm": 0.2046783625730994,
      "acc_norm_stderr": 0.030944459778533193
    },
    "hendrycksTest-logical_fallacies": {
      "acc": 0.19631901840490798,
      "acc_stderr": 0.031207970394709225,
      "acc_norm": 0.2147239263803681,
      "acc_norm_stderr": 0.03226219377286774
    },
    "hendrycksTest-human_aging": {
      "acc": 0.23766816143497757,
      "acc_stderr": 0.028568079464714277,
      "acc_norm": 0.22869955156950672,
      "acc_norm_stderr": 0.0281882400469292
    },
    "logiqa": {
      "acc": 0.2227342549923195,
      "acc_stderr": 0.016320054046165097,
      "acc_norm": 0.2780337941628264,
      "acc_norm_stderr": 0.017573187770282706
    },
    "hendrycksTest-high_school_biology": {
      "acc": 0.25806451612903225,
      "acc_stderr": 0.02489246917246283,
      "acc_norm": 0.31290322580645163,
      "acc_norm_stderr": 0.026377567028645858
    },
    "hendrycksTest-high_school_microeconomics": {
      "acc": 0.24369747899159663,
      "acc_stderr": 0.027886828078380554,
      "acc_norm": 0.31512605042016806,
      "acc_norm_stderr": 0.030176808288974337
    },
    "hendrycksTest-machine_learning": {
      "acc": 0.25892857142857145,
      "acc_stderr": 0.04157751539865629,
      "acc_norm": 0.16964285714285715,
      "acc_norm_stderr": 0.03562367850095391
    },
    "hendrycksTest-high_school_physics": {
      "acc": 0.2847682119205298,
      "acc_stderr": 0.03684881521389023,
      "acc_norm": 0.2913907284768212,
      "acc_norm_stderr": 0.03710185726119995
    },