{
  "results": {
    "hendrycksTest-jurisprudence": {
      "acc": 0.25925925925925924,
      "acc_stderr": 0.04236511258094633,
      "acc_norm": 0.3425925925925926,
      "acc_norm_stderr": 0.045879047413018105
    },
    "hendrycksTest-high_school_chemistry": {
      "acc": 0.21674876847290642,
      "acc_stderr": 0.02899033125251624,
      "acc_norm": 0.2315270935960591,
      "acc_norm_stderr": 0.029678333141444455
    },
    "hendrycksTest-abstract_algebra": {
      "acc": 0.23,
      "acc_stderr": 0.04229525846816506,
      "acc_norm": 0.3,
      "acc_norm_stderr": 0.046056618647183814
    },
    "hendrycksTest-college_physics": {
      "acc": 0.3137254901960784,
      "acc_stderr": 0.04617034827006717,
      "acc_norm": 0.3235294117647059,
      "acc_norm_stderr": 0.046550104113196177
    },
    "hendrycksTest-moral_scenarios": {
      "acc": 0.2435754189944134,
      "acc_stderr": 0.014355911964767867,
      "acc_norm": 0.24134078212290502,
      "acc_norm_stderr": 0.014310999547961447
    },
    "hendrycksTest-college_computer_science": {
      "acc": 0.4,
      "acc_stderr": 0.049236596391733084,
      "acc_norm": 0.4,
      "acc_norm_stderr": 0.049236596391733084
    },
    "hendrycksTest-elementary_mathematics": {
      "acc": 0.2830687830687831,
      "acc_stderr": 0.023201392938194974,
      "acc_norm": 0.2777777777777778,
      "acc_norm_stderr": 0.023068188848261107
    },
    "hendrycksTest-prehistory": {
      "acc": 0.29012345679012347,
      "acc_stderr": 0.025251173936495026,
      "acc_norm": 0.2623456790123457,
      "acc_norm_stderr": 0.024477222856135114
    },
    "hendrycksTest-high_school_world_history": {
      "acc": 0.21940928270042195,
      "acc_stderr": 0.026939106581553945,
      "acc_norm": 0.25738396624472576,
      "acc_norm_stderr": 0.028458820991460288
    },
    "wsc": {
      "acc": 0.36538461538461536,
      "acc_stderr": 0.0474473339327792
    },
    "hendrycksTest-global_facts": {
      "acc": 0.22,
      "acc_stderr": 0.041633319989322695,
      "acc_norm": 0.2,
      "acc_norm_stderr": 0.04020151261036845
    },
    "logiqa": {
      "acc": 0.23809523809523808,
      "acc_stderr": 0.016705867034419633,
      "acc_norm": 0.250384024577573,
      "acc_norm_stderr": 0.016992843055190034
    },
    "hendrycksTest-high_school_macroeconomics": {
      "acc": 0.2230769230769231,
      "acc_stderr": 0.02110773012724401,
      "acc_norm": 0.24358974358974358,
      "acc_norm_stderr": 0.02176373368417392
    },
    "hendrycksTest-professional_medicine": {
      "acc": 0.23161764705882354,
      "acc_stderr": 0.025626533803777562,
      "acc_norm": 0.2610294117647059,
      "acc_norm_stderr": 0.026679252270103128
    },
    "hendrycksTest-high_school_statistics": {
      "acc": 0.25925925925925924,
      "acc_stderr": 0.02988691054762696,
      "acc_norm": 0.3055555555555556,
      "acc_norm_stderr": 0.031415546294025445
    },
    "hendrycksTest-public_relations": {
      "acc": 0.2818181818181818,
      "acc_stderr": 0.04309118709946458,
      "acc_norm": 0.24545454545454545,
      "acc_norm_stderr": 0.04122066502878284
    },
    "hendrycksTest-high_school_microeconomics": {
      "acc": 0.22268907563025211,
      "acc_stderr": 0.027025433498882385,
      "acc_norm": 0.2647058823529412,
      "acc_norm_stderr": 0.02865749128507197
    },
    "hendrycksTest-marketing": {
      "acc": 0.358974358974359,
      "acc_stderr": 0.03142616993791925,
      "acc_norm": 0.36752136752136755,
      "acc_norm_stderr": 0.031585391577456365
    },
    "hendrycksTest-high_school_physics": {
      "acc": 0.2251655629139073,
      "acc_stderr": 0.03410435282008936,
      "acc_norm": 0.23178807947019867,
      "acc_norm_stderr": 0.03445406271987054
    },
    "hendrycksTest-virology": {
      "acc": 0.3132530120481928,
      "acc_stderr": 0.03610805018031023,
      "acc_norm": 0.3253012048192771,
      "acc_norm_stderr": 0.036471685236832294
    },
    "winogrande": {
      "acc": 0.569060773480663,
      "acc_stderr": 0.013917796623335962
    },
    "piqa": {
      "acc": 0.7290533188248096,
      "acc_stderr": 0.010369718937426844,
      "acc_norm": 0.7274211099020674,
      "acc_norm_stderr": 0.010389256803296006
    },
    "arc_easy": {
      "acc": 0.6384680134680135,
      "acc_stderr": 0.009858506543162063,
      "acc_norm": 0.6430976430976431,
      "acc_norm_stderr": 0.009830630210347031
    },
    "hendrycksTest-econometrics": {
      "acc": 0.23684210526315788,
      "acc_stderr": 0.03999423879281336,
      "acc_norm": 0.21052631578947367,
      "acc_norm_stderr": 0.038351539543994194
    },
    "hendrycksTest-human_aging": {
      "acc": 0.34080717488789236,
      "acc_stderr": 0.0318114974705536,
      "acc_norm": 0.34080717488789236,
      "acc_norm_stderr": 0.031811497470553604
    },
    "hendrycksTest-management": {
      "acc": 0.27184466019417475,
      "acc_stderr": 0.044052680241409216,
      "acc_norm": 0.2524271844660194,
      "acc_norm_stderr": 0.04301250399690878
    },
    "hendrycksTest-college_chemistry": {
      "acc": 0.26,
      "acc_stderr": 0.04408440022768078,
      "acc_norm": 0.29,
      "acc_norm_stderr": 0.04560480215720684
    },
    "hendrycksTest-computer_security": {
      "acc": 0.34,
      "acc_stderr": 0.047609522856952365,
      "acc_norm": 0.36,
      "acc_norm_stderr": 0.048241815132442176
    },
    "arc_challenge": {
      "acc": 0.2883959044368601,
      "acc_stderr": 0.013238394422428182,
      "acc_norm": 0.32849829351535836,
      "acc_norm_stderr": 0.01372497846553737
    },
    "hendrycksTest-high_school_computer_science": {
      "acc": 0.3,
      "acc_stderr": 0.046056618647183814,
      "acc_norm": 0.3,
      "acc_norm_stderr": 0.046056618647183814
    },
    "hendrycksTest-high_school_psychology": {
      "acc": 0.27339449541284405,
      "acc_stderr": 0.019109299846098292,
      "acc_norm": 0.26972477064220185,
      "acc_norm_stderr": 0.01902848671111544
    },
    "hendrycksTest-high_school_european_history": {
      "acc": 0.24242424242424243,
      "acc_stderr": 0.033464098810559534,
      "acc_norm": 0.2909090909090909,
      "acc_norm_stderr": 0.03546563019624336
    },
    "hendrycksTest-high_school_geography": {
      "acc": 0.25757575757575757,
      "acc_stderr": 0.031156269519646836,
      "acc_norm": 0.30808080808080807,
      "acc_norm_stderr": 0.032894773300986155
    },
    "hendrycksTest-security_studies": {
      "acc": 0.2693877551020408,
      "acc_stderr": 0.02840125202902294,
      "acc_norm": 0.2163265306122449,
      "acc_norm_stderr": 0.02635891633490402
    },
    "hendrycksTest-international_law": {
      "acc": 0.2231404958677686,
      "acc_stderr": 0.03800754475228733,
      "acc_norm": 0.35537190082644626,
      "acc_norm_stderr": 0.04369236326573981
    },
    "hendrycksTest-high_school_biology": {
      "acc": 0.2645161290322581,
      "acc_stderr": 0.02509189237885928,
      "acc_norm": 0.2645161290322581,
      "acc_norm_stderr": 0.025091892378859275
    },
    "hendrycksTest-college_medicine": {
      "acc": 0.26011560693641617,
      "acc_stderr": 0.033450369167889904,
      "acc_norm": 0.2543352601156069,
      "acc_norm_stderr": 0.0332055644308557
    },
    "hendrycksTest-miscellaneous": {
      "acc": 0.2950191570881226,
      "acc_stderr": 0.016308363772932724,
      "acc_norm": 0.2950191570881226,
      "acc_norm_stderr": 0.016308363772932724
    },
    "lambada_openai": {
      "ppl": 7.537237141713347,
      "ppl_stderr": 0.195123084499695,
      "acc": 0.5695711236173103,
      "acc_stderr": 0.006898215444000217
    },
    "hendrycksTest-human_sexuality": {
      "acc": 0.3282442748091603,
      "acc_stderr": 0.04118438565806297,
      "acc_norm": 0.3053435114503817,
      "acc_norm_stderr": 0.04039314978724561
    },
    "hendrycksTest-nutrition": {
      "acc": 0.28104575163398693,
      "acc_stderr": 0.025738854797818723,
      "acc_norm": 0.3464052287581699,
      "acc_norm_stderr": 0.027245613047215355
    },