{
  "results": {
    "hendrycksTest-management": {
      "acc": 0.3106796116504854,
      "acc_stderr": 0.04582124160161549,
      "acc_norm": 0.3300970873786408,
      "acc_norm_stderr": 0.0465614711001235
    },
    "hendrycksTest-high_school_geography": {
      "acc": 0.3434343434343434,
      "acc_stderr": 0.03383201223244441,
      "acc_norm": 0.37373737373737376,
      "acc_norm_stderr": 0.03446897738659333
    },
    "hendrycksTest-world_religions": {
      "acc": 0.29239766081871343,
      "acc_stderr": 0.034886477134579215,
      "acc_norm": 0.30409356725146197,
      "acc_norm_stderr": 0.03528211258245232
    },
    "hendrycksTest-high_school_world_history": {
      "acc": 0.2616033755274262,
      "acc_stderr": 0.028609516716994934,
      "acc_norm": 0.24472573839662448,
      "acc_norm_stderr": 0.027985699387036423
    },
    "arc_easy": {
      "acc": 0.6906565656565656,
      "acc_stderr": 0.009484615220606831,
      "acc_norm": 0.694023569023569,
      "acc_norm_stderr": 0.009455822036426621
    },
    "hendrycksTest-high_school_european_history": {
      "acc": 0.3333333333333333,
      "acc_stderr": 0.03681050869161549,
      "acc_norm": 0.3212121212121212,
      "acc_norm_stderr": 0.03646204963253812
    },
    "hendrycksTest-college_physics": {
      "acc": 0.29411764705882354,
      "acc_stderr": 0.04533838195929774,
      "acc_norm": 0.3137254901960784,
      "acc_norm_stderr": 0.04617034827006718
    },
    "lambada_openai": {
      "ppl": 5.970033973421143,
      "ppl_stderr": 0.14479211313124782,
      "acc": 0.6037259848631865,
      "acc_stderr": 0.006814434238262812
    },
    "hendrycksTest-college_mathematics": {
      "acc": 0.19,
      "acc_stderr": 0.03942772444036623,
      "acc_norm": 0.22,
      "acc_norm_stderr": 0.04163331998932269
    },
    "hendrycksTest-high_school_statistics": {
      "acc": 0.28703703703703703,
      "acc_stderr": 0.030851992993257017,
      "acc_norm": 0.28703703703703703,
      "acc_norm_stderr": 0.030851992993257017
    },
    "hendrycksTest-sociology": {
      "acc": 0.26865671641791045,
      "acc_stderr": 0.03134328358208954,
      "acc_norm": 0.25870646766169153,
      "acc_norm_stderr": 0.030965903123573026
    },
    "hendrycksTest-professional_medicine": {
      "acc": 0.29044117647058826,
      "acc_stderr": 0.027576468622740522,
      "acc_norm": 0.2757352941176471,
      "acc_norm_stderr": 0.027146271936625162
    },
    "hendrycksTest-virology": {
      "acc": 0.3253012048192771,
      "acc_stderr": 0.03647168523683228,
      "acc_norm": 0.3132530120481928,
      "acc_norm_stderr": 0.03610805018031023
    },
    "hendrycksTest-moral_disputes": {
      "acc": 0.29190751445086704,
      "acc_stderr": 0.02447699407624733,
      "acc_norm": 0.28901734104046245,
      "acc_norm_stderr": 0.02440517393578324
    },
    "hendrycksTest-computer_security": {
      "acc": 0.37,
      "acc_stderr": 0.048523658709391,
      "acc_norm": 0.39,
      "acc_norm_stderr": 0.04902071300001975
    },
    "hendrycksTest-college_chemistry": {
      "acc": 0.38,
      "acc_stderr": 0.048783173121456316,
      "acc_norm": 0.38,
      "acc_norm_stderr": 0.048783173121456316
    },
    "hendrycksTest-business_ethics": {
      "acc": 0.28,
      "acc_stderr": 0.04512608598542128,
      "acc_norm": 0.3,
      "acc_norm_stderr": 0.046056618647183814
    },
    "hendrycksTest-marketing": {
      "acc": 0.36752136752136755,
      "acc_stderr": 0.031585391577456365,
      "acc_norm": 0.3418803418803419,
      "acc_norm_stderr": 0.03107502852650776
    },
    "hendrycksTest-machine_learning": {
      "acc": 0.21428571428571427,
      "acc_stderr": 0.03894641120044793,
      "acc_norm": 0.19642857142857142,
      "acc_norm_stderr": 0.03770970049347018
    },
    "hendrycksTest-high_school_us_history": {
      "acc": 0.28431372549019607,
      "acc_stderr": 0.03166009679399812,
      "acc_norm": 0.27450980392156865,
      "acc_norm_stderr": 0.03132179803083291
    },
    "hendrycksTest-human_aging": {
      "acc": 0.27802690582959644,
      "acc_stderr": 0.030069584874494033,
      "acc_norm": 0.273542600896861,
      "acc_norm_stderr": 0.029918586707798813
    },
    "piqa": {
      "acc": 0.750816104461371,
      "acc_stderr": 0.010091882770120214,
      "acc_norm": 0.7551686615886833,
      "acc_norm_stderr": 0.010032309105568812
    },
    "hendrycksTest-public_relations": {
      "acc": 0.3181818181818182,
      "acc_stderr": 0.04461272175910509,
      "acc_norm": 0.3181818181818182,
      "acc_norm_stderr": 0.04461272175910509
    },
    "hendrycksTest-security_studies": {
      "acc": 0.24081632653061225,
      "acc_stderr": 0.027372942201788153,
      "acc_norm": 0.22448979591836735,
      "acc_norm_stderr": 0.02671143055553841
    },
    "hendrycksTest-us_foreign_policy": {
      "acc": 0.28,
      "acc_stderr": 0.04512608598542128,
      "acc_norm": 0.28,
      "acc_norm_stderr": 0.04512608598542127
    },
    "hendrycksTest-college_medicine": {
      "acc": 0.30057803468208094,
      "acc_stderr": 0.0349610148119118,
      "acc_norm": 0.31213872832369943,
      "acc_norm_stderr": 0.035331333893236574
    },
    "hendrycksTest-professional_law": {
      "acc": 0.2627118644067797,
      "acc_stderr": 0.01124054551499567,
      "acc_norm": 0.2607561929595828,
      "acc_norm_stderr": 0.011213471559602343
    },
    "hendrycksTest-high_school_macroeconomics": {
      "acc": 0.25384615384615383,
      "acc_stderr": 0.022066054378726257,
      "acc_norm": 0.25384615384615383,
      "acc_norm_stderr": 0.022066054378726257
    },
    "hendrycksTest-anatomy": {
      "acc": 0.2962962962962963,
      "acc_stderr": 0.03944624162501116,
      "acc_norm": 0.26666666666666666,
      "acc_norm_stderr": 0.03820169914517905
    },
    "hendrycksTest-international_law": {
      "acc": 0.2809917355371901,
      "acc_stderr": 0.04103203830514511,
      "acc_norm": 0.3140495867768595,
      "acc_norm_stderr": 0.04236964753041017
    },
    "hendrycksTest-conceptual_physics": {
      "acc": 0.225531914893617,
      "acc_stderr": 0.027321078417387536,
      "acc_norm": 0.2127659574468085,
      "acc_norm_stderr": 0.02675439134803977
    },
    "hendrycksTest-jurisprudence": {
      "acc": 0.2777777777777778,
      "acc_stderr": 0.043300437496507437,
      "acc_norm": 0.3333333333333333,
      "acc_norm_stderr": 0.04557239513497752
    },
    "hendrycksTest-elementary_mathematics": {
      "acc": 0.30158730158730157,
      "acc_stderr": 0.023636975996101796,
      "acc_norm": 0.31216931216931215,
      "acc_norm_stderr": 0.023865206836972602
    },
    "arc_challenge": {
      "acc": 0.33447098976109213,
      "acc_stderr": 0.013787460322441384,
      "acc_norm": 0.3856655290102389,
      "acc_norm_stderr": 0.014224250973257179
    },
    "hendrycksTest-formal_logic": {
      "acc": 0.2857142857142857,
      "acc_stderr": 0.04040610178208841,
      "acc_norm": 0.2857142857142857,
      "acc_norm_stderr": 0.0404061017820884
    },
    "hendrycksTest-high_school_computer_science": {
      "acc": 0.27,
      "acc_stderr": 0.04461960433384741,
      "acc_norm": 0.33,
      "acc_norm_stderr": 0.047258156262526045
    },
    "hendrycksTest-prehistory": {
      "acc": 0.26851851851851855,
      "acc_stderr": 0.024659685185967277,
      "acc_norm": 0.25925925925925924,
      "acc_norm_stderr": 0.02438366553103545
    },
    "logiqa": {
      "acc": 0.2626728110599078,
      "acc_stderr": 0.017261598347857544,
      "acc_norm": 0.2857142857142857,
      "acc_norm_stderr": 0.01771924779845829
    },
    "hendrycksTest-astronomy": {
      "acc": 0.28289473684210525,
      "acc_stderr": 0.03665349695640767,
      "acc_norm": 0.3157894736842105,
      "acc_norm_stderr": 0.0378272898086547
    },
    "hendrycksTest-econometrics": {
      "acc": 0.3157894736842105,
      "acc_stderr": 0.04372748290278008,
      "acc_norm": 0.2807017543859649,
      "acc_norm_stderr": 0.04227054451232199
    },