{
  "results": {
    "hendrycksTest-professional_psychology": {
      "acc": 0.2581699346405229,
      "acc_stderr": 0.01770453165325007,
      "acc_norm": 0.26143790849673204,
      "acc_norm_stderr": 0.017776947157528027
    },
    "hendrycksTest-high_school_statistics": {
      "acc": 0.25925925925925924,
      "acc_stderr": 0.029886910547626957,
      "acc_norm": 0.27314814814814814,
      "acc_norm_stderr": 0.030388051301678116
    },
    "hendrycksTest-public_relations": {
      "acc": 0.35454545454545455,
      "acc_stderr": 0.045820048415054174,
      "acc_norm": 0.32727272727272727,
      "acc_norm_stderr": 0.04494290866252091
    },
    "hendrycksTest-marketing": {
      "acc": 0.3333333333333333,
      "acc_stderr": 0.030882736974138646,
      "acc_norm": 0.33760683760683763,
      "acc_norm_stderr": 0.03098029699261856
    },
    "hendrycksTest-global_facts": {
      "acc": 0.19,
      "acc_stderr": 0.039427724440366234,
      "acc_norm": 0.19,
      "acc_norm_stderr": 0.03942772444036623
    },
    "hendrycksTest-college_chemistry": {
      "acc": 0.33,
      "acc_stderr": 0.047258156262526045,
      "acc_norm": 0.3,
      "acc_norm_stderr": 0.046056618647183814
    },
    "hendrycksTest-computer_security": {
      "acc": 0.28,
      "acc_stderr": 0.045126085985421276,
      "acc_norm": 0.34,
      "acc_norm_stderr": 0.047609522856952365
    },
    "hendrycksTest-high_school_european_history": {
      "acc": 0.24242424242424243,
      "acc_stderr": 0.033464098810559534,
      "acc_norm": 0.2545454545454545,
      "acc_norm_stderr": 0.03401506715249039
    },
    "hendrycksTest-high_school_us_history": {
      "acc": 0.2107843137254902,
      "acc_stderr": 0.028626547912437406,
      "acc_norm": 0.23529411764705882,
      "acc_norm_stderr": 0.029771775228145617
    },
    "hendrycksTest-college_computer_science": {
      "acc": 0.37,
      "acc_stderr": 0.04852365870939099,
      "acc_norm": 0.37,
      "acc_norm_stderr": 0.04852365870939099
    },
    "hendrycksTest-econometrics": {
      "acc": 0.2543859649122807,
      "acc_stderr": 0.040969851398436695,
      "acc_norm": 0.24561403508771928,
      "acc_norm_stderr": 0.040493392977481404
    },
    "hendrycksTest-logical_fallacies": {
      "acc": 0.26380368098159507,
      "acc_stderr": 0.03462419931615622,
      "acc_norm": 0.24539877300613497,
      "acc_norm_stderr": 0.03380939813943354
    },
    "hendrycksTest-miscellaneous": {
      "acc": 0.2988505747126437,
      "acc_stderr": 0.016369256815093124,
      "acc_norm": 0.28735632183908044,
      "acc_norm_stderr": 0.0161824107306827
    },
    "hendrycksTest-professional_medicine": {
      "acc": 0.25735294117647056,
      "acc_stderr": 0.026556519470041517,
      "acc_norm": 0.23897058823529413,
      "acc_norm_stderr": 0.02590528064489301
    },
    "hendrycksTest-high_school_chemistry": {
      "acc": 0.2019704433497537,
      "acc_stderr": 0.028247350122180267,
      "acc_norm": 0.24630541871921183,
      "acc_norm_stderr": 0.030315099285617732
    },
    "hendrycksTest-prehistory": {
      "acc": 0.24074074074074073,
      "acc_stderr": 0.02378858355165853,
      "acc_norm": 0.23148148148148148,
      "acc_norm_stderr": 0.023468429832451163
    },
    "hendrycksTest-medical_genetics": {
      "acc": 0.35,
      "acc_stderr": 0.0479372485441102,
      "acc_norm": 0.29,
      "acc_norm_stderr": 0.04560480215720684
    },
    "hendrycksTest-moral_scenarios": {
      "acc": 0.23128491620111732,
      "acc_stderr": 0.014102223623152582,
      "acc_norm": 0.23128491620111732,
      "acc_norm_stderr": 0.014102223623152586
    },
    "arc_easy": {
      "acc": 0.6544612794612794,
      "acc_stderr": 0.009757948730670303,
      "acc_norm": 0.6607744107744108,
      "acc_norm_stderr": 0.009714917207765851
    },
    "hendrycksTest-high_school_physics": {
      "acc": 0.2119205298013245,
      "acc_stderr": 0.03336767086567977,
      "acc_norm": 0.2119205298013245,
      "acc_norm_stderr": 0.03336767086567977
    },
    "hendrycksTest-jurisprudence": {
      "acc": 0.28703703703703703,
      "acc_stderr": 0.043733130409147614,
      "acc_norm": 0.32407407407407407,
      "acc_norm_stderr": 0.04524596007030048
    },
    "hendrycksTest-business_ethics": {
      "acc": 0.27,
      "acc_stderr": 0.044619604333847415,
      "acc_norm": 0.28,
      "acc_norm_stderr": 0.04512608598542128
    },
    "hendrycksTest-security_studies": {
      "acc": 0.22448979591836735,
      "acc_stderr": 0.02671143055553841,
      "acc_norm": 0.22040816326530613,
      "acc_norm_stderr": 0.026537045312145298
    },
    "hendrycksTest-philosophy": {
      "acc": 0.2347266881028939,
      "acc_stderr": 0.024071805887677045,
      "acc_norm": 0.2733118971061093,
      "acc_norm_stderr": 0.02531176597542612
    },
    "hendrycksTest-high_school_psychology": {
      "acc": 0.25321100917431194,
      "acc_stderr": 0.01864407304137504,
      "acc_norm": 0.26055045871559634,
      "acc_norm_stderr": 0.01881918203485007
    },
    "logiqa": {
      "acc": 0.2119815668202765,
      "acc_stderr": 0.0160309979606194,
      "acc_norm": 0.23963133640552994,
      "acc_norm_stderr": 0.016742766935101443
    },
    "hendrycksTest-college_physics": {
      "acc": 0.3333333333333333,
      "acc_stderr": 0.04690650298201943,
      "acc_norm": 0.37254901960784315,
      "acc_norm_stderr": 0.04810840148082635
    },
    "hendrycksTest-high_school_biology": {
      "acc": 0.2161290322580645,
      "acc_stderr": 0.023415293433568515,
      "acc_norm": 0.25806451612903225,
      "acc_norm_stderr": 0.024892469172462836
    },
    "hendrycksTest-moral_disputes": {
      "acc": 0.2745664739884393,
      "acc_stderr": 0.02402774515526502,
      "acc_norm": 0.2976878612716763,
      "acc_norm_stderr": 0.024617055388676992
    },
    "lambada_openai": {
      "ppl": 7.009705240755365,
      "ppl_stderr": 0.1738389286823474,
      "acc": 0.577915777217155,
      "acc_stderr": 0.00688087879173531
    },
    "hendrycksTest-college_biology": {
      "acc": 0.25,
      "acc_stderr": 0.03621034121889507,
      "acc_norm": 0.2777777777777778,
      "acc_norm_stderr": 0.03745554791462457
    },
    "hendrycksTest-conceptual_physics": {
      "acc": 0.24680851063829787,
      "acc_stderr": 0.028185441301234095,
      "acc_norm": 0.22127659574468084,
      "acc_norm_stderr": 0.02713634960242406
    },
    "hendrycksTest-high_school_mathematics": {
      "acc": 0.24814814814814815,
      "acc_stderr": 0.0263357394040558,
      "acc_norm": 0.3,
      "acc_norm_stderr": 0.027940457136228416
    },
    "hendrycksTest-professional_law": {
      "acc": 0.26140808344198174,
      "acc_stderr": 0.01122252816977131,
      "acc_norm": 0.2627118644067797,
      "acc_norm_stderr": 0.011240545514995672
    },
    "hendrycksTest-formal_logic": {
      "acc": 0.3253968253968254,
      "acc_stderr": 0.041905964388711366,
      "acc_norm": 0.29365079365079366,
      "acc_norm_stderr": 0.04073524322147126
    },
    "hendrycksTest-professional_accounting": {
      "acc": 0.2624113475177305,
      "acc_stderr": 0.026244920349843007,
      "acc_norm": 0.24113475177304963,
      "acc_norm_stderr": 0.025518731049537766
    },
    "sciq": {
      "acc": 0.931,
      "acc_stderr": 0.008018934050315145,
      "acc_norm": 0.941,
      "acc_norm_stderr": 0.007454835650406724
    },
    "hendrycksTest-us_foreign_policy": {
      "acc": 0.3,
      "acc_stderr": 0.046056618647183814,
      "acc_norm": 0.28,
      "acc_norm_stderr": 0.04512608598542127
    },
    "hendrycksTest-electrical_engineering": {
      "acc": 0.30344827586206896,
      "acc_stderr": 0.038312260488503336,
      "acc_norm": 0.2620689655172414,
      "acc_norm_stderr": 0.03664666337225256
    },
    "hendrycksTest-astronomy": {
      "acc": 0.2631578947368421,
      "acc_stderr": 0.035834961763610625,
      "acc_norm": 0.3092105263157895,
      "acc_norm_stderr": 0.037610708698674805
    },