{
  "results": {
    "hendrycksTest-virology": {
      "acc": 0.3072289156626506,
      "acc_stderr": 0.03591566797824663,
      "acc_norm": 0.3072289156626506,
      "acc_norm_stderr": 0.035915667978246635
    },
    "hendrycksTest-high_school_us_history": {
      "acc": 0.23529411764705882,
      "acc_stderr": 0.029771775228145628,
      "acc_norm": 0.2647058823529412,
      "acc_norm_stderr": 0.03096451792692339
    },
    "hendrycksTest-business_ethics": {
      "acc": 0.27,
      "acc_stderr": 0.044619604333847394,
      "acc_norm": 0.3,
      "acc_norm_stderr": 0.046056618647183814
    },
    "hendrycksTest-anatomy": {
      "acc": 0.28888888888888886,
      "acc_stderr": 0.0391545063041425,
      "acc_norm": 0.2814814814814815,
      "acc_norm_stderr": 0.03885004245800254
    },
    "hendrycksTest-us_foreign_policy": {
      "acc": 0.29,
      "acc_stderr": 0.045604802157206845,
      "acc_norm": 0.32,
      "acc_norm_stderr": 0.046882617226215034
    },
    "arc_easy": {
      "acc": 0.7045454545454546,
      "acc_stderr": 0.009361987126556457,
      "acc_norm": 0.7146464646464646,
      "acc_norm_stderr": 0.009266280584997748
    },
    "hendrycksTest-elementary_mathematics": {
      "acc": 0.291005291005291,
      "acc_stderr": 0.023393826500484865,
      "acc_norm": 0.2857142857142857,
      "acc_norm_stderr": 0.023266512213730575
    },
    "hendrycksTest-high_school_macroeconomics": {
      "acc": 0.2564102564102564,
      "acc_stderr": 0.02213908110397153,
      "acc_norm": 0.26153846153846155,
      "acc_norm_stderr": 0.02228214120420442
    },
    "hendrycksTest-management": {
      "acc": 0.3592233009708738,
      "acc_stderr": 0.047504583990416925,
      "acc_norm": 0.36893203883495146,
      "acc_norm_stderr": 0.04777615181156739
    },
    "hendrycksTest-clinical_knowledge": {
      "acc": 0.24528301886792453,
      "acc_stderr": 0.026480357179895712,
      "acc_norm": 0.2981132075471698,
      "acc_norm_stderr": 0.02815283794249386
    },
    "hendrycksTest-college_physics": {
      "acc": 0.2549019607843137,
      "acc_stderr": 0.043364327079931785,
      "acc_norm": 0.2647058823529412,
      "acc_norm_stderr": 0.043898699568087785
    },
    "hendrycksTest-professional_medicine": {
      "acc": 0.29044117647058826,
      "acc_stderr": 0.027576468622740522,
      "acc_norm": 0.3235294117647059,
      "acc_norm_stderr": 0.028418208619406794
    },
    "hendrycksTest-college_biology": {
      "acc": 0.2361111111111111,
      "acc_stderr": 0.03551446610810826,
      "acc_norm": 0.24305555555555555,
      "acc_norm_stderr": 0.03586879280080342
    },
    "hendrycksTest-professional_law": {
      "acc": 0.28292046936114734,
      "acc_stderr": 0.011503891323188976,
      "acc_norm": 0.27183833116036504,
      "acc_norm_stderr": 0.011363135278651414
    },
    "hendrycksTest-high_school_government_and_politics": {
      "acc": 0.29533678756476683,
      "acc_stderr": 0.032922966391551386,
      "acc_norm": 0.26424870466321243,
      "acc_norm_stderr": 0.031821550509166484
    },
    "hendrycksTest-logical_fallacies": {
      "acc": 0.22699386503067484,
      "acc_stderr": 0.03291099578615769,
      "acc_norm": 0.2331288343558282,
      "acc_norm_stderr": 0.0332201579577674
    },
    "hendrycksTest-sociology": {
      "acc": 0.27860696517412936,
      "acc_stderr": 0.031700561834973086,
      "acc_norm": 0.27860696517412936,
      "acc_norm_stderr": 0.031700561834973086
    },
    "hendrycksTest-computer_security": {
      "acc": 0.3,
      "acc_stderr": 0.046056618647183814,
      "acc_norm": 0.31,
      "acc_norm_stderr": 0.04648231987117316
    },
    "hendrycksTest-high_school_microeconomics": {
      "acc": 0.2815126050420168,
      "acc_stderr": 0.029213549414372167,
      "acc_norm": 0.3025210084033613,
      "acc_norm_stderr": 0.02983796238829193
    },
    "hendrycksTest-abstract_algebra": {
      "acc": 0.2,
      "acc_stderr": 0.04020151261036845,
      "acc_norm": 0.25,
      "acc_norm_stderr": 0.04351941398892446
    },
    "hendrycksTest-nutrition": {
      "acc": 0.30718954248366015,
      "acc_stderr": 0.026415601914388992,
      "acc_norm": 0.3366013071895425,
      "acc_norm_stderr": 0.02705797462449438
    },
    "hendrycksTest-high_school_chemistry": {
      "acc": 0.21182266009852216,
      "acc_stderr": 0.028748983689941072,
      "acc_norm": 0.29064039408866993,
      "acc_norm_stderr": 0.031947400722655395
    },
    "hendrycksTest-high_school_mathematics": {
      "acc": 0.2740740740740741,
      "acc_stderr": 0.027195934804085622,
      "acc_norm": 0.3074074074074074,
      "acc_norm_stderr": 0.028133252578815635
    },
    "hendrycksTest-college_chemistry": {
      "acc": 0.34,
      "acc_stderr": 0.04760952285695235,
      "acc_norm": 0.31,
      "acc_norm_stderr": 0.04648231987117316
    },
    "hendrycksTest-jurisprudence": {
      "acc": 0.32407407407407407,
      "acc_stderr": 0.04524596007030049,
      "acc_norm": 0.3888888888888889,
      "acc_norm_stderr": 0.047128212574267705
    },
    "hendrycksTest-econometrics": {
      "acc": 0.2894736842105263,
      "acc_stderr": 0.04266339443159394,
      "acc_norm": 0.3157894736842105,
      "acc_norm_stderr": 0.04372748290278008
    },
    "hendrycksTest-moral_scenarios": {
      "acc": 0.2569832402234637,
      "acc_stderr": 0.014614465821966339,
      "acc_norm": 0.24804469273743016,
      "acc_norm_stderr": 0.014444157808261441
    },
    "hendrycksTest-astronomy": {
      "acc": 0.3092105263157895,
      "acc_stderr": 0.03761070869867479,
      "acc_norm": 0.3092105263157895,
      "acc_norm_stderr": 0.037610708698674805
    },
    "hendrycksTest-public_relations": {
      "acc": 0.3,
      "acc_stderr": 0.04389311454644287,
      "acc_norm": 0.2727272727272727,
      "acc_norm_stderr": 0.04265792110940588
    },
    "hendrycksTest-high_school_physics": {
      "acc": 0.2582781456953642,
      "acc_stderr": 0.035737053147634576,
      "acc_norm": 0.2913907284768212,
      "acc_norm_stderr": 0.03710185726119995
    },
    "hendrycksTest-high_school_world_history": {
      "acc": 0.270042194092827,
      "acc_stderr": 0.028900721906293426,
      "acc_norm": 0.25316455696202533,
      "acc_norm_stderr": 0.028304657943035286
    },
    "hendrycksTest-human_aging": {
      "acc": 0.27802690582959644,
      "acc_stderr": 0.030069584874494033,
      "acc_norm": 0.27802690582959644,
      "acc_norm_stderr": 0.030069584874494033
    },
    "hendrycksTest-international_law": {
      "acc": 0.2892561983471074,
      "acc_stderr": 0.04139112727635464,
      "acc_norm": 0.371900826446281,
      "acc_norm_stderr": 0.04412015806624503
    },
    "hendrycksTest-medical_genetics": {
      "acc": 0.31,
      "acc_stderr": 0.04648231987117316,
      "acc_norm": 0.33,
      "acc_norm_stderr": 0.04725815626252604
    },
    "hendrycksTest-high_school_biology": {
      "acc": 0.2645161290322581,
      "acc_stderr": 0.025091892378859275,
      "acc_norm": 0.2967741935483871,
      "acc_norm_stderr": 0.025988500792411894
    },
    "sciq": {
      "acc": 0.946,
      "acc_stderr": 0.007150883521295441,
      "acc_norm": 0.955,
      "acc_norm_stderr": 0.006558812241406108
    },
    "hendrycksTest-college_computer_science": {
      "acc": 0.29,
      "acc_stderr": 0.045604802157206845,
      "acc_norm": 0.33,
      "acc_norm_stderr": 0.047258156262526045
    },
    "hendrycksTest-high_school_psychology": {
      "acc": 0.27522935779816515,
      "acc_stderr": 0.019149093743155203,
      "acc_norm": 0.27339449541284405,
      "acc_norm_stderr": 0.01910929984609828
    },
    "hendrycksTest-electrical_engineering": {
      "acc": 0.3310344827586207,
      "acc_stderr": 0.03921545312467122,
      "acc_norm": 0.30344827586206896,
      "acc_norm_stderr": 0.038312260488503336
    },
    "hendrycksTest-formal_logic": {
      "acc": 0.373015873015873,
      "acc_stderr": 0.04325506042017086,
      "acc_norm": 0.3333333333333333,
      "acc_norm_stderr": 0.04216370213557836
    },