{
  "results": {
    "hendrycksTest-professional_medicine": {
      "acc": 0.3382352941176471,
      "acc_stderr": 0.028739328513983583,
      "acc_norm": 0.35661764705882354,
      "acc_norm_stderr": 0.029097209568411952
    },
    "hendrycksTest-formal_logic": {
      "acc": 0.29365079365079366,
      "acc_stderr": 0.040735243221471276,
      "acc_norm": 0.31746031746031744,
      "acc_norm_stderr": 0.04163453031302859
    },
    "lambada_openai": {
      "ppl": 281.0328668414099,
      "ppl_stderr": 12.067613986357804,
      "acc": 0.15292062875994566,
      "acc_stderr": 0.0050142636234528516
    },
    "hendrycksTest-high_school_government_and_politics": {
      "acc": 0.23834196891191708,
      "acc_stderr": 0.030748905363909906,
      "acc_norm": 0.27461139896373055,
      "acc_norm_stderr": 0.03221024508041154
    },
    "hendrycksTest-clinical_knowledge": {
      "acc": 0.23773584905660378,
      "acc_stderr": 0.02619980880756192,
      "acc_norm": 0.3169811320754717,
      "acc_norm_stderr": 0.028637235639800925
    },
    "hendrycksTest-professional_accounting": {
      "acc": 0.29432624113475175,
      "acc_stderr": 0.0271871270115038,
      "acc_norm": 0.2765957446808511,
      "acc_norm_stderr": 0.026684564340460987
    },
    "piqa": {
      "acc": 0.5892274211099021,
      "acc_stderr": 0.011478565556775774,
      "acc_norm": 0.5897714907508161,
      "acc_norm_stderr": 0.011476256036359113
    },
    "hendrycksTest-professional_law": {
      "acc": 0.23989569752281617,
      "acc_stderr": 0.010906282617981652,
      "acc_norm": 0.24902216427640156,
      "acc_norm_stderr": 0.01104489226404077
    },
    "hendrycksTest-security_studies": {
      "acc": 0.3183673469387755,
      "acc_stderr": 0.029822533793982055,
      "acc_norm": 0.2612244897959184,
      "acc_norm_stderr": 0.028123429335142766
    },
    "hendrycksTest-abstract_algebra": {
      "acc": 0.17,
      "acc_stderr": 0.0377525168068637,
      "acc_norm": 0.24,
      "acc_norm_stderr": 0.04292346959909284
    },
    "hendrycksTest-astronomy": {
      "acc": 0.29605263157894735,
      "acc_stderr": 0.037150621549989056,
      "acc_norm": 0.39473684210526316,
      "acc_norm_stderr": 0.039777499346220734
    },
    "arc_challenge": {
      "acc": 0.17235494880546076,
      "acc_stderr": 0.011037113093461295,
      "acc_norm": 0.21331058020477817,
      "acc_norm_stderr": 0.011970971742326336
    },
    "hendrycksTest-high_school_chemistry": {
      "acc": 0.2315270935960591,
      "acc_stderr": 0.029678333141444455,
      "acc_norm": 0.2955665024630542,
      "acc_norm_stderr": 0.032104944337514575
    },
    "hendrycksTest-high_school_us_history": {
      "acc": 0.22058823529411764,
      "acc_stderr": 0.02910225438967409,
      "acc_norm": 0.23039215686274508,
      "acc_norm_stderr": 0.02955429260569506
    },
    "hendrycksTest-human_aging": {
      "acc": 0.21076233183856502,
      "acc_stderr": 0.02737309550054019,
      "acc_norm": 0.16143497757847533,
      "acc_norm_stderr": 0.02469395789912847
    },
    "hendrycksTest-college_biology": {
      "acc": 0.24305555555555555,
      "acc_stderr": 0.03586879280080343,
      "acc_norm": 0.2222222222222222,
      "acc_norm_stderr": 0.034765901043041336
    },
    "hendrycksTest-high_school_european_history": {
      "acc": 0.23030303030303031,
      "acc_stderr": 0.0328766675860349,
      "acc_norm": 0.3212121212121212,
      "acc_norm_stderr": 0.03646204963253812
    },
    "hendrycksTest-logical_fallacies": {
      "acc": 0.2392638036809816,
      "acc_stderr": 0.0335195387952127,
      "acc_norm": 0.27607361963190186,
      "acc_norm_stderr": 0.0351238528370505
    },
    "hendrycksTest-nutrition": {
      "acc": 0.24836601307189543,
      "acc_stderr": 0.02473998135511359,
      "acc_norm": 0.3431372549019608,
      "acc_norm_stderr": 0.027184498909941616
    },
    "hendrycksTest-prehistory": {
      "acc": 0.24382716049382716,
      "acc_stderr": 0.023891879541959617,
      "acc_norm": 0.19135802469135801,
      "acc_norm_stderr": 0.02188770461339616
    },
    "hendrycksTest-moral_scenarios": {
      "acc": 0.25139664804469275,
      "acc_stderr": 0.014508979453553983,
      "acc_norm": 0.24804469273743016,
      "acc_norm_stderr": 0.014444157808261452
    },
    "hendrycksTest-college_medicine": {
      "acc": 0.2774566473988439,
      "acc_stderr": 0.03414014007044036,
      "acc_norm": 0.3352601156069364,
      "acc_norm_stderr": 0.03599586301247078
    },
    "hendrycksTest-college_computer_science": {
      "acc": 0.31,
      "acc_stderr": 0.04648231987117316,
      "acc_norm": 0.3,
      "acc_norm_stderr": 0.046056618647183814
    },
    "hendrycksTest-high_school_computer_science": {
      "acc": 0.3,
      "acc_stderr": 0.046056618647183814,
      "acc_norm": 0.27,
      "acc_norm_stderr": 0.044619604333847394
    },
    "hendrycksTest-conceptual_physics": {
      "acc": 0.2936170212765957,
      "acc_stderr": 0.029771642712491227,
      "acc_norm": 0.2723404255319149,
      "acc_norm_stderr": 0.0291012906983867
    },
    "hendrycksTest-world_religions": {
      "acc": 0.2222222222222222,
      "acc_stderr": 0.031885780176863984,
      "acc_norm": 0.25146198830409355,
      "acc_norm_stderr": 0.033275044238468436
    },
    "hendrycksTest-professional_psychology": {
      "acc": 0.2549019607843137,
      "acc_stderr": 0.017630827375148383,
      "acc_norm": 0.2565359477124183,
      "acc_norm_stderr": 0.017667841612379002
    },
    "hendrycksTest-econometrics": {
      "acc": 0.2631578947368421,
      "acc_stderr": 0.0414243971948936,
      "acc_norm": 0.2719298245614035,
      "acc_norm_stderr": 0.041857744240220554
    },
    "hendrycksTest-us_foreign_policy": {
      "acc": 0.22,
      "acc_stderr": 0.0416333199893227,
      "acc_norm": 0.32,
      "acc_norm_stderr": 0.04688261722621503
    },
    "hendrycksTest-computer_security": {
      "acc": 0.2,
      "acc_stderr": 0.04020151261036843,
      "acc_norm": 0.21,
      "acc_norm_stderr": 0.04093601807403326
    },
    "hendrycksTest-college_physics": {
      "acc": 0.2647058823529412,
      "acc_stderr": 0.043898699568087785,
      "acc_norm": 0.27450980392156865,
      "acc_norm_stderr": 0.04440521906179326
    },
    "arc_easy": {
      "acc": 0.3918350168350168,
      "acc_stderr": 0.010016835016834966,
      "acc_norm": 0.3627946127946128,
      "acc_norm_stderr": 0.009865936757013935
    },
    "hendrycksTest-anatomy": {
      "acc": 0.24444444444444444,
      "acc_stderr": 0.03712537833614867,
      "acc_norm": 0.24444444444444444,
      "acc_norm_stderr": 0.03712537833614867
    },
    "hendrycksTest-moral_disputes": {
      "acc": 0.2630057803468208,
      "acc_stderr": 0.023703099525258172,
      "acc_norm": 0.26878612716763006,
      "acc_norm_stderr": 0.023868003262500107
    },
    "hendrycksTest-college_chemistry": {
      "acc": 0.35,
      "acc_stderr": 0.04793724854411019,
      "acc_norm": 0.36,
      "acc_norm_stderr": 0.048241815132442176
    },
    "hendrycksTest-public_relations": {
      "acc": 0.22727272727272727,
      "acc_stderr": 0.04013964554072773,
      "acc_norm": 0.2,
      "acc_norm_stderr": 0.03831305140884603
    },
    "hendrycksTest-philosophy": {
      "acc": 0.2379421221864952,
      "acc_stderr": 0.024185150647818707,
      "acc_norm": 0.2604501607717042,
      "acc_norm_stderr": 0.024926723224845557
    },
    "wsc": {
      "acc": 0.36538461538461536,
      "acc_stderr": 0.0474473339327792
    },
    "winogrande": {
      "acc": 0.5146014206787688,
      "acc_stderr": 0.014046492383275834
    },
    "hendrycksTest-business_ethics": {
      "acc": 0.34,
      "acc_stderr": 0.04760952285695235,
      "acc_norm": 0.28,
      "acc_norm_stderr": 0.045126085985421276
    },
    "hendrycksTest-high_school_mathematics": {
      "acc": 0.25925925925925924,
      "acc_stderr": 0.026719240783712166,
      "acc_norm": 0.3111111111111111,
      "acc_norm_stderr": 0.02822644674968352
    },