{
  "results": {
    "hendrycksTest-college_computer_science": {
      "acc": 0.29,
      "acc_stderr": 0.04560480215720684,
      "acc_norm": 0.31,
      "acc_norm_stderr": 0.04648231987117316
    },
    "hendrycksTest-formal_logic": {
      "acc": 0.30158730158730157,
      "acc_stderr": 0.04104947269903393,
      "acc_norm": 0.2698412698412698,
      "acc_norm_stderr": 0.03970158273235173
    },
    "hendrycksTest-high_school_geography": {
      "acc": 0.3383838383838384,
      "acc_stderr": 0.03371124142626303,
      "acc_norm": 0.3282828282828283,
      "acc_norm_stderr": 0.03345678422756777
    },
    "hendrycksTest-college_mathematics": {
      "acc": 0.2,
      "acc_stderr": 0.04020151261036846,
      "acc_norm": 0.24,
      "acc_norm_stderr": 0.042923469599092816
    },
    "hendrycksTest-college_biology": {
      "acc": 0.2638888888888889,
      "acc_stderr": 0.03685651095897532,
      "acc_norm": 0.2708333333333333,
      "acc_norm_stderr": 0.03716177437566016
    },
    "hendrycksTest-college_chemistry": {
      "acc": 0.28,
      "acc_stderr": 0.04512608598542127,
      "acc_norm": 0.29,
      "acc_norm_stderr": 0.045604802157206845
    },
    "hendrycksTest-abstract_algebra": {
      "acc": 0.2,
      "acc_stderr": 0.040201512610368445,
      "acc_norm": 0.27,
      "acc_norm_stderr": 0.0446196043338474
    },
    "hendrycksTest-sociology": {
      "acc": 0.32338308457711445,
      "acc_stderr": 0.033076159479790354,
      "acc_norm": 0.3283582089552239,
      "acc_norm_stderr": 0.033206858897443244
    },
    "logiqa": {
      "acc": 0.21812596006144394,
      "acc_stderr": 0.016198149258419312,
      "acc_norm": 0.2411674347158218,
      "acc_norm_stderr": 0.016779369344911064
    },
    "hendrycksTest-logical_fallacies": {
      "acc": 0.2392638036809816,
      "acc_stderr": 0.03351953879521271,
      "acc_norm": 0.26993865030674846,
      "acc_norm_stderr": 0.034878251684978906
    },
    "piqa": {
      "acc": 0.5952121871599565,
      "acc_stderr": 0.011452361375057028,
      "acc_norm": 0.5963003264417845,
      "acc_norm_stderr": 0.011447407541749091
    },
    "hendrycksTest-professional_accounting": {
      "acc": 0.25177304964539005,
      "acc_stderr": 0.0258921511567094,
      "acc_norm": 0.22695035460992907,
      "acc_norm_stderr": 0.024987106365642973
    },
    "hendrycksTest-high_school_microeconomics": {
      "acc": 0.2815126050420168,
      "acc_stderr": 0.029213549414372163,
      "acc_norm": 0.3277310924369748,
      "acc_norm_stderr": 0.03048991141767323
    },
    "hendrycksTest-public_relations": {
      "acc": 0.2909090909090909,
      "acc_stderr": 0.04350271442923243,
      "acc_norm": 0.24545454545454545,
      "acc_norm_stderr": 0.041220665028782834
    },
    "hendrycksTest-security_studies": {
      "acc": 0.3510204081632653,
      "acc_stderr": 0.030555316755573644,
      "acc_norm": 0.31020408163265306,
      "acc_norm_stderr": 0.029613459872484378
    },
    "hendrycksTest-virology": {
      "acc": 0.26506024096385544,
      "acc_stderr": 0.03436024037944966,
      "acc_norm": 0.23493975903614459,
      "acc_norm_stderr": 0.03300533186128922
    },
    "hendrycksTest-high_school_mathematics": {
      "acc": 0.2777777777777778,
      "acc_stderr": 0.02730914058823018,
      "acc_norm": 0.32592592592592595,
      "acc_norm_stderr": 0.028578348365473072
    },
    "hendrycksTest-world_religions": {
      "acc": 0.18128654970760233,
      "acc_stderr": 0.02954774168764002,
      "acc_norm": 0.24561403508771928,
      "acc_norm_stderr": 0.0330140594698725
    },
    "hendrycksTest-professional_law": {
      "acc": 0.24641460234680573,
      "acc_stderr": 0.011005971399927228,
      "acc_norm": 0.25358539765319427,
      "acc_norm_stderr": 0.011111715336101141
    },
    "hendrycksTest-prehistory": {
      "acc": 0.2654320987654321,
      "acc_stderr": 0.02456922360046085,
      "acc_norm": 0.20987654320987653,
      "acc_norm_stderr": 0.02265834408598137
    },
    "wsc": {
      "acc": 0.36538461538461536,
      "acc_stderr": 0.0474473339327792
    },
    "hendrycksTest-machine_learning": {
      "acc": 0.22321428571428573,
      "acc_stderr": 0.039523019677025116,
      "acc_norm": 0.1875,
      "acc_norm_stderr": 0.0370468111477387
    },
    "sciq": {
      "acc": 0.605,
      "acc_stderr": 0.015466551464829344,
      "acc_norm": 0.565,
      "acc_norm_stderr": 0.015685057252717197
    },
    "hendrycksTest-global_facts": {
      "acc": 0.27,
      "acc_stderr": 0.04461960433384739,
      "acc_norm": 0.26,
      "acc_norm_stderr": 0.04408440022768079
    },
    "hendrycksTest-professional_medicine": {
      "acc": 0.33455882352941174,
      "acc_stderr": 0.028661996202335307,
      "acc_norm": 0.33088235294117646,
      "acc_norm_stderr": 0.028582709753898435
    },
    "hendrycksTest-elementary_mathematics": {
      "acc": 0.2724867724867725,
      "acc_stderr": 0.022930973071633345,
      "acc_norm": 0.2671957671957672,
      "acc_norm_stderr": 0.022789673145776568
    },
    "hendrycksTest-high_school_world_history": {
      "acc": 0.20253164556962025,
      "acc_stderr": 0.026160568246601457,
      "acc_norm": 0.2616033755274262,
      "acc_norm_stderr": 0.028609516716994934
    },
    "hendrycksTest-anatomy": {
      "acc": 0.24444444444444444,
      "acc_stderr": 0.037125378336148665,
      "acc_norm": 0.2,
      "acc_norm_stderr": 0.03455473702325435
    },
    "hendrycksTest-conceptual_physics": {
      "acc": 0.3021276595744681,
      "acc_stderr": 0.030017554471880557,
      "acc_norm": 0.2851063829787234,
      "acc_norm_stderr": 0.029513196625539355
    },
    "hendrycksTest-clinical_knowledge": {
      "acc": 0.2,
      "acc_stderr": 0.02461829819586651,
      "acc_norm": 0.2792452830188679,
      "acc_norm_stderr": 0.027611163402399715
    },
    "hendrycksTest-nutrition": {
      "acc": 0.2777777777777778,
      "acc_stderr": 0.025646863097137904,
      "acc_norm": 0.3431372549019608,
      "acc_norm_stderr": 0.027184498909941616
    },
    "hendrycksTest-us_foreign_policy": {
      "acc": 0.21,
      "acc_stderr": 0.040936018074033256,
      "acc_norm": 0.3,
      "acc_norm_stderr": 0.046056618647183814
    },
    "hendrycksTest-high_school_physics": {
      "acc": 0.2980132450331126,
      "acc_stderr": 0.037345356767871984,
      "acc_norm": 0.33112582781456956,
      "acc_norm_stderr": 0.038425817186598696
    },
    "hendrycksTest-high_school_statistics": {
      "acc": 0.25925925925925924,
      "acc_stderr": 0.02988691054762696,
      "acc_norm": 0.27314814814814814,
      "acc_norm_stderr": 0.030388051301678116
    },
    "hendrycksTest-high_school_psychology": {
      "acc": 0.28256880733944956,
      "acc_stderr": 0.01930424349770715,
      "acc_norm": 0.26422018348623855,
      "acc_norm_stderr": 0.018904164171510196
    },
    "hendrycksTest-professional_psychology": {
      "acc": 0.2581699346405229,
      "acc_stderr": 0.017704531653250075,
      "acc_norm": 0.26633986928104575,
      "acc_norm_stderr": 0.017883188134667202
    },
    "hendrycksTest-high_school_us_history": {
      "acc": 0.24509803921568626,
      "acc_stderr": 0.03019028245350195,
      "acc_norm": 0.27450980392156865,
      "acc_norm_stderr": 0.031321798030832904
    },
    "hendrycksTest-moral_scenarios": {
      "acc": 0.24916201117318434,
      "acc_stderr": 0.014465893829859923,
      "acc_norm": 0.24692737430167597,
      "acc_norm_stderr": 0.014422292204808835
    },
    "hendrycksTest-astronomy": {
      "acc": 0.18421052631578946,
      "acc_stderr": 0.0315469804508223,
      "acc_norm": 0.3157894736842105,
      "acc_norm_stderr": 0.03782728980865469
    },
    "hendrycksTest-medical_genetics": {
      "acc": 0.22,
      "acc_stderr": 0.041633319989322674,
      "acc_norm": 0.32,
      "acc_norm_stderr": 0.04688261722621505
    },
    "hendrycksTest-high_school_european_history": {
      "acc": 0.18181818181818182,
      "acc_stderr": 0.03011768892950359,
      "acc_norm": 0.2727272727272727,