{
  "results": {
    "hendrycksTest-elementary_mathematics": {
      "acc": 0.2857142857142857,
      "acc_stderr": 0.02326651221373058,
      "acc_norm": 0.2857142857142857,
      "acc_norm_stderr": 0.023266512213730578
    },
    "hendrycksTest-us_foreign_policy": {
      "acc": 0.31,
      "acc_stderr": 0.04648231987117316,
      "acc_norm": 0.29,
      "acc_norm_stderr": 0.045604802157206824
    },
    "hendrycksTest-high_school_mathematics": {
      "acc": 0.2518518518518518,
      "acc_stderr": 0.026466117538959905,
      "acc_norm": 0.2777777777777778,
      "acc_norm_stderr": 0.027309140588230182
    },
    "hendrycksTest-miscellaneous": {
      "acc": 0.26181353767560667,
      "acc_stderr": 0.01572083867844526,
      "acc_norm": 0.27458492975734355,
      "acc_norm_stderr": 0.015959829933084035
    },
    "hendrycksTest-global_facts": {
      "acc": 0.24,
      "acc_stderr": 0.042923469599092816,
      "acc_norm": 0.27,
      "acc_norm_stderr": 0.044619604333847394
    },
    "hendrycksTest-philosophy": {
      "acc": 0.26366559485530544,
      "acc_stderr": 0.02502553850053234,
      "acc_norm": 0.28938906752411575,
      "acc_norm_stderr": 0.02575586592263293
    },
    "hendrycksTest-college_mathematics": {
      "acc": 0.2,
      "acc_stderr": 0.04020151261036845,
      "acc_norm": 0.22,
      "acc_norm_stderr": 0.04163331998932269
    },
    "hendrycksTest-high_school_physics": {
      "acc": 0.26490066225165565,
      "acc_stderr": 0.03603038545360383,
      "acc_norm": 0.23841059602649006,
      "acc_norm_stderr": 0.0347918557259966
    },
    "hendrycksTest-college_medicine": {
      "acc": 0.2658959537572254,
      "acc_stderr": 0.033687629322594295,
      "acc_norm": 0.3063583815028902,
      "acc_norm_stderr": 0.03514942551267438
    },
    "hendrycksTest-high_school_macroeconomics": {
      "acc": 0.2282051282051282,
      "acc_stderr": 0.02127839386358628,
      "acc_norm": 0.24615384615384617,
      "acc_norm_stderr": 0.021840866990423088
    },
    "hendrycksTest-professional_medicine": {
      "acc": 0.22794117647058823,
      "acc_stderr": 0.025483081468029804,
      "acc_norm": 0.22794117647058823,
      "acc_norm_stderr": 0.025483081468029804
    },
    "hendrycksTest-jurisprudence": {
      "acc": 0.25925925925925924,
      "acc_stderr": 0.042365112580946336,
      "acc_norm": 0.37037037037037035,
      "acc_norm_stderr": 0.04668408033024931
    },
    "lambada_openai": {
      "ppl": 9.01016647782122,
      "ppl_stderr": 0.24376823727422584,
      "acc": 0.5251309916553464,
      "acc_stderr": 0.006957173133409421
    },
    "hendrycksTest-high_school_psychology": {
      "acc": 0.24036697247706423,
      "acc_stderr": 0.01832060732096407,
      "acc_norm": 0.24770642201834864,
      "acc_norm_stderr": 0.018508143602547832
    },
    "hendrycksTest-human_sexuality": {
      "acc": 0.3816793893129771,
      "acc_stderr": 0.042607351576445594,
      "acc_norm": 0.3435114503816794,
      "acc_norm_stderr": 0.041649760719448786
    },
    "hendrycksTest-prehistory": {
      "acc": 0.28703703703703703,
      "acc_stderr": 0.025171041915309684,
      "acc_norm": 0.26851851851851855,
      "acc_norm_stderr": 0.02465968518596729
    },
    "hendrycksTest-electrical_engineering": {
      "acc": 0.2620689655172414,
      "acc_stderr": 0.036646663372252565,
      "acc_norm": 0.23448275862068965,
      "acc_norm_stderr": 0.035306258743465914
    },
    "hendrycksTest-high_school_biology": {
      "acc": 0.23548387096774193,
      "acc_stderr": 0.02413763242933771,
      "acc_norm": 0.25161290322580643,
      "acc_norm_stderr": 0.024685979286239952
    },
    "hendrycksTest-nutrition": {
      "acc": 0.33986928104575165,
      "acc_stderr": 0.027121956071388852,
      "acc_norm": 0.3627450980392157,
      "acc_norm_stderr": 0.0275300784471103
    },
    "hendrycksTest-sociology": {
      "acc": 0.26865671641791045,
      "acc_stderr": 0.03134328358208954,
      "acc_norm": 0.24875621890547264,
      "acc_norm_stderr": 0.030567675938916707
    },
    "hendrycksTest-college_biology": {
      "acc": 0.25,
      "acc_stderr": 0.03621034121889507,
      "acc_norm": 0.2013888888888889,
      "acc_norm_stderr": 0.03353647469713839
    },
    "hendrycksTest-professional_accounting": {
      "acc": 0.2872340425531915,
      "acc_stderr": 0.026992199173064356,
      "acc_norm": 0.26595744680851063,
      "acc_norm_stderr": 0.026358065698880592
    },
    "hendrycksTest-public_relations": {
      "acc": 0.2636363636363636,
      "acc_stderr": 0.04220224692971987,
      "acc_norm": 0.2545454545454545,
      "acc_norm_stderr": 0.041723430387053825
    },
    "hendrycksTest-college_physics": {
      "acc": 0.30392156862745096,
      "acc_stderr": 0.045766654032077615,
      "acc_norm": 0.3137254901960784,
      "acc_norm_stderr": 0.04617034827006716
    },
    "hendrycksTest-high_school_world_history": {
      "acc": 0.24472573839662448,
      "acc_stderr": 0.027985699387036416,
      "acc_norm": 0.2616033755274262,
      "acc_norm_stderr": 0.028609516716994927
    },
    "hendrycksTest-management": {
      "acc": 0.2524271844660194,
      "acc_stderr": 0.04301250399690878,
      "acc_norm": 0.2621359223300971,
      "acc_norm_stderr": 0.04354631077260595
    },
    "hendrycksTest-clinical_knowledge": {
      "acc": 0.2792452830188679,
      "acc_stderr": 0.027611163402399715,
      "acc_norm": 0.35094339622641507,
      "acc_norm_stderr": 0.029373646253234686
    },
    "hendrycksTest-professional_law": {
      "acc": 0.2627118644067797,
      "acc_stderr": 0.011240545514995672,
      "acc_norm": 0.2646675358539765,
      "acc_norm_stderr": 0.011267332992845536
    },
    "hendrycksTest-college_computer_science": {
      "acc": 0.38,
      "acc_stderr": 0.04878317312145632,
      "acc_norm": 0.4,
      "acc_norm_stderr": 0.04923659639173309
    },
    "hendrycksTest-professional_psychology": {
      "acc": 0.27124183006535946,
      "acc_stderr": 0.0179866153040303,
      "acc_norm": 0.28431372549019607,
      "acc_norm_stderr": 0.018249024411207657
    },
    "hendrycksTest-high_school_computer_science": {
      "acc": 0.22,
      "acc_stderr": 0.0416333199893227,
      "acc_norm": 0.28,
      "acc_norm_stderr": 0.045126085985421276
    },
    "hendrycksTest-computer_security": {
      "acc": 0.24,
      "acc_stderr": 0.04292346959909283,
      "acc_norm": 0.3,
      "acc_norm_stderr": 0.046056618647183814
    },
    "hendrycksTest-marketing": {
      "acc": 0.3034188034188034,
      "acc_stderr": 0.030118210106942666,
      "acc_norm": 0.28205128205128205,
      "acc_norm_stderr": 0.029480360549541194
    },
    "hendrycksTest-high_school_government_and_politics": {
      "acc": 0.19170984455958548,
      "acc_stderr": 0.028408953626245265,
      "acc_norm": 0.25906735751295334,
      "acc_norm_stderr": 0.031618779179354094
    },
    "hendrycksTest-conceptual_physics": {
      "acc": 0.24680851063829787,
      "acc_stderr": 0.028185441301234116,
      "acc_norm": 0.251063829787234,
      "acc_norm_stderr": 0.02834696377716246
    },
    "hendrycksTest-moral_disputes": {
      "acc": 0.27167630057803466,
      "acc_stderr": 0.023948512905468355,
      "acc_norm": 0.27167630057803466,
      "acc_norm_stderr": 0.02394851290546836
    },
    "hendrycksTest-security_studies": {
      "acc": 0.27346938775510204,
      "acc_stderr": 0.02853556033712846,
      "acc_norm": 0.24081632653061225,
      "acc_norm_stderr": 0.02737294220178816
    },
    "hendrycksTest-world_religions": {
      "acc": 0.30409356725146197,
      "acc_stderr": 0.03528211258245232,
      "acc_norm": 0.3216374269005848,
      "acc_norm_stderr": 0.03582529442573122
    },
    "hendrycksTest-high_school_european_history": {
      "acc": 0.2,
      "acc_stderr": 0.03123475237772118,
      "acc_norm": 0.26666666666666666,
      "acc_norm_stderr": 0.034531318018854146
    },
    "logiqa": {
      "acc": 0.2304147465437788,
      "acc_stderr": 0.016516834820590968,