{
  "results": {
    "hendrycksTest-high_school_microeconomics": {
      "acc": 0.21008403361344538,
      "acc_stderr": 0.026461398717471874,
      "acc_norm": 0.2773109243697479,
      "acc_norm_stderr": 0.029079374539480007
    },
    "hendrycksTest-moral_scenarios": {
      "acc": 0.23016759776536314,
      "acc_stderr": 0.014078339253425809,
      "acc_norm": 0.22793296089385476,
      "acc_norm_stderr": 0.014030149950805097
    },
    "hendrycksTest-college_mathematics": {
      "acc": 0.21,
      "acc_stderr": 0.040936018074033256,
      "acc_norm": 0.27,
      "acc_norm_stderr": 0.04461960433384741
    },
    "hendrycksTest-professional_psychology": {
      "acc": 0.25326797385620914,
      "acc_stderr": 0.017593486895366835,
      "acc_norm": 0.2696078431372549,
      "acc_norm_stderr": 0.017952449196987866
    },
    "hendrycksTest-high_school_mathematics": {
      "acc": 0.23333333333333334,
      "acc_stderr": 0.0257878742209593,
      "acc_norm": 0.2777777777777778,
      "acc_norm_stderr": 0.027309140588230172
    },
    "wsc": {
      "acc": 0.36538461538461536,
      "acc_stderr": 0.0474473339327792
    },
    "logiqa": {
      "acc": 0.23348694316436253,
      "acc_stderr": 0.016593362460570887,
      "acc_norm": 0.24270353302611367,
      "acc_norm_stderr": 0.016815676206479523
    },
    "hendrycksTest-clinical_knowledge": {
      "acc": 0.2339622641509434,
      "acc_stderr": 0.02605529690115292,
      "acc_norm": 0.32452830188679244,
      "acc_norm_stderr": 0.028815615713432118
    },
    "arc_easy": {
      "acc": 0.6060606060606061,
      "acc_stderr": 0.010026305355981818,
      "acc_norm": 0.5997474747474747,
      "acc_norm_stderr": 0.010053550119896136
    },
    "hendrycksTest-high_school_european_history": {
      "acc": 0.23636363636363636,
      "acc_stderr": 0.03317505930009179,
      "acc_norm": 0.2727272727272727,
      "acc_norm_stderr": 0.0347769116216366
    },
    "winogrande": {
      "acc": 0.5666929755327546,
      "acc_stderr": 0.013926915052757345
    },
    "hendrycksTest-philosophy": {
      "acc": 0.2604501607717042,
      "acc_stderr": 0.02492672322484555,
      "acc_norm": 0.2990353697749196,
      "acc_norm_stderr": 0.026003301117885135
    },
    "hendrycksTest-marketing": {
      "acc": 0.3247863247863248,
      "acc_stderr": 0.03067902276549883,
      "acc_norm": 0.3247863247863248,
      "acc_norm_stderr": 0.030679022765498835
    },
    "hendrycksTest-high_school_macroeconomics": {
      "acc": 0.2641025641025641,
      "acc_stderr": 0.022352193737453268,
      "acc_norm": 0.258974358974359,
      "acc_norm_stderr": 0.02221110681006166
    },
    "arc_challenge": {
      "acc": 0.2627986348122867,
      "acc_stderr": 0.012862523175351333,
      "acc_norm": 0.2883959044368601,
      "acc_norm_stderr": 0.013238394422428164
    },
    "hendrycksTest-high_school_geography": {
      "acc": 0.25252525252525254,
      "acc_stderr": 0.030954055470365907,
      "acc_norm": 0.30303030303030304,
      "acc_norm_stderr": 0.032742879140268674
    },
    "hendrycksTest-management": {
      "acc": 0.27184466019417475,
      "acc_stderr": 0.044052680241409216,
      "acc_norm": 0.3106796116504854,
      "acc_norm_stderr": 0.0458212416016155
    },
    "hendrycksTest-high_school_biology": {
      "acc": 0.24516129032258063,
      "acc_stderr": 0.024472243840895518,
      "acc_norm": 0.25161290322580643,
      "acc_norm_stderr": 0.024685979286239956
    },
    "hendrycksTest-conceptual_physics": {
      "acc": 0.2680851063829787,
      "acc_stderr": 0.02895734278834235,
      "acc_norm": 0.23829787234042554,
      "acc_norm_stderr": 0.027851252973889754
    },
    "hendrycksTest-formal_logic": {
      "acc": 0.3492063492063492,
      "acc_stderr": 0.04263906892795131,
      "acc_norm": 0.30158730158730157,
      "acc_norm_stderr": 0.04104947269903394
    },
    "hendrycksTest-college_chemistry": {
      "acc": 0.26,
      "acc_stderr": 0.04408440022768076,
      "acc_norm": 0.28,
      "acc_norm_stderr": 0.04512608598542127
    },
    "hendrycksTest-high_school_chemistry": {
      "acc": 0.1921182266009852,
      "acc_stderr": 0.02771931570961478,
      "acc_norm": 0.23645320197044334,
      "acc_norm_stderr": 0.029896114291733545
    },
    "hendrycksTest-high_school_physics": {
      "acc": 0.24503311258278146,
      "acc_stderr": 0.03511807571804726,
      "acc_norm": 0.2582781456953642,
      "acc_norm_stderr": 0.035737053147634576
    },
    "lambada_openai": {
      "ppl": 8.570818099561384,
      "ppl_stderr": 0.2290891300075491,
      "acc": 0.5402678051620415,
      "acc_stderr": 0.0069433502956647505
    },
    "hendrycksTest-computer_security": {
      "acc": 0.39,
      "acc_stderr": 0.049020713000019756,
      "acc_norm": 0.39,
      "acc_norm_stderr": 0.04902071300001975
    },
    "hendrycksTest-sociology": {
      "acc": 0.24378109452736318,
      "acc_stderr": 0.030360490154014666,
      "acc_norm": 0.23880597014925373,
      "acc_norm_stderr": 0.03014777593540922
    },
    "hendrycksTest-virology": {
      "acc": 0.25301204819277107,
      "acc_stderr": 0.03384429155233134,
      "acc_norm": 0.25301204819277107,
      "acc_norm_stderr": 0.03384429155233135
    },
    "hendrycksTest-abstract_algebra": {
      "acc": 0.23,
      "acc_stderr": 0.04229525846816505,
      "acc_norm": 0.26,
      "acc_norm_stderr": 0.0440844002276808
    },
    "piqa": {
      "acc": 0.705658324265506,
      "acc_stderr": 0.010633311470347488,
      "acc_norm": 0.70620239390642,
      "acc_norm_stderr": 0.010627574080514818
    },
    "hendrycksTest-econometrics": {
      "acc": 0.2807017543859649,
      "acc_stderr": 0.042270544512322004,
      "acc_norm": 0.21929824561403508,
      "acc_norm_stderr": 0.038924311065187525
    },
    "hendrycksTest-medical_genetics": {
      "acc": 0.31,
      "acc_stderr": 0.04648231987117316,
      "acc_norm": 0.34,
      "acc_norm_stderr": 0.04760952285695235
    },
    "hendrycksTest-prehistory": {
      "acc": 0.2716049382716049,
      "acc_stderr": 0.024748624490537375,
      "acc_norm": 0.2623456790123457,
      "acc_norm_stderr": 0.024477222856135114
    },
    "hendrycksTest-human_sexuality": {
      "acc": 0.3511450381679389,
      "acc_stderr": 0.0418644516301375,
      "acc_norm": 0.3435114503816794,
      "acc_norm_stderr": 0.04164976071944878
    },
    "hendrycksTest-professional_law": {
      "acc": 0.25945241199478486,
      "acc_stderr": 0.011195262076350312,
      "acc_norm": 0.26792698826597133,
      "acc_norm_stderr": 0.01131134769063389
    },
    "hendrycksTest-security_studies": {
      "acc": 0.2938775510204082,
      "acc_stderr": 0.02916273841024977,
      "acc_norm": 0.24489795918367346,
      "acc_norm_stderr": 0.02752963744017491
    },
    "hendrycksTest-high_school_computer_science": {
      "acc": 0.26,
      "acc_stderr": 0.0440844002276808,
      "acc_norm": 0.28,
      "acc_norm_stderr": 0.04512608598542128
    },
    "hendrycksTest-global_facts": {
      "acc": 0.25,
      "acc_stderr": 0.04351941398892446,
      "acc_norm": 0.23,
      "acc_norm_stderr": 0.042295258468165065
    },
    "hendrycksTest-astronomy": {
      "acc": 0.32894736842105265,
      "acc_stderr": 0.03823428969926605,
      "acc_norm": 0.29605263157894735,
      "acc_norm_stderr": 0.03715062154998904
    },
    "hendrycksTest-machine_learning": {
      "acc": 0.23214285714285715,
      "acc_stderr": 0.04007341809755805,
      "acc_norm": 0.21428571428571427,
      "acc_norm_stderr": 0.038946411200447915
    },
    "hendrycksTest-nutrition": {
      "acc": 0.31699346405228757,
      "acc_stderr": 0.026643278474508755,
      "acc_norm": 0.3888888888888889,
      "acc_norm_stderr": 0.027914055510467998
    },
    "hendrycksTest-anatomy": {
      "acc": 0.21481481481481482,
      "acc_stderr": 0.03547854198560826,
      "acc_norm": 0.23703703703703705,
      "acc_norm_stderr": 0.03673731683969506
    },
    "hendrycksTest-college_computer_science": {
      "acc": 0.42,