{
  "results": {
    "hendrycksTest-high_school_psychology": {
      "acc": 0.27889908256880735,
      "acc_stderr": 0.01922746887646351,
      "acc_norm": 0.28073394495412846,
      "acc_norm_stderr": 0.019266055045871616
    },
    "hendrycksTest-jurisprudence": {
      "acc": 0.26851851851851855,
      "acc_stderr": 0.04284467968052192,
      "acc_norm": 0.35185185185185186,
      "acc_norm_stderr": 0.04616631111801715
    },
    "hendrycksTest-marketing": {
      "acc": 0.32051282051282054,
      "acc_stderr": 0.030572811310299607,
      "acc_norm": 0.3162393162393162,
      "acc_norm_stderr": 0.03046365674734024
    },
    "hendrycksTest-high_school_mathematics": {
      "acc": 0.2518518518518518,
      "acc_stderr": 0.026466117538959916,
      "acc_norm": 0.2777777777777778,
      "acc_norm_stderr": 0.02730914058823017
    },
    "hendrycksTest-human_sexuality": {
      "acc": 0.32061068702290074,
      "acc_stderr": 0.04093329229834278,
      "acc_norm": 0.33587786259541985,
      "acc_norm_stderr": 0.041423137719966634
    },
    "hendrycksTest-high_school_macroeconomics": {
      "acc": 0.24358974358974358,
      "acc_stderr": 0.021763733684173923,
      "acc_norm": 0.2564102564102564,
      "acc_norm_stderr": 0.02213908110397154
    },
    "hendrycksTest-formal_logic": {
      "acc": 0.31746031746031744,
      "acc_stderr": 0.04163453031302859,
      "acc_norm": 0.3253968253968254,
      "acc_norm_stderr": 0.041905964388711366
    },
    "hendrycksTest-econometrics": {
      "acc": 0.24561403508771928,
      "acc_stderr": 0.04049339297748141,
      "acc_norm": 0.22807017543859648,
      "acc_norm_stderr": 0.03947152782669415
    },
    "hendrycksTest-conceptual_physics": {
      "acc": 0.2936170212765957,
      "acc_stderr": 0.029771642712491227,
      "acc_norm": 0.24680851063829787,
      "acc_norm_stderr": 0.028185441301234116
    },
    "hendrycksTest-miscellaneous": {
      "acc": 0.2822477650063857,
      "acc_stderr": 0.016095302969878548,
      "acc_norm": 0.2848020434227331,
      "acc_norm_stderr": 0.016139174096522574
    },
    "hendrycksTest-moral_scenarios": {
      "acc": 0.25027932960893856,
      "acc_stderr": 0.01448750085285042,
      "acc_norm": 0.25139664804469275,
      "acc_norm_stderr": 0.014508979453553988
    },
    "hendrycksTest-professional_law": {
      "acc": 0.26010430247718386,
      "acc_stderr": 0.011204382887823824,
      "acc_norm": 0.26988265971316816,
      "acc_norm_stderr": 0.011337381084250413
    },
    "hendrycksTest-high_school_biology": {
      "acc": 0.23225806451612904,
      "acc_stderr": 0.024022256130308235,
      "acc_norm": 0.2806451612903226,
      "acc_norm_stderr": 0.025560604721022895
    },
    "hendrycksTest-computer_security": {
      "acc": 0.3,
      "acc_stderr": 0.046056618647183814,
      "acc_norm": 0.33,
      "acc_norm_stderr": 0.04725815626252605
    },
    "hendrycksTest-college_mathematics": {
      "acc": 0.22,
      "acc_stderr": 0.041633319989322695,
      "acc_norm": 0.25,
      "acc_norm_stderr": 0.04351941398892446
    },
    "hendrycksTest-high_school_us_history": {
      "acc": 0.2696078431372549,
      "acc_stderr": 0.03114557065948678,
      "acc_norm": 0.3088235294117647,
      "acc_norm_stderr": 0.03242661719827218
    },
    "hendrycksTest-public_relations": {
      "acc": 0.2909090909090909,
      "acc_stderr": 0.04350271442923243,
      "acc_norm": 0.23636363636363636,
      "acc_norm_stderr": 0.04069306319721378
    },
    "hendrycksTest-elementary_mathematics": {
      "acc": 0.2698412698412698,
      "acc_stderr": 0.022860838309232072,
      "acc_norm": 0.2698412698412698,
      "acc_norm_stderr": 0.022860838309232072
    },
    "hendrycksTest-us_foreign_policy": {
      "acc": 0.23,
      "acc_stderr": 0.042295258468165044,
      "acc_norm": 0.29,
      "acc_norm_stderr": 0.045604802157206845
    },
    "hendrycksTest-logical_fallacies": {
      "acc": 0.3006134969325153,
      "acc_stderr": 0.0360251131880677,
      "acc_norm": 0.3128834355828221,
      "acc_norm_stderr": 0.036429145782924055
    },
    "hendrycksTest-high_school_geography": {
      "acc": 0.26262626262626265,
      "acc_stderr": 0.031353050095330855,
      "acc_norm": 0.3333333333333333,
      "acc_norm_stderr": 0.033586181457325226
    },
    "hendrycksTest-high_school_world_history": {
      "acc": 0.23628691983122363,
      "acc_stderr": 0.027652153144159274,
      "acc_norm": 0.24472573839662448,
      "acc_norm_stderr": 0.027985699387036423
    },
    "winogrande": {
      "acc": 0.5674822415153907,
      "acc_stderr": 0.013923911578623833
    },
    "hendrycksTest-professional_psychology": {
      "acc": 0.26143790849673204,
      "acc_stderr": 0.017776947157528034,
      "acc_norm": 0.28921568627450983,
      "acc_norm_stderr": 0.018342529845275915
    },
    "hendrycksTest-college_physics": {
      "acc": 0.2647058823529412,
      "acc_stderr": 0.04389869956808778,
      "acc_norm": 0.3333333333333333,
      "acc_norm_stderr": 0.04690650298201942
    },
    "hendrycksTest-sociology": {
      "acc": 0.263681592039801,
      "acc_stderr": 0.031157150869355558,
      "acc_norm": 0.25870646766169153,
      "acc_norm_stderr": 0.03096590312357303
    },
    "piqa": {
      "acc": 0.7121871599564744,
      "acc_stderr": 0.010563250383059188,
      "acc_norm": 0.7187159956474428,
      "acc_norm_stderr": 0.010490509832327423
    },
    "hendrycksTest-security_studies": {
      "acc": 0.2612244897959184,
      "acc_stderr": 0.0281234293351428,
      "acc_norm": 0.21224489795918366,
      "acc_norm_stderr": 0.026176967197866764
    },
    "hendrycksTest-prehistory": {
      "acc": 0.2808641975308642,
      "acc_stderr": 0.02500646975579921,
      "acc_norm": 0.25,
      "acc_norm_stderr": 0.02409347123262133
    },
    "hendrycksTest-college_biology": {
      "acc": 0.2847222222222222,
      "acc_stderr": 0.03773809990686934,
      "acc_norm": 0.22916666666666666,
      "acc_norm_stderr": 0.035146974678623884
    },
    "hendrycksTest-high_school_physics": {
      "acc": 0.2185430463576159,
      "acc_stderr": 0.033742355504256936,
      "acc_norm": 0.2251655629139073,
      "acc_norm_stderr": 0.03410435282008937
    },
    "arc_easy": {
      "acc": 0.6304713804713805,
      "acc_stderr": 0.009904325878447322,
      "acc_norm": 0.6262626262626263,
      "acc_norm_stderr": 0.009927267058259609
    },
    "hendrycksTest-astronomy": {
      "acc": 0.27631578947368424,
      "acc_stderr": 0.03639057569952924,
      "acc_norm": 0.2894736842105263,
      "acc_norm_stderr": 0.03690677986137283
    },
    "hendrycksTest-college_medicine": {
      "acc": 0.3063583815028902,
      "acc_stderr": 0.03514942551267438,
      "acc_norm": 0.3179190751445087,
      "acc_norm_stderr": 0.0355068398916558
    },
    "hendrycksTest-high_school_european_history": {
      "acc": 0.2545454545454545,
      "acc_stderr": 0.03401506715249039,
      "acc_norm": 0.30303030303030304,
      "acc_norm_stderr": 0.035886248000917095
    },
    "hendrycksTest-medical_genetics": {
      "acc": 0.3,
      "acc_stderr": 0.046056618647183814,
      "acc_norm": 0.4,
      "acc_norm_stderr": 0.04923659639173309
    },
    "hendrycksTest-moral_disputes": {
      "acc": 0.2630057803468208,
      "acc_stderr": 0.02370309952525816,
      "acc_norm": 0.2861271676300578,
      "acc_norm_stderr": 0.02433214677913414
    },
    "hendrycksTest-professional_accounting": {
      "acc": 0.24822695035460993,
      "acc_stderr": 0.025770015644290396,
      "acc_norm": 0.24113475177304963,
      "acc_norm_stderr": 0.025518731049537773
    },
    "hendrycksTest-professional_medicine": {
      "acc": 0.20220588235294118,
      "acc_stderr": 0.024398192986654924,
      "acc_norm": 0.20220588235294118,
      "acc_norm_stderr": 0.02439819298665492
    },
    "hendrycksTest-human_aging": {
      "acc": 0.34977578475336324,
      "acc_stderr": 0.03200736719484503,
      "acc_norm": 0.31390134529147984,