{
  "results": {
    "hendrycksTest-nutrition": {
      "acc": 0.30718954248366015,
      "acc_stderr": 0.026415601914389006,
      "acc_norm": 0.38562091503267976,
      "acc_norm_stderr": 0.027870745278290313
    },
    "winogrande": {
      "acc": 0.5730071033938438,
      "acc_stderr": 0.013901878072575058
    },
    "hendrycksTest-college_computer_science": {
      "acc": 0.41,
      "acc_stderr": 0.049431107042371025,
      "acc_norm": 0.37,
      "acc_norm_stderr": 0.04852365870939099
    },
    "hendrycksTest-astronomy": {
      "acc": 0.29605263157894735,
      "acc_stderr": 0.03715062154998903,
      "acc_norm": 0.3092105263157895,
      "acc_norm_stderr": 0.037610708698674805
    },
    "hendrycksTest-high_school_world_history": {
      "acc": 0.2489451476793249,
      "acc_stderr": 0.028146970599422644,
      "acc_norm": 0.2742616033755274,
      "acc_norm_stderr": 0.029041333510598035
    },
    "hendrycksTest-high_school_european_history": {
      "acc": 0.22424242424242424,
      "acc_stderr": 0.03256866661681102,
      "acc_norm": 0.2606060606060606,
      "acc_norm_stderr": 0.03427743175816524
    },
    "hendrycksTest-jurisprudence": {
      "acc": 0.26851851851851855,
      "acc_stderr": 0.04284467968052191,
      "acc_norm": 0.4074074074074074,
      "acc_norm_stderr": 0.04750077341199984
    },
    "lambada_openai": {
      "ppl": 7.09586274986553,
      "ppl_stderr": 0.18303045454779807,
      "acc": 0.5814088880263923,
      "acc_stderr": 0.006873024743775553
    },
    "hendrycksTest-moral_disputes": {
      "acc": 0.2658959537572254,
      "acc_stderr": 0.02378620325550828,
      "acc_norm": 0.30057803468208094,
      "acc_norm_stderr": 0.024685316867257803
    },
    "hendrycksTest-clinical_knowledge": {
      "acc": 0.29056603773584905,
      "acc_stderr": 0.027943219989337117,
      "acc_norm": 0.3622641509433962,
      "acc_norm_stderr": 0.029582245128384296
    },
    "hendrycksTest-high_school_microeconomics": {
      "acc": 0.226890756302521,
      "acc_stderr": 0.027205371538279476,
      "acc_norm": 0.24789915966386555,
      "acc_norm_stderr": 0.028047967224176892
    },
    "hendrycksTest-formal_logic": {
      "acc": 0.30952380952380953,
      "acc_stderr": 0.04134913018303316,
      "acc_norm": 0.3253968253968254,
      "acc_norm_stderr": 0.041905964388711366
    },
    "hendrycksTest-logical_fallacies": {
      "acc": 0.24539877300613497,
      "acc_stderr": 0.03380939813943354,
      "acc_norm": 0.3006134969325153,
      "acc_norm_stderr": 0.0360251131880677
    },
    "hendrycksTest-moral_scenarios": {
      "acc": 0.23687150837988827,
      "acc_stderr": 0.014219570788103986,
      "acc_norm": 0.24581005586592178,
      "acc_norm_stderr": 0.014400296429225615
    },
    "hendrycksTest-world_religions": {
      "acc": 0.30994152046783624,
      "acc_stderr": 0.035469769593931624,
      "acc_norm": 0.32748538011695905,
      "acc_norm_stderr": 0.035993357714560276
    },
    "hendrycksTest-abstract_algebra": {
      "acc": 0.21,
      "acc_stderr": 0.04093601807403325,
      "acc_norm": 0.26,
      "acc_norm_stderr": 0.0440844002276808
    },
    "hendrycksTest-college_mathematics": {
      "acc": 0.19,
      "acc_stderr": 0.03942772444036622,
      "acc_norm": 0.23,
      "acc_norm_stderr": 0.042295258468165044
    },
    "hendrycksTest-electrical_engineering": {
      "acc": 0.3103448275862069,
      "acc_stderr": 0.038552896163789485,
      "acc_norm": 0.2896551724137931,
      "acc_norm_stderr": 0.03780019230438014
    },
    "hendrycksTest-high_school_macroeconomics": {
      "acc": 0.24871794871794872,
      "acc_stderr": 0.0219169577092138,
      "acc_norm": 0.2692307692307692,
      "acc_norm_stderr": 0.02248938979365482
    },
    "hendrycksTest-high_school_computer_science": {
      "acc": 0.32,
      "acc_stderr": 0.046882617226215034,
      "acc_norm": 0.36,
      "acc_norm_stderr": 0.04824181513244218
    },
    "piqa": {
      "acc": 0.7274211099020674,
      "acc_stderr": 0.010389256803296018,
      "acc_norm": 0.721436343852013,
      "acc_norm_stderr": 0.01045939723596515
    },
    "hendrycksTest-high_school_government_and_politics": {
      "acc": 0.20207253886010362,
      "acc_stderr": 0.02897908979429673,
      "acc_norm": 0.21243523316062177,
      "acc_norm_stderr": 0.02951928261681726
    },
    "hendrycksTest-miscellaneous": {
      "acc": 0.2962962962962963,
      "acc_stderr": 0.016328814422102052,
      "acc_norm": 0.29246487867177523,
      "acc_norm_stderr": 0.016267000684598645
    },
    "hendrycksTest-marketing": {
      "acc": 0.3504273504273504,
      "acc_stderr": 0.03125610824421882,
      "acc_norm": 0.33760683760683763,
      "acc_norm_stderr": 0.030980296992618554
    },
    "arc_challenge": {
      "acc": 0.2832764505119454,
      "acc_stderr": 0.013167478735134575,
      "acc_norm": 0.310580204778157,
      "acc_norm_stderr": 0.01352229209805305
    },
    "hendrycksTest-human_sexuality": {
      "acc": 0.3435114503816794,
      "acc_stderr": 0.041649760719448786,
      "acc_norm": 0.3282442748091603,
      "acc_norm_stderr": 0.04118438565806297
    },
    "hendrycksTest-high_school_mathematics": {
      "acc": 0.26296296296296295,
      "acc_stderr": 0.026842057873833706,
      "acc_norm": 0.28888888888888886,
      "acc_norm_stderr": 0.027634907264178544
    },
    "hendrycksTest-conceptual_physics": {
      "acc": 0.24680851063829787,
      "acc_stderr": 0.028185441301234106,
      "acc_norm": 0.2297872340425532,
      "acc_norm_stderr": 0.02750175294441242
    },
    "hendrycksTest-security_studies": {
      "acc": 0.2693877551020408,
      "acc_stderr": 0.02840125202902294,
      "acc_norm": 0.23673469387755103,
      "acc_norm_stderr": 0.02721283588407315
    },
    "hendrycksTest-machine_learning": {
      "acc": 0.24107142857142858,
      "acc_stderr": 0.040598672469526864,
      "acc_norm": 0.22321428571428573,
      "acc_norm_stderr": 0.039523019677025116
    },
    "hendrycksTest-management": {
      "acc": 0.3106796116504854,
      "acc_stderr": 0.0458212416016155,
      "acc_norm": 0.30097087378640774,
      "acc_norm_stderr": 0.04541609446503948
    },
    "hendrycksTest-us_foreign_policy": {
      "acc": 0.25,
      "acc_stderr": 0.04351941398892446,
      "acc_norm": 0.29,
      "acc_norm_stderr": 0.04560480215720684
    },
    "arc_easy": {
      "acc": 0.6355218855218855,
      "acc_stderr": 0.00987572928248244,
      "acc_norm": 0.6304713804713805,
      "acc_norm_stderr": 0.009904325878447333
    },
    "hendrycksTest-international_law": {
      "acc": 0.2231404958677686,
      "acc_stderr": 0.03800754475228733,
      "acc_norm": 0.30578512396694213,
      "acc_norm_stderr": 0.04205953933884125
    },
    "hendrycksTest-computer_security": {
      "acc": 0.34,
      "acc_stderr": 0.047609522856952365,
      "acc_norm": 0.37,
      "acc_norm_stderr": 0.048523658709391
    },
    "hendrycksTest-high_school_us_history": {
      "acc": 0.24509803921568626,
      "acc_stderr": 0.030190282453501967,
      "acc_norm": 0.28921568627450983,
      "acc_norm_stderr": 0.031822318676475544
    },
    "logiqa": {
      "acc": 0.22887864823348694,
      "acc_stderr": 0.016478107276313263,
      "acc_norm": 0.2488479262672811,
      "acc_norm_stderr": 0.016957985904525588
    },
    "hendrycksTest-professional_psychology": {
      "acc": 0.272875816993464,
      "acc_stderr": 0.01802047414839358,
      "acc_norm": 0.28104575163398693,
      "acc_norm_stderr": 0.018185218954318086
    },
    "hendrycksTest-college_biology": {
      "acc": 0.2916666666666667,
      "acc_stderr": 0.038009680605548594,
      "acc_norm": 0.24305555555555555,
      "acc_norm_stderr": 0.0358687928008034
    },
    "hendrycksTest-college_chemistry": {
      "acc": 0.27,
      "acc_stderr": 0.04461960433384739,
      "acc_norm": 0.32,
      "acc_norm_stderr": 0.04688261722621504
    },
    "hendrycksTest-public_relations": {
      "acc": 0.2727272727272727,