{
  "results": {
    "wsc": {
      "acc": 0.36538461538461536,
      "acc_stderr": 0.0474473339327792
    },
    "hendrycksTest-professional_medicine": {
      "acc": 0.23897058823529413,
      "acc_stderr": 0.02590528064489301,
      "acc_norm": 0.2426470588235294,
      "acc_norm_stderr": 0.02604066247420127
    },
    "hendrycksTest-high_school_physics": {
      "acc": 0.2251655629139073,
      "acc_stderr": 0.03410435282008937,
      "acc_norm": 0.2582781456953642,
      "acc_norm_stderr": 0.035737053147634576
    },
    "hendrycksTest-moral_disputes": {
      "acc": 0.26878612716763006,
      "acc_stderr": 0.02386800326250011,
      "acc_norm": 0.3092485549132948,
      "acc_norm_stderr": 0.02488314057007175
    },
    "hendrycksTest-abstract_algebra": {
      "acc": 0.23,
      "acc_stderr": 0.04229525846816507,
      "acc_norm": 0.26,
      "acc_norm_stderr": 0.0440844002276808
    },
    "piqa": {
      "acc": 0.7230685527747551,
      "acc_stderr": 0.010440499969334526,
      "acc_norm": 0.7247007616974973,
      "acc_norm_stderr": 0.010421429277369531
    },
    "hendrycksTest-anatomy": {
      "acc": 0.2740740740740741,
      "acc_stderr": 0.03853254836552003,
      "acc_norm": 0.25925925925925924,
      "acc_norm_stderr": 0.037857144650666544
    },
    "hendrycksTest-computer_security": {
      "acc": 0.32,
      "acc_stderr": 0.046882617226215034,
      "acc_norm": 0.32,
      "acc_norm_stderr": 0.046882617226215034
    },
    "lambada_openai": {
      "ppl": 7.449613192426584,
      "ppl_stderr": 0.19215468643735947,
      "acc": 0.5740345429846692,
      "acc_stderr": 0.006889191823711765
    },
    "hendrycksTest-high_school_microeconomics": {
      "acc": 0.21428571428571427,
      "acc_stderr": 0.02665353159671548,
      "acc_norm": 0.2815126050420168,
      "acc_norm_stderr": 0.02921354941437217
    },
    "hendrycksTest-econometrics": {
      "acc": 0.22807017543859648,
      "acc_stderr": 0.03947152782669415,
      "acc_norm": 0.21052631578947367,
      "acc_norm_stderr": 0.03835153954399421
    },
    "hendrycksTest-international_law": {
      "acc": 0.21487603305785125,
      "acc_stderr": 0.03749492448709699,
      "acc_norm": 0.32231404958677684,
      "acc_norm_stderr": 0.042664163633521664
    },
    "hendrycksTest-elementary_mathematics": {
      "acc": 0.29365079365079366,
      "acc_stderr": 0.02345603738398203,
      "acc_norm": 0.2962962962962963,
      "acc_norm_stderr": 0.02351729433596328
    },
    "hendrycksTest-jurisprudence": {
      "acc": 0.28703703703703703,
      "acc_stderr": 0.043733130409147614,
      "acc_norm": 0.3425925925925926,
      "acc_norm_stderr": 0.04587904741301812
    },
    "hendrycksTest-management": {
      "acc": 0.2815533980582524,
      "acc_stderr": 0.044532548363264673,
      "acc_norm": 0.27184466019417475,
      "acc_norm_stderr": 0.044052680241409216
    },
    "hendrycksTest-college_biology": {
      "acc": 0.25,
      "acc_stderr": 0.03621034121889507,
      "acc_norm": 0.2361111111111111,
      "acc_norm_stderr": 0.03551446610810826
    },
    "hendrycksTest-business_ethics": {
      "acc": 0.3,
      "acc_stderr": 0.046056618647183814,
      "acc_norm": 0.31,
      "acc_norm_stderr": 0.04648231987117316
    },
    "logiqa": {
      "acc": 0.24270353302611367,
      "acc_stderr": 0.016815676206479523,
      "acc_norm": 0.26574500768049153,
      "acc_norm_stderr": 0.017326040808935694
    },
    "hendrycksTest-high_school_geography": {
      "acc": 0.3282828282828283,
      "acc_stderr": 0.03345678422756776,
      "acc_norm": 0.32323232323232326,
      "acc_norm_stderr": 0.033322999210706444
    },
    "hendrycksTest-college_chemistry": {
      "acc": 0.26,
      "acc_stderr": 0.04408440022768077,
      "acc_norm": 0.3,
      "acc_norm_stderr": 0.046056618647183814
    },
    "hendrycksTest-virology": {
      "acc": 0.2710843373493976,
      "acc_stderr": 0.03460579907553027,
      "acc_norm": 0.2891566265060241,
      "acc_norm_stderr": 0.03529486801511115
    },
    "hendrycksTest-high_school_statistics": {
      "acc": 0.25925925925925924,
      "acc_stderr": 0.029886910547626964,
      "acc_norm": 0.3055555555555556,
      "acc_norm_stderr": 0.031415546294025445
    },
    "hendrycksTest-prehistory": {
      "acc": 0.27469135802469136,
      "acc_stderr": 0.02483605786829468,
      "acc_norm": 0.25308641975308643,
      "acc_norm_stderr": 0.024191808600712992
    },
    "hendrycksTest-marketing": {
      "acc": 0.31196581196581197,
      "acc_stderr": 0.03035152732334496,
      "acc_norm": 0.3162393162393162,
      "acc_norm_stderr": 0.030463656747340247
    },
    "sciq": {
      "acc": 0.929,
      "acc_stderr": 0.008125578442487921,
      "acc_norm": 0.933,
      "acc_norm_stderr": 0.007910345983177552
    },
    "hendrycksTest-college_medicine": {
      "acc": 0.2947976878612717,
      "acc_stderr": 0.03476599607516478,
      "acc_norm": 0.27167630057803466,
      "acc_norm_stderr": 0.0339175032232166
    },
    "hendrycksTest-nutrition": {
      "acc": 0.28104575163398693,
      "acc_stderr": 0.025738854797818726,
      "acc_norm": 0.3627450980392157,
      "acc_norm_stderr": 0.0275300784471103
    },
    "hendrycksTest-professional_law": {
      "acc": 0.2561929595827901,
      "acc_stderr": 0.01114917315311058,
      "acc_norm": 0.2692307692307692,
      "acc_norm_stderr": 0.011328734403140334
    },
    "hendrycksTest-professional_psychology": {
      "acc": 0.2696078431372549,
      "acc_stderr": 0.017952449196987862,
      "acc_norm": 0.28104575163398693,
      "acc_norm_stderr": 0.018185218954318082
    },
    "hendrycksTest-miscellaneous": {
      "acc": 0.280970625798212,
      "acc_stderr": 0.016073127851221246,
      "acc_norm": 0.280970625798212,
      "acc_norm_stderr": 0.01607312785122124
    },
    "hendrycksTest-logical_fallacies": {
      "acc": 0.27607361963190186,
      "acc_stderr": 0.0351238528370505,
      "acc_norm": 0.294478527607362,
      "acc_norm_stderr": 0.03581165790474082
    },
    "hendrycksTest-high_school_european_history": {
      "acc": 0.23636363636363636,
      "acc_stderr": 0.03317505930009179,
      "acc_norm": 0.2787878787878788,
      "acc_norm_stderr": 0.035014387062967806
    },
    "hendrycksTest-formal_logic": {
      "acc": 0.3492063492063492,
      "acc_stderr": 0.042639068927951315,
      "acc_norm": 0.3333333333333333,
      "acc_norm_stderr": 0.04216370213557836
    },
    "hendrycksTest-college_mathematics": {
      "acc": 0.22,
      "acc_stderr": 0.041633319989322695,
      "acc_norm": 0.27,
      "acc_norm_stderr": 0.04461960433384741
    },
    "hendrycksTest-electrical_engineering": {
      "acc": 0.2620689655172414,
      "acc_stderr": 0.036646663372252565,
      "acc_norm": 0.2689655172413793,
      "acc_norm_stderr": 0.036951833116502325
    },
    "hendrycksTest-sociology": {
      "acc": 0.263681592039801,
      "acc_stderr": 0.03115715086935556,
      "acc_norm": 0.24875621890547264,
      "acc_norm_stderr": 0.030567675938916707
    },
    "hendrycksTest-human_aging": {
      "acc": 0.35874439461883406,
      "acc_stderr": 0.032190792004199956,
      "acc_norm": 0.3632286995515695,
      "acc_norm_stderr": 0.03227790442850499
    },
    "hendrycksTest-human_sexuality": {
      "acc": 0.3282442748091603,
      "acc_stderr": 0.04118438565806297,
      "acc_norm": 0.3282442748091603,
      "acc_norm_stderr": 0.041184385658062976
    },
    "hendrycksTest-clinical_knowledge": {
      "acc": 0.28679245283018867,
      "acc_stderr": 0.027834912527544078,
      "acc_norm": 0.38113207547169814,
      "acc_norm_stderr": 0.029890609686286623
    },
    "hendrycksTest-professional_accounting": {
      "acc": 0.2765957446808511,
      "acc_stderr": 0.026684564340461004,
      "acc_norm": 0.25886524822695034,
      "acc_norm_stderr": 0.026129572527180848
    },
    "arc_easy": {
      "acc": 0.6376262626262627,
      "acc_stderr": 0.009863468202583785,
      "acc_norm": 0.6485690235690236,