{
  "results": {
    "piqa": {
      "acc": 0.7143634385201306,
      "acc_stderr": 0.010539303948661937,
      "acc_norm": 0.7127312295973884,
      "acc_norm_stderr": 0.010557291761528637
    },
    "hendrycksTest-astronomy": {
      "acc": 0.26973684210526316,
      "acc_stderr": 0.03611780560284898,
      "acc_norm": 0.28289473684210525,
      "acc_norm_stderr": 0.03665349695640766
    },
    "hendrycksTest-professional_medicine": {
      "acc": 0.1801470588235294,
      "acc_stderr": 0.02334516361654486,
      "acc_norm": 0.20588235294117646,
      "acc_norm_stderr": 0.02456220431414232
    },
    "hendrycksTest-high_school_chemistry": {
      "acc": 0.22660098522167488,
      "acc_stderr": 0.029454863835292992,
      "acc_norm": 0.270935960591133,
      "acc_norm_stderr": 0.031270907132976984
    },
    "hendrycksTest-us_foreign_policy": {
      "acc": 0.27,
      "acc_stderr": 0.044619604333847394,
      "acc_norm": 0.22,
      "acc_norm_stderr": 0.041633319989322695
    },
    "hendrycksTest-high_school_european_history": {
      "acc": 0.24848484848484848,
      "acc_stderr": 0.03374402644139406,
      "acc_norm": 0.296969696969697,
      "acc_norm_stderr": 0.03567969772268046
    },
    "hendrycksTest-nutrition": {
      "acc": 0.2777777777777778,
      "acc_stderr": 0.025646863097137908,
      "acc_norm": 0.3366013071895425,
      "acc_norm_stderr": 0.027057974624494385
    },
    "hendrycksTest-anatomy": {
      "acc": 0.24444444444444444,
      "acc_stderr": 0.03712537833614866,
      "acc_norm": 0.24444444444444444,
      "acc_norm_stderr": 0.037125378336148665
    },
    "hendrycksTest-human_aging": {
      "acc": 0.34080717488789236,
      "acc_stderr": 0.0318114974705536,
      "acc_norm": 0.336322869955157,
      "acc_norm_stderr": 0.031708824268455005
    },
    "hendrycksTest-computer_security": {
      "acc": 0.32,
      "acc_stderr": 0.046882617226215034,
      "acc_norm": 0.38,
      "acc_norm_stderr": 0.04878317312145632
    },
    "hendrycksTest-professional_law": {
      "acc": 0.26597131681877445,
      "acc_stderr": 0.011285033165551269,
      "acc_norm": 0.27640156453715775,
      "acc_norm_stderr": 0.011422153194553576
    },
    "hendrycksTest-college_biology": {
      "acc": 0.3263888888888889,
      "acc_stderr": 0.03921067198982266,
      "acc_norm": 0.2986111111111111,
      "acc_norm_stderr": 0.03827052357950756
    },
    "hendrycksTest-college_mathematics": {
      "acc": 0.23,
      "acc_stderr": 0.04229525846816505,
      "acc_norm": 0.22,
      "acc_norm_stderr": 0.041633319989322695
    },
    "hendrycksTest-clinical_knowledge": {
      "acc": 0.2490566037735849,
      "acc_stderr": 0.026616482980501715,
      "acc_norm": 0.35094339622641507,
      "acc_norm_stderr": 0.029373646253234686
    },
    "hendrycksTest-global_facts": {
      "acc": 0.25,
      "acc_stderr": 0.04351941398892446,
      "acc_norm": 0.22,
      "acc_norm_stderr": 0.04163331998932269
    },
    "hendrycksTest-econometrics": {
      "acc": 0.2543859649122807,
      "acc_stderr": 0.0409698513984367,
      "acc_norm": 0.21052631578947367,
      "acc_norm_stderr": 0.038351539543994194
    },
    "hendrycksTest-high_school_biology": {
      "acc": 0.24838709677419354,
      "acc_stderr": 0.024580028921481003,
      "acc_norm": 0.26129032258064516,
      "acc_norm_stderr": 0.024993053397764815
    },
    "hendrycksTest-high_school_computer_science": {
      "acc": 0.26,
      "acc_stderr": 0.04408440022768078,
      "acc_norm": 0.32,
      "acc_norm_stderr": 0.046882617226215034
    },
    "hendrycksTest-high_school_world_history": {
      "acc": 0.270042194092827,
      "acc_stderr": 0.028900721906293426,
      "acc_norm": 0.29957805907172996,
      "acc_norm_stderr": 0.0298180247497531
    },
    "hendrycksTest-international_law": {
      "acc": 0.19834710743801653,
      "acc_stderr": 0.03640118271990945,
      "acc_norm": 0.32231404958677684,
      "acc_norm_stderr": 0.042664163633521664
    },
    "hendrycksTest-high_school_psychology": {
      "acc": 0.28256880733944956,
      "acc_stderr": 0.019304243497707152,
      "acc_norm": 0.28623853211009176,
      "acc_norm_stderr": 0.019379436628919975
    },
    "hendrycksTest-professional_accounting": {
      "acc": 0.2765957446808511,
      "acc_stderr": 0.026684564340460997,
      "acc_norm": 0.2801418439716312,
      "acc_norm_stderr": 0.026789172351140242
    },
    "winogrande": {
      "acc": 0.5761641673243884,
      "acc_stderr": 0.013888492389944518
    },
    "hendrycksTest-miscellaneous": {
      "acc": 0.28607918263090676,
      "acc_stderr": 0.01616087140512753,
      "acc_norm": 0.280970625798212,
      "acc_norm_stderr": 0.01607312785122124
    },
    "hendrycksTest-formal_logic": {
      "acc": 0.30158730158730157,
      "acc_stderr": 0.04104947269903394,
      "acc_norm": 0.31746031746031744,
      "acc_norm_stderr": 0.04163453031302859
    },
    "wsc": {
      "acc": 0.36538461538461536,
      "acc_stderr": 0.0474473339327792
    },
    "hendrycksTest-college_chemistry": {
      "acc": 0.27,
      "acc_stderr": 0.044619604333847394,
      "acc_norm": 0.31,
      "acc_norm_stderr": 0.04648231987117316
    },
    "hendrycksTest-virology": {
      "acc": 0.2710843373493976,
      "acc_stderr": 0.03460579907553027,
      "acc_norm": 0.2710843373493976,
      "acc_norm_stderr": 0.034605799075530276
    },
    "hendrycksTest-public_relations": {
      "acc": 0.3,
      "acc_stderr": 0.04389311454644287,
      "acc_norm": 0.2636363636363636,
      "acc_norm_stderr": 0.04220224692971987
    },
    "arc_easy": {
      "acc": 0.6207912457912458,
      "acc_stderr": 0.009955891668865563,
      "acc_norm": 0.6212121212121212,
      "acc_norm_stderr": 0.009953737656542042
    },
    "arc_challenge": {
      "acc": 0.2687713310580205,
      "acc_stderr": 0.012955065963710691,
      "acc_norm": 0.302901023890785,
      "acc_norm_stderr": 0.013428241573185349
    },
    "hendrycksTest-high_school_mathematics": {
      "acc": 0.25925925925925924,
      "acc_stderr": 0.026719240783712166,
      "acc_norm": 0.2777777777777778,
      "acc_norm_stderr": 0.027309140588230165
    },
    "hendrycksTest-prehistory": {
      "acc": 0.31790123456790126,
      "acc_stderr": 0.025910063528240868,
      "acc_norm": 0.2932098765432099,
      "acc_norm_stderr": 0.025329888171900926
    },
    "logiqa": {
      "acc": 0.2350230414746544,
      "acc_stderr": 0.01663116682389096,
      "acc_norm": 0.250384024577573,
      "acc_norm_stderr": 0.016992843055190034
    },
    "hendrycksTest-abstract_algebra": {
      "acc": 0.24,
      "acc_stderr": 0.04292346959909281,
      "acc_norm": 0.24,
      "acc_norm_stderr": 0.042923469599092816
    },
    "hendrycksTest-elementary_mathematics": {
      "acc": 0.2751322751322751,
      "acc_stderr": 0.023000086859068642,
      "acc_norm": 0.2751322751322751,
      "acc_norm_stderr": 0.023000086859068642
    },
    "lambada_openai": {
      "ppl": 8.445677402060252,
      "ppl_stderr": 0.22456972091277608,
      "acc": 0.5457015330875218,
      "acc_stderr": 0.006936817923963301
    },
    "hendrycksTest-philosophy": {
      "acc": 0.2347266881028939,
      "acc_stderr": 0.024071805887677045,
      "acc_norm": 0.2990353697749196,
      "acc_norm_stderr": 0.026003301117885135
    },
    "hendrycksTest-human_sexuality": {
      "acc": 0.33587786259541985,
      "acc_stderr": 0.041423137719966634,
      "acc_norm": 0.3511450381679389,
      "acc_norm_stderr": 0.0418644516301375
    },
    "hendrycksTest-high_school_geography": {
      "acc": 0.2777777777777778,
      "acc_stderr": 0.03191178226713547,
      "acc_norm": 0.29797979797979796,
      "acc_norm_stderr": 0.032586303838365555
    },
    "hendrycksTest-college_computer_science": {
      "acc": 0.39,
      "acc_stderr": 0.04902071300001975,
      "acc_norm": 0.41,
      "acc_norm_stderr": 0.049431107042371025
    },
    "hendrycksTest-professional_psychology": {
      "acc": 0.27450980392156865,