{
  "results": {
    "hendrycksTest-human_aging": {
      "acc": 0.30493273542600896,
      "acc_stderr": 0.030898610882477518,
      "acc_norm": 0.23766816143497757,
      "acc_norm_stderr": 0.028568079464714274
    },
    "hendrycksTest-high_school_psychology": {
      "acc": 0.26055045871559634,
      "acc_stderr": 0.01881918203485007,
      "acc_norm": 0.25504587155963304,
      "acc_norm_stderr": 0.018688500856535846
    },
    "hendrycksTest-management": {
      "acc": 0.23300970873786409,
      "acc_stderr": 0.041858325989283136,
      "acc_norm": 0.27184466019417475,
      "acc_norm_stderr": 0.044052680241409216
    },
    "hendrycksTest-jurisprudence": {
      "acc": 0.17592592592592593,
      "acc_stderr": 0.0368091814167388,
      "acc_norm": 0.25,
      "acc_norm_stderr": 0.04186091791394607
    },
    "hendrycksTest-human_sexuality": {
      "acc": 0.3053435114503817,
      "acc_stderr": 0.04039314978724561,
      "acc_norm": 0.26717557251908397,
      "acc_norm_stderr": 0.03880848301082396
    },
    "sciq": {
      "acc": 0.827,
      "acc_stderr": 0.011967214137559945,
      "acc_norm": 0.806,
      "acc_norm_stderr": 0.012510816141264352
    },
    "hendrycksTest-public_relations": {
      "acc": 0.22727272727272727,
      "acc_stderr": 0.04013964554072775,
      "acc_norm": 0.16363636363636364,
      "acc_norm_stderr": 0.03543433054298678
    },
    "hendrycksTest-moral_disputes": {
      "acc": 0.23410404624277456,
      "acc_stderr": 0.02279711027807114,
      "acc_norm": 0.30057803468208094,
      "acc_norm_stderr": 0.02468531686725781
    },
    "hendrycksTest-high_school_physics": {
      "acc": 0.2980132450331126,
      "acc_stderr": 0.037345356767871984,
      "acc_norm": 0.2582781456953642,
      "acc_norm_stderr": 0.035737053147634576
    },
    "hendrycksTest-college_biology": {
      "acc": 0.2569444444444444,
      "acc_stderr": 0.03653946969442099,
      "acc_norm": 0.2222222222222222,
      "acc_norm_stderr": 0.03476590104304134
    },
    "hendrycksTest-logical_fallacies": {
      "acc": 0.26380368098159507,
      "acc_stderr": 0.03462419931615623,
      "acc_norm": 0.27607361963190186,
      "acc_norm_stderr": 0.03512385283705051
    },
    "lambada_openai": {
      "ppl": 40.7193696076011,
      "ppl_stderr": 1.483170184565994,
      "acc": 0.3070056277896371,
      "acc_stderr": 0.006426138700468173
    },
    "hendrycksTest-philosophy": {
      "acc": 0.2379421221864952,
      "acc_stderr": 0.02418515064781871,
      "acc_norm": 0.24437299035369775,
      "acc_norm_stderr": 0.024406162094668893
    },
    "hendrycksTest-virology": {
      "acc": 0.1927710843373494,
      "acc_stderr": 0.030709824050565267,
      "acc_norm": 0.18072289156626506,
      "acc_norm_stderr": 0.02995573785581014
    },
    "hendrycksTest-business_ethics": {
      "acc": 0.28,
      "acc_stderr": 0.045126085985421276,
      "acc_norm": 0.27,
      "acc_norm_stderr": 0.044619604333847394
    },
    "hendrycksTest-econometrics": {
      "acc": 0.22807017543859648,
      "acc_stderr": 0.03947152782669415,
      "acc_norm": 0.23684210526315788,
      "acc_norm_stderr": 0.03999423879281336
    },
    "hendrycksTest-high_school_microeconomics": {
      "acc": 0.22268907563025211,
      "acc_stderr": 0.027025433498882378,
      "acc_norm": 0.2815126050420168,
      "acc_norm_stderr": 0.029213549414372146
    },
    "hendrycksTest-international_law": {
      "acc": 0.1322314049586777,
      "acc_stderr": 0.030922788320445795,
      "acc_norm": 0.30578512396694213,
      "acc_norm_stderr": 0.04205953933884124
    },
    "hendrycksTest-high_school_statistics": {
      "acc": 0.25462962962962965,
      "acc_stderr": 0.029711275860005344,
      "acc_norm": 0.25,
      "acc_norm_stderr": 0.029531221160930918
    },
    "arc_easy": {
      "acc": 0.4473905723905724,
      "acc_stderr": 0.010202832385415635,
      "acc_norm": 0.42592592592592593,
      "acc_norm_stderr": 0.010146568651002255
    },
    "hendrycksTest-college_medicine": {
      "acc": 0.2658959537572254,
      "acc_stderr": 0.03368762932259431,
      "acc_norm": 0.28901734104046245,
      "acc_norm_stderr": 0.03456425745087001
    },
    "hendrycksTest-professional_psychology": {
      "acc": 0.2549019607843137,
      "acc_stderr": 0.017630827375148383,
      "acc_norm": 0.25,
      "acc_norm_stderr": 0.01751781884501444
    },
    "hendrycksTest-professional_law": {
      "acc": 0.2405475880052151,
      "acc_stderr": 0.010916406735478949,
      "acc_norm": 0.2620599739243807,
      "acc_norm_stderr": 0.011231552795890394
    },
    "hendrycksTest-high_school_world_history": {
      "acc": 0.22362869198312235,
      "acc_stderr": 0.02712329820522997,
      "acc_norm": 0.25738396624472576,
      "acc_norm_stderr": 0.0284588209914603
    },
    "hendrycksTest-miscellaneous": {
      "acc": 0.26436781609195403,
      "acc_stderr": 0.01576998484069052,
      "acc_norm": 0.2669220945083014,
      "acc_norm_stderr": 0.015818450894777552
    },
    "hendrycksTest-clinical_knowledge": {
      "acc": 0.25660377358490566,
      "acc_stderr": 0.026880647889051982,
      "acc_norm": 0.30566037735849055,
      "acc_norm_stderr": 0.028353298073322666
    },
    "hendrycksTest-high_school_chemistry": {
      "acc": 0.21674876847290642,
      "acc_stderr": 0.02899033125251624,
      "acc_norm": 0.22167487684729065,
      "acc_norm_stderr": 0.029225575892489617
    },
    "hendrycksTest-professional_accounting": {
      "acc": 0.26595744680851063,
      "acc_stderr": 0.026358065698880585,
      "acc_norm": 0.26595744680851063,
      "acc_norm_stderr": 0.026358065698880585
    },
    "hendrycksTest-us_foreign_policy": {
      "acc": 0.29,
      "acc_stderr": 0.04560480215720684,
      "acc_norm": 0.34,
      "acc_norm_stderr": 0.04760952285695236
    },
    "hendrycksTest-conceptual_physics": {
      "acc": 0.24680851063829787,
      "acc_stderr": 0.028185441301234102,
      "acc_norm": 0.23829787234042554,
      "acc_norm_stderr": 0.027851252973889774
    },
    "hendrycksTest-astronomy": {
      "acc": 0.21052631578947367,
      "acc_stderr": 0.03317672787533157,
      "acc_norm": 0.26973684210526316,
      "acc_norm_stderr": 0.03611780560284898
    },
    "hendrycksTest-high_school_mathematics": {
      "acc": 0.26296296296296295,
      "acc_stderr": 0.026842057873833706,
      "acc_norm": 0.3074074074074074,
      "acc_norm_stderr": 0.028133252578815632
    },
    "hendrycksTest-elementary_mathematics": {
      "acc": 0.25925925925925924,
      "acc_stderr": 0.022569897074918407,
      "acc_norm": 0.24603174603174602,
      "acc_norm_stderr": 0.02218203720294836
    },
    "piqa": {
      "acc": 0.6289445048966268,
      "acc_stderr": 0.011271222398600525,
      "acc_norm": 0.6300326441784548,
      "acc_norm_stderr": 0.011264415223415269
    },
    "hendrycksTest-electrical_engineering": {
      "acc": 0.23448275862068965,
      "acc_stderr": 0.035306258743465914,
      "acc_norm": 0.23448275862068965,
      "acc_norm_stderr": 0.035306258743465914
    },
    "hendrycksTest-global_facts": {
      "acc": 0.29,
      "acc_stderr": 0.045604802157206845,
      "acc_norm": 0.26,
      "acc_norm_stderr": 0.04408440022768079
    },
    "winogrande": {
      "acc": 0.5177584846093133,
      "acc_stderr": 0.014043619596174962
    },
    "hendrycksTest-anatomy": {
      "acc": 0.22962962962962963,
      "acc_stderr": 0.03633384414073462,
      "acc_norm": 0.17777777777777778,
      "acc_norm_stderr": 0.03302789859901719
    },
    "hendrycksTest-computer_security": {
      "acc": 0.25,
      "acc_stderr": 0.04351941398892446,
      "acc_norm": 0.33,
      "acc_norm_stderr": 0.047258156262526045
    },
    "arc_challenge": {
      "acc": 0.1945392491467577,
      "acc_stderr": 0.011567709174648728,
      "acc_norm": 0.22610921501706485,
      "acc_norm_stderr": 0.012224202097063281
    },
    "hendrycksTest-professional_medicine": {
      "acc": 0.29044117647058826,
      "acc_stderr": 0.02757646862274053,