{
  "results": {
    "logiqa": {
      "acc": 0.21505376344086022,
      "acc_stderr": 0.016115240864129174,
      "acc_norm": 0.26881720430107525,
      "acc_norm_stderr": 0.01738940946371261
    },
    "hendrycksTest-high_school_government_and_politics": {
      "acc": 0.27461139896373055,
      "acc_stderr": 0.03221024508041154,
      "acc_norm": 0.3160621761658031,
      "acc_norm_stderr": 0.033553973696861736
    },
    "hendrycksTest-medical_genetics": {
      "acc": 0.22,
      "acc_stderr": 0.04163331998932269,
      "acc_norm": 0.36,
      "acc_norm_stderr": 0.04824181513244218
    },
    "hendrycksTest-high_school_physics": {
      "acc": 0.2913907284768212,
      "acc_stderr": 0.037101857261199946,
      "acc_norm": 0.31788079470198677,
      "acc_norm_stderr": 0.03802039760107903
    },
    "hendrycksTest-high_school_macroeconomics": {
      "acc": 0.2641025641025641,
      "acc_stderr": 0.02235219373745328,
      "acc_norm": 0.2923076923076923,
      "acc_norm_stderr": 0.023060438380857737
    },
    "hendrycksTest-elementary_mathematics": {
      "acc": 0.2698412698412698,
      "acc_stderr": 0.022860838309232072,
      "acc_norm": 0.24867724867724866,
      "acc_norm_stderr": 0.022261817692400175
    },
    "hendrycksTest-high_school_psychology": {
      "acc": 0.26788990825688075,
      "acc_stderr": 0.018987462257978652,
      "acc_norm": 0.26422018348623855,
      "acc_norm_stderr": 0.01890416417151019
    },
    "hendrycksTest-high_school_us_history": {
      "acc": 0.28431372549019607,
      "acc_stderr": 0.03166009679399812,
      "acc_norm": 0.29901960784313725,
      "acc_norm_stderr": 0.03213325717373618
    },
    "hendrycksTest-professional_accounting": {
      "acc": 0.2730496453900709,
      "acc_stderr": 0.026577860943307854,
      "acc_norm": 0.23049645390070922,
      "acc_norm_stderr": 0.02512373922687241
    },
    "hendrycksTest-high_school_european_history": {
      "acc": 0.24848484848484848,
      "acc_stderr": 0.033744026441394036,
      "acc_norm": 0.3212121212121212,
      "acc_norm_stderr": 0.036462049632538095
    },
    "hendrycksTest-high_school_chemistry": {
      "acc": 0.18719211822660098,
      "acc_stderr": 0.027444924966882615,
      "acc_norm": 0.21182266009852216,
      "acc_norm_stderr": 0.028748983689941054
    },
    "hendrycksTest-college_biology": {
      "acc": 0.2708333333333333,
      "acc_stderr": 0.037161774375660164,
      "acc_norm": 0.2847222222222222,
      "acc_norm_stderr": 0.03773809990686935
    },
    "hendrycksTest-college_chemistry": {
      "acc": 0.31,
      "acc_stderr": 0.04648231987117316,
      "acc_norm": 0.32,
      "acc_norm_stderr": 0.046882617226215034
    },
    "hendrycksTest-econometrics": {
      "acc": 0.2631578947368421,
      "acc_stderr": 0.0414243971948936,
      "acc_norm": 0.24561403508771928,
      "acc_norm_stderr": 0.04049339297748141
    },
    "hendrycksTest-human_sexuality": {
      "acc": 0.29770992366412213,
      "acc_stderr": 0.040103589424622034,
      "acc_norm": 0.25190839694656486,
      "acc_norm_stderr": 0.03807387116306086
    },
    "hendrycksTest-global_facts": {
      "acc": 0.32,
      "acc_stderr": 0.046882617226215034,
      "acc_norm": 0.33,
      "acc_norm_stderr": 0.047258156262526045
    },
    "hendrycksTest-professional_law": {
      "acc": 0.23663624511082137,
      "acc_stderr": 0.010855137351572746,
      "acc_norm": 0.26140808344198174,
      "acc_norm_stderr": 0.01122252816977131
    },
    "piqa": {
      "acc": 0.6218715995647442,
      "acc_stderr": 0.011313980666854535,
      "acc_norm": 0.6147986942328618,
      "acc_norm_stderr": 0.011354179751257075
    },
    "hendrycksTest-us_foreign_policy": {
      "acc": 0.22,
      "acc_stderr": 0.04163331998932269,
      "acc_norm": 0.27,
      "acc_norm_stderr": 0.044619604333847394
    },
    "hendrycksTest-anatomy": {
      "acc": 0.2,
      "acc_stderr": 0.03455473702325436,
      "acc_norm": 0.2,
      "acc_norm_stderr": 0.03455473702325436
    },
    "hendrycksTest-business_ethics": {
      "acc": 0.28,
      "acc_stderr": 0.045126085985421276,
      "acc_norm": 0.28,
      "acc_norm_stderr": 0.04512608598542127
    },
    "hendrycksTest-high_school_geography": {
      "acc": 0.2727272727272727,
      "acc_stderr": 0.03173071239071724,
      "acc_norm": 0.2777777777777778,
      "acc_norm_stderr": 0.031911782267135466
    },
    "hendrycksTest-high_school_microeconomics": {
      "acc": 0.3025210084033613,
      "acc_stderr": 0.029837962388291932,
      "acc_norm": 0.3403361344537815,
      "acc_norm_stderr": 0.030778057422931673
    },
    "hendrycksTest-moral_disputes": {
      "acc": 0.24277456647398843,
      "acc_stderr": 0.0230836585869842,
      "acc_norm": 0.28901734104046245,
      "acc_norm_stderr": 0.02440517393578324
    },
    "hendrycksTest-high_school_biology": {
      "acc": 0.25806451612903225,
      "acc_stderr": 0.024892469172462836,
      "acc_norm": 0.3193548387096774,
      "acc_norm_stderr": 0.026522709674667765
    },
    "hendrycksTest-electrical_engineering": {
      "acc": 0.2620689655172414,
      "acc_stderr": 0.03664666337225256,
      "acc_norm": 0.2620689655172414,
      "acc_norm_stderr": 0.03664666337225256
    },
    "hendrycksTest-high_school_world_history": {
      "acc": 0.25738396624472576,
      "acc_stderr": 0.028458820991460295,
      "acc_norm": 0.29535864978902954,
      "acc_norm_stderr": 0.029696338713422893
    },
    "arc_easy": {
      "acc": 0.45791245791245794,
      "acc_stderr": 0.010223371342195893,
      "acc_norm": 0.4225589225589226,
      "acc_norm_stderr": 0.010135978222981077
    },
    "hendrycksTest-international_law": {
      "acc": 0.1322314049586777,
      "acc_stderr": 0.030922788320445795,
      "acc_norm": 0.32231404958677684,
      "acc_norm_stderr": 0.042664163633521685
    },
    "hendrycksTest-marketing": {
      "acc": 0.28205128205128205,
      "acc_stderr": 0.029480360549541194,
      "acc_norm": 0.26495726495726496,
      "acc_norm_stderr": 0.028911208802749472
    },
    "lambada_openai": {
      "ppl": 54.975773290279875,
      "ppl_stderr": 2.056029053126614,
      "acc": 0.2718804579856394,
      "acc_stderr": 0.006198725615232723
    },
    "hendrycksTest-public_relations": {
      "acc": 0.2636363636363636,
      "acc_stderr": 0.04220224692971987,
      "acc_norm": 0.2545454545454545,
      "acc_norm_stderr": 0.04172343038705382
    },
    "hendrycksTest-sociology": {
      "acc": 0.34328358208955223,
      "acc_stderr": 0.03357379665433432,
      "acc_norm": 0.38308457711442784,
      "acc_norm_stderr": 0.034375193373382504
    },
    "hendrycksTest-moral_scenarios": {
      "acc": 0.2547486033519553,
      "acc_stderr": 0.014572650383409155,
      "acc_norm": 0.2581005586592179,
      "acc_norm_stderr": 0.014635185616527829
    },
    "hendrycksTest-world_religions": {
      "acc": 0.29239766081871343,
      "acc_stderr": 0.034886477134579215,
      "acc_norm": 0.28654970760233917,
      "acc_norm_stderr": 0.034678266857038266
    },
    "sciq": {
      "acc": 0.806,
      "acc_stderr": 0.012510816141264347,
      "acc_norm": 0.781,
      "acc_norm_stderr": 0.013084731950262005
    },
    "hendrycksTest-formal_logic": {
      "acc": 0.30158730158730157,
      "acc_stderr": 0.04104947269903394,
      "acc_norm": 0.2619047619047619,
      "acc_norm_stderr": 0.039325376803928704
    },
    "hendrycksTest-human_aging": {
      "acc": 0.31390134529147984,
      "acc_stderr": 0.031146796482972465,
      "acc_norm": 0.22869955156950672,
      "acc_norm_stderr": 0.028188240046929186
    },
    "hendrycksTest-college_mathematics": {
      "acc": 0.21,
      "acc_stderr": 0.040936018074033256,
      "acc_norm": 0.26,
      "acc_norm_stderr": 0.0440844002276808
    },
    "hendrycksTest-nutrition": {
      "acc": 0.28431372549019607,
      "acc_stderr": 0.025829163272757468,
      "acc_norm": 0.35294117647058826,
      "acc_norm_stderr": 0.027363593284684944
    },