{
  "results": {
    "arc_challenge": {
      "acc": 0.19027303754266212,
      "acc_stderr": 0.011470424179225702,
      "acc_norm": 0.24146757679180889,
      "acc_norm_stderr": 0.012506564839739432
    },
    "winogrande": {
      "acc": 0.5146014206787688,
      "acc_stderr": 0.014046492383275832
    },
    "hendrycksTest-high_school_european_history": {
      "acc": 0.23636363636363636,
      "acc_stderr": 0.03317505930009182,
      "acc_norm": 0.296969696969697,
      "acc_norm_stderr": 0.035679697722680474
    },
    "hendrycksTest-professional_accounting": {
      "acc": 0.2730496453900709,
      "acc_stderr": 0.026577860943307857,
      "acc_norm": 0.30141843971631205,
      "acc_norm_stderr": 0.02737412888263115
    },
    "hendrycksTest-professional_psychology": {
      "acc": 0.26143790849673204,
      "acc_stderr": 0.017776947157528037,
      "acc_norm": 0.25,
      "acc_norm_stderr": 0.01751781884501444
    },
    "hendrycksTest-moral_disputes": {
      "acc": 0.24277456647398843,
      "acc_stderr": 0.0230836585869842,
      "acc_norm": 0.2774566473988439,
      "acc_norm_stderr": 0.024105712607754307
    },
    "piqa": {
      "acc": 0.6164309031556039,
      "acc_stderr": 0.011345128734116274,
      "acc_norm": 0.6104461371055495,
      "acc_norm_stderr": 0.01137765745513023
    },
    "hendrycksTest-formal_logic": {
      "acc": 0.2619047619047619,
      "acc_stderr": 0.03932537680392871,
      "acc_norm": 0.2222222222222222,
      "acc_norm_stderr": 0.03718489006818115
    },
    "hendrycksTest-college_medicine": {
      "acc": 0.26011560693641617,
      "acc_stderr": 0.03345036916788991,
      "acc_norm": 0.2947976878612717,
      "acc_norm_stderr": 0.034765996075164785
    },
    "hendrycksTest-elementary_mathematics": {
      "acc": 0.2566137566137566,
      "acc_stderr": 0.022494510767503154,
      "acc_norm": 0.25925925925925924,
      "acc_norm_stderr": 0.022569897074918428
    },
    "hendrycksTest-security_studies": {
      "acc": 0.24081632653061225,
      "acc_stderr": 0.02737294220178816,
      "acc_norm": 0.21224489795918366,
      "acc_norm_stderr": 0.026176967197866767
    },
    "hendrycksTest-business_ethics": {
      "acc": 0.29,
      "acc_stderr": 0.045604802157206845,
      "acc_norm": 0.24,
      "acc_norm_stderr": 0.04292346959909282
    },
    "hendrycksTest-sociology": {
      "acc": 0.3283582089552239,
      "acc_stderr": 0.033206858897443244,
      "acc_norm": 0.3034825870646766,
      "acc_norm_stderr": 0.03251006816458618
    },
    "hendrycksTest-jurisprudence": {
      "acc": 0.16666666666666666,
      "acc_stderr": 0.036028141763926456,
      "acc_norm": 0.25925925925925924,
      "acc_norm_stderr": 0.04236511258094631
    },
    "hendrycksTest-nutrition": {
      "acc": 0.24836601307189543,
      "acc_stderr": 0.024739981355113596,
      "acc_norm": 0.3137254901960784,
      "acc_norm_stderr": 0.02656892101545716
    },
    "hendrycksTest-international_law": {
      "acc": 0.09917355371900827,
      "acc_stderr": 0.02728524631275895,
      "acc_norm": 0.2727272727272727,
      "acc_norm_stderr": 0.04065578140908705
    },
    "sciq": {
      "acc": 0.788,
      "acc_stderr": 0.01293148186493801,
      "acc_norm": 0.763,
      "acc_norm_stderr": 0.013454070462577959
    },
    "hendrycksTest-high_school_biology": {
      "acc": 0.2645161290322581,
      "acc_stderr": 0.025091892378859275,
      "acc_norm": 0.3064516129032258,
      "acc_norm_stderr": 0.02622648565255388
    },
    "hendrycksTest-clinical_knowledge": {
      "acc": 0.20754716981132076,
      "acc_stderr": 0.02495991802891127,
      "acc_norm": 0.3018867924528302,
      "acc_norm_stderr": 0.02825420034443866
    },
    "hendrycksTest-high_school_geography": {
      "acc": 0.2474747474747475,
      "acc_stderr": 0.030746300742124522,
      "acc_norm": 0.2474747474747475,
      "acc_norm_stderr": 0.03074630074212451
    },
    "hendrycksTest-high_school_physics": {
      "acc": 0.2582781456953642,
      "acc_stderr": 0.035737053147634576,
      "acc_norm": 0.25165562913907286,
      "acc_norm_stderr": 0.03543304234389985
    },
    "hendrycksTest-philosophy": {
      "acc": 0.22508038585209003,
      "acc_stderr": 0.02372008851617903,
      "acc_norm": 0.2958199356913183,
      "acc_norm_stderr": 0.025922371788818784
    },
    "hendrycksTest-medical_genetics": {
      "acc": 0.22,
      "acc_stderr": 0.04163331998932269,
      "acc_norm": 0.29,
      "acc_norm_stderr": 0.04560480215720684
    },
    "logiqa": {
      "acc": 0.21351766513056836,
      "acc_stderr": 0.016073287529685218,
      "acc_norm": 0.2749615975422427,
      "acc_norm_stderr": 0.017512971782225214
    },
    "hendrycksTest-high_school_government_and_politics": {
      "acc": 0.25906735751295334,
      "acc_stderr": 0.03161877917935412,
      "acc_norm": 0.24352331606217617,
      "acc_norm_stderr": 0.030975436386845426
    },
    "hendrycksTest-anatomy": {
      "acc": 0.14814814814814814,
      "acc_stderr": 0.030688647610352667,
      "acc_norm": 0.17777777777777778,
      "acc_norm_stderr": 0.033027898599017204
    },
    "hendrycksTest-econometrics": {
      "acc": 0.2894736842105263,
      "acc_stderr": 0.04266339443159394,
      "acc_norm": 0.2631578947368421,
      "acc_norm_stderr": 0.0414243971948936
    },
    "hendrycksTest-conceptual_physics": {
      "acc": 0.28085106382978725,
      "acc_stderr": 0.02937917046412482,
      "acc_norm": 0.23829787234042554,
      "acc_norm_stderr": 0.02785125297388978
    },
    "hendrycksTest-high_school_microeconomics": {
      "acc": 0.2647058823529412,
      "acc_stderr": 0.028657491285071973,
      "acc_norm": 0.28991596638655465,
      "acc_norm_stderr": 0.02947248583313609
    },
    "hendrycksTest-college_physics": {
      "acc": 0.2647058823529412,
      "acc_stderr": 0.043898699568087785,
      "acc_norm": 0.2647058823529412,
      "acc_norm_stderr": 0.04389869956808778
    },
    "hendrycksTest-college_biology": {
      "acc": 0.2569444444444444,
      "acc_stderr": 0.03653946969442099,
      "acc_norm": 0.22916666666666666,
      "acc_norm_stderr": 0.03514697467862388
    },
    "hendrycksTest-high_school_world_history": {
      "acc": 0.21518987341772153,
      "acc_stderr": 0.02675082699467618,
      "acc_norm": 0.26582278481012656,
      "acc_norm_stderr": 0.02875679962965834
    },
    "hendrycksTest-high_school_chemistry": {
      "acc": 0.23645320197044334,
      "acc_stderr": 0.029896114291733545,
      "acc_norm": 0.29064039408866993,
      "acc_norm_stderr": 0.031947400722655395
    },
    "hendrycksTest-high_school_statistics": {
      "acc": 0.25925925925925924,
      "acc_stderr": 0.029886910547626964,
      "acc_norm": 0.25,
      "acc_norm_stderr": 0.029531221160930918
    },
    "hendrycksTest-professional_medicine": {
      "acc": 0.23161764705882354,
      "acc_stderr": 0.025626533803777562,
      "acc_norm": 0.21323529411764705,
      "acc_norm_stderr": 0.024880971512294268
    },
    "hendrycksTest-moral_scenarios": {
      "acc": 0.24692737430167597,
      "acc_stderr": 0.014422292204808847,
      "acc_norm": 0.24581005586592178,
      "acc_norm_stderr": 0.014400296429225608
    },
    "arc_easy": {
      "acc": 0.41792929292929293,
      "acc_stderr": 0.010120628211017888,
      "acc_norm": 0.3846801346801347,
      "acc_norm_stderr": 0.009983171707009016
    },
    "hendrycksTest-college_chemistry": {
      "acc": 0.31,
      "acc_stderr": 0.04648231987117316,
      "acc_norm": 0.35,
      "acc_norm_stderr": 0.0479372485441102
    },
    "hendrycksTest-abstract_algebra": {
      "acc": 0.22,
      "acc_stderr": 0.04163331998932269,
      "acc_norm": 0.24,
      "acc_norm_stderr": 0.042923469599092816
    },
    "hendrycksTest-high_school_computer_science": {
      "acc": 0.22,
      "acc_stderr": 0.0416333199893227,
      "acc_norm": 0.28,
      "acc_norm_stderr": 0.04512608598542129
    },
    "hendrycksTest-college_computer_science": {
      "acc": 0.28,