{
  "results": {
    "hendrycksTest-econometrics": {
      "acc": 0.23684210526315788,
      "acc_stderr": 0.03999423879281336,
      "acc_norm": 0.2543859649122807,
      "acc_norm_stderr": 0.04096985139843671
    },
    "hendrycksTest-high_school_chemistry": {
      "acc": 0.18226600985221675,
      "acc_stderr": 0.02716334085964515,
      "acc_norm": 0.23645320197044334,
      "acc_norm_stderr": 0.029896114291733552
    },
    "hendrycksTest-high_school_government_and_politics": {
      "acc": 0.25906735751295334,
      "acc_stderr": 0.03161877917935409,
      "acc_norm": 0.26424870466321243,
      "acc_norm_stderr": 0.03182155050916648
    },
    "hendrycksTest-human_aging": {
      "acc": 0.24663677130044842,
      "acc_stderr": 0.028930413120910894,
      "acc_norm": 0.2645739910313901,
      "acc_norm_stderr": 0.029605103217038325
    },
    "hendrycksTest-logical_fallacies": {
      "acc": 0.2147239263803681,
      "acc_stderr": 0.032262193772867744,
      "acc_norm": 0.22699386503067484,
      "acc_norm_stderr": 0.032910995786157686
    },
    "hendrycksTest-college_biology": {
      "acc": 0.22916666666666666,
      "acc_stderr": 0.03514697467862388,
      "acc_norm": 0.22916666666666666,
      "acc_norm_stderr": 0.035146974678623884
    },
    "piqa": {
      "acc": 0.6996735582154516,
      "acc_stderr": 0.010695225308183136,
      "acc_norm": 0.6980413492927094,
      "acc_norm_stderr": 0.010711732891588352
    },
    "hendrycksTest-high_school_computer_science": {
      "acc": 0.24,
      "acc_stderr": 0.04292346959909283,
      "acc_norm": 0.25,
      "acc_norm_stderr": 0.04351941398892446
    },
    "hendrycksTest-professional_medicine": {
      "acc": 0.22794117647058823,
      "acc_stderr": 0.025483081468029804,
      "acc_norm": 0.22794117647058823,
      "acc_norm_stderr": 0.025483081468029804
    },
    "wsc": {
      "acc": 0.36538461538461536,
      "acc_stderr": 0.0474473339327792
    },
    "hendrycksTest-international_law": {
      "acc": 0.2727272727272727,
      "acc_stderr": 0.04065578140908705,
      "acc_norm": 0.36363636363636365,
      "acc_norm_stderr": 0.043913262867240704
    },
    "hendrycksTest-security_studies": {
      "acc": 0.19183673469387755,
      "acc_stderr": 0.025206963154225395,
      "acc_norm": 0.2,
      "acc_norm_stderr": 0.025607375986579157
    },
    "hendrycksTest-high_school_biology": {
      "acc": 0.24516129032258063,
      "acc_stderr": 0.024472243840895518,
      "acc_norm": 0.2709677419354839,
      "acc_norm_stderr": 0.02528441611490016
    },
    "logiqa": {
      "acc": 0.22580645161290322,
      "acc_stderr": 0.016399713788445087,
      "acc_norm": 0.271889400921659,
      "acc_norm_stderr": 0.017451716009436836
    },
    "hendrycksTest-high_school_statistics": {
      "acc": 0.25,
      "acc_stderr": 0.029531221160930918,
      "acc_norm": 0.2638888888888889,
      "acc_norm_stderr": 0.030058202704309846
    },
    "winogrande": {
      "acc": 0.5493291239147593,
      "acc_stderr": 0.01398392886904024
    },
    "hendrycksTest-college_physics": {
      "acc": 0.30392156862745096,
      "acc_stderr": 0.045766654032077615,
      "acc_norm": 0.30392156862745096,
      "acc_norm_stderr": 0.04576665403207763
    },
    "hendrycksTest-professional_law": {
      "acc": 0.25945241199478486,
      "acc_stderr": 0.011195262076350307,
      "acc_norm": 0.28096479791395046,
      "acc_norm_stderr": 0.011479684550077692
    },
    "hendrycksTest-medical_genetics": {
      "acc": 0.29,
      "acc_stderr": 0.045604802157206845,
      "acc_norm": 0.33,
      "acc_norm_stderr": 0.04725815626252604
    },
    "hendrycksTest-high_school_european_history": {
      "acc": 0.2727272727272727,
      "acc_stderr": 0.0347769116216366,
      "acc_norm": 0.2727272727272727,
      "acc_norm_stderr": 0.0347769116216366
    },
    "hendrycksTest-professional_psychology": {
      "acc": 0.2581699346405229,
      "acc_stderr": 0.01770453165325007,
      "acc_norm": 0.25,
      "acc_norm_stderr": 0.01751781884501444
    },
    "hendrycksTest-computer_security": {
      "acc": 0.31,
      "acc_stderr": 0.046482319871173156,
      "acc_norm": 0.37,
      "acc_norm_stderr": 0.048523658709391
    },
    "hendrycksTest-high_school_psychology": {
      "acc": 0.29357798165137616,
      "acc_stderr": 0.019525151122639667,
      "acc_norm": 0.29541284403669726,
      "acc_norm_stderr": 0.019560619182976
    },
    "hendrycksTest-prehistory": {
      "acc": 0.24691358024691357,
      "acc_stderr": 0.023993501709042103,
      "acc_norm": 0.24074074074074073,
      "acc_norm_stderr": 0.02378858355165853
    },
    "hendrycksTest-sociology": {
      "acc": 0.2736318407960199,
      "acc_stderr": 0.03152439186555402,
      "acc_norm": 0.23383084577114427,
      "acc_norm_stderr": 0.029929415408348384
    },
    "hendrycksTest-business_ethics": {
      "acc": 0.31,
      "acc_stderr": 0.04648231987117316,
      "acc_norm": 0.25,
      "acc_norm_stderr": 0.04351941398892446
    },
    "hendrycksTest-college_medicine": {
      "acc": 0.2658959537572254,
      "acc_stderr": 0.0336876293225943,
      "acc_norm": 0.3063583815028902,
      "acc_norm_stderr": 0.03514942551267438
    },
    "hendrycksTest-high_school_macroeconomics": {
      "acc": 0.23333333333333334,
      "acc_stderr": 0.02144454730156048,
      "acc_norm": 0.25384615384615383,
      "acc_norm_stderr": 0.022066054378726253
    },
    "hendrycksTest-high_school_physics": {
      "acc": 0.24503311258278146,
      "acc_stderr": 0.03511807571804725,
      "acc_norm": 0.23841059602649006,
      "acc_norm_stderr": 0.0347918557259966
    },
    "hendrycksTest-clinical_knowledge": {
      "acc": 0.27169811320754716,
      "acc_stderr": 0.027377706624670713,
      "acc_norm": 0.30566037735849055,
      "acc_norm_stderr": 0.02835329807332267
    },
    "hendrycksTest-management": {
      "acc": 0.30097087378640774,
      "acc_stderr": 0.04541609446503948,
      "acc_norm": 0.33980582524271846,
      "acc_norm_stderr": 0.046897659372781356
    },
    "hendrycksTest-moral_scenarios": {
      "acc": 0.23687150837988827,
      "acc_stderr": 0.01421957078810399,
      "acc_norm": 0.2424581005586592,
      "acc_norm_stderr": 0.014333522059217892
    },
    "hendrycksTest-nutrition": {
      "acc": 0.2875816993464052,
      "acc_stderr": 0.02591780611714716,
      "acc_norm": 0.32679738562091504,
      "acc_norm_stderr": 0.02685729466328142
    },
    "hendrycksTest-world_religions": {
      "acc": 0.28654970760233917,
      "acc_stderr": 0.034678266857038266,
      "acc_norm": 0.3567251461988304,
      "acc_norm_stderr": 0.03674013002860954
    },
    "hendrycksTest-human_sexuality": {
      "acc": 0.33587786259541985,
      "acc_stderr": 0.041423137719966634,
      "acc_norm": 0.3053435114503817,
      "acc_norm_stderr": 0.04039314978724559
    },
    "hendrycksTest-high_school_microeconomics": {
      "acc": 0.23529411764705882,
      "acc_stderr": 0.027553614467863773,
      "acc_norm": 0.2815126050420168,
      "acc_norm_stderr": 0.029213549414372143
    },
    "hendrycksTest-college_chemistry": {
      "acc": 0.23,
      "acc_stderr": 0.04229525846816506,
      "acc_norm": 0.27,
      "acc_norm_stderr": 0.0446196043338474
    },
    "hendrycksTest-high_school_world_history": {
      "acc": 0.25316455696202533,
      "acc_stderr": 0.02830465794303529,
      "acc_norm": 0.25738396624472576,
      "acc_norm_stderr": 0.028458820991460295
    },
    "hendrycksTest-elementary_mathematics": {
      "acc": 0.23544973544973544,
      "acc_stderr": 0.021851509822031715,
      "acc_norm": 0.25132275132275134,
      "acc_norm_stderr": 0.022340482339643895
    },
    "hendrycksTest-high_school_geography": {
      "acc": 0.23232323232323232,
      "acc_stderr": 0.030088629490217483,
      "acc_norm": 0.3181818181818182,
      "acc_norm_stderr": 0.03318477333845331
    },
    "hendrycksTest-professional_accounting": {
      "acc": 0.2872340425531915,