{
  "results": {
    "logiqa": {
      "acc": 0.22427035330261136,
      "acc_stderr": 0.0163600433482655,
      "acc_norm": 0.2488479262672811,
      "acc_norm_stderr": 0.01695798590452559
    },
    "hendrycksTest-college_medicine": {
      "acc": 0.27167630057803466,
      "acc_stderr": 0.03391750322321659,
      "acc_norm": 0.2832369942196532,
      "acc_norm_stderr": 0.03435568056047873
    },
    "hendrycksTest-anatomy": {
      "acc": 0.18518518518518517,
      "acc_stderr": 0.03355677216313142,
      "acc_norm": 0.17777777777777778,
      "acc_norm_stderr": 0.03302789859901718
    },
    "hendrycksTest-astronomy": {
      "acc": 0.23026315789473684,
      "acc_stderr": 0.03426059424403165,
      "acc_norm": 0.28289473684210525,
      "acc_norm_stderr": 0.03665349695640766
    },
    "hendrycksTest-college_physics": {
      "acc": 0.30392156862745096,
      "acc_stderr": 0.04576665403207763,
      "acc_norm": 0.3333333333333333,
      "acc_norm_stderr": 0.04690650298201942
    },
    "hendrycksTest-elementary_mathematics": {
      "acc": 0.23809523809523808,
      "acc_stderr": 0.021935878081184766,
      "acc_norm": 0.24338624338624337,
      "acc_norm_stderr": 0.022101128787415415
    },
    "hendrycksTest-high_school_european_history": {
      "acc": 0.2727272727272727,
      "acc_stderr": 0.0347769116216366,
      "acc_norm": 0.2727272727272727,
      "acc_norm_stderr": 0.0347769116216366
    },
    "hendrycksTest-professional_medicine": {
      "acc": 0.1948529411764706,
      "acc_stderr": 0.024060599423487424,
      "acc_norm": 0.1948529411764706,
      "acc_norm_stderr": 0.02406059942348742
    },
    "hendrycksTest-college_mathematics": {
      "acc": 0.24,
      "acc_stderr": 0.04292346959909284,
      "acc_norm": 0.29,
      "acc_norm_stderr": 0.04560480215720683
    },
    "hendrycksTest-high_school_us_history": {
      "acc": 0.2647058823529412,
      "acc_stderr": 0.030964517926923382,
      "acc_norm": 0.28431372549019607,
      "acc_norm_stderr": 0.03166009679399812
    },
    "hendrycksTest-college_biology": {
      "acc": 0.2152777777777778,
      "acc_stderr": 0.034370793441061344,
      "acc_norm": 0.2013888888888889,
      "acc_norm_stderr": 0.033536474697138406
    },
    "hendrycksTest-high_school_microeconomics": {
      "acc": 0.23109243697478993,
      "acc_stderr": 0.027381406927868966,
      "acc_norm": 0.2857142857142857,
      "acc_norm_stderr": 0.02934457250063436
    },
    "piqa": {
      "acc": 0.7007616974972797,
      "acc_stderr": 0.01068413067313458,
      "acc_norm": 0.705658324265506,
      "acc_norm_stderr": 0.010633311470347514
    },
    "hendrycksTest-global_facts": {
      "acc": 0.27,
      "acc_stderr": 0.044619604333847394,
      "acc_norm": 0.27,
      "acc_norm_stderr": 0.044619604333847394
    },
    "hendrycksTest-security_studies": {
      "acc": 0.2897959183673469,
      "acc_stderr": 0.029043088683304328,
      "acc_norm": 0.2653061224489796,
      "acc_norm_stderr": 0.028263889943784593
    },
    "hendrycksTest-business_ethics": {
      "acc": 0.27,
      "acc_stderr": 0.04461960433384741,
      "acc_norm": 0.25,
      "acc_norm_stderr": 0.04351941398892446
    },
    "hendrycksTest-high_school_mathematics": {
      "acc": 0.26296296296296295,
      "acc_stderr": 0.026842057873833706,
      "acc_norm": 0.2814814814814815,
      "acc_norm_stderr": 0.02742001935094527
    },
    "hendrycksTest-marketing": {
      "acc": 0.32051282051282054,
      "acc_stderr": 0.030572811310299607,
      "acc_norm": 0.2948717948717949,
      "acc_norm_stderr": 0.029872577708891155
    },
    "hendrycksTest-high_school_computer_science": {
      "acc": 0.22,
      "acc_stderr": 0.0416333199893227,
      "acc_norm": 0.23,
      "acc_norm_stderr": 0.04229525846816507
    },
    "hendrycksTest-econometrics": {
      "acc": 0.2807017543859649,
      "acc_stderr": 0.042270544512322004,
      "acc_norm": 0.24561403508771928,
      "acc_norm_stderr": 0.04049339297748142
    },
    "hendrycksTest-conceptual_physics": {
      "acc": 0.2127659574468085,
      "acc_stderr": 0.026754391348039766,
      "acc_norm": 0.20425531914893616,
      "acc_norm_stderr": 0.026355158413349417
    },
    "hendrycksTest-high_school_statistics": {
      "acc": 0.2824074074074074,
      "acc_stderr": 0.03070137211151094,
      "acc_norm": 0.30092592592592593,
      "acc_norm_stderr": 0.0312803908432988
    },
    "hendrycksTest-high_school_psychology": {
      "acc": 0.25137614678899084,
      "acc_stderr": 0.018599206360287415,
      "acc_norm": 0.24587155963302754,
      "acc_norm_stderr": 0.018461940968708443
    },
    "hendrycksTest-electrical_engineering": {
      "acc": 0.2896551724137931,
      "acc_stderr": 0.03780019230438014,
      "acc_norm": 0.2620689655172414,
      "acc_norm_stderr": 0.036646663372252565
    },
    "hendrycksTest-high_school_government_and_politics": {
      "acc": 0.23316062176165803,
      "acc_stderr": 0.03051611137147602,
      "acc_norm": 0.29015544041450775,
      "acc_norm_stderr": 0.03275264467791515
    },
    "hendrycksTest-abstract_algebra": {
      "acc": 0.18,
      "acc_stderr": 0.038612291966536955,
      "acc_norm": 0.18,
      "acc_norm_stderr": 0.03861229196653697
    },
    "hendrycksTest-prehistory": {
      "acc": 0.25308641975308643,
      "acc_stderr": 0.024191808600713002,
      "acc_norm": 0.24691358024691357,
      "acc_norm_stderr": 0.023993501709042093
    },
    "hendrycksTest-world_religions": {
      "acc": 0.2631578947368421,
      "acc_stderr": 0.033773102522091945,
      "acc_norm": 0.3216374269005848,
      "acc_norm_stderr": 0.03582529442573122
    },
    "hendrycksTest-high_school_macroeconomics": {
      "acc": 0.24102564102564103,
      "acc_stderr": 0.021685546665333184,
      "acc_norm": 0.2743589743589744,
      "acc_norm_stderr": 0.022622765767493218
    },
    "hendrycksTest-high_school_geography": {
      "acc": 0.22727272727272727,
      "acc_stderr": 0.029857515673386414,
      "acc_norm": 0.29292929292929293,
      "acc_norm_stderr": 0.03242497958178817
    },
    "hendrycksTest-us_foreign_policy": {
      "acc": 0.28,
      "acc_stderr": 0.04512608598542128,
      "acc_norm": 0.29,
      "acc_norm_stderr": 0.045604802157206845
    },
    "hendrycksTest-philosophy": {
      "acc": 0.21221864951768488,
      "acc_stderr": 0.023222756797435132,
      "acc_norm": 0.2604501607717042,
      "acc_norm_stderr": 0.024926723224845553
    },
    "hendrycksTest-computer_security": {
      "acc": 0.24,
      "acc_stderr": 0.04292346959909283,
      "acc_norm": 0.26,
      "acc_norm_stderr": 0.044084400227680794
    },
    "hendrycksTest-professional_law": {
      "acc": 0.23663624511082137,
      "acc_stderr": 0.010855137351572753,
      "acc_norm": 0.26010430247718386,
      "acc_norm_stderr": 0.011204382887823827
    },
    "hendrycksTest-virology": {
      "acc": 0.3253012048192771,
      "acc_stderr": 0.03647168523683229,
      "acc_norm": 0.3132530120481928,
      "acc_norm_stderr": 0.036108050180310235
    },
    "arc_easy": {
      "acc": 0.6094276094276094,
      "acc_stderr": 0.01001105911206424,
      "acc_norm": 0.5904882154882155,
      "acc_norm_stderr": 0.010090368160990064
    },
    "hendrycksTest-high_school_biology": {
      "acc": 0.24838709677419354,
      "acc_stderr": 0.024580028921481003,
      "acc_norm": 0.23548387096774193,
      "acc_norm_stderr": 0.024137632429337707
    },
    "hendrycksTest-high_school_physics": {
      "acc": 0.25165562913907286,
      "acc_stderr": 0.03543304234389985,
      "acc_norm": 0.2185430463576159,
      "acc_norm_stderr": 0.03374235550425694
    },
    "hendrycksTest-miscellaneous": {
      "acc": 0.2796934865900383,
      "acc_stderr": 0.01605079214803654,
      "acc_norm": 0.26947637292464877,
      "acc_norm_stderr": 0.015866243073215047
    },
    "hendrycksTest-college_chemistry": {
      "acc": 0.25,
      "acc_stderr": 0.04351941398892446,
      "acc_norm": 0.26,