{
  "results": {
    "hendrycksTest-high_school_microeconomics": {
      "acc": 0.23109243697478993,
      "acc_stderr": 0.02738140692786896,
      "acc_norm": 0.29411764705882354,
      "acc_norm_stderr": 0.0295973297309781
    },
    "wsc": {
      "acc": 0.36538461538461536,
      "acc_stderr": 0.0474473339327792
    },
    "hendrycksTest-college_mathematics": {
      "acc": 0.25,
      "acc_stderr": 0.04351941398892446,
      "acc_norm": 0.34,
      "acc_norm_stderr": 0.04760952285695235
    },
    "hendrycksTest-marketing": {
      "acc": 0.3034188034188034,
      "acc_stderr": 0.030118210106942656,
      "acc_norm": 0.32051282051282054,
      "acc_norm_stderr": 0.030572811310299607
    },
    "hendrycksTest-sociology": {
      "acc": 0.2835820895522388,
      "acc_stderr": 0.03187187537919796,
      "acc_norm": 0.2736318407960199,
      "acc_norm_stderr": 0.03152439186555402
    },
    "hendrycksTest-high_school_geography": {
      "acc": 0.25757575757575757,
      "acc_stderr": 0.03115626951964684,
      "acc_norm": 0.26262626262626265,
      "acc_norm_stderr": 0.031353050095330855
    },
    "hendrycksTest-college_chemistry": {
      "acc": 0.24,
      "acc_stderr": 0.04292346959909282,
      "acc_norm": 0.27,
      "acc_norm_stderr": 0.044619604333847394
    },
    "hendrycksTest-formal_logic": {
      "acc": 0.3333333333333333,
      "acc_stderr": 0.042163702135578345,
      "acc_norm": 0.29365079365079366,
      "acc_norm_stderr": 0.04073524322147125
    },
    "hendrycksTest-moral_disputes": {
      "acc": 0.2745664739884393,
      "acc_stderr": 0.02402774515526502,
      "acc_norm": 0.28901734104046245,
      "acc_norm_stderr": 0.02440517393578323
    },
    "hendrycksTest-professional_medicine": {
      "acc": 0.20220588235294118,
      "acc_stderr": 0.024398192986654924,
      "acc_norm": 0.21323529411764705,
      "acc_norm_stderr": 0.024880971512294264
    },
    "hendrycksTest-world_religions": {
      "acc": 0.30409356725146197,
      "acc_stderr": 0.03528211258245232,
      "acc_norm": 0.32748538011695905,
      "acc_norm_stderr": 0.035993357714560276
    },
    "piqa": {
      "acc": 0.6996735582154516,
      "acc_stderr": 0.010695225308183138,
      "acc_norm": 0.7078346028291621,
      "acc_norm_stderr": 0.010610252174513668
    },
    "hendrycksTest-electrical_engineering": {
      "acc": 0.296551724137931,
      "acc_stderr": 0.03806142687309994,
      "acc_norm": 0.2896551724137931,
      "acc_norm_stderr": 0.037800192304380135
    },
    "hendrycksTest-business_ethics": {
      "acc": 0.28,
      "acc_stderr": 0.04512608598542127,
      "acc_norm": 0.25,
      "acc_norm_stderr": 0.04351941398892446
    },
    "hendrycksTest-college_medicine": {
      "acc": 0.2832369942196532,
      "acc_stderr": 0.03435568056047873,
      "acc_norm": 0.32947976878612717,
      "acc_norm_stderr": 0.035839017547364106
    },
    "logiqa": {
      "acc": 0.22887864823348694,
      "acc_stderr": 0.016478107276313266,
      "acc_norm": 0.24731182795698925,
      "acc_norm_stderr": 0.0169228424467124
    },
    "hendrycksTest-high_school_us_history": {
      "acc": 0.2647058823529412,
      "acc_stderr": 0.030964517926923382,
      "acc_norm": 0.29411764705882354,
      "acc_norm_stderr": 0.031980016601150726
    },
    "hendrycksTest-human_aging": {
      "acc": 0.27802690582959644,
      "acc_stderr": 0.030069584874494033,
      "acc_norm": 0.30493273542600896,
      "acc_norm_stderr": 0.030898610882477515
    },
    "hendrycksTest-moral_scenarios": {
      "acc": 0.25027932960893856,
      "acc_stderr": 0.014487500852850409,
      "acc_norm": 0.2424581005586592,
      "acc_norm_stderr": 0.014333522059217892
    },
    "hendrycksTest-high_school_government_and_politics": {
      "acc": 0.22797927461139897,
      "acc_stderr": 0.030276909945178277,
      "acc_norm": 0.27461139896373055,
      "acc_norm_stderr": 0.03221024508041156
    },
    "hendrycksTest-machine_learning": {
      "acc": 0.17857142857142858,
      "acc_stderr": 0.03635209121577806,
      "acc_norm": 0.16964285714285715,
      "acc_norm_stderr": 0.0356236785009539
    },
    "hendrycksTest-professional_psychology": {
      "acc": 0.2549019607843137,
      "acc_stderr": 0.017630827375148383,
      "acc_norm": 0.2696078431372549,
      "acc_norm_stderr": 0.017952449196987862
    },
    "hendrycksTest-public_relations": {
      "acc": 0.24545454545454545,
      "acc_stderr": 0.04122066502878284,
      "acc_norm": 0.24545454545454545,
      "acc_norm_stderr": 0.04122066502878285
    },
    "hendrycksTest-college_physics": {
      "acc": 0.35294117647058826,
      "acc_stderr": 0.047551296160629475,
      "acc_norm": 0.3431372549019608,
      "acc_norm_stderr": 0.04724007352383888
    },
    "hendrycksTest-elementary_mathematics": {
      "acc": 0.23544973544973544,
      "acc_stderr": 0.02185150982203171,
      "acc_norm": 0.2566137566137566,
      "acc_norm_stderr": 0.022494510767503154
    },
    "hendrycksTest-high_school_mathematics": {
      "acc": 0.22962962962962963,
      "acc_stderr": 0.025644108639267645,
      "acc_norm": 0.27037037037037037,
      "acc_norm_stderr": 0.027080372815145654
    },
    "hendrycksTest-college_computer_science": {
      "acc": 0.34,
      "acc_stderr": 0.04760952285695235,
      "acc_norm": 0.35,
      "acc_norm_stderr": 0.0479372485441102
    },
    "arc_easy": {
      "acc": 0.6056397306397306,
      "acc_stderr": 0.010028176038393,
      "acc_norm": 0.5921717171717171,
      "acc_norm_stderr": 0.010083950240041224
    },
    "hendrycksTest-us_foreign_policy": {
      "acc": 0.33,
      "acc_stderr": 0.04725815626252605,
      "acc_norm": 0.33,
      "acc_norm_stderr": 0.04725815626252606
    },
    "hendrycksTest-virology": {
      "acc": 0.3253012048192771,
      "acc_stderr": 0.03647168523683227,
      "acc_norm": 0.3132530120481928,
      "acc_norm_stderr": 0.036108050180310235
    },
    "hendrycksTest-conceptual_physics": {
      "acc": 0.251063829787234,
      "acc_stderr": 0.028346963777162452,
      "acc_norm": 0.20425531914893616,
      "acc_norm_stderr": 0.02635515841334942
    },
    "hendrycksTest-medical_genetics": {
      "acc": 0.28,
      "acc_stderr": 0.04512608598542127,
      "acc_norm": 0.32,
      "acc_norm_stderr": 0.046882617226215034
    },
    "hendrycksTest-econometrics": {
      "acc": 0.30701754385964913,
      "acc_stderr": 0.04339138322579861,
      "acc_norm": 0.23684210526315788,
      "acc_norm_stderr": 0.03999423879281336
    },
    "arc_challenge": {
      "acc": 0.25853242320819114,
      "acc_stderr": 0.012794553754288694,
      "acc_norm": 0.2935153583617747,
      "acc_norm_stderr": 0.013307250444941111
    },
    "winogrande": {
      "acc": 0.5398579321231255,
      "acc_stderr": 0.014007765428365163
    },
    "hendrycksTest-global_facts": {
      "acc": 0.29,
      "acc_stderr": 0.045604802157206845,
      "acc_norm": 0.27,
      "acc_norm_stderr": 0.04461960433384739
    },
    "hendrycksTest-security_studies": {
      "acc": 0.27346938775510204,
      "acc_stderr": 0.028535560337128445,
      "acc_norm": 0.2571428571428571,
      "acc_norm_stderr": 0.027979823538744546
    },
    "hendrycksTest-high_school_statistics": {
      "acc": 0.30092592592592593,
      "acc_stderr": 0.0312803908432988,
      "acc_norm": 0.3194444444444444,
      "acc_norm_stderr": 0.0317987634217685
    },
    "hendrycksTest-high_school_biology": {
      "acc": 0.22580645161290322,
      "acc_stderr": 0.023785577884181012,
      "acc_norm": 0.22580645161290322,
      "acc_norm_stderr": 0.023785577884181012
    },
    "hendrycksTest-high_school_chemistry": {
      "acc": 0.21182266009852216,
      "acc_stderr": 0.02874898368994107,
      "acc_norm": 0.24630541871921183,
      "acc_norm_stderr": 0.030315099285617743
    },
    "hendrycksTest-high_school_world_history": {
      "acc": 0.26582278481012656,
      "acc_stderr": 0.02875679962965834,
      "acc_norm": 0.2869198312236287,