{
  "results": {
    "hendrycksTest-moral_scenarios": {
      "acc": 0.23687150837988827,
      "acc_stderr": 0.01421957078810399,
      "acc_norm": 0.2346368715083799,
      "acc_norm_stderr": 0.01417304409830366
    },
    "hendrycksTest-college_medicine": {
      "acc": 0.2543352601156069,
      "acc_stderr": 0.0332055644308557,
      "acc_norm": 0.30057803468208094,
      "acc_norm_stderr": 0.03496101481191181
    },
    "hendrycksTest-moral_disputes": {
      "acc": 0.2745664739884393,
      "acc_stderr": 0.02402774515526502,
      "acc_norm": 0.28034682080924855,
      "acc_norm_stderr": 0.024182427496577622
    },
    "hendrycksTest-abstract_algebra": {
      "acc": 0.18,
      "acc_stderr": 0.038612291966536955,
      "acc_norm": 0.2,
      "acc_norm_stderr": 0.040201512610368445
    },
    "hendrycksTest-global_facts": {
      "acc": 0.31,
      "acc_stderr": 0.04648231987117316,
      "acc_norm": 0.28,
      "acc_norm_stderr": 0.04512608598542128
    },
    "hendrycksTest-high_school_us_history": {
      "acc": 0.24019607843137256,
      "acc_stderr": 0.02998373305591361,
      "acc_norm": 0.2549019607843137,
      "acc_norm_stderr": 0.030587591351604243
    },
    "hendrycksTest-philosophy": {
      "acc": 0.21221864951768488,
      "acc_stderr": 0.023222756797435108,
      "acc_norm": 0.2829581993569132,
      "acc_norm_stderr": 0.025583062489984827
    },
    "hendrycksTest-high_school_geography": {
      "acc": 0.2222222222222222,
      "acc_stderr": 0.02962022787479047,
      "acc_norm": 0.2474747474747475,
      "acc_norm_stderr": 0.030746300742124495
    },
    "hendrycksTest-prehistory": {
      "acc": 0.22839506172839505,
      "acc_stderr": 0.023358211840626267,
      "acc_norm": 0.24382716049382716,
      "acc_norm_stderr": 0.023891879541959607
    },
    "hendrycksTest-virology": {
      "acc": 0.3072289156626506,
      "acc_stderr": 0.035915667978246635,
      "acc_norm": 0.26506024096385544,
      "acc_norm_stderr": 0.03436024037944967
    },
    "hendrycksTest-jurisprudence": {
      "acc": 0.2777777777777778,
      "acc_stderr": 0.043300437496507416,
      "acc_norm": 0.3148148148148148,
      "acc_norm_stderr": 0.04489931073591312
    },
    "hendrycksTest-high_school_world_history": {
      "acc": 0.25316455696202533,
      "acc_stderr": 0.028304657943035286,
      "acc_norm": 0.28270042194092826,
      "acc_norm_stderr": 0.02931281415395592
    },
    "hendrycksTest-medical_genetics": {
      "acc": 0.3,
      "acc_stderr": 0.046056618647183814,
      "acc_norm": 0.32,
      "acc_norm_stderr": 0.046882617226215034
    },
    "hendrycksTest-elementary_mathematics": {
      "acc": 0.23809523809523808,
      "acc_stderr": 0.021935878081184756,
      "acc_norm": 0.24867724867724866,
      "acc_norm_stderr": 0.022261817692400186
    },
    "hendrycksTest-management": {
      "acc": 0.22330097087378642,
      "acc_stderr": 0.04123553189891431,
      "acc_norm": 0.24271844660194175,
      "acc_norm_stderr": 0.04245022486384495
    },
    "hendrycksTest-professional_law": {
      "acc": 0.2666232073011734,
      "acc_stderr": 0.01129383603161213,
      "acc_norm": 0.2920469361147327,
      "acc_norm_stderr": 0.011613349136271805
    },
    "winogrande": {
      "acc": 0.5209155485398579,
      "acc_stderr": 0.014040185494212945
    },
    "hendrycksTest-nutrition": {
      "acc": 0.2679738562091503,
      "acc_stderr": 0.025360603796242557,
      "acc_norm": 0.3235294117647059,
      "acc_norm_stderr": 0.02678745311190653
    },
    "hendrycksTest-high_school_computer_science": {
      "acc": 0.23,
      "acc_stderr": 0.042295258468165044,
      "acc_norm": 0.24,
      "acc_norm_stderr": 0.04292346959909284
    },
    "hendrycksTest-computer_security": {
      "acc": 0.25,
      "acc_stderr": 0.04351941398892446,
      "acc_norm": 0.3,
      "acc_norm_stderr": 0.046056618647183814
    },
    "hendrycksTest-college_physics": {
      "acc": 0.20588235294117646,
      "acc_stderr": 0.040233822736177476,
      "acc_norm": 0.2647058823529412,
      "acc_norm_stderr": 0.043898699568087785
    },
    "hendrycksTest-econometrics": {
      "acc": 0.2807017543859649,
      "acc_stderr": 0.042270544512322004,
      "acc_norm": 0.2894736842105263,
      "acc_norm_stderr": 0.042663394431593935
    },
    "hendrycksTest-miscellaneous": {
      "acc": 0.24904214559386972,
      "acc_stderr": 0.015464676163395972,
      "acc_norm": 0.2554278416347382,
      "acc_norm_stderr": 0.015594955384455772
    },
    "sciq": {
      "acc": 0.879,
      "acc_stderr": 0.010318210380946094,
      "acc_norm": 0.872,
      "acc_norm_stderr": 0.010570133761108656
    },
    "hendrycksTest-world_religions": {
      "acc": 0.3157894736842105,
      "acc_stderr": 0.03565079670708312,
      "acc_norm": 0.3391812865497076,
      "acc_norm_stderr": 0.036310534964889056
    },
    "hendrycksTest-sociology": {
      "acc": 0.3034825870646766,
      "acc_stderr": 0.03251006816458619,
      "acc_norm": 0.2935323383084577,
      "acc_norm_stderr": 0.032200241045342054
    },
    "hendrycksTest-professional_psychology": {
      "acc": 0.24836601307189543,
      "acc_stderr": 0.017479487001364764,
      "acc_norm": 0.25980392156862747,
      "acc_norm_stderr": 0.01774089950917779
    },
    "hendrycksTest-college_computer_science": {
      "acc": 0.35,
      "acc_stderr": 0.047937248544110196,
      "acc_norm": 0.32,
      "acc_norm_stderr": 0.046882617226215034
    },
    "hendrycksTest-high_school_chemistry": {
      "acc": 0.22660098522167488,
      "acc_stderr": 0.029454863835292975,
      "acc_norm": 0.2413793103448276,
      "acc_norm_stderr": 0.030108330718011625
    },
    "hendrycksTest-high_school_government_and_politics": {
      "acc": 0.2694300518134715,
      "acc_stderr": 0.03201867122877794,
      "acc_norm": 0.26424870466321243,
      "acc_norm_stderr": 0.031821550509166484
    },
    "hendrycksTest-high_school_statistics": {
      "acc": 0.28703703703703703,
      "acc_stderr": 0.030851992993257013,
      "acc_norm": 0.30092592592592593,
      "acc_norm_stderr": 0.03128039084329882
    },
    "hendrycksTest-public_relations": {
      "acc": 0.24545454545454545,
      "acc_stderr": 0.041220665028782855,
      "acc_norm": 0.2545454545454545,
      "acc_norm_stderr": 0.041723430387053825
    },
    "hendrycksTest-human_sexuality": {
      "acc": 0.3282442748091603,
      "acc_stderr": 0.04118438565806298,
      "acc_norm": 0.33587786259541985,
      "acc_norm_stderr": 0.041423137719966634
    },
    "hendrycksTest-electrical_engineering": {
      "acc": 0.2206896551724138,
      "acc_stderr": 0.034559302019248124,
      "acc_norm": 0.2206896551724138,
      "acc_norm_stderr": 0.034559302019248124
    },
    "hendrycksTest-clinical_knowledge": {
      "acc": 0.26037735849056604,
      "acc_stderr": 0.02700876609070809,
      "acc_norm": 0.3018867924528302,
      "acc_norm_stderr": 0.02825420034443866
    },
    "hendrycksTest-us_foreign_policy": {
      "acc": 0.29,
      "acc_stderr": 0.045604802157206845,
      "acc_norm": 0.28,
      "acc_norm_stderr": 0.045126085985421296
    },
    "hendrycksTest-high_school_microeconomics": {
      "acc": 0.25630252100840334,
      "acc_stderr": 0.028359620870533953,
      "acc_norm": 0.29411764705882354,
      "acc_norm_stderr": 0.029597329730978086
    },
    "hendrycksTest-high_school_biology": {
      "acc": 0.24838709677419354,
      "acc_stderr": 0.024580028921480996,
      "acc_norm": 0.27419354838709675,
      "acc_norm_stderr": 0.025378139970885193
    },
    "hendrycksTest-high_school_mathematics": {
      "acc": 0.27037037037037037,
      "acc_stderr": 0.02708037281514566,
      "acc_norm": 0.2851851851851852,
      "acc_norm_stderr": 0.02752859921034049
    },
    "hendrycksTest-high_school_psychology": {
      "acc": 0.24220183486238533,
      "acc_stderr": 0.01836817630659862,
      "acc_norm": 0.23119266055045873,
      "acc_norm_stderr": 0.018075750241633153
    },