{
  "results": {
    "hendrycksTest-human_aging": {
      "acc": 0.273542600896861,
      "acc_stderr": 0.029918586707798824,
      "acc_norm": 0.2556053811659193,
      "acc_norm_stderr": 0.029275891003969927
    },
    "hendrycksTest-professional_law": {
      "acc": 0.24185136897001303,
      "acc_stderr": 0.010936550813827071,
      "acc_norm": 0.2588005215123859,
      "acc_norm_stderr": 0.011186109046564611
    },
    "hendrycksTest-virology": {
      "acc": 0.2891566265060241,
      "acc_stderr": 0.03529486801511115,
      "acc_norm": 0.29518072289156627,
      "acc_norm_stderr": 0.0355092018568963
    },
    "hendrycksTest-high_school_microeconomics": {
      "acc": 0.25630252100840334,
      "acc_stderr": 0.02835962087053395,
      "acc_norm": 0.2857142857142857,
      "acc_norm_stderr": 0.029344572500634346
    },
    "hendrycksTest-business_ethics": {
      "acc": 0.31,
      "acc_stderr": 0.04648231987117316,
      "acc_norm": 0.25,
      "acc_norm_stderr": 0.04351941398892446
    },
    "hendrycksTest-medical_genetics": {
      "acc": 0.28,
      "acc_stderr": 0.04512608598542127,
      "acc_norm": 0.29,
      "acc_norm_stderr": 0.04560480215720684
    },
    "logiqa": {
      "acc": 0.2119815668202765,
      "acc_stderr": 0.016030997960619398,
      "acc_norm": 0.2534562211981567,
      "acc_norm_stderr": 0.01706170543978574
    },
    "hendrycksTest-high_school_statistics": {
      "acc": 0.3194444444444444,
      "acc_stderr": 0.03179876342176851,
      "acc_norm": 0.35185185185185186,
      "acc_norm_stderr": 0.03256850570293648
    },
    "hendrycksTest-miscellaneous": {
      "acc": 0.25798212005108556,
      "acc_stderr": 0.01564583018834895,
      "acc_norm": 0.25925925925925924,
      "acc_norm_stderr": 0.015671006009339582
    },
    "hendrycksTest-computer_security": {
      "acc": 0.27,
      "acc_stderr": 0.0446196043338474,
      "acc_norm": 0.3,
      "acc_norm_stderr": 0.046056618647183814
    },
    "hendrycksTest-machine_learning": {
      "acc": 0.20535714285714285,
      "acc_stderr": 0.038342410214190714,
      "acc_norm": 0.20535714285714285,
      "acc_norm_stderr": 0.03834241021419073
    },
    "hendrycksTest-electrical_engineering": {
      "acc": 0.2689655172413793,
      "acc_stderr": 0.036951833116502325,
      "acc_norm": 0.25517241379310346,
      "acc_norm_stderr": 0.03632984052707842
    },
    "hendrycksTest-professional_medicine": {
      "acc": 0.22426470588235295,
      "acc_stderr": 0.025336848563332365,
      "acc_norm": 0.22794117647058823,
      "acc_norm_stderr": 0.025483081468029804
    },
    "hendrycksTest-international_law": {
      "acc": 0.2727272727272727,
      "acc_stderr": 0.04065578140908705,
      "acc_norm": 0.3884297520661157,
      "acc_norm_stderr": 0.044492703500683815
    },
    "hendrycksTest-high_school_european_history": {
      "acc": 0.20606060606060606,
      "acc_stderr": 0.03158415324047708,
      "acc_norm": 0.24242424242424243,
      "acc_norm_stderr": 0.033464098810559534
    },
    "hendrycksTest-marketing": {
      "acc": 0.2692307692307692,
      "acc_stderr": 0.02905858830374884,
      "acc_norm": 0.28205128205128205,
      "acc_norm_stderr": 0.02948036054954119
    },
    "hendrycksTest-philosophy": {
      "acc": 0.2090032154340836,
      "acc_stderr": 0.02309314039837422,
      "acc_norm": 0.2572347266881029,
      "acc_norm_stderr": 0.024826171289250888
    },
    "wsc": {
      "acc": 0.36538461538461536,
      "acc_stderr": 0.0474473339327792
    },
    "hendrycksTest-professional_accounting": {
      "acc": 0.2695035460992908,
      "acc_stderr": 0.026469036818590624,
      "acc_norm": 0.26595744680851063,
      "acc_norm_stderr": 0.026358065698880592
    },
    "arc_challenge": {
      "acc": 0.23720136518771331,
      "acc_stderr": 0.012430399829260834,
      "acc_norm": 0.25597269624573377,
      "acc_norm_stderr": 0.012753013241244523
    },
    "hendrycksTest-astronomy": {
      "acc": 0.20394736842105263,
      "acc_stderr": 0.032790004063100515,
      "acc_norm": 0.24342105263157895,
      "acc_norm_stderr": 0.034923496688842384
    },
    "hendrycksTest-high_school_physics": {
      "acc": 0.2582781456953642,
      "acc_stderr": 0.035737053147634576,
      "acc_norm": 0.26490066225165565,
      "acc_norm_stderr": 0.03603038545360383
    },
    "hendrycksTest-college_chemistry": {
      "acc": 0.25,
      "acc_stderr": 0.04351941398892446,
      "acc_norm": 0.31,
      "acc_norm_stderr": 0.04648231987117316
    },
    "hendrycksTest-high_school_biology": {
      "acc": 0.2129032258064516,
      "acc_stderr": 0.023287665127268535,
      "acc_norm": 0.22580645161290322,
      "acc_norm_stderr": 0.02378557788418101
    },
    "hendrycksTest-human_sexuality": {
      "acc": 0.33587786259541985,
      "acc_stderr": 0.041423137719966634,
      "acc_norm": 0.3282442748091603,
      "acc_norm_stderr": 0.041184385658062976
    },
    "hendrycksTest-moral_scenarios": {
      "acc": 0.23798882681564246,
      "acc_stderr": 0.014242630070574901,
      "acc_norm": 0.2346368715083799,
      "acc_norm_stderr": 0.01417304409830367
    },
    "winogrande": {
      "acc": 0.5256511444356748,
      "acc_stderr": 0.014033980956108558
    },
    "hendrycksTest-us_foreign_policy": {
      "acc": 0.28,
      "acc_stderr": 0.04512608598542129,
      "acc_norm": 0.26,
      "acc_norm_stderr": 0.0440844002276808
    },
    "hendrycksTest-high_school_psychology": {
      "acc": 0.22568807339449543,
      "acc_stderr": 0.017923087667803057,
      "acc_norm": 0.22752293577981653,
      "acc_norm_stderr": 0.017974463578776502
    },
    "hendrycksTest-formal_logic": {
      "acc": 0.25396825396825395,
      "acc_stderr": 0.03893259610604673,
      "acc_norm": 0.23809523809523808,
      "acc_norm_stderr": 0.03809523809523812
    },
    "hendrycksTest-elementary_mathematics": {
      "acc": 0.2328042328042328,
      "acc_stderr": 0.021765961672154534,
      "acc_norm": 0.2328042328042328,
      "acc_norm_stderr": 0.021765961672154534
    },
    "hendrycksTest-high_school_computer_science": {
      "acc": 0.19,
      "acc_stderr": 0.039427724440366234,
      "acc_norm": 0.24,
      "acc_norm_stderr": 0.04292346959909284
    },
    "hendrycksTest-econometrics": {
      "acc": 0.2807017543859649,
      "acc_stderr": 0.04227054451232199,
      "acc_norm": 0.2631578947368421,
      "acc_norm_stderr": 0.0414243971948936
    },
    "hendrycksTest-jurisprudence": {
      "acc": 0.25925925925925924,
      "acc_stderr": 0.042365112580946336,
      "acc_norm": 0.28703703703703703,
      "acc_norm_stderr": 0.043733130409147614
    },
    "hendrycksTest-college_mathematics": {
      "acc": 0.23,
      "acc_stderr": 0.042295258468165044,
      "acc_norm": 0.28,
      "acc_norm_stderr": 0.04512608598542127
    },
    "hendrycksTest-high_school_government_and_politics": {
      "acc": 0.2694300518134715,
      "acc_stderr": 0.032018671228777947,
      "acc_norm": 0.30569948186528495,
      "acc_norm_stderr": 0.03324837939758159
    },
    "hendrycksTest-abstract_algebra": {
      "acc": 0.18,
      "acc_stderr": 0.038612291966536955,
      "acc_norm": 0.2,
      "acc_norm_stderr": 0.040201512610368445
    },
    "hendrycksTest-prehistory": {
      "acc": 0.25,
      "acc_stderr": 0.02409347123262133,
      "acc_norm": 0.25,
      "acc_norm_stderr": 0.02409347123262133
    },
    "hendrycksTest-moral_disputes": {
      "acc": 0.2947976878612717,
      "acc_stderr": 0.024547617794803838,
      "acc_norm": 0.2947976878612717,
      "acc_norm_stderr": 0.024547617794803838
    },
    "hendrycksTest-college_computer_science": {
      "acc": 0.31,
      "acc_stderr": 0.04648231987117316,
      "acc_norm": 0.3,
      "acc_norm_stderr": 0.046056618647183814
    },
    "hendrycksTest-clinical_knowledge": {
      "acc": 0.24528301886792453,
      "acc_stderr": 0.026480357179895688,
      "acc_norm": 0.3018867924528302,
      "acc_norm_stderr": 0.02825420034443866
    },