{
  "results": {
    "hendrycksTest-high_school_statistics": {
      "acc": 0.2777777777777778,
      "acc_stderr": 0.030546745264953178,
      "acc_norm": 0.27314814814814814,
      "acc_norm_stderr": 0.030388051301678116
    },
    "arc_easy": {
      "acc": 0.6776094276094277,
      "acc_stderr": 0.009590672908157436,
      "acc_norm": 0.6691919191919192,
      "acc_norm_stderr": 0.00965454012598612
    },
    "hendrycksTest-public_relations": {
      "acc": 0.33636363636363636,
      "acc_stderr": 0.04525393596302506,
      "acc_norm": 0.3181818181818182,
      "acc_norm_stderr": 0.04461272175910509
    },
    "hendrycksTest-philosophy": {
      "acc": 0.31189710610932475,
      "acc_stderr": 0.02631185807185416,
      "acc_norm": 0.3311897106109325,
      "acc_norm_stderr": 0.026730620728004917
    },
    "hendrycksTest-high_school_computer_science": {
      "acc": 0.32,
      "acc_stderr": 0.046882617226215034,
      "acc_norm": 0.32,
      "acc_norm_stderr": 0.046882617226215034
    },
    "wsc": {
      "acc": 0.36538461538461536,
      "acc_stderr": 0.0474473339327792
    },
    "hendrycksTest-professional_law": {
      "acc": 0.2666232073011734,
      "acc_stderr": 0.011293836031612142,
      "acc_norm": 0.27053455019556716,
      "acc_norm_stderr": 0.011345996743539258
    },
    "hendrycksTest-college_biology": {
      "acc": 0.2638888888888889,
      "acc_stderr": 0.03685651095897532,
      "acc_norm": 0.2708333333333333,
      "acc_norm_stderr": 0.03716177437566017
    },
    "hendrycksTest-marketing": {
      "acc": 0.29914529914529914,
      "acc_stderr": 0.029996951858349483,
      "acc_norm": 0.3547008547008547,
      "acc_norm_stderr": 0.03134250486245403
    },
    "hendrycksTest-elementary_mathematics": {
      "acc": 0.31216931216931215,
      "acc_stderr": 0.023865206836972585,
      "acc_norm": 0.28835978835978837,
      "acc_norm_stderr": 0.023330654054535886
    },
    "hendrycksTest-high_school_us_history": {
      "acc": 0.30392156862745096,
      "acc_stderr": 0.03228210387037892,
      "acc_norm": 0.3137254901960784,
      "acc_norm_stderr": 0.03256685484460388
    },
    "hendrycksTest-high_school_european_history": {
      "acc": 0.24848484848484848,
      "acc_stderr": 0.033744026441394036,
      "acc_norm": 0.28484848484848485,
      "acc_norm_stderr": 0.035243908445117836
    },
    "hendrycksTest-high_school_macroeconomics": {
      "acc": 0.28205128205128205,
      "acc_stderr": 0.022815813098896607,
      "acc_norm": 0.2641025641025641,
      "acc_norm_stderr": 0.02235219373745327
    },
    "hendrycksTest-moral_scenarios": {
      "acc": 0.2424581005586592,
      "acc_stderr": 0.014333522059217892,
      "acc_norm": 0.24804469273743016,
      "acc_norm_stderr": 0.01444415780826144
    },
    "hendrycksTest-college_medicine": {
      "acc": 0.32947976878612717,
      "acc_stderr": 0.03583901754736412,
      "acc_norm": 0.34104046242774566,
      "acc_norm_stderr": 0.03614665424180826
    },
    "hendrycksTest-human_sexuality": {
      "acc": 0.3969465648854962,
      "acc_stderr": 0.04291135671009224,
      "acc_norm": 0.33587786259541985,
      "acc_norm_stderr": 0.04142313771996663
    },
    "hendrycksTest-professional_medicine": {
      "acc": 0.29044117647058826,
      "acc_stderr": 0.02757646862274052,
      "acc_norm": 0.2977941176470588,
      "acc_norm_stderr": 0.027778298701545443
    },
    "hendrycksTest-jurisprudence": {
      "acc": 0.25,
      "acc_stderr": 0.04186091791394607,
      "acc_norm": 0.3611111111111111,
      "acc_norm_stderr": 0.04643454608906275
    },
    "hendrycksTest-security_studies": {
      "acc": 0.22040816326530613,
      "acc_stderr": 0.0265370453121453,
      "acc_norm": 0.19591836734693877,
      "acc_norm_stderr": 0.025409301953225678
    },
    "hendrycksTest-moral_disputes": {
      "acc": 0.26878612716763006,
      "acc_stderr": 0.023868003262500114,
      "acc_norm": 0.3236994219653179,
      "acc_norm_stderr": 0.025190181327608405
    },
    "hendrycksTest-astronomy": {
      "acc": 0.2894736842105263,
      "acc_stderr": 0.03690677986137282,
      "acc_norm": 0.28289473684210525,
      "acc_norm_stderr": 0.03665349695640767
    },
    "hendrycksTest-human_aging": {
      "acc": 0.2600896860986547,
      "acc_stderr": 0.029442495585857476,
      "acc_norm": 0.2645739910313901,
      "acc_norm_stderr": 0.02960510321703834
    },
    "hendrycksTest-business_ethics": {
      "acc": 0.3,
      "acc_stderr": 0.046056618647183814,
      "acc_norm": 0.3,
      "acc_norm_stderr": 0.046056618647183814
    },
    "hendrycksTest-college_computer_science": {
      "acc": 0.37,
      "acc_stderr": 0.048523658709391,
      "acc_norm": 0.35,
      "acc_norm_stderr": 0.047937248544110196
    },
    "hendrycksTest-high_school_physics": {
      "acc": 0.19205298013245034,
      "acc_stderr": 0.03216298420593614,
      "acc_norm": 0.23178807947019867,
      "acc_norm_stderr": 0.034454062719870546
    },
    "hendrycksTest-world_religions": {
      "acc": 0.30409356725146197,
      "acc_stderr": 0.03528211258245231,
      "acc_norm": 0.30409356725146197,
      "acc_norm_stderr": 0.03528211258245232
    },
    "winogrande": {
      "acc": 0.6022099447513812,
      "acc_stderr": 0.013755743513749022
    },
    "hendrycksTest-nutrition": {
      "acc": 0.2908496732026144,
      "acc_stderr": 0.02600480036395211,
      "acc_norm": 0.3431372549019608,
      "acc_norm_stderr": 0.027184498909941613
    },
    "hendrycksTest-college_mathematics": {
      "acc": 0.21,
      "acc_stderr": 0.040936018074033256,
      "acc_norm": 0.24,
      "acc_norm_stderr": 0.04292346959909284
    },
    "hendrycksTest-prehistory": {
      "acc": 0.22839506172839505,
      "acc_stderr": 0.023358211840626267,
      "acc_norm": 0.2345679012345679,
      "acc_norm_stderr": 0.023576881744005723
    },
    "logiqa": {
      "acc": 0.22427035330261136,
      "acc_stderr": 0.016360043348265508,
      "acc_norm": 0.23963133640552994,
      "acc_norm_stderr": 0.016742766935101436
    },
    "hendrycksTest-logical_fallacies": {
      "acc": 0.2822085889570552,
      "acc_stderr": 0.03536117886664743,
      "acc_norm": 0.3619631901840491,
      "acc_norm_stderr": 0.037757007291414416
    },
    "hendrycksTest-professional_accounting": {
      "acc": 0.2730496453900709,
      "acc_stderr": 0.026577860943307857,
      "acc_norm": 0.2624113475177305,
      "acc_norm_stderr": 0.026244920349843
    },
    "hendrycksTest-college_chemistry": {
      "acc": 0.3,
      "acc_stderr": 0.046056618647183814,
      "acc_norm": 0.3,
      "acc_norm_stderr": 0.046056618647183814
    },
    "hendrycksTest-high_school_geography": {
      "acc": 0.2828282828282828,
      "acc_stderr": 0.03208779558786751,
      "acc_norm": 0.35353535353535354,
      "acc_norm_stderr": 0.03406086723547153
    },
    "hendrycksTest-international_law": {
      "acc": 0.256198347107438,
      "acc_stderr": 0.03984979653302871,
      "acc_norm": 0.32231404958677684,
      "acc_norm_stderr": 0.042664163633521664
    },
    "hendrycksTest-global_facts": {
      "acc": 0.26,
      "acc_stderr": 0.0440844002276808,
      "acc_norm": 0.26,
      "acc_norm_stderr": 0.04408440022768079
    },
    "hendrycksTest-conceptual_physics": {
      "acc": 0.2680851063829787,
      "acc_stderr": 0.028957342788342343,
      "acc_norm": 0.23404255319148937,
      "acc_norm_stderr": 0.027678452578212394
    },
    "hendrycksTest-econometrics": {
      "acc": 0.22807017543859648,
      "acc_stderr": 0.03947152782669415,
      "acc_norm": 0.21929824561403508,
      "acc_norm_stderr": 0.03892431106518754
    },
    "hendrycksTest-electrical_engineering": {
      "acc": 0.33793103448275863,
      "acc_stderr": 0.0394170763206489,
      "acc_norm": 0.2896551724137931,
      "acc_norm_stderr": 0.03780019230438014
    },
    "hendrycksTest-computer_security": {
      "acc": 0.3,
      "acc_stderr": 0.046056618647183814,
      "acc_norm": 0.35,