{
  "results": {
    "hendrycksTest-abstract_algebra": {
      "acc": 0.16,
      "acc_stderr": 0.03684529491774707,
      "acc_norm": 0.21,
      "acc_norm_stderr": 0.04093601807403326
    },
    "hendrycksTest-business_ethics": {
      "acc": 0.27,
      "acc_stderr": 0.04461960433384741,
      "acc_norm": 0.26,
      "acc_norm_stderr": 0.044084400227680794
    },
    "hendrycksTest-high_school_geography": {
      "acc": 0.2777777777777778,
      "acc_stderr": 0.03191178226713547,
      "acc_norm": 0.3282828282828283,
      "acc_norm_stderr": 0.03345678422756775
    },
    "hendrycksTest-world_religions": {
      "acc": 0.3216374269005848,
      "acc_stderr": 0.03582529442573122,
      "acc_norm": 0.3391812865497076,
      "acc_norm_stderr": 0.03631053496488905
    },
    "hendrycksTest-medical_genetics": {
      "acc": 0.32,
      "acc_stderr": 0.04688261722621505,
      "acc_norm": 0.33,
      "acc_norm_stderr": 0.04725815626252604
    },
    "hendrycksTest-astronomy": {
      "acc": 0.29605263157894735,
      "acc_stderr": 0.03715062154998904,
      "acc_norm": 0.3026315789473684,
      "acc_norm_stderr": 0.037385206761196686
    },
    "hendrycksTest-logical_fallacies": {
      "acc": 0.3128834355828221,
      "acc_stderr": 0.036429145782924055,
      "acc_norm": 0.34355828220858897,
      "acc_norm_stderr": 0.037311335196738925
    },
    "hendrycksTest-virology": {
      "acc": 0.2710843373493976,
      "acc_stderr": 0.03460579907553028,
      "acc_norm": 0.29518072289156627,
      "acc_norm_stderr": 0.03550920185689631
    },
    "hendrycksTest-management": {
      "acc": 0.3106796116504854,
      "acc_stderr": 0.0458212416016155,
      "acc_norm": 0.2912621359223301,
      "acc_norm_stderr": 0.044986763205729224
    },
    "wsc": {
      "acc": 0.36538461538461536,
      "acc_stderr": 0.0474473339327792
    },
    "hendrycksTest-high_school_chemistry": {
      "acc": 0.21674876847290642,
      "acc_stderr": 0.028990331252516235,
      "acc_norm": 0.26108374384236455,
      "acc_norm_stderr": 0.030903796952114485
    },
    "hendrycksTest-college_medicine": {
      "acc": 0.3352601156069364,
      "acc_stderr": 0.03599586301247078,
      "acc_norm": 0.35260115606936415,
      "acc_norm_stderr": 0.03643037168958548
    },
    "hendrycksTest-anatomy": {
      "acc": 0.25925925925925924,
      "acc_stderr": 0.03785714465066653,
      "acc_norm": 0.2222222222222222,
      "acc_norm_stderr": 0.035914440841969694
    },
    "hendrycksTest-high_school_computer_science": {
      "acc": 0.29,
      "acc_stderr": 0.04560480215720684,
      "acc_norm": 0.33,
      "acc_norm_stderr": 0.04725815626252605
    },
    "hendrycksTest-high_school_european_history": {
      "acc": 0.26666666666666666,
      "acc_stderr": 0.03453131801885415,
      "acc_norm": 0.28484848484848485,
      "acc_norm_stderr": 0.035243908445117836
    },
    "hendrycksTest-high_school_microeconomics": {
      "acc": 0.2647058823529412,
      "acc_stderr": 0.028657491285071963,
      "acc_norm": 0.3025210084033613,
      "acc_norm_stderr": 0.029837962388291926
    },
    "hendrycksTest-college_chemistry": {
      "acc": 0.25,
      "acc_stderr": 0.04351941398892446,
      "acc_norm": 0.3,
      "acc_norm_stderr": 0.046056618647183814
    },
    "hendrycksTest-high_school_physics": {
      "acc": 0.2582781456953642,
      "acc_stderr": 0.035737053147634576,
      "acc_norm": 0.2582781456953642,
      "acc_norm_stderr": 0.035737053147634576
    },
    "logiqa": {
      "acc": 0.22887864823348694,
      "acc_stderr": 0.01647810727631327,
      "acc_norm": 0.2626728110599078,
      "acc_norm_stderr": 0.017261598347857544
    },
    "winogrande": {
      "acc": 0.606156274664562,
      "acc_stderr": 0.01373211447266875
    },
    "hendrycksTest-high_school_world_history": {
      "acc": 0.2616033755274262,
      "acc_stderr": 0.028609516716994934,
      "acc_norm": 0.28270042194092826,
      "acc_norm_stderr": 0.02931281415395592
    },
    "hendrycksTest-high_school_us_history": {
      "acc": 0.29901960784313725,
      "acc_stderr": 0.03213325717373618,
      "acc_norm": 0.3137254901960784,
      "acc_norm_stderr": 0.03256685484460387
    },
    "hendrycksTest-security_studies": {
      "acc": 0.22448979591836735,
      "acc_stderr": 0.026711430555538415,
      "acc_norm": 0.20408163265306123,
      "acc_norm_stderr": 0.025801283475090503
    },
    "hendrycksTest-formal_logic": {
      "acc": 0.30952380952380953,
      "acc_stderr": 0.04134913018303317,
      "acc_norm": 0.25396825396825395,
      "acc_norm_stderr": 0.03893259610604672
    },
    "hendrycksTest-machine_learning": {
      "acc": 0.25892857142857145,
      "acc_stderr": 0.04157751539865629,
      "acc_norm": 0.19642857142857142,
      "acc_norm_stderr": 0.03770970049347018
    },
    "hendrycksTest-professional_medicine": {
      "acc": 0.28308823529411764,
      "acc_stderr": 0.02736586113151381,
      "acc_norm": 0.28308823529411764,
      "acc_norm_stderr": 0.02736586113151381
    },
    "hendrycksTest-elementary_mathematics": {
      "acc": 0.29365079365079366,
      "acc_stderr": 0.023456037383982033,
      "acc_norm": 0.2751322751322751,
      "acc_norm_stderr": 0.023000086859068646
    },
    "hendrycksTest-high_school_government_and_politics": {
      "acc": 0.24870466321243523,
      "acc_stderr": 0.031195840877700304,
      "acc_norm": 0.3005181347150259,
      "acc_norm_stderr": 0.033088185944157515
    },
    "arc_easy": {
      "acc": 0.6725589225589226,
      "acc_stderr": 0.009629415859100604,
      "acc_norm": 0.6675084175084175,
      "acc_norm_stderr": 0.00966689260613011
    },
    "piqa": {
      "acc": 0.7317736670293797,
      "acc_stderr": 0.010336761992404485,
      "acc_norm": 0.736126224156692,
      "acc_norm_stderr": 0.010282996367695568
    },
    "hendrycksTest-high_school_psychology": {
      "acc": 0.29541284403669726,
      "acc_stderr": 0.019560619182975997,
      "acc_norm": 0.28623853211009176,
      "acc_norm_stderr": 0.019379436628919968
    },
    "hendrycksTest-high_school_biology": {
      "acc": 0.2806451612903226,
      "acc_stderr": 0.025560604721022895,
      "acc_norm": 0.29354838709677417,
      "acc_norm_stderr": 0.025906087021319288
    },
    "hendrycksTest-public_relations": {
      "acc": 0.2909090909090909,
      "acc_stderr": 0.04350271442923243,
      "acc_norm": 0.3181818181818182,
      "acc_norm_stderr": 0.044612721759105085
    },
    "lambada_openai": {
      "ppl": 6.275693198688573,
      "ppl_stderr": 0.15548384864844647,
      "acc": 0.6079953425189211,
      "acc_stderr": 0.006801548708056994
    },
    "hendrycksTest-professional_psychology": {
      "acc": 0.26143790849673204,
      "acc_stderr": 0.017776947157528023,
      "acc_norm": 0.2696078431372549,
      "acc_norm_stderr": 0.017952449196987862
    },
    "hendrycksTest-jurisprudence": {
      "acc": 0.25,
      "acc_stderr": 0.04186091791394607,
      "acc_norm": 0.3148148148148148,
      "acc_norm_stderr": 0.04489931073591312
    },
    "hendrycksTest-global_facts": {
      "acc": 0.29,
      "acc_stderr": 0.045604802157206845,
      "acc_norm": 0.28,
      "acc_norm_stderr": 0.045126085985421296
    },
    "hendrycksTest-conceptual_physics": {
      "acc": 0.2425531914893617,
      "acc_stderr": 0.028020226271200217,
      "acc_norm": 0.20425531914893616,
      "acc_norm_stderr": 0.02635515841334942
    },
    "hendrycksTest-professional_law": {
      "acc": 0.2646675358539765,
      "acc_stderr": 0.011267332992845533,
      "acc_norm": 0.2627118644067797,
      "acc_norm_stderr": 0.011240545514995667
    },
    "hendrycksTest-international_law": {
      "acc": 0.2231404958677686,
      "acc_stderr": 0.03800754475228733,
      "acc_norm": 0.32231404958677684,
      "acc_norm_stderr": 0.042664163633521664
    },
    "hendrycksTest-sociology": {
      "acc": 0.30845771144278605,
      "acc_stderr": 0.03265819588512697,
      "acc_norm": 0.30845771144278605,