{
  "results": {
    "hendrycksTest-human_sexuality": {
      "acc": 0.3435114503816794,
      "acc_stderr": 0.041649760719448786,
      "acc_norm": 0.3282442748091603,
      "acc_norm_stderr": 0.04118438565806298
    },
    "hendrycksTest-miscellaneous": {
      "acc": 0.2784163473818646,
      "acc_stderr": 0.016028295188992465,
      "acc_norm": 0.2784163473818646,
      "acc_norm_stderr": 0.016028295188992465
    },
    "hendrycksTest-anatomy": {
      "acc": 0.1925925925925926,
      "acc_stderr": 0.03406542058502652,
      "acc_norm": 0.18518518518518517,
      "acc_norm_stderr": 0.03355677216313142
    },
    "hendrycksTest-high_school_chemistry": {
      "acc": 0.15763546798029557,
      "acc_stderr": 0.025639014131172404,
      "acc_norm": 0.18719211822660098,
      "acc_norm_stderr": 0.027444924966882618
    },
    "hendrycksTest-medical_genetics": {
      "acc": 0.28,
      "acc_stderr": 0.04512608598542127,
      "acc_norm": 0.33,
      "acc_norm_stderr": 0.04725815626252604
    },
    "hendrycksTest-elementary_mathematics": {
      "acc": 0.20899470899470898,
      "acc_stderr": 0.020940481565334842,
      "acc_norm": 0.23015873015873015,
      "acc_norm_stderr": 0.021679219663693145
    },
    "winogrande": {
      "acc": 0.5627466456195738,
      "acc_stderr": 0.013941393310695922
    },
    "hendrycksTest-abstract_algebra": {
      "acc": 0.18,
      "acc_stderr": 0.038612291966536955,
      "acc_norm": 0.24,
      "acc_norm_stderr": 0.04292346959909284
    },
    "hendrycksTest-high_school_physics": {
      "acc": 0.18543046357615894,
      "acc_stderr": 0.031732843842942865,
      "acc_norm": 0.1986754966887417,
      "acc_norm_stderr": 0.03257847384436778
    },
    "hendrycksTest-high_school_world_history": {
      "acc": 0.270042194092827,
      "acc_stderr": 0.028900721906293426,
      "acc_norm": 0.2742616033755274,
      "acc_norm_stderr": 0.029041333510598035
    },
    "piqa": {
      "acc": 0.705658324265506,
      "acc_stderr": 0.010633311470347498,
      "acc_norm": 0.7002176278563657,
      "acc_norm_stderr": 0.01068968696713809
    },
    "hendrycksTest-high_school_mathematics": {
      "acc": 0.24444444444444444,
      "acc_stderr": 0.02620276653465215,
      "acc_norm": 0.2851851851851852,
      "acc_norm_stderr": 0.027528599210340492
    },
    "logiqa": {
      "acc": 0.21351766513056836,
      "acc_stderr": 0.0160732875296852,
      "acc_norm": 0.23809523809523808,
      "acc_norm_stderr": 0.016705867034419633
    },
    "hendrycksTest-formal_logic": {
      "acc": 0.2777777777777778,
      "acc_stderr": 0.04006168083848875,
      "acc_norm": 0.2857142857142857,
      "acc_norm_stderr": 0.04040610178208841
    },
    "hendrycksTest-professional_law": {
      "acc": 0.2646675358539765,
      "acc_stderr": 0.011267332992845535,
      "acc_norm": 0.25749674054758803,
      "acc_norm_stderr": 0.011167706014904142
    },
    "hendrycksTest-high_school_geography": {
      "acc": 0.19696969696969696,
      "acc_stderr": 0.028335609732463355,
      "acc_norm": 0.21717171717171718,
      "acc_norm_stderr": 0.02937661648494563
    },
    "hendrycksTest-jurisprudence": {
      "acc": 0.28703703703703703,
      "acc_stderr": 0.04373313040914761,
      "acc_norm": 0.37037037037037035,
      "acc_norm_stderr": 0.04668408033024932
    },
    "hendrycksTest-econometrics": {
      "acc": 0.2719298245614035,
      "acc_stderr": 0.04185774424022056,
      "acc_norm": 0.24561403508771928,
      "acc_norm_stderr": 0.040493392977481404
    },
    "hendrycksTest-human_aging": {
      "acc": 0.2825112107623318,
      "acc_stderr": 0.030216831011508766,
      "acc_norm": 0.29596412556053814,
      "acc_norm_stderr": 0.030636591348699803
    },
    "sciq": {
      "acc": 0.927,
      "acc_stderr": 0.008230354715244066,
      "acc_norm": 0.925,
      "acc_norm_stderr": 0.008333333333333363
    },
    "hendrycksTest-business_ethics": {
      "acc": 0.31,
      "acc_stderr": 0.04648231987117316,
      "acc_norm": 0.32,
      "acc_norm_stderr": 0.046882617226215034
    },
    "hendrycksTest-electrical_engineering": {
      "acc": 0.27586206896551724,
      "acc_stderr": 0.037245636197746325,
      "acc_norm": 0.2689655172413793,
      "acc_norm_stderr": 0.036951833116502325
    },
    "hendrycksTest-marketing": {
      "acc": 0.3333333333333333,
      "acc_stderr": 0.03088273697413865,
      "acc_norm": 0.3076923076923077,
      "acc_norm_stderr": 0.0302363899421731
    },
    "hendrycksTest-college_biology": {
      "acc": 0.2916666666666667,
      "acc_stderr": 0.03800968060554857,
      "acc_norm": 0.2986111111111111,
      "acc_norm_stderr": 0.038270523579507554
    },
    "hendrycksTest-high_school_statistics": {
      "acc": 0.20833333333333334,
      "acc_stderr": 0.02769691071309394,
      "acc_norm": 0.2175925925925926,
      "acc_norm_stderr": 0.028139689444859683
    },
    "hendrycksTest-high_school_government_and_politics": {
      "acc": 0.22797927461139897,
      "acc_stderr": 0.030276909945178263,
      "acc_norm": 0.24870466321243523,
      "acc_norm_stderr": 0.031195840877700307
    },
    "hendrycksTest-clinical_knowledge": {
      "acc": 0.27169811320754716,
      "acc_stderr": 0.027377706624670713,
      "acc_norm": 0.28679245283018867,
      "acc_norm_stderr": 0.027834912527544078
    },
    "hendrycksTest-high_school_microeconomics": {
      "acc": 0.2605042016806723,
      "acc_stderr": 0.02851025151234193,
      "acc_norm": 0.27310924369747897,
      "acc_norm_stderr": 0.02894200404099816
    },
    "hendrycksTest-high_school_european_history": {
      "acc": 0.20606060606060606,
      "acc_stderr": 0.03158415324047709,
      "acc_norm": 0.24242424242424243,
      "acc_norm_stderr": 0.033464098810559534
    },
    "hendrycksTest-world_religions": {
      "acc": 0.30994152046783624,
      "acc_stderr": 0.035469769593931624,
      "acc_norm": 0.3216374269005848,
      "acc_norm_stderr": 0.03582529442573122
    },
    "arc_easy": {
      "acc": 0.6313131313131313,
      "acc_stderr": 0.009899640855681038,
      "acc_norm": 0.6254208754208754,
      "acc_norm_stderr": 0.009931758820410624
    },
    "hendrycksTest-public_relations": {
      "acc": 0.2636363636363636,
      "acc_stderr": 0.04220224692971987,
      "acc_norm": 0.2727272727272727,
      "acc_norm_stderr": 0.04265792110940588
    },
    "hendrycksTest-virology": {
      "acc": 0.29518072289156627,
      "acc_stderr": 0.035509201856896294,
      "acc_norm": 0.3132530120481928,
      "acc_norm_stderr": 0.03610805018031023
    },
    "hendrycksTest-global_facts": {
      "acc": 0.33,
      "acc_stderr": 0.04725815626252606,
      "acc_norm": 0.33,
      "acc_norm_stderr": 0.04725815626252605
    },
    "hendrycksTest-professional_psychology": {
      "acc": 0.2549019607843137,
      "acc_stderr": 0.017630827375148383,
      "acc_norm": 0.26143790849673204,
      "acc_norm_stderr": 0.01777694715752803
    },
    "hendrycksTest-college_medicine": {
      "acc": 0.20809248554913296,
      "acc_stderr": 0.030952890217749888,
      "acc_norm": 0.24855491329479767,
      "acc_norm_stderr": 0.03295304696818318
    },
    "hendrycksTest-conceptual_physics": {
      "acc": 0.24680851063829787,
      "acc_stderr": 0.028185441301234106,
      "acc_norm": 0.19148936170212766,
      "acc_norm_stderr": 0.025722149992637805
    },
    "hendrycksTest-astronomy": {
      "acc": 0.19736842105263158,
      "acc_stderr": 0.03238981601699397,
      "acc_norm": 0.23026315789473684,
      "acc_norm_stderr": 0.03426059424403164
    },
    "hendrycksTest-high_school_macroeconomics": {
      "acc": 0.22564102564102564,
      "acc_stderr": 0.021193632525148522,
      "acc_norm": 0.23076923076923078,
      "acc_norm_stderr": 0.02136202772522272
    },
    "hendrycksTest-computer_security": {
      "acc": 0.29,
      "acc_stderr": 0.045604802157206845,
      "acc_norm": 0.31,
      "acc_norm_stderr": 0.04648231987117316
    },
    "arc_challenge": {
      "acc": 0.27559726962457337,