{
  "results": {
    "hendrycksTest-moral_disputes": {
      "acc": 0.2861271676300578,
      "acc_stderr": 0.02433214677913413,
      "acc_norm": 0.33236994219653176,
      "acc_norm_stderr": 0.025361168749688214
    },
    "hendrycksTest-high_school_european_history": {
      "acc": 0.2545454545454545,
      "acc_stderr": 0.03401506715249039,
      "acc_norm": 0.2727272727272727,
      "acc_norm_stderr": 0.0347769116216366
    },
    "hendrycksTest-electrical_engineering": {
      "acc": 0.32413793103448274,
      "acc_stderr": 0.03900432069185555,
      "acc_norm": 0.35172413793103446,
      "acc_norm_stderr": 0.0397923663749741
    },
    "hendrycksTest-business_ethics": {
      "acc": 0.29,
      "acc_stderr": 0.04560480215720684,
      "acc_norm": 0.27,
      "acc_norm_stderr": 0.044619604333847394
    },
    "hendrycksTest-global_facts": {
      "acc": 0.31,
      "acc_stderr": 0.04648231987117316,
      "acc_norm": 0.29,
      "acc_norm_stderr": 0.045604802157206845
    },
    "hendrycksTest-anatomy": {
      "acc": 0.26666666666666666,
      "acc_stderr": 0.038201699145179055,
      "acc_norm": 0.24444444444444444,
      "acc_norm_stderr": 0.037125378336148665
    },
    "hendrycksTest-human_aging": {
      "acc": 0.2600896860986547,
      "acc_stderr": 0.029442495585857476,
      "acc_norm": 0.23766816143497757,
      "acc_norm_stderr": 0.028568079464714277
    },
    "hendrycksTest-high_school_biology": {
      "acc": 0.22903225806451613,
      "acc_stderr": 0.023904914311782644,
      "acc_norm": 0.2870967741935484,
      "acc_norm_stderr": 0.02573654274559452
    },
    "hendrycksTest-sociology": {
      "acc": 0.2885572139303483,
      "acc_stderr": 0.032038410402133226,
      "acc_norm": 0.25870646766169153,
      "acc_norm_stderr": 0.030965903123573012
    },
    "hendrycksTest-security_studies": {
      "acc": 0.24897959183673468,
      "acc_stderr": 0.027682979522960238,
      "acc_norm": 0.19183673469387755,
      "acc_norm_stderr": 0.025206963154225406
    },
    "lambada_openai": {
      "ppl": 7.101580670153375,
      "ppl_stderr": 0.1843301528184348,
      "acc": 0.5835435668542597,
      "acc_stderr": 0.006868050870202006
    },
    "hendrycksTest-high_school_microeconomics": {
      "acc": 0.28991596638655465,
      "acc_stderr": 0.02947248583313608,
      "acc_norm": 0.3403361344537815,
      "acc_norm_stderr": 0.030778057422931673
    },
    "hendrycksTest-high_school_us_history": {
      "acc": 0.28921568627450983,
      "acc_stderr": 0.03182231867647555,
      "acc_norm": 0.29901960784313725,
      "acc_norm_stderr": 0.032133257173736184
    },
    "arc_challenge": {
      "acc": 0.3174061433447099,
      "acc_stderr": 0.01360223908803817,
      "acc_norm": 0.3455631399317406,
      "acc_norm_stderr": 0.013896938461145682
    },
    "hendrycksTest-conceptual_physics": {
      "acc": 0.251063829787234,
      "acc_stderr": 0.028346963777162462,
      "acc_norm": 0.2297872340425532,
      "acc_norm_stderr": 0.02750175294441242
    },
    "hendrycksTest-high_school_computer_science": {
      "acc": 0.26,
      "acc_stderr": 0.0440844002276808,
      "acc_norm": 0.3,
      "acc_norm_stderr": 0.046056618647183814
    },
    "hendrycksTest-high_school_chemistry": {
      "acc": 0.19704433497536947,
      "acc_stderr": 0.027986724666736212,
      "acc_norm": 0.2413793103448276,
      "acc_norm_stderr": 0.03010833071801162
    },
    "hendrycksTest-clinical_knowledge": {
      "acc": 0.24528301886792453,
      "acc_stderr": 0.02648035717989569,
      "acc_norm": 0.2981132075471698,
      "acc_norm_stderr": 0.028152837942493864
    },
    "hendrycksTest-high_school_physics": {
      "acc": 0.23178807947019867,
      "acc_stderr": 0.03445406271987054,
      "acc_norm": 0.23841059602649006,
      "acc_norm_stderr": 0.03479185572599659
    },
    "hendrycksTest-professional_medicine": {
      "acc": 0.27941176470588236,
      "acc_stderr": 0.027257202606114948,
      "acc_norm": 0.2757352941176471,
      "acc_norm_stderr": 0.027146271936625162
    },
    "hendrycksTest-public_relations": {
      "acc": 0.2727272727272727,
      "acc_stderr": 0.04265792110940588,
      "acc_norm": 0.22727272727272727,
      "acc_norm_stderr": 0.040139645540727735
    },
    "hendrycksTest-college_mathematics": {
      "acc": 0.25,
      "acc_stderr": 0.04351941398892446,
      "acc_norm": 0.26,
      "acc_norm_stderr": 0.0440844002276808
    },
    "hendrycksTest-nutrition": {
      "acc": 0.3333333333333333,
      "acc_stderr": 0.026992544339297236,
      "acc_norm": 0.35947712418300654,
      "acc_norm_stderr": 0.027475969910660952
    },
    "hendrycksTest-international_law": {
      "acc": 0.2727272727272727,
      "acc_stderr": 0.04065578140908705,
      "acc_norm": 0.35537190082644626,
      "acc_norm_stderr": 0.04369236326573981
    },
    "hendrycksTest-college_physics": {
      "acc": 0.3137254901960784,
      "acc_stderr": 0.04617034827006716,
      "acc_norm": 0.3235294117647059,
      "acc_norm_stderr": 0.046550104113196177
    },
    "hendrycksTest-elementary_mathematics": {
      "acc": 0.25925925925925924,
      "acc_stderr": 0.022569897074918417,
      "acc_norm": 0.2566137566137566,
      "acc_norm_stderr": 0.022494510767503154
    },
    "hendrycksTest-high_school_macroeconomics": {
      "acc": 0.2743589743589744,
      "acc_stderr": 0.022622765767493225,
      "acc_norm": 0.2641025641025641,
      "acc_norm_stderr": 0.02235219373745328
    },
    "hendrycksTest-high_school_world_history": {
      "acc": 0.2489451476793249,
      "acc_stderr": 0.028146970599422644,
      "acc_norm": 0.24050632911392406,
      "acc_norm_stderr": 0.027820781981149675
    },
    "hendrycksTest-professional_accounting": {
      "acc": 0.2907801418439716,
      "acc_stderr": 0.027090664368353178,
      "acc_norm": 0.2801418439716312,
      "acc_norm_stderr": 0.026789172351140245
    },
    "hendrycksTest-college_computer_science": {
      "acc": 0.38,
      "acc_stderr": 0.048783173121456316,
      "acc_norm": 0.38,
      "acc_norm_stderr": 0.048783173121456316
    },
    "hendrycksTest-college_biology": {
      "acc": 0.2986111111111111,
      "acc_stderr": 0.03827052357950756,
      "acc_norm": 0.25,
      "acc_norm_stderr": 0.03621034121889507
    },
    "hendrycksTest-college_chemistry": {
      "acc": 0.32,
      "acc_stderr": 0.04688261722621505,
      "acc_norm": 0.36,
      "acc_norm_stderr": 0.04824181513244218
    },
    "hendrycksTest-abstract_algebra": {
      "acc": 0.18,
      "acc_stderr": 0.038612291966536955,
      "acc_norm": 0.24,
      "acc_norm_stderr": 0.04292346959909283
    },
    "hendrycksTest-high_school_government_and_politics": {
      "acc": 0.22279792746113988,
      "acc_stderr": 0.03003114797764154,
      "acc_norm": 0.24870466321243523,
      "acc_norm_stderr": 0.0311958408777003
    },
    "hendrycksTest-high_school_psychology": {
      "acc": 0.3247706422018349,
      "acc_stderr": 0.020077729109310327,
      "acc_norm": 0.3119266055045872,
      "acc_norm_stderr": 0.01986296797670724
    },
    "hendrycksTest-high_school_geography": {
      "acc": 0.2676767676767677,
      "acc_stderr": 0.03154449888270285,
      "acc_norm": 0.3333333333333333,
      "acc_norm_stderr": 0.033586181457325226
    },
    "hendrycksTest-machine_learning": {
      "acc": 0.22321428571428573,
      "acc_stderr": 0.039523019677025116,
      "acc_norm": 0.1875,
      "acc_norm_stderr": 0.0370468111477387
    },
    "hendrycksTest-professional_psychology": {
      "acc": 0.2630718954248366,
      "acc_stderr": 0.017812676542320657,
      "acc_norm": 0.2647058823529412,
      "acc_norm_stderr": 0.017848089574913226
    },
    "winogrande": {
      "acc": 0.5935280189423836,
      "acc_stderr": 0.013804448697753373
    },
    "hendrycksTest-us_foreign_policy": {
      "acc": 0.29,
      "acc_stderr": 0.04560480215720684,
      "acc_norm": 0.33,
      "acc_norm_stderr": 0.04725815626252604
    },