{
  "results": {
    "hendrycksTest-college_computer_science": {
      "acc": 0.31,
      "acc_stderr": 0.046482319871173156,
      "acc_norm": 0.24,
      "acc_norm_stderr": 0.042923469599092816
    },
    "hendrycksTest-elementary_mathematics": {
      "acc": 0.21693121693121692,
      "acc_stderr": 0.02122708244944506,
      "acc_norm": 0.2037037037037037,
      "acc_norm_stderr": 0.02074274056012265
    },
    "hendrycksTest-business_ethics": {
      "acc": 0.31,
      "acc_stderr": 0.04648231987117316,
      "acc_norm": 0.25,
      "acc_norm_stderr": 0.04351941398892446
    },
    "hendrycksTest-college_chemistry": {
      "acc": 0.3,
      "acc_stderr": 0.046056618647183814,
      "acc_norm": 0.33,
      "acc_norm_stderr": 0.04725815626252605
    },
    "hendrycksTest-anatomy": {
      "acc": 0.22962962962962963,
      "acc_stderr": 0.036333844140734636,
      "acc_norm": 0.25925925925925924,
      "acc_norm_stderr": 0.037857144650666544
    },
    "hendrycksTest-high_school_computer_science": {
      "acc": 0.19,
      "acc_stderr": 0.03942772444036622,
      "acc_norm": 0.24,
      "acc_norm_stderr": 0.04292346959909284
    },
    "hendrycksTest-moral_scenarios": {
      "acc": 0.2324022346368715,
      "acc_stderr": 0.014125968754673398,
      "acc_norm": 0.23128491620111732,
      "acc_norm_stderr": 0.014102223623152579
    },
    "hendrycksTest-formal_logic": {
      "acc": 0.3492063492063492,
      "acc_stderr": 0.04263906892795131,
      "acc_norm": 0.3333333333333333,
      "acc_norm_stderr": 0.04216370213557835
    },
    "hendrycksTest-astronomy": {
      "acc": 0.2236842105263158,
      "acc_stderr": 0.03391160934343602,
      "acc_norm": 0.28289473684210525,
      "acc_norm_stderr": 0.03665349695640767
    },
    "hendrycksTest-philosophy": {
      "acc": 0.1864951768488746,
      "acc_stderr": 0.022122439772480757,
      "acc_norm": 0.2379421221864952,
      "acc_norm_stderr": 0.024185150647818704
    },
    "hendrycksTest-world_religions": {
      "acc": 0.30409356725146197,
      "acc_stderr": 0.03528211258245233,
      "acc_norm": 0.30409356725146197,
      "acc_norm_stderr": 0.03528211258245232
    },
    "hendrycksTest-high_school_government_and_politics": {
      "acc": 0.25906735751295334,
      "acc_stderr": 0.03161877917935409,
      "acc_norm": 0.2849740932642487,
      "acc_norm_stderr": 0.03257714077709659
    },
    "hendrycksTest-public_relations": {
      "acc": 0.19090909090909092,
      "acc_stderr": 0.03764425585984925,
      "acc_norm": 0.17272727272727273,
      "acc_norm_stderr": 0.03620691833929217
    },
    "hendrycksTest-high_school_world_history": {
      "acc": 0.24472573839662448,
      "acc_stderr": 0.027985699387036416,
      "acc_norm": 0.26582278481012656,
      "acc_norm_stderr": 0.028756799629658335
    },
    "hendrycksTest-computer_security": {
      "acc": 0.31,
      "acc_stderr": 0.04648231987117316,
      "acc_norm": 0.36,
      "acc_norm_stderr": 0.048241815132442176
    },
    "lambada_openai": {
      "ppl": 14.645379964491635,
      "ppl_stderr": 0.45397203403788716,
      "acc": 0.4457597516010091,
      "acc_stderr": 0.006924868480005582
    },
    "hendrycksTest-jurisprudence": {
      "acc": 0.19444444444444445,
      "acc_stderr": 0.038260763248848646,
      "acc_norm": 0.3888888888888889,
      "acc_norm_stderr": 0.047128212574267705
    },
    "hendrycksTest-prehistory": {
      "acc": 0.2623456790123457,
      "acc_stderr": 0.024477222856135114,
      "acc_norm": 0.22839506172839505,
      "acc_norm_stderr": 0.023358211840626267
    },
    "hendrycksTest-professional_law": {
      "acc": 0.273142112125163,
      "acc_stderr": 0.0113801505678304,
      "acc_norm": 0.2711864406779661,
      "acc_norm_stderr": 0.011354581451622985
    },
    "hendrycksTest-us_foreign_policy": {
      "acc": 0.28,
      "acc_stderr": 0.04512608598542128,
      "acc_norm": 0.35,
      "acc_norm_stderr": 0.0479372485441102
    },
    "hendrycksTest-international_law": {
      "acc": 0.2396694214876033,
      "acc_stderr": 0.03896878985070418,
      "acc_norm": 0.4132231404958678,
      "acc_norm_stderr": 0.04495087843548408
    },
    "hendrycksTest-global_facts": {
      "acc": 0.2,
      "acc_stderr": 0.040201512610368445,
      "acc_norm": 0.24,
      "acc_norm_stderr": 0.04292346959909282
    },
    "hendrycksTest-electrical_engineering": {
      "acc": 0.31724137931034485,
      "acc_stderr": 0.038783523721386236,
      "acc_norm": 0.2620689655172414,
      "acc_norm_stderr": 0.036646663372252565
    },
    "hendrycksTest-college_mathematics": {
      "acc": 0.28,
      "acc_stderr": 0.04512608598542128,
      "acc_norm": 0.29,
      "acc_norm_stderr": 0.045604802157206845
    },
    "arc_easy": {
      "acc": 0.5315656565656566,
      "acc_stderr": 0.010239317603199504,
      "acc_norm": 0.5109427609427609,
      "acc_norm_stderr": 0.010257326131172867
    },
    "hendrycksTest-econometrics": {
      "acc": 0.21929824561403508,
      "acc_stderr": 0.038924311065187525,
      "acc_norm": 0.22807017543859648,
      "acc_norm_stderr": 0.03947152782669415
    },
    "hendrycksTest-high_school_us_history": {
      "acc": 0.27941176470588236,
      "acc_stderr": 0.03149328104507955,
      "acc_norm": 0.3235294117647059,
      "acc_norm_stderr": 0.03283472056108567
    },
    "arc_challenge": {
      "acc": 0.22098976109215018,
      "acc_stderr": 0.012124929206818258,
      "acc_norm": 0.25341296928327645,
      "acc_norm_stderr": 0.012710896778378606
    },
    "hendrycksTest-human_aging": {
      "acc": 0.30493273542600896,
      "acc_stderr": 0.030898610882477518,
      "acc_norm": 0.336322869955157,
      "acc_norm_stderr": 0.03170882426845501
    },
    "hendrycksTest-high_school_mathematics": {
      "acc": 0.22962962962962963,
      "acc_stderr": 0.02564410863926764,
      "acc_norm": 0.25925925925925924,
      "acc_norm_stderr": 0.026719240783712163
    },
    "hendrycksTest-professional_psychology": {
      "acc": 0.238562091503268,
      "acc_stderr": 0.017242385828779593,
      "acc_norm": 0.25326797385620914,
      "acc_norm_stderr": 0.01759348689536683
    },
    "hendrycksTest-high_school_geography": {
      "acc": 0.23737373737373738,
      "acc_stderr": 0.0303137105381989,
      "acc_norm": 0.2727272727272727,
      "acc_norm_stderr": 0.03173071239071724
    },
    "hendrycksTest-security_studies": {
      "acc": 0.2938775510204082,
      "acc_stderr": 0.029162738410249772,
      "acc_norm": 0.2571428571428571,
      "acc_norm_stderr": 0.02797982353874455
    },
    "hendrycksTest-medical_genetics": {
      "acc": 0.25,
      "acc_stderr": 0.04351941398892446,
      "acc_norm": 0.32,
      "acc_norm_stderr": 0.046882617226215034
    },
    "hendrycksTest-high_school_statistics": {
      "acc": 0.2037037037037037,
      "acc_stderr": 0.02746740180405799,
      "acc_norm": 0.26851851851851855,
      "acc_norm_stderr": 0.03022522616001239
    },
    "hendrycksTest-moral_disputes": {
      "acc": 0.2774566473988439,
      "acc_stderr": 0.024105712607754307,
      "acc_norm": 0.3208092485549133,
      "acc_norm_stderr": 0.025131000233647897
    },
    "hendrycksTest-high_school_physics": {
      "acc": 0.2251655629139073,
      "acc_stderr": 0.03410435282008937,
      "acc_norm": 0.24503311258278146,
      "acc_norm_stderr": 0.03511807571804725
    },
    "hendrycksTest-professional_accounting": {
      "acc": 0.24468085106382978,
      "acc_stderr": 0.02564555362226673,
      "acc_norm": 0.23404255319148937,
      "acc_norm_stderr": 0.025257861359432414
    },
    "hendrycksTest-high_school_macroeconomics": {
      "acc": 0.24615384615384617,
      "acc_stderr": 0.021840866990423077,
      "acc_norm": 0.2512820512820513,
      "acc_norm_stderr": 0.02199201666237056
    },
    "hendrycksTest-clinical_knowledge": {
      "acc": 0.2,
      "acc_stderr": 0.024618298195866518,
      "acc_norm": 0.32452830188679244,
      "acc_norm_stderr": 0.02881561571343211
    },