{
  "results": {
    "hendrycksTest-professional_medicine": {
      "acc": 0.1948529411764706,
      "acc_stderr": 0.024060599423487424,
      "acc_norm": 0.22426470588235295,
      "acc_norm_stderr": 0.025336848563332365
    },
    "lambada_openai": {
      "ppl": 13.209943230156114,
      "ppl_stderr": 0.4012086848049603,
      "acc": 0.4690471569959247,
      "acc_stderr": 0.006952616937575538
    },
    "piqa": {
      "acc": 0.6795429815016322,
      "acc_stderr": 0.01088776607381488,
      "acc_norm": 0.6735582154515778,
      "acc_norm_stderr": 0.010940467046177304
    },
    "hendrycksTest-high_school_macroeconomics": {
      "acc": 0.24871794871794872,
      "acc_stderr": 0.0219169577092138,
      "acc_norm": 0.2512820512820513,
      "acc_norm_stderr": 0.02199201666237056
    },
    "hendrycksTest-machine_learning": {
      "acc": 0.24107142857142858,
      "acc_stderr": 0.04059867246952687,
      "acc_norm": 0.26785714285714285,
      "acc_norm_stderr": 0.04203277291467762
    },
    "hendrycksTest-moral_disputes": {
      "acc": 0.2658959537572254,
      "acc_stderr": 0.023786203255508283,
      "acc_norm": 0.31213872832369943,
      "acc_norm_stderr": 0.024946792225272314
    },
    "hendrycksTest-medical_genetics": {
      "acc": 0.3,
      "acc_stderr": 0.046056618647183814,
      "acc_norm": 0.33,
      "acc_norm_stderr": 0.04725815626252604
    },
    "hendrycksTest-high_school_computer_science": {
      "acc": 0.24,
      "acc_stderr": 0.04292346959909284,
      "acc_norm": 0.23,
      "acc_norm_stderr": 0.04229525846816505
    },
    "sciq": {
      "acc": 0.884,
      "acc_stderr": 0.010131468138757002,
      "acc_norm": 0.883,
      "acc_norm_stderr": 0.01016928780271333
    },
    "logiqa": {
      "acc": 0.2073732718894009,
      "acc_stderr": 0.015902084913876346,
      "acc_norm": 0.2350230414746544,
      "acc_norm_stderr": 0.016631166823890976
    },
    "hendrycksTest-college_computer_science": {
      "acc": 0.29,
      "acc_stderr": 0.045604802157206845,
      "acc_norm": 0.28,
      "acc_norm_stderr": 0.045126085985421276
    },
    "hendrycksTest-college_physics": {
      "acc": 0.24509803921568626,
      "acc_stderr": 0.042801058373643966,
      "acc_norm": 0.2549019607843137,
      "acc_norm_stderr": 0.0433643270799318
    },
    "hendrycksTest-computer_security": {
      "acc": 0.28,
      "acc_stderr": 0.04512608598542127,
      "acc_norm": 0.35,
      "acc_norm_stderr": 0.04793724854411019
    },
    "hendrycksTest-high_school_chemistry": {
      "acc": 0.19704433497536947,
      "acc_stderr": 0.02798672466673622,
      "acc_norm": 0.2413793103448276,
      "acc_norm_stderr": 0.03010833071801162
    },
    "hendrycksTest-high_school_european_history": {
      "acc": 0.2727272727272727,
      "acc_stderr": 0.0347769116216366,
      "acc_norm": 0.2787878787878788,
      "acc_norm_stderr": 0.035014387062967806
    },
    "hendrycksTest-high_school_mathematics": {
      "acc": 0.2222222222222222,
      "acc_stderr": 0.025348097468097835,
      "acc_norm": 0.25555555555555554,
      "acc_norm_stderr": 0.02659393910184406
    },
    "hendrycksTest-high_school_psychology": {
      "acc": 0.22201834862385322,
      "acc_stderr": 0.01781884956479664,
      "acc_norm": 0.21834862385321102,
      "acc_norm_stderr": 0.017712600528722724
    },
    "hendrycksTest-business_ethics": {
      "acc": 0.3,
      "acc_stderr": 0.046056618647183814,
      "acc_norm": 0.3,
      "acc_norm_stderr": 0.046056618647183814
    },
    "hendrycksTest-econometrics": {
      "acc": 0.23684210526315788,
      "acc_stderr": 0.03999423879281336,
      "acc_norm": 0.22807017543859648,
      "acc_norm_stderr": 0.03947152782669415
    },
    "hendrycksTest-prehistory": {
      "acc": 0.26851851851851855,
      "acc_stderr": 0.024659685185967294,
      "acc_norm": 0.23765432098765432,
      "acc_norm_stderr": 0.023683591837008557
    },
    "hendrycksTest-nutrition": {
      "acc": 0.2875816993464052,
      "acc_stderr": 0.02591780611714716,
      "acc_norm": 0.3235294117647059,
      "acc_norm_stderr": 0.026787453111906532
    },
    "hendrycksTest-clinical_knowledge": {
      "acc": 0.22264150943396227,
      "acc_stderr": 0.025604233470899098,
      "acc_norm": 0.27169811320754716,
      "acc_norm_stderr": 0.027377706624670713
    },
    "hendrycksTest-elementary_mathematics": {
      "acc": 0.21957671957671956,
      "acc_stderr": 0.021320018599770355,
      "acc_norm": 0.20634920634920634,
      "acc_norm_stderr": 0.020842290930114683
    },
    "hendrycksTest-professional_psychology": {
      "acc": 0.25326797385620914,
      "acc_stderr": 0.017593486895366835,
      "acc_norm": 0.2679738562091503,
      "acc_norm_stderr": 0.017917974069594726
    },
    "hendrycksTest-jurisprudence": {
      "acc": 0.2222222222222222,
      "acc_stderr": 0.040191074725573483,
      "acc_norm": 0.3148148148148148,
      "acc_norm_stderr": 0.04489931073591312
    },
    "hendrycksTest-high_school_us_history": {
      "acc": 0.2696078431372549,
      "acc_stderr": 0.031145570659486782,
      "acc_norm": 0.30392156862745096,
      "acc_norm_stderr": 0.0322821038703789
    },
    "hendrycksTest-philosophy": {
      "acc": 0.22508038585209003,
      "acc_stderr": 0.02372008851617903,
      "acc_norm": 0.2765273311897106,
      "acc_norm_stderr": 0.02540383297817962
    },
    "hendrycksTest-astronomy": {
      "acc": 0.17763157894736842,
      "acc_stderr": 0.031103182383123394,
      "acc_norm": 0.23684210526315788,
      "acc_norm_stderr": 0.03459777606810537
    },
    "hendrycksTest-moral_scenarios": {
      "acc": 0.23575418994413408,
      "acc_stderr": 0.014196375686290804,
      "acc_norm": 0.24022346368715083,
      "acc_norm_stderr": 0.0142883438039253
    },
    "hendrycksTest-abstract_algebra": {
      "acc": 0.17,
      "acc_stderr": 0.0377525168068637,
      "acc_norm": 0.19,
      "acc_norm_stderr": 0.03942772444036623
    },
    "hendrycksTest-human_sexuality": {
      "acc": 0.31297709923664124,
      "acc_stderr": 0.04066962905677697,
      "acc_norm": 0.2824427480916031,
      "acc_norm_stderr": 0.03948406125768361
    },
    "hendrycksTest-miscellaneous": {
      "acc": 0.3065134099616858,
      "acc_stderr": 0.01648695289304152,
      "acc_norm": 0.28991060025542786,
      "acc_norm_stderr": 0.016225017944770968
    },
    "hendrycksTest-high_school_microeconomics": {
      "acc": 0.2184873949579832,
      "acc_stderr": 0.026841514322958938,
      "acc_norm": 0.27310924369747897,
      "acc_norm_stderr": 0.028942004040998167
    },
    "hendrycksTest-high_school_world_history": {
      "acc": 0.21940928270042195,
      "acc_stderr": 0.026939106581553945,
      "acc_norm": 0.25738396624472576,
      "acc_norm_stderr": 0.028458820991460285
    },
    "hendrycksTest-marketing": {
      "acc": 0.29914529914529914,
      "acc_stderr": 0.02999695185834948,
      "acc_norm": 0.3076923076923077,
      "acc_norm_stderr": 0.030236389942173095
    },
    "hendrycksTest-college_medicine": {
      "acc": 0.18497109826589594,
      "acc_stderr": 0.0296056239817712,
      "acc_norm": 0.26011560693641617,
      "acc_norm_stderr": 0.033450369167889904
    },
    "hendrycksTest-public_relations": {
      "acc": 0.18181818181818182,
      "acc_stderr": 0.03694284335337801,
      "acc_norm": 0.19090909090909092,
      "acc_norm_stderr": 0.03764425585984927
    },
    "hendrycksTest-security_studies": {
      "acc": 0.2653061224489796,
      "acc_stderr": 0.028263889943784593,
      "acc_norm": 0.24081632653061225,
      "acc_norm_stderr": 0.02737294220178816
    },
    "hendrycksTest-logical_fallacies": {
      "acc": 0.20245398773006135,
      "acc_stderr": 0.03157065078911902,
      "acc_norm": 0.26993865030674846,
      "acc_norm_stderr": 0.03487825168497892
    },
    "hendrycksTest-sociology": {
      "acc": 0.24875621890547264,
      "acc_stderr": 0.030567675938916707,
      "acc_norm": 0.2537313432835821,
      "acc_norm_stderr": 0.030769444967296007
    },