{
  "results": {
    "hendrycksTest-jurisprudence": {
      "acc": 0.3055555555555556,
      "acc_stderr": 0.04453197507374983,
      "acc_norm": 0.3425925925925926,
      "acc_norm_stderr": 0.045879047413018084
    },
    "hendrycksTest-business_ethics": {
      "acc": 0.24,
      "acc_stderr": 0.042923469599092816,
      "acc_norm": 0.23,
      "acc_norm_stderr": 0.04229525846816506
    },
    "hendrycksTest-high_school_chemistry": {
      "acc": 0.23645320197044334,
      "acc_stderr": 0.02989611429173355,
      "acc_norm": 0.24630541871921183,
      "acc_norm_stderr": 0.030315099285617722
    },
    "hendrycksTest-electrical_engineering": {
      "acc": 0.2413793103448276,
      "acc_stderr": 0.03565998174135302,
      "acc_norm": 0.25517241379310346,
      "acc_norm_stderr": 0.03632984052707842
    },
    "hendrycksTest-formal_logic": {
      "acc": 0.2777777777777778,
      "acc_stderr": 0.040061680838488774,
      "acc_norm": 0.2777777777777778,
      "acc_norm_stderr": 0.040061680838488774
    },
    "hendrycksTest-moral_scenarios": {
      "acc": 0.2346368715083799,
      "acc_stderr": 0.014173044098303658,
      "acc_norm": 0.23687150837988827,
      "acc_norm_stderr": 0.014219570788103987
    },
    "hendrycksTest-international_law": {
      "acc": 0.256198347107438,
      "acc_stderr": 0.03984979653302871,
      "acc_norm": 0.371900826446281,
      "acc_norm_stderr": 0.04412015806624503
    },
    "hendrycksTest-logical_fallacies": {
      "acc": 0.22699386503067484,
      "acc_stderr": 0.0329109957861577,
      "acc_norm": 0.26380368098159507,
      "acc_norm_stderr": 0.03462419931615624
    },
    "hendrycksTest-human_sexuality": {
      "acc": 0.366412213740458,
      "acc_stderr": 0.04225875451969638,
      "acc_norm": 0.35877862595419846,
      "acc_norm_stderr": 0.04206739313864908
    },
    "hendrycksTest-econometrics": {
      "acc": 0.2543859649122807,
      "acc_stderr": 0.0409698513984367,
      "acc_norm": 0.22807017543859648,
      "acc_norm_stderr": 0.03947152782669415
    },
    "lambada_openai": {
      "ppl": 12.820278420455217,
      "ppl_stderr": 0.3698013915280414,
      "acc": 0.4513875412381137,
      "acc_stderr": 0.006932975888368622
    },
    "hendrycksTest-high_school_mathematics": {
      "acc": 0.26666666666666666,
      "acc_stderr": 0.02696242432507383,
      "acc_norm": 0.27037037037037037,
      "acc_norm_stderr": 0.027080372815145668
    },
    "hendrycksTest-prehistory": {
      "acc": 0.24382716049382716,
      "acc_stderr": 0.023891879541959607,
      "acc_norm": 0.22839506172839505,
      "acc_norm_stderr": 0.023358211840626267
    },
    "hendrycksTest-virology": {
      "acc": 0.2891566265060241,
      "acc_stderr": 0.03529486801511115,
      "acc_norm": 0.3253012048192771,
      "acc_norm_stderr": 0.03647168523683229
    },
    "hendrycksTest-professional_accounting": {
      "acc": 0.2978723404255319,
      "acc_stderr": 0.027281608344469414,
      "acc_norm": 0.2978723404255319,
      "acc_norm_stderr": 0.027281608344469414
    },
    "hendrycksTest-computer_security": {
      "acc": 0.3,
      "acc_stderr": 0.046056618647183814,
      "acc_norm": 0.31,
      "acc_norm_stderr": 0.046482319871173156
    },
    "hendrycksTest-high_school_microeconomics": {
      "acc": 0.23949579831932774,
      "acc_stderr": 0.027722065493361262,
      "acc_norm": 0.29831932773109243,
      "acc_norm_stderr": 0.029719142876342863
    },
    "hendrycksTest-anatomy": {
      "acc": 0.1925925925925926,
      "acc_stderr": 0.03406542058502651,
      "acc_norm": 0.18518518518518517,
      "acc_norm_stderr": 0.0335567721631314
    },
    "hendrycksTest-public_relations": {
      "acc": 0.2636363636363636,
      "acc_stderr": 0.04220224692971987,
      "acc_norm": 0.23636363636363636,
      "acc_norm_stderr": 0.04069306319721376
    },
    "wsc": {
      "acc": 0.36538461538461536,
      "acc_stderr": 0.0474473339327792
    },
    "hendrycksTest-professional_law": {
      "acc": 0.24511082138200782,
      "acc_stderr": 0.010986307870045516,
      "acc_norm": 0.2607561929595828,
      "acc_norm_stderr": 0.011213471559602329
    },
    "hendrycksTest-high_school_government_and_politics": {
      "acc": 0.2694300518134715,
      "acc_stderr": 0.03201867122877795,
      "acc_norm": 0.25906735751295334,
      "acc_norm_stderr": 0.03161877917935409
    },
    "hendrycksTest-professional_psychology": {
      "acc": 0.2679738562091503,
      "acc_stderr": 0.017917974069594726,
      "acc_norm": 0.2549019607843137,
      "acc_norm_stderr": 0.017630827375148383
    },
    "hendrycksTest-high_school_geography": {
      "acc": 0.21212121212121213,
      "acc_stderr": 0.029126522834586815,
      "acc_norm": 0.23232323232323232,
      "acc_norm_stderr": 0.030088629490217487
    },
    "hendrycksTest-high_school_us_history": {
      "acc": 0.2647058823529412,
      "acc_stderr": 0.0309645179269234,
      "acc_norm": 0.2549019607843137,
      "acc_norm_stderr": 0.030587591351604236
    },
    "hendrycksTest-miscellaneous": {
      "acc": 0.24904214559386972,
      "acc_stderr": 0.015464676163395974,
      "acc_norm": 0.2515964240102171,
      "acc_norm_stderr": 0.015517322365529624
    },
    "hendrycksTest-astronomy": {
      "acc": 0.18421052631578946,
      "acc_stderr": 0.0315469804508223,
      "acc_norm": 0.19078947368421054,
      "acc_norm_stderr": 0.031975658210324984
    },
    "hendrycksTest-nutrition": {
      "acc": 0.25163398692810457,
      "acc_stderr": 0.024848018263875195,
      "acc_norm": 0.2973856209150327,
      "acc_norm_stderr": 0.02617390850671858
    },
    "hendrycksTest-us_foreign_policy": {
      "acc": 0.31,
      "acc_stderr": 0.04648231987117316,
      "acc_norm": 0.32,
      "acc_norm_stderr": 0.046882617226215034
    },
    "hendrycksTest-professional_medicine": {
      "acc": 0.22058823529411764,
      "acc_stderr": 0.025187786660227272,
      "acc_norm": 0.22058823529411764,
      "acc_norm_stderr": 0.025187786660227272
    },
    "hendrycksTest-conceptual_physics": {
      "acc": 0.22127659574468084,
      "acc_stderr": 0.02713634960242406,
      "acc_norm": 0.23829787234042554,
      "acc_norm_stderr": 0.027851252973889774
    },
    "hendrycksTest-global_facts": {
      "acc": 0.21,
      "acc_stderr": 0.040936018074033256,
      "acc_norm": 0.2,
      "acc_norm_stderr": 0.04020151261036846
    },
    "hendrycksTest-high_school_european_history": {
      "acc": 0.2727272727272727,
      "acc_stderr": 0.0347769116216366,
      "acc_norm": 0.32727272727272727,
      "acc_norm_stderr": 0.03663974994391243
    },
    "hendrycksTest-sociology": {
      "acc": 0.26865671641791045,
      "acc_stderr": 0.031343283582089536,
      "acc_norm": 0.27860696517412936,
      "acc_norm_stderr": 0.031700561834973086
    },
    "piqa": {
      "acc": 0.6953210010881393,
      "acc_stderr": 0.010738889044325161,
      "acc_norm": 0.6887921653971708,
      "acc_norm_stderr": 0.01080226387804584
    },
    "hendrycksTest-moral_disputes": {
      "acc": 0.27167630057803466,
      "acc_stderr": 0.023948512905468365,
      "acc_norm": 0.30346820809248554,
      "acc_norm_stderr": 0.02475241196091722
    },
    "hendrycksTest-clinical_knowledge": {
      "acc": 0.2679245283018868,
      "acc_stderr": 0.027257260322494845,
      "acc_norm": 0.30943396226415093,
      "acc_norm_stderr": 0.028450154794118627
    },
    "hendrycksTest-college_mathematics": {
      "acc": 0.23,
      "acc_stderr": 0.042295258468165044,
      "acc_norm": 0.27,
      "acc_norm_stderr": 0.0446196043338474
    },
    "hendrycksTest-human_aging": {
      "acc": 0.3004484304932735,
      "acc_stderr": 0.03076935200822914,
      "acc_norm": 0.29596412556053814,
      "acc_norm_stderr": 0.030636591348699813
    },
    "hendrycksTest-elementary_mathematics": {
      "acc": 0.24867724867724866,
      "acc_stderr": 0.022261817692400168,
      "acc_norm": 0.2566137566137566,
      "acc_norm_stderr": 0.022494510767503154
    },