{
  "results": {
    "logiqa": {
      "acc": 0.2119815668202765,
      "acc_stderr": 0.0160309979606194,
      "acc_norm": 0.2626728110599078,
      "acc_norm_stderr": 0.017261598347857544
    },
    "arc_challenge": {
      "acc": 0.17832764505119453,
      "acc_stderr": 0.011186139406711319,
      "acc_norm": 0.2167235494880546,
      "acc_norm_stderr": 0.012040156713481192
    },
    "hendrycksTest-moral_disputes": {
      "acc": 0.29190751445086704,
      "acc_stderr": 0.02447699407624733,
      "acc_norm": 0.3063583815028902,
      "acc_norm_stderr": 0.024818350129436593
    },
    "hendrycksTest-college_biology": {
      "acc": 0.2986111111111111,
      "acc_stderr": 0.038270523579507554,
      "acc_norm": 0.2916666666666667,
      "acc_norm_stderr": 0.03800968060554859
    },
    "hendrycksTest-prehistory": {
      "acc": 0.25925925925925924,
      "acc_stderr": 0.024383665531035447,
      "acc_norm": 0.21604938271604937,
      "acc_norm_stderr": 0.022899162918445796
    },
    "hendrycksTest-formal_logic": {
      "acc": 0.2857142857142857,
      "acc_stderr": 0.0404061017820884,
      "acc_norm": 0.30952380952380953,
      "acc_norm_stderr": 0.04134913018303316
    },
    "hendrycksTest-public_relations": {
      "acc": 0.2545454545454545,
      "acc_stderr": 0.041723430387053825,
      "acc_norm": 0.22727272727272727,
      "acc_norm_stderr": 0.04013964554072773
    },
    "sciq": {
      "acc": 0.629,
      "acc_stderr": 0.015283736211823187,
      "acc_norm": 0.598,
      "acc_norm_stderr": 0.015512467135715084
    },
    "hendrycksTest-miscellaneous": {
      "acc": 0.227330779054917,
      "acc_stderr": 0.014987270640946017,
      "acc_norm": 0.23371647509578544,
      "acc_norm_stderr": 0.015133383278988841
    },
    "hendrycksTest-us_foreign_policy": {
      "acc": 0.24,
      "acc_stderr": 0.04292346959909283,
      "acc_norm": 0.3,
      "acc_norm_stderr": 0.046056618647183814
    },
    "hendrycksTest-professional_accounting": {
      "acc": 0.24822695035460993,
      "acc_stderr": 0.025770015644290392,
      "acc_norm": 0.2553191489361702,
      "acc_norm_stderr": 0.026011992930902013
    },
    "hendrycksTest-high_school_computer_science": {
      "acc": 0.21,
      "acc_stderr": 0.040936018074033256,
      "acc_norm": 0.23,
      "acc_norm_stderr": 0.04229525846816503
    },
    "hendrycksTest-college_mathematics": {
      "acc": 0.19,
      "acc_stderr": 0.03942772444036623,
      "acc_norm": 0.25,
      "acc_norm_stderr": 0.04351941398892446
    },
    "hendrycksTest-elementary_mathematics": {
      "acc": 0.29365079365079366,
      "acc_stderr": 0.02345603738398203,
      "acc_norm": 0.28835978835978837,
      "acc_norm_stderr": 0.023330654054535882
    },
    "hendrycksTest-logical_fallacies": {
      "acc": 0.25766871165644173,
      "acc_stderr": 0.03436150827846917,
      "acc_norm": 0.25153374233128833,
      "acc_norm_stderr": 0.03408997886857529
    },
    "hendrycksTest-high_school_chemistry": {
      "acc": 0.2315270935960591,
      "acc_stderr": 0.029678333141444458,
      "acc_norm": 0.2955665024630542,
      "acc_norm_stderr": 0.032104944337514575
    },
    "hendrycksTest-marketing": {
      "acc": 0.1752136752136752,
      "acc_stderr": 0.024904439098918214,
      "acc_norm": 0.2094017094017094,
      "acc_norm_stderr": 0.026655699653922737
    },
    "hendrycksTest-high_school_mathematics": {
      "acc": 0.24074074074074073,
      "acc_stderr": 0.02606715922227579,
      "acc_norm": 0.3,
      "acc_norm_stderr": 0.02794045713622841
    },
    "arc_easy": {
      "acc": 0.37836700336700335,
      "acc_stderr": 0.009951575683331956,
      "acc_norm": 0.3522727272727273,
      "acc_norm_stderr": 0.009801753933112773
    },
    "hendrycksTest-high_school_biology": {
      "acc": 0.2645161290322581,
      "acc_stderr": 0.02509189237885928,
      "acc_norm": 0.32903225806451614,
      "acc_norm_stderr": 0.026729499068349958
    },
    "hendrycksTest-high_school_macroeconomics": {
      "acc": 0.24615384615384617,
      "acc_stderr": 0.021840866990423088,
      "acc_norm": 0.26666666666666666,
      "acc_norm_stderr": 0.02242127361292371
    },
    "hendrycksTest-high_school_government_and_politics": {
      "acc": 0.23834196891191708,
      "acc_stderr": 0.030748905363909895,
      "acc_norm": 0.3005181347150259,
      "acc_norm_stderr": 0.0330881859441575
    },
    "hendrycksTest-nutrition": {
      "acc": 0.27124183006535946,
      "acc_stderr": 0.02545775669666787,
      "acc_norm": 0.3431372549019608,
      "acc_norm_stderr": 0.02718449890994162
    },
    "piqa": {
      "acc": 0.588139281828074,
      "acc_stderr": 0.011483141106304398,
      "acc_norm": 0.5832426550598476,
      "acc_norm_stderr": 0.011503015163618312
    },
    "hendrycksTest-high_school_geography": {
      "acc": 0.2828282828282828,
      "acc_stderr": 0.03208779558786751,
      "acc_norm": 0.32323232323232326,
      "acc_norm_stderr": 0.03332299921070644
    },
    "hendrycksTest-moral_scenarios": {
      "acc": 0.23687150837988827,
      "acc_stderr": 0.01421957078810399,
      "acc_norm": 0.2335195530726257,
      "acc_norm_stderr": 0.01414957534897627
    },
    "hendrycksTest-human_aging": {
      "acc": 0.21076233183856502,
      "acc_stderr": 0.027373095500540196,
      "acc_norm": 0.21524663677130046,
      "acc_norm_stderr": 0.02758406660220827
    },
    "hendrycksTest-security_studies": {
      "acc": 0.2979591836734694,
      "acc_stderr": 0.029279567411065677,
      "acc_norm": 0.24489795918367346,
      "acc_norm_stderr": 0.02752963744017491
    },
    "winogrande": {
      "acc": 0.49329123914759276,
      "acc_stderr": 0.014051220692330342
    },
    "hendrycksTest-abstract_algebra": {
      "acc": 0.21,
      "acc_stderr": 0.040936018074033256,
      "acc_norm": 0.21,
      "acc_norm_stderr": 0.040936018074033256
    },
    "hendrycksTest-astronomy": {
      "acc": 0.21052631578947367,
      "acc_stderr": 0.033176727875331574,
      "acc_norm": 0.3355263157894737,
      "acc_norm_stderr": 0.03842498559395269
    },
    "hendrycksTest-high_school_european_history": {
      "acc": 0.24242424242424243,
      "acc_stderr": 0.03346409881055953,
      "acc_norm": 0.30303030303030304,
      "acc_norm_stderr": 0.03588624800091707
    },
    "hendrycksTest-high_school_psychology": {
      "acc": 0.28440366972477066,
      "acc_stderr": 0.019342036587702588,
      "acc_norm": 0.27889908256880735,
      "acc_norm_stderr": 0.01922746887646351
    },
    "hendrycksTest-high_school_us_history": {
      "acc": 0.2549019607843137,
      "acc_stderr": 0.030587591351604236,
      "acc_norm": 0.24509803921568626,
      "acc_norm_stderr": 0.030190282453501954
    },
    "hendrycksTest-anatomy": {
      "acc": 0.2,
      "acc_stderr": 0.03455473702325435,
      "acc_norm": 0.2,
      "acc_norm_stderr": 0.03455473702325435
    },
    "hendrycksTest-world_religions": {
      "acc": 0.27485380116959063,
      "acc_stderr": 0.034240429246915824,
      "acc_norm": 0.2982456140350877,
      "acc_norm_stderr": 0.03508771929824563
    },
    "hendrycksTest-econometrics": {
      "acc": 0.2719298245614035,
      "acc_stderr": 0.04185774424022056,
      "acc_norm": 0.24561403508771928,
      "acc_norm_stderr": 0.040493392977481404
    },
    "hendrycksTest-college_computer_science": {
      "acc": 0.3,
      "acc_stderr": 0.046056618647183814,
      "acc_norm": 0.28,
      "acc_norm_stderr": 0.04512608598542128
    },
    "hendrycksTest-professional_medicine": {
      "acc": 0.375,
      "acc_stderr": 0.029408372932278746,
      "acc_norm": 0.3713235294117647,
      "acc_norm_stderr": 0.02934980313976587
    },
    "hendrycksTest-machine_learning": {
      "acc": 0.23214285714285715,
      "acc_stderr": 0.04007341809755805,
      "acc_norm": 0.22321428571428573,
      "acc_norm_stderr": 0.03952301967702511
    },
    "hendrycksTest-high_school_microeconomics": {
      "acc": 0.24789915966386555,
      "acc_stderr": 0.02804796722417689,