{
  "results": {
    "hendrycksTest-jurisprudence": {
      "acc": 0.17592592592592593,
      "acc_stderr": 0.03680918141673879,
      "acc_norm": 0.3148148148148148,
      "acc_norm_stderr": 0.04489931073591311
    },
    "hendrycksTest-anatomy": {
      "acc": 0.25925925925925924,
      "acc_stderr": 0.037857144650666544,
      "acc_norm": 0.25925925925925924,
      "acc_norm_stderr": 0.03785714465066655
    },
    "hendrycksTest-professional_medicine": {
      "acc": 0.3639705882352941,
      "acc_stderr": 0.02922719246003203,
      "acc_norm": 0.34558823529411764,
      "acc_norm_stderr": 0.02888819310398864
    },
    "hendrycksTest-global_facts": {
      "acc": 0.27,
      "acc_stderr": 0.044619604333847394,
      "acc_norm": 0.26,
      "acc_norm_stderr": 0.04408440022768077
    },
    "hendrycksTest-high_school_government_and_politics": {
      "acc": 0.19689119170984457,
      "acc_stderr": 0.02869787397186068,
      "acc_norm": 0.23316062176165803,
      "acc_norm_stderr": 0.03051611137147602
    },
    "hendrycksTest-college_biology": {
      "acc": 0.2222222222222222,
      "acc_stderr": 0.03476590104304135,
      "acc_norm": 0.2152777777777778,
      "acc_norm_stderr": 0.03437079344106133
    },
    "hendrycksTest-high_school_physics": {
      "acc": 0.23841059602649006,
      "acc_stderr": 0.03479185572599659,
      "acc_norm": 0.23178807947019867,
      "acc_norm_stderr": 0.03445406271987053
    },
    "hendrycksTest-high_school_psychology": {
      "acc": 0.29908256880733947,
      "acc_stderr": 0.019630417285415175,
      "acc_norm": 0.26605504587155965,
      "acc_norm_stderr": 0.018946022322225604
    },
    "hendrycksTest-professional_psychology": {
      "acc": 0.2581699346405229,
      "acc_stderr": 0.017704531653250078,
      "acc_norm": 0.25,
      "acc_norm_stderr": 0.01751781884501444
    },
    "hendrycksTest-us_foreign_policy": {
      "acc": 0.22,
      "acc_stderr": 0.04163331998932269,
      "acc_norm": 0.27,
      "acc_norm_stderr": 0.04461960433384739
    },
    "hendrycksTest-formal_logic": {
      "acc": 0.2777777777777778,
      "acc_stderr": 0.04006168083848877,
      "acc_norm": 0.29365079365079366,
      "acc_norm_stderr": 0.040735243221471255
    },
    "hendrycksTest-marketing": {
      "acc": 0.23504273504273504,
      "acc_stderr": 0.027778835904935434,
      "acc_norm": 0.2222222222222222,
      "acc_norm_stderr": 0.027236013946196687
    },
    "lambada_openai": {
      "ppl": 300.5882606051338,
      "ppl_stderr": 12.43710071264045,
      "acc": 0.13758975354162623,
      "acc_stderr": 0.004799125123710058
    },
    "hendrycksTest-college_physics": {
      "acc": 0.2647058823529412,
      "acc_stderr": 0.04389869956808779,
      "acc_norm": 0.27450980392156865,
      "acc_norm_stderr": 0.044405219061793275
    },
    "hendrycksTest-high_school_statistics": {
      "acc": 0.2638888888888889,
      "acc_stderr": 0.030058202704309846,
      "acc_norm": 0.28703703703703703,
      "acc_norm_stderr": 0.030851992993257013
    },
    "hendrycksTest-college_medicine": {
      "acc": 0.26011560693641617,
      "acc_stderr": 0.03345036916788991,
      "acc_norm": 0.2947976878612717,
      "acc_norm_stderr": 0.034765996075164785
    },
    "hendrycksTest-international_law": {
      "acc": 0.15702479338842976,
      "acc_stderr": 0.0332124484254713,
      "acc_norm": 0.35537190082644626,
      "acc_norm_stderr": 0.0436923632657398
    },
    "hendrycksTest-logical_fallacies": {
      "acc": 0.2085889570552147,
      "acc_stderr": 0.03192193448934725,
      "acc_norm": 0.2085889570552147,
      "acc_norm_stderr": 0.03192193448934722
    },
    "hendrycksTest-college_mathematics": {
      "acc": 0.19,
      "acc_stderr": 0.03942772444036622,
      "acc_norm": 0.28,
      "acc_norm_stderr": 0.04512608598542127
    },
    "hendrycksTest-high_school_computer_science": {
      "acc": 0.21,
      "acc_stderr": 0.040936018074033256,
      "acc_norm": 0.31,
      "acc_norm_stderr": 0.04648231987117315
    },
    "hendrycksTest-computer_security": {
      "acc": 0.21,
      "acc_stderr": 0.040936018074033256,
      "acc_norm": 0.32,
      "acc_norm_stderr": 0.046882617226215034
    },
    "logiqa": {
      "acc": 0.21044546850998463,
      "acc_stderr": 0.01598836948888873,
      "acc_norm": 0.27342549923195086,
      "acc_norm_stderr": 0.01748247454768128
    },
    "hendrycksTest-public_relations": {
      "acc": 0.3181818181818182,
      "acc_stderr": 0.04461272175910508,
      "acc_norm": 0.24545454545454545,
      "acc_norm_stderr": 0.041220665028782834
    },
    "hendrycksTest-econometrics": {
      "acc": 0.2631578947368421,
      "acc_stderr": 0.0414243971948936,
      "acc_norm": 0.2719298245614035,
      "acc_norm_stderr": 0.041857744240220554
    },
    "arc_challenge": {
      "acc": 0.17491467576791808,
      "acc_stderr": 0.011101562501828225,
      "acc_norm": 0.21928327645051193,
      "acc_norm_stderr": 0.012091245787615714
    },
    "hendrycksTest-security_studies": {
      "acc": 0.3224489795918367,
      "acc_stderr": 0.029923100563683913,
      "acc_norm": 0.23265306122448978,
      "acc_norm_stderr": 0.02704925791589618
    },
    "hendrycksTest-high_school_macroeconomics": {
      "acc": 0.25384615384615383,
      "acc_stderr": 0.022066054378726257,
      "acc_norm": 0.26666666666666666,
      "acc_norm_stderr": 0.02242127361292371
    },
    "hendrycksTest-sociology": {
      "acc": 0.29850746268656714,
      "acc_stderr": 0.03235743789355043,
      "acc_norm": 0.29850746268656714,
      "acc_norm_stderr": 0.03235743789355042
    },
    "hendrycksTest-business_ethics": {
      "acc": 0.33,
      "acc_stderr": 0.047258156262526045,
      "acc_norm": 0.31,
      "acc_norm_stderr": 0.04648231987117316
    },
    "hendrycksTest-high_school_us_history": {
      "acc": 0.23039215686274508,
      "acc_stderr": 0.02955429260569506,
      "acc_norm": 0.24509803921568626,
      "acc_norm_stderr": 0.03019028245350194
    },
    "hendrycksTest-prehistory": {
      "acc": 0.29012345679012347,
      "acc_stderr": 0.025251173936495026,
      "acc_norm": 0.23148148148148148,
      "acc_norm_stderr": 0.023468429832451163
    },
    "hendrycksTest-college_chemistry": {
      "acc": 0.32,
      "acc_stderr": 0.04688261722621504,
      "acc_norm": 0.29,
      "acc_norm_stderr": 0.04560480215720683
    },
    "wsc": {
      "acc": 0.36538461538461536,
      "acc_stderr": 0.0474473339327792
    },
    "piqa": {
      "acc": 0.5816104461371056,
      "acc_stderr": 0.011509380214588201,
      "acc_norm": 0.5875952121871599,
      "acc_norm_stderr": 0.011485407152743135
    },
    "hendrycksTest-professional_law": {
      "acc": 0.22816166883963493,
      "acc_stderr": 0.010717992192047875,
      "acc_norm": 0.26401564537157757,
      "acc_norm_stderr": 0.011258435537723814
    },
    "hendrycksTest-clinical_knowledge": {
      "acc": 0.2490566037735849,
      "acc_stderr": 0.02661648298050171,
      "acc_norm": 0.33962264150943394,
      "acc_norm_stderr": 0.029146904747798345
    },
    "hendrycksTest-virology": {
      "acc": 0.26506024096385544,
      "acc_stderr": 0.03436024037944966,
      "acc_norm": 0.2469879518072289,
      "acc_norm_stderr": 0.03357351982064536
    },
    "hendrycksTest-high_school_chemistry": {
      "acc": 0.21182266009852216,
      "acc_stderr": 0.028748983689941054,
      "acc_norm": 0.2561576354679803,
      "acc_norm_stderr": 0.030712730070982592
    },
    "hendrycksTest-moral_scenarios": {
      "acc": 0.23798882681564246,
      "acc_stderr": 0.014242630070574904,
      "acc_norm": 0.23016759776536314,
      "acc_norm_stderr": 0.014078339253425796
    },
    "hendrycksTest-high_school_european_history": {
      "acc": 0.21818181818181817,
      "acc_stderr": 0.03225078108306289,
      "acc_norm": 0.30303030303030304,
      "acc_norm_stderr": 0.035886248000917075
    },
    "hendrycksTest-conceptual_physics": {
      "acc": 0.251063829787234,
      "acc_stderr": 0.028346963777162452,