{
  "results": {
    "hendrycksTest-high_school_geography": {
      "acc": 0.3484848484848485,
      "acc_stderr": 0.033948539651564025,
      "acc_norm": 0.35858585858585856,
      "acc_norm_stderr": 0.0341690364039152
    },
    "hendrycksTest-professional_law": {
      "acc": 0.2503259452411995,
      "acc_stderr": 0.011064151027165424,
      "acc_norm": 0.2666232073011734,
      "acc_norm_stderr": 0.011293836031612152
    },
    "hendrycksTest-human_sexuality": {
      "acc": 0.31297709923664124,
      "acc_stderr": 0.04066962905677697,
      "acc_norm": 0.25190839694656486,
      "acc_norm_stderr": 0.03807387116306085
    },
    "arc_challenge": {
      "acc": 0.18686006825938567,
      "acc_stderr": 0.011391015649694374,
      "acc_norm": 0.22184300341296928,
      "acc_norm_stderr": 0.012141659068147884
    },
    "hendrycksTest-clinical_knowledge": {
      "acc": 0.2339622641509434,
      "acc_stderr": 0.02605529690115292,
      "acc_norm": 0.3169811320754717,
      "acc_norm_stderr": 0.028637235639800928
    },
    "hendrycksTest-high_school_mathematics": {
      "acc": 0.2740740740740741,
      "acc_stderr": 0.027195934804085626,
      "acc_norm": 0.3296296296296296,
      "acc_norm_stderr": 0.028661201116524582
    },
    "hendrycksTest-world_religions": {
      "acc": 0.2573099415204678,
      "acc_stderr": 0.03352799844161865,
      "acc_norm": 0.2573099415204678,
      "acc_norm_stderr": 0.03352799844161865
    },
    "hendrycksTest-nutrition": {
      "acc": 0.2581699346405229,
      "acc_stderr": 0.025058503316958147,
      "acc_norm": 0.3464052287581699,
      "acc_norm_stderr": 0.027245613047215355
    },
    "hendrycksTest-virology": {
      "acc": 0.20481927710843373,
      "acc_stderr": 0.03141784291663926,
      "acc_norm": 0.26506024096385544,
      "acc_norm_stderr": 0.03436024037944967
    },
    "hendrycksTest-high_school_european_history": {
      "acc": 0.26666666666666666,
      "acc_stderr": 0.03453131801885415,
      "acc_norm": 0.30303030303030304,
      "acc_norm_stderr": 0.035886248000917075
    },
    "hendrycksTest-logical_fallacies": {
      "acc": 0.2331288343558282,
      "acc_stderr": 0.03322015795776741,
      "acc_norm": 0.26993865030674846,
      "acc_norm_stderr": 0.034878251684978906
    },
    "hendrycksTest-high_school_us_history": {
      "acc": 0.23529411764705882,
      "acc_stderr": 0.029771775228145628,
      "acc_norm": 0.28921568627450983,
      "acc_norm_stderr": 0.03182231867647553
    },
    "hendrycksTest-management": {
      "acc": 0.2524271844660194,
      "acc_stderr": 0.04301250399690879,
      "acc_norm": 0.2912621359223301,
      "acc_norm_stderr": 0.04498676320572924
    },
    "hendrycksTest-moral_scenarios": {
      "acc": 0.23910614525139665,
      "acc_stderr": 0.014265554192331144,
      "acc_norm": 0.23910614525139665,
      "acc_norm_stderr": 0.014265554192331144
    },
    "hendrycksTest-high_school_chemistry": {
      "acc": 0.2315270935960591,
      "acc_stderr": 0.029678333141444455,
      "acc_norm": 0.2955665024630542,
      "acc_norm_stderr": 0.032104944337514575
    },
    "hendrycksTest-computer_security": {
      "acc": 0.27,
      "acc_stderr": 0.044619604333847394,
      "acc_norm": 0.3,
      "acc_norm_stderr": 0.046056618647183814
    },
    "hendrycksTest-human_aging": {
      "acc": 0.21076233183856502,
      "acc_stderr": 0.027373095500540193,
      "acc_norm": 0.17040358744394618,
      "acc_norm_stderr": 0.025234593447136165
    },
    "hendrycksTest-high_school_government_and_politics": {
      "acc": 0.23834196891191708,
      "acc_stderr": 0.030748905363909878,
      "acc_norm": 0.27979274611398963,
      "acc_norm_stderr": 0.03239637046735703
    },
    "logiqa": {
      "acc": 0.2227342549923195,
      "acc_stderr": 0.016320054046165107,
      "acc_norm": 0.27956989247311825,
      "acc_norm_stderr": 0.017602909186822453
    },
    "hendrycksTest-astronomy": {
      "acc": 0.28289473684210525,
      "acc_stderr": 0.03665349695640767,
      "acc_norm": 0.3815789473684211,
      "acc_norm_stderr": 0.03953173377749194
    },
    "hendrycksTest-high_school_psychology": {
      "acc": 0.29357798165137616,
      "acc_stderr": 0.019525151122639667,
      "acc_norm": 0.29724770642201837,
      "acc_norm_stderr": 0.019595707224643537
    },
    "arc_easy": {
      "acc": 0.38552188552188554,
      "acc_stderr": 0.009987250004629007,
      "acc_norm": 0.3611111111111111,
      "acc_norm_stderr": 0.009856013425811244
    },
    "hendrycksTest-college_biology": {
      "acc": 0.2569444444444444,
      "acc_stderr": 0.03653946969442099,
      "acc_norm": 0.22916666666666666,
      "acc_norm_stderr": 0.035146974678623884
    },
    "hendrycksTest-high_school_macroeconomics": {
      "acc": 0.24358974358974358,
      "acc_stderr": 0.021763733684173912,
      "acc_norm": 0.2641025641025641,
      "acc_norm_stderr": 0.02235219373745327
    },
    "hendrycksTest-global_facts": {
      "acc": 0.2,
      "acc_stderr": 0.04020151261036846,
      "acc_norm": 0.18,
      "acc_norm_stderr": 0.038612291966536955
    },
    "hendrycksTest-medical_genetics": {
      "acc": 0.19,
      "acc_stderr": 0.03942772444036623,
      "acc_norm": 0.27,
      "acc_norm_stderr": 0.0446196043338474
    },
    "hendrycksTest-us_foreign_policy": {
      "acc": 0.27,
      "acc_stderr": 0.044619604333847394,
      "acc_norm": 0.27,
      "acc_norm_stderr": 0.0446196043338474
    },
    "hendrycksTest-miscellaneous": {
      "acc": 0.2515964240102171,
      "acc_stderr": 0.015517322365529627,
      "acc_norm": 0.24648786717752236,
      "acc_norm_stderr": 0.015411308769686934
    },
    "hendrycksTest-high_school_world_history": {
      "acc": 0.25738396624472576,
      "acc_stderr": 0.02845882099146029,
      "acc_norm": 0.27848101265822783,
      "acc_norm_stderr": 0.029178682304842565
    },
    "hendrycksTest-anatomy": {
      "acc": 0.25925925925925924,
      "acc_stderr": 0.037857144650666544,
      "acc_norm": 0.2740740740740741,
      "acc_norm_stderr": 0.038532548365520024
    },
    "hendrycksTest-high_school_computer_science": {
      "acc": 0.22,
      "acc_stderr": 0.041633319989322695,
      "acc_norm": 0.25,
      "acc_norm_stderr": 0.04351941398892446
    },
    "hendrycksTest-security_studies": {
      "acc": 0.31020408163265306,
      "acc_stderr": 0.029613459872484378,
      "acc_norm": 0.23265306122448978,
      "acc_norm_stderr": 0.02704925791589618
    },
    "hendrycksTest-college_computer_science": {
      "acc": 0.3,
      "acc_stderr": 0.046056618647183814,
      "acc_norm": 0.27,
      "acc_norm_stderr": 0.0446196043338474
    },
    "hendrycksTest-formal_logic": {
      "acc": 0.30158730158730157,
      "acc_stderr": 0.04104947269903394,
      "acc_norm": 0.2777777777777778,
      "acc_norm_stderr": 0.04006168083848879
    },
    "lambada_openai": {
      "ppl": 173.14357831693135,
      "ppl_stderr": 7.026366821429785,
      "acc": 0.17717834271298272,
      "acc_stderr": 0.005319493069749277
    },
    "hendrycksTest-high_school_physics": {
      "acc": 0.271523178807947,
      "acc_stderr": 0.036313298039696525,
      "acc_norm": 0.32450331125827814,
      "acc_norm_stderr": 0.038227469376587525
    },
    "hendrycksTest-prehistory": {
      "acc": 0.25,
      "acc_stderr": 0.02409347123262133,
      "acc_norm": 0.19444444444444445,
      "acc_norm_stderr": 0.022021366100220197
    },
    "hendrycksTest-college_medicine": {
      "acc": 0.23699421965317918,
      "acc_stderr": 0.03242414757483098,
      "acc_norm": 0.2658959537572254,
      "acc_norm_stderr": 0.033687629322594295
    },
    "wsc": {
      "acc": 0.36538461538461536,
      "acc_stderr": 0.0474473339327792
    },
    "hendrycksTest-college_mathematics": {
      "acc": 0.19,
      "acc_stderr": 0.03942772444036624,
      "acc_norm": 0.23,
      "acc_norm_stderr": 0.04229525846816505
    },
    "hendrycksTest-public_relations": {
      "acc": 0.22727272727272727,
      "acc_stderr": 0.04013964554072775,