{
  "results": {
    "hendrycksTest-global_facts": {
      "acc": 0.21,
      "acc_stderr": 0.040936018074033256,
      "acc_norm": 0.24,
      "acc_norm_stderr": 0.04292346959909283
    },
    "hendrycksTest-formal_logic": {
      "acc": 0.2698412698412698,
      "acc_stderr": 0.039701582732351734,
      "acc_norm": 0.2857142857142857,
      "acc_norm_stderr": 0.0404061017820884
    },
    "hendrycksTest-college_mathematics": {
      "acc": 0.17,
      "acc_stderr": 0.03775251680686371,
      "acc_norm": 0.24,
      "acc_norm_stderr": 0.04292346959909282
    },
    "hendrycksTest-high_school_chemistry": {
      "acc": 0.18719211822660098,
      "acc_stderr": 0.027444924966882618,
      "acc_norm": 0.2561576354679803,
      "acc_norm_stderr": 0.030712730070982592
    },
    "sciq": {
      "acc": 0.596,
      "acc_stderr": 0.015524980677122583,
      "acc_norm": 0.577,
      "acc_norm_stderr": 0.01563058909047635
    },
    "hendrycksTest-high_school_computer_science": {
      "acc": 0.19,
      "acc_stderr": 0.03942772444036623,
      "acc_norm": 0.32,
      "acc_norm_stderr": 0.04688261722621502
    },
    "hendrycksTest-college_medicine": {
      "acc": 0.2658959537572254,
      "acc_stderr": 0.0336876293225943,
      "acc_norm": 0.3236994219653179,
      "acc_norm_stderr": 0.0356760379963917
    },
    "lambada_openai": {
      "ppl": 293.40489680849055,
      "ppl_stderr": 12.158087925733474,
      "acc": 0.13817193867649913,
      "acc_stderr": 0.0048076441388617336
    },
    "hendrycksTest-college_physics": {
      "acc": 0.23529411764705882,
      "acc_stderr": 0.04220773659171453,
      "acc_norm": 0.2549019607843137,
      "acc_norm_stderr": 0.04336432707993178
    },
    "hendrycksTest-moral_disputes": {
      "acc": 0.2832369942196532,
      "acc_stderr": 0.02425790170532337,
      "acc_norm": 0.30057803468208094,
      "acc_norm_stderr": 0.024685316867257806
    },
    "hendrycksTest-moral_scenarios": {
      "acc": 0.24804469273743016,
      "acc_stderr": 0.014444157808261436,
      "acc_norm": 0.25251396648044694,
      "acc_norm_stderr": 0.014530330201468633
    },
    "hendrycksTest-high_school_macroeconomics": {
      "acc": 0.28205128205128205,
      "acc_stderr": 0.022815813098896603,
      "acc_norm": 0.2717948717948718,
      "acc_norm_stderr": 0.022556551010132365
    },
    "hendrycksTest-professional_psychology": {
      "acc": 0.2696078431372549,
      "acc_stderr": 0.017952449196987862,
      "acc_norm": 0.2581699346405229,
      "acc_norm_stderr": 0.017704531653250075
    },
    "hendrycksTest-human_aging": {
      "acc": 0.25112107623318386,
      "acc_stderr": 0.029105220833224622,
      "acc_norm": 0.2062780269058296,
      "acc_norm_stderr": 0.027157150479563824
    },
    "hendrycksTest-college_chemistry": {
      "acc": 0.28,
      "acc_stderr": 0.04512608598542127,
      "acc_norm": 0.3,
      "acc_norm_stderr": 0.046056618647183814
    },
    "hendrycksTest-abstract_algebra": {
      "acc": 0.24,
      "acc_stderr": 0.04292346959909283,
      "acc_norm": 0.28,
      "acc_norm_stderr": 0.04512608598542127
    },
    "wsc": {
      "acc": 0.36538461538461536,
      "acc_stderr": 0.0474473339327792
    },
    "logiqa": {
      "acc": 0.2350230414746544,
      "acc_stderr": 0.016631166823890955,
      "acc_norm": 0.2980030721966206,
      "acc_norm_stderr": 0.017939952883824502
    },
    "hendrycksTest-econometrics": {
      "acc": 0.2894736842105263,
      "acc_stderr": 0.04266339443159394,
      "acc_norm": 0.2982456140350877,
      "acc_norm_stderr": 0.04303684033537317
    },
    "hendrycksTest-high_school_biology": {
      "acc": 0.23225806451612904,
      "acc_stderr": 0.024022256130308235,
      "acc_norm": 0.3032258064516129,
      "acc_norm_stderr": 0.02614868593067175
    },
    "hendrycksTest-logical_fallacies": {
      "acc": 0.22699386503067484,
      "acc_stderr": 0.03291099578615769,
      "acc_norm": 0.2392638036809816,
      "acc_norm_stderr": 0.03351953879521268
    },
    "arc_challenge": {
      "acc": 0.18600682593856654,
      "acc_stderr": 0.011370940183266754,
      "acc_norm": 0.2175767918088737,
      "acc_norm_stderr": 0.012057262020972499
    },
    "hendrycksTest-professional_medicine": {
      "acc": 0.34191176470588236,
      "acc_stderr": 0.028814722422254174,
      "acc_norm": 0.3639705882352941,
      "acc_norm_stderr": 0.029227192460032025
    },
    "piqa": {
      "acc": 0.5892274211099021,
      "acc_stderr": 0.011478565556775776,
      "acc_norm": 0.5854189336235038,
      "acc_norm_stderr": 0.011494326682255156
    },
    "arc_easy": {
      "acc": 0.3632154882154882,
      "acc_stderr": 0.009868397136118798,
      "acc_norm": 0.36195286195286197,
      "acc_norm_stderr": 0.009860991466688484
    },
    "hendrycksTest-management": {
      "acc": 0.24271844660194175,
      "acc_stderr": 0.04245022486384495,
      "acc_norm": 0.30097087378640774,
      "acc_norm_stderr": 0.04541609446503948
    },
    "hendrycksTest-medical_genetics": {
      "acc": 0.24,
      "acc_stderr": 0.042923469599092816,
      "acc_norm": 0.28,
      "acc_norm_stderr": 0.04512608598542127
    },
    "hendrycksTest-world_religions": {
      "acc": 0.19298245614035087,
      "acc_stderr": 0.03026745755489847,
      "acc_norm": 0.24561403508771928,
      "acc_norm_stderr": 0.03301405946987249
    },
    "hendrycksTest-computer_security": {
      "acc": 0.17,
      "acc_stderr": 0.03775251680686371,
      "acc_norm": 0.23,
      "acc_norm_stderr": 0.042295258468165065
    },
    "winogrande": {
      "acc": 0.5217048145224941,
      "acc_stderr": 0.014039239216484627
    },
    "hendrycksTest-conceptual_physics": {
      "acc": 0.2680851063829787,
      "acc_stderr": 0.02895734278834235,
      "acc_norm": 0.2127659574468085,
      "acc_norm_stderr": 0.026754391348039763
    },
    "hendrycksTest-international_law": {
      "acc": 0.14049586776859505,
      "acc_stderr": 0.031722334260021606,
      "acc_norm": 0.35537190082644626,
      "acc_norm_stderr": 0.04369236326573981
    },
    "hendrycksTest-business_ethics": {
      "acc": 0.33,
      "acc_stderr": 0.047258156262526045,
      "acc_norm": 0.38,
      "acc_norm_stderr": 0.048783173121456316
    },
    "hendrycksTest-security_studies": {
      "acc": 0.2979591836734694,
      "acc_stderr": 0.02927956741106567,
      "acc_norm": 0.2530612244897959,
      "acc_norm_stderr": 0.027833023871399666
    },
    "hendrycksTest-professional_law": {
      "acc": 0.24511082138200782,
      "acc_stderr": 0.010986307870045512,
      "acc_norm": 0.26140808344198174,
      "acc_norm_stderr": 0.01122252816977131
    },
    "hendrycksTest-high_school_mathematics": {
      "acc": 0.26666666666666666,
      "acc_stderr": 0.026962424325073838,
      "acc_norm": 0.3148148148148148,
      "acc_norm_stderr": 0.028317533496066485
    },
    "hendrycksTest-us_foreign_policy": {
      "acc": 0.23,
      "acc_stderr": 0.042295258468165044,
      "acc_norm": 0.3,
      "acc_norm_stderr": 0.046056618647183814
    },
    "hendrycksTest-high_school_microeconomics": {
      "acc": 0.24789915966386555,
      "acc_stderr": 0.028047967224176892,
      "acc_norm": 0.3403361344537815,
      "acc_norm_stderr": 0.030778057422931673
    },
    "hendrycksTest-high_school_geography": {
      "acc": 0.30808080808080807,
      "acc_stderr": 0.032894773300986134,
      "acc_norm": 0.3383838383838384,
      "acc_norm_stderr": 0.033711241426263035
    },
    "hendrycksTest-college_computer_science": {
      "acc": 0.26,
      "acc_stderr": 0.04408440022768079,
      "acc_norm": 0.25,
      "acc_norm_stderr": 0.04351941398892446
    },
    "hendrycksTest-high_school_us_history": {
      "acc": 0.2696078431372549,
      "acc_stderr": 0.03114557065948678,
      "acc_norm": 0.27941176470588236,
      "acc_norm_stderr": 0.03149328104507955
    },
    "hendrycksTest-high_school_world_history": {
      "acc": 0.2109704641350211,
      "acc_stderr": 0.02655837250266192,