{
  "results": {
    "crows_pairs_french_race_color": {
      "likelihood_difference": 3.695108695652174,
      "likelihood_difference_stderr": 0.1822655277309961,
      "pct_stereotype": 0.29130434782608694,
      "pct_stereotype_stderr": 0.021207868641041152
    },
    "crows_pairs_french": {
      "likelihood_difference": 3.834386180679785,
      "likelihood_difference_stderr": 0.09545127974484312,
      "pct_stereotype": 0.4502087060226595,
      "pct_stereotype_stderr": 0.012152590574174898
    },
    "crows_pairs_english_disability": {
      "likelihood_difference": 5.099038461538462,
      "likelihood_difference_stderr": 0.5909451753312813,
      "pct_stereotype": 0.6307692307692307,
      "pct_stereotype_stderr": 0.06032456592830046
    },
    "crows_pairs_english_nationality": {
      "likelihood_difference": 3.449435763888889,
      "likelihood_difference_stderr": 0.24637177723161605,
      "pct_stereotype": 0.4861111111111111,
      "pct_stereotype_stderr": 0.03408655867977749
    },
    "crows_pairs_english_gender": {
      "likelihood_difference": 3.184375,
      "likelihood_difference_stderr": 0.20240922101980668,
      "pct_stereotype": 0.609375,
      "pct_stereotype_stderr": 0.02731662195498096
    },
    "crows_pairs_english_age": {
      "likelihood_difference": 3.07967032967033,
      "likelihood_difference_stderr": 0.32198860187223993,
      "pct_stereotype": 0.6483516483516484,
      "pct_stereotype_stderr": 0.050331323186278885
    },
    "crows_pairs_english_sexual_orientation": {
      "likelihood_difference": 4.800403225806452,
      "likelihood_difference_stderr": 0.5180622649014986,
      "pct_stereotype": 0.8172043010752689,
      "pct_stereotype_stderr": 0.040295300106155174
    },
    "crows_pairs_french_nationality": {
      "likelihood_difference": 4.436635375494071,
      "likelihood_difference_stderr": 0.2473879719150057,
      "pct_stereotype": 0.3201581027667984,
      "pct_stereotype_stderr": 0.029389076633931355
    },
    "crows_pairs_french_physical_appearance": {
      "likelihood_difference": 4.306857638888889,
      "likelihood_difference_stderr": 0.5476716776956254,
      "pct_stereotype": 0.625,
      "pct_stereotype_stderr": 0.05745481997211521
    },
    "crows_pairs_french_religion": {
      "likelihood_difference": 3.578532608695652,
      "likelihood_difference_stderr": 0.3796792360500945,
      "pct_stereotype": 0.6347826086956522,
      "pct_stereotype_stderr": 0.04509577025262067
    },
    "crows_pairs_english_race_color": {
      "likelihood_difference": 3.3586983267716537,
      "likelihood_difference_stderr": 0.15579137751506675,
      "pct_stereotype": 0.515748031496063,
      "pct_stereotype_stderr": 0.02219476276265932
    },
    "crows_pairs_english_autre": {
      "likelihood_difference": 5.642045454545454,
      "likelihood_difference_stderr": 1.8475709811737158,
      "pct_stereotype": 0.7272727272727273,
      "pct_stereotype_stderr": 0.14083575804390605
    },
    "crows_pairs_french_gender": {
      "likelihood_difference": 3.3124026479750777,
      "likelihood_difference_stderr": 0.2011118893381264,
      "pct_stereotype": 0.5109034267912772,
      "pct_stereotype_stderr": 0.027944203070818633
    },
    "crows_pairs_french_autre": {
      "likelihood_difference": 2.1826923076923075,
      "likelihood_difference_stderr": 0.8211817826494482,
      "pct_stereotype": 0.23076923076923078,
      "pct_stereotype_stderr": 0.12162606385262997
    },
    "crows_pairs_english_physical_appearance": {
      "likelihood_difference": 3.3815104166666665,
      "likelihood_difference_stderr": 0.33348112456634765,
      "pct_stereotype": 0.625,
      "pct_stereotype_stderr": 0.05745481997211521
    },
    "crows_pairs_french_age": {
      "likelihood_difference": 3.357291666666667,
      "likelihood_difference_stderr": 0.3180296695718754,
      "pct_stereotype": 0.36666666666666664,
      "pct_stereotype_stderr": 0.051080705280321645
    },
    "crows_pairs_french_disability": {
      "likelihood_difference": 4.866003787878788,
      "likelihood_difference_stderr": 0.4466501540962547,
      "pct_stereotype": 0.5,
      "pct_stereotype_stderr": 0.06201736729460421
    },
    "crows_pairs_english": {
      "likelihood_difference": 3.5164169648181276,
      "likelihood_difference_stderr": 0.08972016788897888,
      "pct_stereotype": 0.5831842576028623,
      "pct_stereotype_stderr": 0.012043090376959059
    },
    "crows_pairs_french_socioeconomic": {
      "likelihood_difference": 3.7800542091836733,
      "likelihood_difference_stderr": 0.31046214480344675,
      "pct_stereotype": 0.576530612244898,
      "pct_stereotype_stderr": 0.03538383416117806
    },
    "crows_pairs_english_religion": {
      "likelihood_difference": 3.0502533783783785,
      "likelihood_difference_stderr": 0.32252553060374156,
      "pct_stereotype": 0.6846846846846847,
      "pct_stereotype_stderr": 0.04430181273152669
    },
    "crows_pairs_french_sexual_orientation": {
      "likelihood_difference": 4.731456043956044,
      "likelihood_difference_stderr": 0.3901880119900584,
      "pct_stereotype": 0.8351648351648352,
      "pct_stereotype_stderr": 0.03911017674736743
    },
    "crows_pairs_english_socioeconomic": {
      "likelihood_difference": 3.8131578947368423,
      "likelihood_difference_stderr": 0.24103208294049167,
      "pct_stereotype": 0.5842105263157895,
      "pct_stereotype_stderr": 0.03585011325520009
    }
  },
  "versions": {
    "crows_pairs_french_race_color": 0,
    "crows_pairs_french": 0,
    "crows_pairs_english_disability": 0,
    "crows_pairs_english_nationality": 0,
    "crows_pairs_english_gender": 0,
    "crows_pairs_english_age": 0,
    "crows_pairs_english_sexual_orientation": 0,
    "crows_pairs_french_nationality": 0,
    "crows_pairs_french_physical_appearance": 0,
    "crows_pairs_french_religion": 0,
    "crows_pairs_english_race_color": 0,
    "crows_pairs_english_autre": 0,
    "crows_pairs_french_gender": 0,
    "crows_pairs_french_autre": 0,
    "crows_pairs_english_physical_appearance": 0,
    "crows_pairs_french_age": 0,
    "crows_pairs_french_disability": 0,
    "crows_pairs_english": 0,
    "crows_pairs_french_socioeconomic": 0,
    "crows_pairs_english_religion": 0,
    "crows_pairs_french_sexual_orientation": 0,
    "crows_pairs_english_socioeconomic": 0
  },
  "config": {
    "model": "hf-causal",
    "model_args": "pretrained=EleutherAI/pythia-v1.1-410m-deduped,revision=step137000",
    "num_fewshot": 0,
    "batch_size": 4,
    "device": "cuda:0",
    "no_cache": true,
    "limit": null,
    "bootstrap_iters": 100000,
    "description_dict": {}
  }
}