{
  "results": {
    "crows_pairs_french_age": {
      "likelihood_difference": 3.573611111111111,
      "likelihood_difference_stderr": 0.3351546796203163,
      "pct_stereotype": 0.35555555555555557,
      "pct_stereotype_stderr": 0.05074011803597719
    },
    "crows_pairs_french_gender": {
      "likelihood_difference": 3.1689057632398754,
      "likelihood_difference_stderr": 0.1925751358456941,
      "pct_stereotype": 0.5233644859813084,
      "pct_stereotype_stderr": 0.027920316348204986
    },
    "crows_pairs_english_autre": {
      "likelihood_difference": 5.846590909090909,
      "likelihood_difference_stderr": 2.0232993636836456,
      "pct_stereotype": 0.6363636363636364,
      "pct_stereotype_stderr": 0.15212000482437738
    },
    "crows_pairs_english_nationality": {
      "likelihood_difference": 3.437717013888889,
      "likelihood_difference_stderr": 0.24924023222390182,
      "pct_stereotype": 0.5046296296296297,
      "pct_stereotype_stderr": 0.03409825519163572
    },
    "crows_pairs_english_age": {
      "likelihood_difference": 3.143543956043956,
      "likelihood_difference_stderr": 0.32642289501318417,
      "pct_stereotype": 0.5824175824175825,
      "pct_stereotype_stderr": 0.05198368783767557
    },
    "crows_pairs_french_disability": {
      "likelihood_difference": 4.711174242424242,
      "likelihood_difference_stderr": 0.43941941829411924,
      "pct_stereotype": 0.5,
      "pct_stereotype_stderr": 0.06201736729460421
    },
    "crows_pairs_english_race_color": {
      "likelihood_difference": 3.2788816437007875,
      "likelihood_difference_stderr": 0.15577863082050358,
      "pct_stereotype": 0.5236220472440944,
      "pct_stereotype_stderr": 0.022180984040966988
    },
    "crows_pairs_french_religion": {
      "likelihood_difference": 3.553804347826087,
      "likelihood_difference_stderr": 0.3701320328952851,
      "pct_stereotype": 0.6347826086956522,
      "pct_stereotype_stderr": 0.04509577025262067
    },
    "lambada_openai": {
      "ppl": 13.162119784327693,
      "ppl_stderr": 0.40338961382484234,
      "acc": 0.46671841645643314,
      "acc_stderr": 0.006950528603228097
    },
    "crows_pairs_english_religion": {
      "likelihood_difference": 2.897240990990991,
      "likelihood_difference_stderr": 0.3056317792363822,
      "pct_stereotype": 0.6666666666666666,
      "pct_stereotype_stderr": 0.04494665749754944
    },
    "crows_pairs_english_disability": {
      "likelihood_difference": 4.934615384615385,
      "likelihood_difference_stderr": 0.5730713709619891,
      "pct_stereotype": 0.6153846153846154,
      "pct_stereotype_stderr": 0.06081303192631498
    },
    "crows_pairs_french_autre": {
      "likelihood_difference": 1.9158653846153846,
      "likelihood_difference_stderr": 0.6222936659994994,
      "pct_stereotype": 0.3076923076923077,
      "pct_stereotype_stderr": 0.13323467750529824
    },
    "crows_pairs_french_race_color": {
      "likelihood_difference": 3.635665760869565,
      "likelihood_difference_stderr": 0.1807880638905493,
      "pct_stereotype": 0.2847826086956522,
      "pct_stereotype_stderr": 0.02106538604116979
    },
    "crows_pairs_english": {
      "likelihood_difference": 3.4965060375670842,
      "likelihood_difference_stderr": 0.08880666139858756,
      "pct_stereotype": 0.5885509838998211,
      "pct_stereotype_stderr": 0.012020237590187832
    },
    "crows_pairs_french_physical_appearance": {
      "likelihood_difference": 4.216145833333333,
      "likelihood_difference_stderr": 0.5434643639291048,
      "pct_stereotype": 0.5972222222222222,
      "pct_stereotype_stderr": 0.05820650942569532
    },
    "crows_pairs_english_gender": {
      "likelihood_difference": 3.280859375,
      "likelihood_difference_stderr": 0.1992718406980312,
      "pct_stereotype": 0.621875,
      "pct_stereotype_stderr": 0.027150254412347155
    },
    "crows_pairs_english_physical_appearance": {
      "likelihood_difference": 3.2200520833333335,
      "likelihood_difference_stderr": 0.3209950571352153,
      "pct_stereotype": 0.625,
      "pct_stereotype_stderr": 0.05745481997211521
    },
    "crows_pairs_french_socioeconomic": {
      "likelihood_difference": 3.693000637755102,
      "likelihood_difference_stderr": 0.30229008937536195,
      "pct_stereotype": 0.576530612244898,
      "pct_stereotype_stderr": 0.03538383416117806
    },
    "crows_pairs_english_socioeconomic": {
      "likelihood_difference": 3.8289473684210527,
      "likelihood_difference_stderr": 0.23869036534134752,
      "pct_stereotype": 0.6263157894736842,
      "pct_stereotype_stderr": 0.03518990966860905
    },
    "crows_pairs_french": {
      "likelihood_difference": 3.7844830799045917,
      "likelihood_difference_stderr": 0.09438138882198897,
      "pct_stereotype": 0.45080500894454384,
      "pct_stereotype_stderr": 0.012154039490138225
    },
    "crows_pairs_english_sexual_orientation": {
      "likelihood_difference": 4.876176075268817,
      "likelihood_difference_stderr": 0.4937792736743001,
      "pct_stereotype": 0.8064516129032258,
      "pct_stereotype_stderr": 0.041189832133487855
    },
    "crows_pairs_french_sexual_orientation": {
      "likelihood_difference": 4.634958791208791,
      "likelihood_difference_stderr": 0.4272052892302152,
      "pct_stereotype": 0.8351648351648352,
      "pct_stereotype_stderr": 0.03911017674736743
    },
    "crows_pairs_french_nationality": {
      "likelihood_difference": 4.512351778656127,
      "likelihood_difference_stderr": 0.243683425853298,
      "pct_stereotype": 0.32806324110671936,
      "pct_stereotype_stderr": 0.029576223219432405
    }
  },
  "versions": {
    "crows_pairs_french_age": 0,
    "crows_pairs_french_gender": 0,
    "crows_pairs_english_autre": 0,
    "crows_pairs_english_nationality": 0,
    "crows_pairs_english_age": 0,
    "crows_pairs_french_disability": 0,
    "crows_pairs_english_race_color": 0,
    "crows_pairs_french_religion": 0,
    "lambada_openai": 0,
    "crows_pairs_english_religion": 0,
    "crows_pairs_english_disability": 0,
    "crows_pairs_french_autre": 0,
    "crows_pairs_french_race_color": 0,
    "crows_pairs_english": 0,
    "crows_pairs_french_physical_appearance": 0,
    "crows_pairs_english_gender": 0,
    "crows_pairs_english_physical_appearance": 0,
    "crows_pairs_french_socioeconomic": 0,
    "crows_pairs_english_socioeconomic": 0,
    "crows_pairs_french": 0,
    "crows_pairs_english_sexual_orientation": 0,
    "crows_pairs_french_sexual_orientation": 0,
    "crows_pairs_french_nationality": 0
  },
  "config": {
    "model": "hf-causal",
    "model_args": "pretrained=EleutherAI/intervention-pythia-v1.1-410m-deduped,revision=step140000",
    "num_fewshot": 0,
    "batch_size": 16,
    "device": "cuda:6",
    "no_cache": true,
    "limit": null,
    "bootstrap_iters": 100000,
    "description_dict": {}
  }
}