train/lm_loss	step
2.553964614868164	22001
2.556849479675293	22002
2.6114017963409424	22003
2.575450897216797	22004
2.5590097904205322	22005
2.6044650077819824	22006
2.5877084732055664	22007
2.528313636779785	22008
2.5447182655334473	22009
