train/lm_loss	step
10.986671447753906	1
10.986577987670898	2
10.985722541809082	3
