train/lm_loss	step
2.8473901748657227	43001
2.813727617263794	43002
2.8670034408569336	43003
2.9125876426696777	43004
2.8648738861083984	43005
2.855130672454834	43006
2.818431854248047	43007
2.8595619201660156	43008
2.8521087169647217	43009
2.839040756225586	43010
2.820953845977783	43011
