train/lm_loss	step
10.986671447753906	1
10.986577987670898	2
10.985722541809082	3
10.986327171325684	4
10.984652519226074	5
10.97796630859375	6
10.960494995117188	7
