{
  "results": {
    "crows_pairs_french_socioeconomic": {
      "likelihood_difference": 3.689732142857143,
      "likelihood_difference_stderr": 0.30720207409759887,
      "pct_stereotype": 0.5510204081632653,
      "pct_stereotype_stderr": 0.03561884533975955
    },
    "crows_pairs_english_disability": {
      "likelihood_difference": 5.077403846153846,
      "likelihood_difference_stderr": 0.5796441302118671,
      "pct_stereotype": 0.6307692307692307,
      "pct_stereotype_stderr": 0.06032456592830046
    },
    "crows_pairs_french_sexual_orientation": {
      "likelihood_difference": 4.255837912087912,
      "likelihood_difference_stderr": 0.37887098021432,
      "pct_stereotype": 0.7802197802197802,
      "pct_stereotype_stderr": 0.04364972632898534
    },
    "crows_pairs_french_age": {
      "likelihood_difference": 3.3149305555555557,
      "likelihood_difference_stderr": 0.323979700278726,
      "pct_stereotype": 0.3888888888888889,
      "pct_stereotype_stderr": 0.051674686932038624
    },
    "crows_pairs_french_disability": {
      "likelihood_difference": 4.724431818181818,
      "likelihood_difference_stderr": 0.467093474056927,
      "pct_stereotype": 0.48484848484848486,
      "pct_stereotype_stderr": 0.06198888629778894
    },
    "crows_pairs_french_physical_appearance": {
      "likelihood_difference": 4.287760416666667,
      "likelihood_difference_stderr": 0.5797596486530568,
      "pct_stereotype": 0.6111111111111112,
      "pct_stereotype_stderr": 0.057855371034784615
    },
    "crows_pairs_french_nationality": {
      "likelihood_difference": 4.465415019762846,
      "likelihood_difference_stderr": 0.24236892567181945,
      "pct_stereotype": 0.31620553359683795,
      "pct_stereotype_stderr": 0.02929188048554201
    },
    "crows_pairs_english_religion": {
      "likelihood_difference": 2.9443975225225225,
      "likelihood_difference_stderr": 0.3058295611496186,
      "pct_stereotype": 0.7567567567567568,
      "pct_stereotype_stderr": 0.04090743073860916
    },
    "crows_pairs_english_nationality": {
      "likelihood_difference": 3.334346064814815,
      "likelihood_difference_stderr": 0.22810609501004386,
      "pct_stereotype": 0.48148148148148145,
      "pct_stereotype_stderr": 0.034076320938540516
    },
    "crows_pairs_english_age": {
      "likelihood_difference": 3.160370879120879,
      "likelihood_difference_stderr": 0.31379357145228104,
      "pct_stereotype": 0.6373626373626373,
      "pct_stereotype_stderr": 0.05067669921031868
    },
    "crows_pairs_english_race_color": {
      "likelihood_difference": 3.337075541338583,
      "likelihood_difference_stderr": 0.15208569310921,
      "pct_stereotype": 0.531496062992126,
      "pct_stereotype_stderr": 0.022161679438492773
    },
    "crows_pairs_french_race_color": {
      "likelihood_difference": 3.814266304347826,
      "likelihood_difference_stderr": 0.17612162341513735,
      "pct_stereotype": 0.27391304347826084,
      "pct_stereotype_stderr": 0.020815858715265558
    },
    "crows_pairs_french_gender": {
      "likelihood_difference": 3.2404595015576323,
      "likelihood_difference_stderr": 0.19751070422061268,
      "pct_stereotype": 0.5109034267912772,
      "pct_stereotype_stderr": 0.02794420307081864
    },
    "crows_pairs_french": {
      "likelihood_difference": 3.8176244782349436,
      "likelihood_difference_stderr": 0.09439527863023968,
      "pct_stereotype": 0.44364937388193204,
      "pct_stereotype_stderr": 0.012135487294344048
    },
    "crows_pairs_english_gender": {
      "likelihood_difference": 3.105419921875,
      "likelihood_difference_stderr": 0.1921309150146594,
      "pct_stereotype": 0.590625,
      "pct_stereotype_stderr": 0.027530952052640063
    },
    "crows_pairs_english_physical_appearance": {
      "likelihood_difference": 3.1686197916666665,
      "likelihood_difference_stderr": 0.31144431449205373,
      "pct_stereotype": 0.5972222222222222,
      "pct_stereotype_stderr": 0.05820650942569533
    },
    "crows_pairs_french_religion": {
      "likelihood_difference": 3.6608695652173915,
      "likelihood_difference_stderr": 0.39145487619001823,
      "pct_stereotype": 0.6869565217391305,
      "pct_stereotype_stderr": 0.043432470166108246
    },
    "crows_pairs_english_socioeconomic": {
      "likelihood_difference": 3.6838815789473682,
      "likelihood_difference_stderr": 0.2274934796658203,
      "pct_stereotype": 0.6052631578947368,
      "pct_stereotype_stderr": 0.035554538744639326
    },
    "crows_pairs_english_autre": {
      "likelihood_difference": 6.059659090909091,
      "likelihood_difference_stderr": 2.0311514597839926,
      "pct_stereotype": 0.6363636363636364,
      "pct_stereotype_stderr": 0.15212000482437738
    },
    "crows_pairs_english": {
      "likelihood_difference": 3.467762373285629,
      "likelihood_difference_stderr": 0.0865352527695263,
      "pct_stereotype": 0.5885509838998211,
      "pct_stereotype_stderr": 0.012020237590187834
    },
    "crows_pairs_french_autre": {
      "likelihood_difference": 2.1009615384615383,
      "likelihood_difference_stderr": 0.7520517628749982,
      "pct_stereotype": 0.38461538461538464,
      "pct_stereotype_stderr": 0.1404416814115811
    },
    "crows_pairs_english_sexual_orientation": {
      "likelihood_difference": 5.022177419354839,
      "likelihood_difference_stderr": 0.5042016939965889,
      "pct_stereotype": 0.8172043010752689,
      "pct_stereotype_stderr": 0.040295300106155174
    }
  },
  "versions": {
    "crows_pairs_french_socioeconomic": 0,
    "crows_pairs_english_disability": 0,
    "crows_pairs_french_sexual_orientation": 0,
    "crows_pairs_french_age": 0,
    "crows_pairs_french_disability": 0,
    "crows_pairs_french_physical_appearance": 0,
    "crows_pairs_french_nationality": 0,
    "crows_pairs_english_religion": 0,
    "crows_pairs_english_nationality": 0,
    "crows_pairs_english_age": 0,
    "crows_pairs_english_race_color": 0,
    "crows_pairs_french_race_color": 0,
    "crows_pairs_french_gender": 0,
    "crows_pairs_french": 0,
    "crows_pairs_english_gender": 0,
    "crows_pairs_english_physical_appearance": 0,
    "crows_pairs_french_religion": 0,
    "crows_pairs_english_socioeconomic": 0,
    "crows_pairs_english_autre": 0,
    "crows_pairs_english": 0,
    "crows_pairs_french_autre": 0,
    "crows_pairs_english_sexual_orientation": 0
  },
  "config": {
    "model": "hf-causal",
    "model_args": "pretrained=EleutherAI/pythia-v1.1-410m-deduped,revision=step139000",
    "num_fewshot": 0,
    "batch_size": 4,
    "device": "cuda:1",
    "no_cache": true,
    "limit": null,
    "bootstrap_iters": 100000,
    "description_dict": {}
  }
}