{
  "results": {
    "crows_pairs_english": {
      "likelihood_difference": 3.594104054859869,
      "likelihood_difference_stderr": 0.08868428112009605,
      "pct_stereotype": 0.5974955277280859,
      "pct_stereotype_stderr": 0.011978865190858288
    },
    "crows_pairs_french_religion": {
      "likelihood_difference": 3.7385869565217393,
      "likelihood_difference_stderr": 0.3797017905950883,
      "pct_stereotype": 0.6260869565217392,
      "pct_stereotype_stderr": 0.045315858286449635
    },
    "crows_pairs_english_autre": {
      "likelihood_difference": 5.880681818181818,
      "likelihood_difference_stderr": 2.054555196577869,
      "pct_stereotype": 0.7272727272727273,
      "pct_stereotype_stderr": 0.14083575804390605
    },
    "crows_pairs_french_sexual_orientation": {
      "likelihood_difference": 3.95157967032967,
      "likelihood_difference_stderr": 0.37335767497501104,
      "pct_stereotype": 0.8351648351648352,
      "pct_stereotype_stderr": 0.03911017674736743
    },
    "crows_pairs_english_physical_appearance": {
      "likelihood_difference": 3.267795138888889,
      "likelihood_difference_stderr": 0.31506541029947255,
      "pct_stereotype": 0.5833333333333334,
      "pct_stereotype_stderr": 0.05850912479161746
    },
    "crows_pairs_french_nationality": {
      "likelihood_difference": 4.478631422924901,
      "likelihood_difference_stderr": 0.2427313022998644,
      "pct_stereotype": 0.3438735177865613,
      "pct_stereotype_stderr": 0.02992215572084943
    },
    "crows_pairs_french_autre": {
      "likelihood_difference": 2.019230769230769,
      "likelihood_difference_stderr": 0.6997071350851393,
      "pct_stereotype": 0.3076923076923077,
      "pct_stereotype_stderr": 0.13323467750529824
    },
    "crows_pairs_english_gender": {
      "likelihood_difference": 3.322900390625,
      "likelihood_difference_stderr": 0.19838803067605407,
      "pct_stereotype": 0.603125,
      "pct_stereotype_stderr": 0.027392722323370235
    },
    "crows_pairs_french_disability": {
      "likelihood_difference": 4.906723484848484,
      "likelihood_difference_stderr": 0.44265737867888005,
      "pct_stereotype": 0.5,
      "pct_stereotype_stderr": 0.06201736729460421
    },
    "crows_pairs_english_sexual_orientation": {
      "likelihood_difference": 4.724798387096774,
      "likelihood_difference_stderr": 0.5029473114451538,
      "pct_stereotype": 0.8172043010752689,
      "pct_stereotype_stderr": 0.040295300106155174
    },
    "crows_pairs_french": {
      "likelihood_difference": 3.8280038759689923,
      "likelihood_difference_stderr": 0.09647030061555019,
      "pct_stereotype": 0.4490161001788909,
      "pct_stereotype_stderr": 0.01214963983768992
    },
    "crows_pairs_english_age": {
      "likelihood_difference": 3.317651098901099,
      "likelihood_difference_stderr": 0.3262633294794103,
      "pct_stereotype": 0.5934065934065934,
      "pct_stereotype_stderr": 0.05177678676654832
    },
    "crows_pairs_french_age": {
      "likelihood_difference": 3.3194444444444446,
      "likelihood_difference_stderr": 0.32844235432589064,
      "pct_stereotype": 0.4111111111111111,
      "pct_stereotype_stderr": 0.05215564061107554
    },
    "crows_pairs_english_socioeconomic": {
      "likelihood_difference": 3.702138157894737,
      "likelihood_difference_stderr": 0.23431093123926963,
      "pct_stereotype": 0.5894736842105263,
      "pct_stereotype_stderr": 0.03578259307784409
    },
    "crows_pairs_english_nationality": {
      "likelihood_difference": 3.4505931712962963,
      "likelihood_difference_stderr": 0.23986821498129543,
      "pct_stereotype": 0.48148148148148145,
      "pct_stereotype_stderr": 0.03407632093854052
    },
    "crows_pairs_french_socioeconomic": {
      "likelihood_difference": 3.662627551020408,
      "likelihood_difference_stderr": 0.3191103186290797,
      "pct_stereotype": 0.5051020408163265,
      "pct_stereotype_stderr": 0.03580387954767122
    },
    "crows_pairs_english_religion": {
      "likelihood_difference": 2.9124436936936937,
      "likelihood_difference_stderr": 0.29807006538965836,
      "pct_stereotype": 0.7297297297297297,
      "pct_stereotype_stderr": 0.042343213610845365
    },
    "crows_pairs_french_race_color": {
      "likelihood_difference": 3.8525135869565217,
      "likelihood_difference_stderr": 0.19171730247127836,
      "pct_stereotype": 0.28043478260869564,
      "pct_stereotype_stderr": 0.02096740469164158
    },
    "crows_pairs_english_race_color": {
      "likelihood_difference": 3.5785556102362204,
      "likelihood_difference_stderr": 0.15945138978021897,
      "pct_stereotype": 0.5728346456692913,
      "pct_stereotype_stderr": 0.021968918082519016
    },
    "crows_pairs_english_disability": {
      "likelihood_difference": 5.119711538461538,
      "likelihood_difference_stderr": 0.5757791581407251,
      "pct_stereotype": 0.6307692307692307,
      "pct_stereotype_stderr": 0.06032456592830046
    },
    "crows_pairs_french_physical_appearance": {
      "likelihood_difference": 4.235243055555555,
      "likelihood_difference_stderr": 0.5600357813900056,
      "pct_stereotype": 0.6527777777777778,
      "pct_stereotype_stderr": 0.05650114676852965
    },
    "crows_pairs_french_gender": {
      "likelihood_difference": 3.280763239875389,
      "likelihood_difference_stderr": 0.1965073199031481,
      "pct_stereotype": 0.5264797507788161,
      "pct_stereotype_stderr": 0.02791162519893664
    }
  },
  "versions": {
    "crows_pairs_english": 0,
    "crows_pairs_french_religion": 0,
    "crows_pairs_english_autre": 0,
    "crows_pairs_french_sexual_orientation": 0,
    "crows_pairs_english_physical_appearance": 0,
    "crows_pairs_french_nationality": 0,
    "crows_pairs_french_autre": 0,
    "crows_pairs_english_gender": 0,
    "crows_pairs_french_disability": 0,
    "crows_pairs_english_sexual_orientation": 0,
    "crows_pairs_french": 0,
    "crows_pairs_english_age": 0,
    "crows_pairs_french_age": 0,
    "crows_pairs_english_socioeconomic": 0,
    "crows_pairs_english_nationality": 0,
    "crows_pairs_french_socioeconomic": 0,
    "crows_pairs_english_religion": 0,
    "crows_pairs_french_race_color": 0,
    "crows_pairs_english_race_color": 0,
    "crows_pairs_english_disability": 0,
    "crows_pairs_french_physical_appearance": 0,
    "crows_pairs_french_gender": 0
  },
  "config": {
    "model": "hf-causal",
    "model_args": "pretrained=EleutherAI/pythia-v1.1-410m-deduped,revision=step134000",
    "num_fewshot": 0,
    "batch_size": 4,
    "device": "cuda:0",
    "no_cache": true,
    "limit": null,
    "bootstrap_iters": 100000,
    "description_dict": {}
  }
}