{
  "results": {
    "hendrycksTest-philosophy": {
      "acc": 0.22186495176848875,
      "acc_stderr": 0.023598858292863047,
      "acc_norm": 0.27009646302250806,
      "acc_norm_stderr": 0.025218040373410616
    },
    "hendrycksTest-global_facts": {
      "acc": 0.24,
      "acc_stderr": 0.04292346959909282,
      "acc_norm": 0.27,
      "acc_norm_stderr": 0.044619604333847394
    },
    "wsc": {
      "acc": 0.36538461538461536,
      "acc_stderr": 0.0474473339327792
    },
    "hendrycksTest-security_studies": {
      "acc": 0.2857142857142857,
      "acc_stderr": 0.028920583220675596,
      "acc_norm": 0.24897959183673468,
      "acc_norm_stderr": 0.027682979522960234
    },
    "hendrycksTest-business_ethics": {
      "acc": 0.32,
      "acc_stderr": 0.04688261722621505,
      "acc_norm": 0.33,
      "acc_norm_stderr": 0.047258156262526045
    },
    "hendrycksTest-high_school_computer_science": {
      "acc": 0.17,
      "acc_stderr": 0.03775251680686371,
      "acc_norm": 0.23,
      "acc_norm_stderr": 0.04229525846816506
    },
    "hendrycksTest-prehistory": {
      "acc": 0.23765432098765432,
      "acc_stderr": 0.023683591837008557,
      "acc_norm": 0.22530864197530864,
      "acc_norm_stderr": 0.02324620264781975
    },
    "hendrycksTest-public_relations": {
      "acc": 0.3181818181818182,
      "acc_stderr": 0.044612721759105085,
      "acc_norm": 0.2818181818181818,
      "acc_norm_stderr": 0.043091187099464585
    },
    "lambada_openai": {
      "ppl": 10.172863920361381,
      "ppl_stderr": 0.2838162657263003,
      "acc": 0.5061129439161653,
      "acc_stderr": 0.006965457027269255
    },
    "hendrycksTest-high_school_biology": {
      "acc": 0.2129032258064516,
      "acc_stderr": 0.023287665127268535,
      "acc_norm": 0.24193548387096775,
      "acc_norm_stderr": 0.0243625996930311
    },
    "sciq": {
      "acc": 0.899,
      "acc_stderr": 0.009533618929340982,
      "acc_norm": 0.894,
      "acc_norm_stderr": 0.009739551265785134
    },
    "hendrycksTest-abstract_algebra": {
      "acc": 0.2,
      "acc_stderr": 0.04020151261036845,
      "acc_norm": 0.27,
      "acc_norm_stderr": 0.044619604333847394
    },
    "hendrycksTest-moral_scenarios": {
      "acc": 0.2435754189944134,
      "acc_stderr": 0.014355911964767865,
      "acc_norm": 0.2335195530726257,
      "acc_norm_stderr": 0.014149575348976266
    },
    "hendrycksTest-computer_security": {
      "acc": 0.31,
      "acc_stderr": 0.04648231987117316,
      "acc_norm": 0.32,
      "acc_norm_stderr": 0.046882617226215034
    },
    "hendrycksTest-high_school_mathematics": {
      "acc": 0.2518518518518518,
      "acc_stderr": 0.026466117538959916,
      "acc_norm": 0.28888888888888886,
      "acc_norm_stderr": 0.027634907264178544
    },
    "hendrycksTest-high_school_chemistry": {
      "acc": 0.22167487684729065,
      "acc_stderr": 0.029225575892489614,
      "acc_norm": 0.22660098522167488,
      "acc_norm_stderr": 0.02945486383529297
    },
    "hendrycksTest-international_law": {
      "acc": 0.18181818181818182,
      "acc_stderr": 0.03520893951097652,
      "acc_norm": 0.3305785123966942,
      "acc_norm_stderr": 0.04294340845212095
    },
    "piqa": {
      "acc": 0.690968443960827,
      "acc_stderr": 0.01078141946440698,
      "acc_norm": 0.6931447225244831,
      "acc_norm_stderr": 0.010760295070580385
    },
    "hendrycksTest-us_foreign_policy": {
      "acc": 0.27,
      "acc_stderr": 0.0446196043338474,
      "acc_norm": 0.3,
      "acc_norm_stderr": 0.046056618647183814
    },
    "hendrycksTest-machine_learning": {
      "acc": 0.21428571428571427,
      "acc_stderr": 0.03894641120044793,
      "acc_norm": 0.24107142857142858,
      "acc_norm_stderr": 0.040598672469526864
    },
    "hendrycksTest-jurisprudence": {
      "acc": 0.3055555555555556,
      "acc_stderr": 0.044531975073749834,
      "acc_norm": 0.3611111111111111,
      "acc_norm_stderr": 0.04643454608906275
    },
    "hendrycksTest-human_sexuality": {
      "acc": 0.3969465648854962,
      "acc_stderr": 0.04291135671009224,
      "acc_norm": 0.31297709923664124,
      "acc_norm_stderr": 0.04066962905677697
    },
    "hendrycksTest-high_school_government_and_politics": {
      "acc": 0.21243523316062177,
      "acc_stderr": 0.029519282616817244,
      "acc_norm": 0.22797927461139897,
      "acc_norm_stderr": 0.030276909945178253
    },
    "hendrycksTest-college_computer_science": {
      "acc": 0.34,
      "acc_stderr": 0.04760952285695235,
      "acc_norm": 0.31,
      "acc_norm_stderr": 0.04648231987117316
    },
    "hendrycksTest-high_school_physics": {
      "acc": 0.2980132450331126,
      "acc_stderr": 0.037345356767871984,
      "acc_norm": 0.2781456953642384,
      "acc_norm_stderr": 0.03658603262763743
    },
    "hendrycksTest-econometrics": {
      "acc": 0.2894736842105263,
      "acc_stderr": 0.042663394431593935,
      "acc_norm": 0.2719298245614035,
      "acc_norm_stderr": 0.04185774424022056
    },
    "hendrycksTest-professional_psychology": {
      "acc": 0.26633986928104575,
      "acc_stderr": 0.01788318813466718,
      "acc_norm": 0.2908496732026144,
      "acc_norm_stderr": 0.018373116915903966
    },
    "hendrycksTest-college_medicine": {
      "acc": 0.23699421965317918,
      "acc_stderr": 0.03242414757483098,
      "acc_norm": 0.24855491329479767,
      "acc_norm_stderr": 0.03295304696818318
    },
    "hendrycksTest-college_physics": {
      "acc": 0.27450980392156865,
      "acc_stderr": 0.044405219061793275,
      "acc_norm": 0.3235294117647059,
      "acc_norm_stderr": 0.046550104113196177
    },
    "hendrycksTest-sociology": {
      "acc": 0.25870646766169153,
      "acc_stderr": 0.030965903123573044,
      "acc_norm": 0.26865671641791045,
      "acc_norm_stderr": 0.031343283582089536
    },
    "arc_easy": {
      "acc": 0.5989057239057239,
      "acc_stderr": 0.010057051106534367,
      "acc_norm": 0.5795454545454546,
      "acc_norm_stderr": 0.010129114278546524
    },
    "arc_challenge": {
      "acc": 0.26023890784982934,
      "acc_stderr": 0.012821930225112561,
      "acc_norm": 0.29180887372013653,
      "acc_norm_stderr": 0.013284525292403511
    },
    "hendrycksTest-electrical_engineering": {
      "acc": 0.296551724137931,
      "acc_stderr": 0.03806142687309994,
      "acc_norm": 0.2827586206896552,
      "acc_norm_stderr": 0.037528339580033376
    },
    "hendrycksTest-astronomy": {
      "acc": 0.19736842105263158,
      "acc_stderr": 0.03238981601699397,
      "acc_norm": 0.23684210526315788,
      "acc_norm_stderr": 0.03459777606810537
    },
    "hendrycksTest-professional_accounting": {
      "acc": 0.25886524822695034,
      "acc_stderr": 0.026129572527180848,
      "acc_norm": 0.26595744680851063,
      "acc_norm_stderr": 0.026358065698880592
    },
    "hendrycksTest-world_religions": {
      "acc": 0.3684210526315789,
      "acc_stderr": 0.036996580176568775,
      "acc_norm": 0.3684210526315789,
      "acc_norm_stderr": 0.036996580176568775
    },
    "hendrycksTest-college_mathematics": {
      "acc": 0.21,
      "acc_stderr": 0.040936018074033256,
      "acc_norm": 0.27,
      "acc_norm_stderr": 0.044619604333847394
    },
    "hendrycksTest-high_school_psychology": {
      "acc": 0.24403669724770644,
      "acc_stderr": 0.01841528635141641,
      "acc_norm": 0.25321100917431194,
      "acc_norm_stderr": 0.01864407304137505
    },
    "winogrande": {
      "acc": 0.5382794001578532,
      "acc_stderr": 0.014011242594964116
    },
    "hendrycksTest-high_school_world_history": {
      "acc": 0.24050632911392406,
      "acc_stderr": 0.027820781981149675,
      "acc_norm": 0.25738396624472576,
      "acc_norm_stderr": 0.02845882099146029
    },
    "hendrycksTest-human_aging": {
      "acc": 0.32286995515695066,
      "acc_stderr": 0.03138147637575499,
      "acc_norm": 0.3004484304932735,
      "acc_norm_stderr": 0.030769352008229136
    },
    "hendrycksTest-marketing": {
      "acc": 0.2777777777777778,