{
  "results": {
    "hendrycksTest-human_sexuality": {
      "acc": 0.3511450381679389,
      "acc_stderr": 0.04186445163013751,
      "acc_norm": 0.31297709923664124,
      "acc_norm_stderr": 0.04066962905677697
    },
    "hendrycksTest-elementary_mathematics": {
      "acc": 0.2777777777777778,
      "acc_stderr": 0.023068188848261117,
      "acc_norm": 0.2777777777777778,
      "acc_norm_stderr": 0.023068188848261117
    },
    "hendrycksTest-high_school_macroeconomics": {
      "acc": 0.24102564102564103,
      "acc_stderr": 0.021685546665333174,
      "acc_norm": 0.258974358974359,
      "acc_norm_stderr": 0.022211106810061672
    },
    "hendrycksTest-logical_fallacies": {
      "acc": 0.22699386503067484,
      "acc_stderr": 0.03291099578615769,
      "acc_norm": 0.25766871165644173,
      "acc_norm_stderr": 0.03436150827846917
    },
    "hendrycksTest-philosophy": {
      "acc": 0.2282958199356913,
      "acc_stderr": 0.0238393033113982,
      "acc_norm": 0.2572347266881029,
      "acc_norm_stderr": 0.024826171289250888
    },
    "hendrycksTest-high_school_government_and_politics": {
      "acc": 0.24352331606217617,
      "acc_stderr": 0.030975436386845426,
      "acc_norm": 0.26424870466321243,
      "acc_norm_stderr": 0.031821550509166484
    },
    "hendrycksTest-high_school_us_history": {
      "acc": 0.25,
      "acc_stderr": 0.03039153369274154,
      "acc_norm": 0.2696078431372549,
      "acc_norm_stderr": 0.03114557065948678
    },
    "hendrycksTest-management": {
      "acc": 0.30097087378640774,
      "acc_stderr": 0.04541609446503948,
      "acc_norm": 0.30097087378640774,
      "acc_norm_stderr": 0.04541609446503948
    },
    "hendrycksTest-moral_disputes": {
      "acc": 0.28901734104046245,
      "acc_stderr": 0.024405173935783234,
      "acc_norm": 0.31213872832369943,
      "acc_norm_stderr": 0.02494679222527231
    },
    "hendrycksTest-virology": {
      "acc": 0.26506024096385544,
      "acc_stderr": 0.03436024037944967,
      "acc_norm": 0.27710843373493976,
      "acc_norm_stderr": 0.034843315926805875
    },
    "hendrycksTest-sociology": {
      "acc": 0.29850746268656714,
      "acc_stderr": 0.03235743789355043,
      "acc_norm": 0.2885572139303483,
      "acc_norm_stderr": 0.0320384104021332
    },
    "hendrycksTest-public_relations": {
      "acc": 0.18181818181818182,
      "acc_stderr": 0.036942843353378,
      "acc_norm": 0.15454545454545454,
      "acc_norm_stderr": 0.03462262571262667
    },
    "arc_challenge": {
      "acc": 0.23890784982935154,
      "acc_stderr": 0.012461071376316621,
      "acc_norm": 0.26706484641638223,
      "acc_norm_stderr": 0.01292893319649635
    },
    "logiqa": {
      "acc": 0.2227342549923195,
      "acc_stderr": 0.01632005404616513,
      "acc_norm": 0.2565284178187404,
      "acc_norm_stderr": 0.017129443327887562
    },
    "hendrycksTest-formal_logic": {
      "acc": 0.2619047619047619,
      "acc_stderr": 0.03932537680392871,
      "acc_norm": 0.2619047619047619,
      "acc_norm_stderr": 0.03932537680392871
    },
    "hendrycksTest-miscellaneous": {
      "acc": 0.2835249042145594,
      "acc_stderr": 0.01611731816683228,
      "acc_norm": 0.280970625798212,
      "acc_norm_stderr": 0.016073127851221246
    },
    "hendrycksTest-international_law": {
      "acc": 0.2066115702479339,
      "acc_stderr": 0.03695980128098824,
      "acc_norm": 0.3305785123966942,
      "acc_norm_stderr": 0.04294340845212095
    },
    "hendrycksTest-world_religions": {
      "acc": 0.3157894736842105,
      "acc_stderr": 0.03565079670708312,
      "acc_norm": 0.32748538011695905,
      "acc_norm_stderr": 0.035993357714560276
    },
    "hendrycksTest-nutrition": {
      "acc": 0.27450980392156865,
      "acc_stderr": 0.0255531699918265,
      "acc_norm": 0.29411764705882354,
      "acc_norm_stderr": 0.02609016250427904
    },
    "hendrycksTest-high_school_biology": {
      "acc": 0.22580645161290322,
      "acc_stderr": 0.023785577884181012,
      "acc_norm": 0.25161290322580643,
      "acc_norm_stderr": 0.024685979286239952
    },
    "hendrycksTest-college_medicine": {
      "acc": 0.2138728323699422,
      "acc_stderr": 0.031265112061730424,
      "acc_norm": 0.24855491329479767,
      "acc_norm_stderr": 0.03295304696818318
    },
    "wsc": {
      "acc": 0.36538461538461536,
      "acc_stderr": 0.0474473339327792
    },
    "winogrande": {
      "acc": 0.5193370165745856,
      "acc_stderr": 0.01404197273371297
    },
    "lambada_openai": {
      "ppl": 12.905585610833285,
      "ppl_stderr": 0.37734964964054996,
      "acc": 0.45488065204735106,
      "acc_stderr": 0.0069375576272059794
    },
    "hendrycksTest-high_school_mathematics": {
      "acc": 0.2222222222222222,
      "acc_stderr": 0.025348097468097835,
      "acc_norm": 0.25555555555555554,
      "acc_norm_stderr": 0.026593939101844058
    },
    "piqa": {
      "acc": 0.6741022850924918,
      "acc_stderr": 0.010935760218903936,
      "acc_norm": 0.675734494015234,
      "acc_norm_stderr": 0.01092153904134798
    },
    "hendrycksTest-us_foreign_policy": {
      "acc": 0.27,
      "acc_stderr": 0.044619604333847394,
      "acc_norm": 0.34,
      "acc_norm_stderr": 0.04760952285695235
    },
    "sciq": {
      "acc": 0.887,
      "acc_stderr": 0.01001655286669685,
      "acc_norm": 0.885,
      "acc_norm_stderr": 0.01009340759490463
    },
    "hendrycksTest-high_school_geography": {
      "acc": 0.24242424242424243,
      "acc_stderr": 0.030532892233932036,
      "acc_norm": 0.25252525252525254,
      "acc_norm_stderr": 0.030954055470365907
    },
    "hendrycksTest-professional_psychology": {
      "acc": 0.24673202614379086,
      "acc_stderr": 0.017440820367402497,
      "acc_norm": 0.26143790849673204,
      "acc_norm_stderr": 0.017776947157528034
    },
    "hendrycksTest-econometrics": {
      "acc": 0.21929824561403508,
      "acc_stderr": 0.03892431106518753,
      "acc_norm": 0.21929824561403508,
      "acc_norm_stderr": 0.038924311065187525
    },
    "hendrycksTest-global_facts": {
      "acc": 0.22,
      "acc_stderr": 0.041633319989322674,
      "acc_norm": 0.2,
      "acc_norm_stderr": 0.04020151261036846
    },
    "hendrycksTest-high_school_world_history": {
      "acc": 0.23628691983122363,
      "acc_stderr": 0.027652153144159277,
      "acc_norm": 0.2616033755274262,
      "acc_norm_stderr": 0.028609516716994934
    },
    "hendrycksTest-conceptual_physics": {
      "acc": 0.26382978723404255,
      "acc_stderr": 0.028809989854102967,
      "acc_norm": 0.20851063829787234,
      "acc_norm_stderr": 0.02655698211783873
    },
    "hendrycksTest-college_computer_science": {
      "acc": 0.35,
      "acc_stderr": 0.0479372485441102,
      "acc_norm": 0.29,
      "acc_norm_stderr": 0.045604802157206845
    },
    "arc_easy": {
      "acc": 0.5601851851851852,
      "acc_stderr": 0.010185185185185316,
      "acc_norm": 0.5395622895622896,
      "acc_norm_stderr": 0.010227616386289017
    },
    "hendrycksTest-human_aging": {
      "acc": 0.27802690582959644,
      "acc_stderr": 0.030069584874494036,
      "acc_norm": 0.2556053811659193,
      "acc_norm_stderr": 0.029275891003969927
    },
    "hendrycksTest-business_ethics": {
      "acc": 0.28,
      "acc_stderr": 0.04512608598542127,
      "acc_norm": 0.25,
      "acc_norm_stderr": 0.04351941398892446
    },
    "hendrycksTest-security_studies": {
      "acc": 0.2857142857142857,
      "acc_stderr": 0.02892058322067558,
      "acc_norm": 0.24897959183673468,
      "acc_norm_stderr": 0.027682979522960238
    },
    "hendrycksTest-marketing": {
      "acc": 0.2948717948717949,
      "acc_stderr": 0.029872577708891162,
      "acc_norm": 0.29914529914529914,
      "acc_norm_stderr": 0.029996951858349486
    },
    "hendrycksTest-medical_genetics": {
      "acc": 0.28,
      "acc_stderr": 0.04512608598542127,
      "acc_norm": 0.31,
      "acc_norm_stderr": 0.04648231987117316
    },
    "hendrycksTest-college_chemistry": {
      "acc": 0.35,