{
  "results": {
    "hendrycksTest-high_school_chemistry": {
      "acc": 0.2857142857142857,
      "acc_stderr": 0.031785297106427475,
      "acc_norm": 0.3054187192118227,
      "acc_norm_stderr": 0.032406615658684086
    },
    "logiqa": {
      "acc": 0.21505376344086022,
      "acc_stderr": 0.016115240864129177,
      "acc_norm": 0.24270353302611367,
      "acc_norm_stderr": 0.016815676206479526
    },
    "hendrycksTest-abstract_algebra": {
      "acc": 0.15,
      "acc_stderr": 0.03588702812826369,
      "acc_norm": 0.2,
      "acc_norm_stderr": 0.04020151261036845
    },
    "hendrycksTest-astronomy": {
      "acc": 0.17763157894736842,
      "acc_stderr": 0.031103182383123384,
      "acc_norm": 0.18421052631578946,
      "acc_norm_stderr": 0.0315469804508223
    },
    "hendrycksTest-computer_security": {
      "acc": 0.32,
      "acc_stderr": 0.04688261722621505,
      "acc_norm": 0.35,
      "acc_norm_stderr": 0.047937248544110196
    },
    "hendrycksTest-global_facts": {
      "acc": 0.2,
      "acc_stderr": 0.040201512610368445,
      "acc_norm": 0.19,
      "acc_norm_stderr": 0.039427724440366234
    },
    "hendrycksTest-logical_fallacies": {
      "acc": 0.19631901840490798,
      "acc_stderr": 0.031207970394709218,
      "acc_norm": 0.26380368098159507,
      "acc_norm_stderr": 0.03462419931615623
    },
    "arc_easy": {
      "acc": 0.6388888888888888,
      "acc_stderr": 0.00985601342581124,
      "acc_norm": 0.6460437710437711,
      "acc_norm_stderr": 0.009812370644174428
    },
    "hendrycksTest-college_physics": {
      "acc": 0.23529411764705882,
      "acc_stderr": 0.04220773659171452,
      "acc_norm": 0.29411764705882354,
      "acc_norm_stderr": 0.04533838195929776
    },
    "hendrycksTest-security_studies": {
      "acc": 0.23265306122448978,
      "acc_stderr": 0.027049257915896175,
      "acc_norm": 0.2,
      "acc_norm_stderr": 0.02560737598657916
    },
    "hendrycksTest-econometrics": {
      "acc": 0.2631578947368421,
      "acc_stderr": 0.04142439719489361,
      "acc_norm": 0.22807017543859648,
      "acc_norm_stderr": 0.03947152782669415
    },
    "hendrycksTest-high_school_computer_science": {
      "acc": 0.19,
      "acc_stderr": 0.03942772444036623,
      "acc_norm": 0.27,
      "acc_norm_stderr": 0.0446196043338474
    },
    "hendrycksTest-high_school_mathematics": {
      "acc": 0.24444444444444444,
      "acc_stderr": 0.02620276653465215,
      "acc_norm": 0.2740740740740741,
      "acc_norm_stderr": 0.027195934804085626
    },
    "hendrycksTest-jurisprudence": {
      "acc": 0.2962962962962963,
      "acc_stderr": 0.04414343666854933,
      "acc_norm": 0.37037037037037035,
      "acc_norm_stderr": 0.04668408033024931
    },
    "hendrycksTest-professional_psychology": {
      "acc": 0.25163398692810457,
      "acc_stderr": 0.017555818091322253,
      "acc_norm": 0.272875816993464,
      "acc_norm_stderr": 0.018020474148393577
    },
    "hendrycksTest-formal_logic": {
      "acc": 0.3333333333333333,
      "acc_stderr": 0.042163702135578345,
      "acc_norm": 0.35714285714285715,
      "acc_norm_stderr": 0.04285714285714281
    },
    "hendrycksTest-medical_genetics": {
      "acc": 0.3,
      "acc_stderr": 0.046056618647183814,
      "acc_norm": 0.38,
      "acc_norm_stderr": 0.04878317312145632
    },
    "hendrycksTest-high_school_us_history": {
      "acc": 0.29901960784313725,
      "acc_stderr": 0.03213325717373618,
      "acc_norm": 0.3137254901960784,
      "acc_norm_stderr": 0.03256685484460388
    },
    "hendrycksTest-electrical_engineering": {
      "acc": 0.3103448275862069,
      "acc_stderr": 0.03855289616378947,
      "acc_norm": 0.31724137931034485,
      "acc_norm_stderr": 0.038783523721386215
    },
    "hendrycksTest-international_law": {
      "acc": 0.2231404958677686,
      "acc_stderr": 0.03800754475228733,
      "acc_norm": 0.36363636363636365,
      "acc_norm_stderr": 0.04391326286724071
    },
    "hendrycksTest-professional_accounting": {
      "acc": 0.2765957446808511,
      "acc_stderr": 0.026684564340461,
      "acc_norm": 0.2695035460992908,
      "acc_norm_stderr": 0.026469036818590627
    },
    "piqa": {
      "acc": 0.7127312295973884,
      "acc_stderr": 0.010557291761528637,
      "acc_norm": 0.7159956474428727,
      "acc_norm_stderr": 0.010521147542454222
    },
    "hendrycksTest-business_ethics": {
      "acc": 0.33,
      "acc_stderr": 0.047258156262526045,
      "acc_norm": 0.31,
      "acc_norm_stderr": 0.04648231987117316
    },
    "hendrycksTest-us_foreign_policy": {
      "acc": 0.23,
      "acc_stderr": 0.04229525846816506,
      "acc_norm": 0.23,
      "acc_norm_stderr": 0.04229525846816506
    },
    "hendrycksTest-high_school_geography": {
      "acc": 0.2828282828282828,
      "acc_stderr": 0.03208779558786751,
      "acc_norm": 0.3383838383838384,
      "acc_norm_stderr": 0.033711241426263014
    },
    "hendrycksTest-public_relations": {
      "acc": 0.2636363636363636,
      "acc_stderr": 0.04220224692971987,
      "acc_norm": 0.21818181818181817,
      "acc_norm_stderr": 0.03955932861795833
    },
    "wsc": {
      "acc": 0.36538461538461536,
      "acc_stderr": 0.0474473339327792
    },
    "hendrycksTest-virology": {
      "acc": 0.25301204819277107,
      "acc_stderr": 0.03384429155233134,
      "acc_norm": 0.2710843373493976,
      "acc_norm_stderr": 0.034605799075530276
    },
    "hendrycksTest-conceptual_physics": {
      "acc": 0.2425531914893617,
      "acc_stderr": 0.02802022627120022,
      "acc_norm": 0.251063829787234,
      "acc_norm_stderr": 0.02834696377716247
    },
    "hendrycksTest-college_chemistry": {
      "acc": 0.23,
      "acc_stderr": 0.042295258468165044,
      "acc_norm": 0.23,
      "acc_norm_stderr": 0.04229525846816505
    },
    "hendrycksTest-moral_scenarios": {
      "acc": 0.2335195530726257,
      "acc_stderr": 0.014149575348976276,
      "acc_norm": 0.2324022346368715,
      "acc_norm_stderr": 0.014125968754673408
    },
    "hendrycksTest-marketing": {
      "acc": 0.3076923076923077,
      "acc_stderr": 0.030236389942173106,
      "acc_norm": 0.3034188034188034,
      "acc_norm_stderr": 0.030118210106942666
    },
    "hendrycksTest-college_computer_science": {
      "acc": 0.27,
      "acc_stderr": 0.044619604333847394,
      "acc_norm": 0.3,
      "acc_norm_stderr": 0.046056618647183814
    },
    "hendrycksTest-world_religions": {
      "acc": 0.391812865497076,
      "acc_stderr": 0.03743979825926401,
      "acc_norm": 0.38011695906432746,
      "acc_norm_stderr": 0.037229657413855394
    },
    "hendrycksTest-high_school_world_history": {
      "acc": 0.25316455696202533,
      "acc_stderr": 0.028304657943035293,
      "acc_norm": 0.24472573839662448,
      "acc_norm_stderr": 0.027985699387036416
    },
    "arc_challenge": {
      "acc": 0.2986348122866894,
      "acc_stderr": 0.013374078615068759,
      "acc_norm": 0.32337883959044367,
      "acc_norm_stderr": 0.013669421630012127
    },
    "hendrycksTest-human_sexuality": {
      "acc": 0.3435114503816794,
      "acc_stderr": 0.041649760719448786,
      "acc_norm": 0.31297709923664124,
      "acc_norm_stderr": 0.04066962905677698
    },
    "hendrycksTest-philosophy": {
      "acc": 0.26366559485530544,
      "acc_stderr": 0.02502553850053234,
      "acc_norm": 0.2733118971061093,
      "acc_norm_stderr": 0.025311765975426115
    },
    "hendrycksTest-professional_medicine": {
      "acc": 0.2610294117647059,
      "acc_stderr": 0.02667925227010312,
      "acc_norm": 0.2647058823529412,
      "acc_norm_stderr": 0.026799562024887674
    },
    "hendrycksTest-professional_law": {
      "acc": 0.25488917861799215,
      "acc_stderr": 0.011130509812662968,
      "acc_norm": 0.2561929595827901,
      "acc_norm_stderr": 0.011149173153110582
    },
    "hendrycksTest-clinical_knowledge": {
      "acc": 0.23018867924528302,
      "acc_stderr": 0.025907897122408173,
      "acc_norm": 0.2792452830188679,