{
  "results": {
    "arc_challenge": {
      "acc": 0.34812286689419797,
      "acc_stderr": 0.013921008595179344,
      "acc_norm": 0.3873720136518771,
      "acc_norm_stderr": 0.014235872487909872
    },
    "logiqa": {
      "acc": 0.250384024577573,
      "acc_stderr": 0.01699284305519003,
      "acc_norm": 0.271889400921659,
      "acc_norm_stderr": 0.017451716009436832
    },
    "hendrycksTest-high_school_european_history": {
      "acc": 0.30303030303030304,
      "acc_stderr": 0.03588624800091707,
      "acc_norm": 0.3333333333333333,
      "acc_norm_stderr": 0.03681050869161551
    },
    "hendrycksTest-high_school_macroeconomics": {
      "acc": 0.3,
      "acc_stderr": 0.023234581088428505,
      "acc_norm": 0.2948717948717949,
      "acc_norm_stderr": 0.023119362758232277
    },
    "hendrycksTest-high_school_biology": {
      "acc": 0.29354838709677417,
      "acc_stderr": 0.02590608702131929,
      "acc_norm": 0.3193548387096774,
      "acc_norm_stderr": 0.026522709674667758
    },
    "hendrycksTest-high_school_physics": {
      "acc": 0.24503311258278146,
      "acc_stderr": 0.03511807571804725,
      "acc_norm": 0.25165562913907286,
      "acc_norm_stderr": 0.03543304234389985
    },
    "hendrycksTest-world_religions": {
      "acc": 0.36257309941520466,
      "acc_stderr": 0.0368713061556206,
      "acc_norm": 0.3333333333333333,
      "acc_norm_stderr": 0.036155076303109344
    },
    "hendrycksTest-global_facts": {
      "acc": 0.26,
      "acc_stderr": 0.04408440022768078,
      "acc_norm": 0.25,
      "acc_norm_stderr": 0.04351941398892446
    },
    "hendrycksTest-prehistory": {
      "acc": 0.28703703703703703,
      "acc_stderr": 0.025171041915309684,
      "acc_norm": 0.2716049382716049,
      "acc_norm_stderr": 0.02474862449053737
    },
    "hendrycksTest-high_school_world_history": {
      "acc": 0.25738396624472576,
      "acc_stderr": 0.028458820991460305,
      "acc_norm": 0.29535864978902954,
      "acc_norm_stderr": 0.029696338713422886
    },
    "hendrycksTest-abstract_algebra": {
      "acc": 0.16,
      "acc_stderr": 0.03684529491774707,
      "acc_norm": 0.23,
      "acc_norm_stderr": 0.042295258468165065
    },
    "arc_easy": {
      "acc": 0.6788720538720538,
      "acc_stderr": 0.009580787536986797,
      "acc_norm": 0.6856060606060606,
      "acc_norm_stderr": 0.009526702423162905
    },
    "hendrycksTest-business_ethics": {
      "acc": 0.33,
      "acc_stderr": 0.04725815626252604,
      "acc_norm": 0.32,
      "acc_norm_stderr": 0.04688261722621504
    },
    "hendrycksTest-computer_security": {
      "acc": 0.36,
      "acc_stderr": 0.04824181513244218,
      "acc_norm": 0.44,
      "acc_norm_stderr": 0.0498887651569859
    },
    "hendrycksTest-logical_fallacies": {
      "acc": 0.26993865030674846,
      "acc_stderr": 0.034878251684978906,
      "acc_norm": 0.26993865030674846,
      "acc_norm_stderr": 0.034878251684978906
    },
    "hendrycksTest-us_foreign_policy": {
      "acc": 0.29,
      "acc_stderr": 0.04560480215720683,
      "acc_norm": 0.33,
      "acc_norm_stderr": 0.047258156262526045
    },
    "hendrycksTest-high_school_microeconomics": {
      "acc": 0.2857142857142857,
      "acc_stderr": 0.029344572500634353,
      "acc_norm": 0.29411764705882354,
      "acc_norm_stderr": 0.029597329730978093
    },
    "hendrycksTest-high_school_us_history": {
      "acc": 0.2647058823529412,
      "acc_stderr": 0.03096451792692338,
      "acc_norm": 0.25980392156862747,
      "acc_norm_stderr": 0.030778554678693233
    },
    "hendrycksTest-sociology": {
      "acc": 0.31343283582089554,
      "acc_stderr": 0.03280188205348642,
      "acc_norm": 0.2885572139303483,
      "acc_norm_stderr": 0.032038410402133226
    },
    "sciq": {
      "acc": 0.947,
      "acc_stderr": 0.007088105617246444,
      "acc_norm": 0.952,
      "acc_norm_stderr": 0.00676326413366668
    },
    "hendrycksTest-college_mathematics": {
      "acc": 0.25,
      "acc_stderr": 0.04351941398892446,
      "acc_norm": 0.24,
      "acc_norm_stderr": 0.04292346959909284
    },
    "lambada_openai": {
      "ppl": 5.535948585385137,
      "ppl_stderr": 0.13166797107003725,
      "acc": 0.6338055501649524,
      "acc_stderr": 0.006711907623691306
    },
    "piqa": {
      "acc": 0.7459194776931447,
      "acc_stderr": 0.010157271999135041,
      "acc_norm": 0.7589771490750816,
      "acc_norm_stderr": 0.009979042717267315
    },
    "hendrycksTest-high_school_government_and_politics": {
      "acc": 0.29015544041450775,
      "acc_stderr": 0.03275264467791514,
      "acc_norm": 0.2849740932642487,
      "acc_norm_stderr": 0.03257714077709659
    },
    "hendrycksTest-professional_psychology": {
      "acc": 0.2826797385620915,
      "acc_stderr": 0.018217269552053435,
      "acc_norm": 0.2679738562091503,
      "acc_norm_stderr": 0.017917974069594726
    },
    "hendrycksTest-electrical_engineering": {
      "acc": 0.30344827586206896,
      "acc_stderr": 0.038312260488503336,
      "acc_norm": 0.2827586206896552,
      "acc_norm_stderr": 0.037528339580033376
    },
    "hendrycksTest-high_school_mathematics": {
      "acc": 0.25925925925925924,
      "acc_stderr": 0.026719240783712163,
      "acc_norm": 0.2962962962962963,
      "acc_norm_stderr": 0.027840811495871923
    },
    "hendrycksTest-high_school_chemistry": {
      "acc": 0.2660098522167488,
      "acc_stderr": 0.03108982600293752,
      "acc_norm": 0.3103448275862069,
      "acc_norm_stderr": 0.03255086769970103
    },
    "hendrycksTest-human_sexuality": {
      "acc": 0.3816793893129771,
      "acc_stderr": 0.04260735157644559,
      "acc_norm": 0.366412213740458,
      "acc_norm_stderr": 0.04225875451969638
    },
    "hendrycksTest-nutrition": {
      "acc": 0.3300653594771242,
      "acc_stderr": 0.026925654653615693,
      "acc_norm": 0.41830065359477125,
      "acc_norm_stderr": 0.028245134024387292
    },
    "hendrycksTest-security_studies": {
      "acc": 0.3224489795918367,
      "acc_stderr": 0.029923100563683906,
      "acc_norm": 0.2571428571428571,
      "acc_norm_stderr": 0.027979823538744543
    },
    "hendrycksTest-machine_learning": {
      "acc": 0.2767857142857143,
      "acc_stderr": 0.042466243366976256,
      "acc_norm": 0.21428571428571427,
      "acc_norm_stderr": 0.03894641120044792
    },
    "hendrycksTest-management": {
      "acc": 0.39805825242718446,
      "acc_stderr": 0.0484674825397724,
      "acc_norm": 0.39805825242718446,
      "acc_norm_stderr": 0.0484674825397724
    },
    "hendrycksTest-professional_law": {
      "acc": 0.25358539765319427,
      "acc_stderr": 0.011111715336101141,
      "acc_norm": 0.2666232073011734,
      "acc_norm_stderr": 0.011293836031612138
    },
    "wsc": {
      "acc": 0.36538461538461536,
      "acc_stderr": 0.0474473339327792
    },
    "hendrycksTest-moral_disputes": {
      "acc": 0.2976878612716763,
      "acc_stderr": 0.024617055388676985,
      "acc_norm": 0.30057803468208094,
      "acc_norm_stderr": 0.0246853168672578
    },
    "hendrycksTest-high_school_computer_science": {
      "acc": 0.25,
      "acc_stderr": 0.04351941398892446,
      "acc_norm": 0.25,
      "acc_norm_stderr": 0.04351941398892446
    },
    "hendrycksTest-college_chemistry": {
      "acc": 0.22,
      "acc_stderr": 0.041633319989322695,
      "acc_norm": 0.23,
      "acc_norm_stderr": 0.04229525846816506
    },
    "hendrycksTest-philosophy": {
      "acc": 0.2765273311897106,
      "acc_stderr": 0.02540383297817962,
      "acc_norm": 0.3086816720257235,
      "acc_norm_stderr": 0.02623696588115326
    },
    "winogrande": {
      "acc": 0.6258879242304657,
      "acc_stderr": 0.013599792958329832
    },
    "hendrycksTest-astronomy": {
      "acc": 0.25,
      "acc_stderr": 0.03523807393012047,
      "acc_norm": 0.3618421052631579,
      "acc_norm_stderr": 0.03910525752849724
    },
    "hendrycksTest-high_school_geography": {
      "acc": 0.32323232323232326,
      "acc_stderr": 0.03332299921070643,