{
  "results": {
    "sciq": {
      "acc": 0.947,
      "acc_stderr": 0.007088105617246447,
      "acc_norm": 0.95,
      "acc_norm_stderr": 0.0068954729748978965
    },
    "hendrycksTest-philosophy": {
      "acc": 0.2861736334405145,
      "acc_stderr": 0.025670259242188943,
      "acc_norm": 0.31511254019292606,
      "acc_norm_stderr": 0.0263852737034645
    },
    "hendrycksTest-sociology": {
      "acc": 0.31840796019900497,
      "acc_stderr": 0.03294118479054096,
      "acc_norm": 0.31840796019900497,
      "acc_norm_stderr": 0.03294118479054095
    },
    "hendrycksTest-nutrition": {
      "acc": 0.3235294117647059,
      "acc_stderr": 0.02678745311190653,
      "acc_norm": 0.3954248366013072,
      "acc_norm_stderr": 0.02799672318063144
    },
    "hendrycksTest-public_relations": {
      "acc": 0.3181818181818182,
      "acc_stderr": 0.044612721759105085,
      "acc_norm": 0.2818181818181818,
      "acc_norm_stderr": 0.043091187099464585
    },
    "hendrycksTest-professional_law": {
      "acc": 0.258148631029987,
      "acc_stderr": 0.011176923719313402,
      "acc_norm": 0.2692307692307692,
      "acc_norm_stderr": 0.011328734403140325
    },
    "hendrycksTest-professional_medicine": {
      "acc": 0.3382352941176471,
      "acc_stderr": 0.02873932851398358,
      "acc_norm": 0.33455882352941174,
      "acc_norm_stderr": 0.028661996202335307
    },
    "hendrycksTest-high_school_chemistry": {
      "acc": 0.2857142857142857,
      "acc_stderr": 0.03178529710642747,
      "acc_norm": 0.35960591133004927,
      "acc_norm_stderr": 0.03376458246509567
    },
    "hendrycksTest-college_mathematics": {
      "acc": 0.22,
      "acc_stderr": 0.0416333199893227,
      "acc_norm": 0.27,
      "acc_norm_stderr": 0.044619604333847394
    },
    "hendrycksTest-virology": {
      "acc": 0.3192771084337349,
      "acc_stderr": 0.03629335329947861,
      "acc_norm": 0.30120481927710846,
      "acc_norm_stderr": 0.03571609230053481
    },
    "hendrycksTest-electrical_engineering": {
      "acc": 0.2827586206896552,
      "acc_stderr": 0.03752833958003336,
      "acc_norm": 0.30344827586206896,
      "acc_norm_stderr": 0.038312260488503336
    },
    "winogrande": {
      "acc": 0.6448303078137332,
      "acc_stderr": 0.013450047479569252
    },
    "hendrycksTest-moral_scenarios": {
      "acc": 0.23575418994413408,
      "acc_stderr": 0.014196375686290804,
      "acc_norm": 0.2346368715083799,
      "acc_norm_stderr": 0.014173044098303665
    },
    "hendrycksTest-moral_disputes": {
      "acc": 0.32947976878612717,
      "acc_stderr": 0.025305258131879716,
      "acc_norm": 0.31213872832369943,
      "acc_norm_stderr": 0.02494679222527231
    },
    "hendrycksTest-econometrics": {
      "acc": 0.2543859649122807,
      "acc_stderr": 0.040969851398436716,
      "acc_norm": 0.22807017543859648,
      "acc_norm_stderr": 0.03947152782669415
    },
    "hendrycksTest-security_studies": {
      "acc": 0.27755102040816326,
      "acc_stderr": 0.028666857790274648,
      "acc_norm": 0.22857142857142856,
      "acc_norm_stderr": 0.026882144922307744
    },
    "hendrycksTest-formal_logic": {
      "acc": 0.3253968253968254,
      "acc_stderr": 0.041905964388711366,
      "acc_norm": 0.31746031746031744,
      "acc_norm_stderr": 0.041634530313028585
    },
    "hendrycksTest-college_chemistry": {
      "acc": 0.3,
      "acc_stderr": 0.046056618647183814,
      "acc_norm": 0.32,
      "acc_norm_stderr": 0.04688261722621505
    },
    "hendrycksTest-high_school_government_and_politics": {
      "acc": 0.24870466321243523,
      "acc_stderr": 0.031195840877700293,
      "acc_norm": 0.3005181347150259,
      "acc_norm_stderr": 0.03308818594415751
    },
    "hendrycksTest-professional_psychology": {
      "acc": 0.2647058823529412,
      "acc_stderr": 0.01784808957491323,
      "acc_norm": 0.25980392156862747,
      "acc_norm_stderr": 0.017740899509177795
    },
    "hendrycksTest-management": {
      "acc": 0.36893203883495146,
      "acc_stderr": 0.047776151811567386,
      "acc_norm": 0.3592233009708738,
      "acc_norm_stderr": 0.04750458399041693
    },
    "hendrycksTest-miscellaneous": {
      "acc": 0.3282247765006386,
      "acc_stderr": 0.01679168564019289,
      "acc_norm": 0.3205619412515964,
      "acc_norm_stderr": 0.01668889331080377
    },
    "piqa": {
      "acc": 0.7546245919477693,
      "acc_stderr": 0.010039831320422394,
      "acc_norm": 0.7665941240478781,
      "acc_norm_stderr": 0.009869247889520991
    },
    "hendrycksTest-high_school_geography": {
      "acc": 0.3686868686868687,
      "acc_stderr": 0.03437305501980619,
      "acc_norm": 0.36363636363636365,
      "acc_norm_stderr": 0.034273086529999344
    },
    "hendrycksTest-high_school_us_history": {
      "acc": 0.29411764705882354,
      "acc_stderr": 0.031980016601150726,
      "acc_norm": 0.28921568627450983,
      "acc_norm_stderr": 0.031822318676475544
    },
    "hendrycksTest-conceptual_physics": {
      "acc": 0.2978723404255319,
      "acc_stderr": 0.029896145682095462,
      "acc_norm": 0.2723404255319149,
      "acc_norm_stderr": 0.02910129069838671
    },
    "hendrycksTest-business_ethics": {
      "acc": 0.35,
      "acc_stderr": 0.047937248544110196,
      "acc_norm": 0.38,
      "acc_norm_stderr": 0.04878317312145632
    },
    "hendrycksTest-high_school_psychology": {
      "acc": 0.344954128440367,
      "acc_stderr": 0.02038060540506696,
      "acc_norm": 0.3357798165137615,
      "acc_norm_stderr": 0.020248081396752927
    },
    "hendrycksTest-medical_genetics": {
      "acc": 0.39,
      "acc_stderr": 0.04902071300001974,
      "acc_norm": 0.41,
      "acc_norm_stderr": 0.049431107042371025
    },
    "hendrycksTest-anatomy": {
      "acc": 0.23703703703703705,
      "acc_stderr": 0.03673731683969506,
      "acc_norm": 0.2074074074074074,
      "acc_norm_stderr": 0.035025531706783145
    },
    "lambada_openai": {
      "ppl": 4.81246564858848,
      "ppl_stderr": 0.10869508995206971,
      "acc": 0.6623326217737241,
      "acc_stderr": 0.006588623616680431
    },
    "logiqa": {
      "acc": 0.24731182795698925,
      "acc_stderr": 0.016922842446712393,
      "acc_norm": 0.2626728110599078,
      "acc_norm_stderr": 0.017261598347857544
    },
    "hendrycksTest-machine_learning": {
      "acc": 0.24107142857142858,
      "acc_stderr": 0.040598672469526864,
      "acc_norm": 0.22321428571428573,
      "acc_norm_stderr": 0.039523019677025116
    },
    "hendrycksTest-college_computer_science": {
      "acc": 0.39,
      "acc_stderr": 0.04902071300001975,
      "acc_norm": 0.38,
      "acc_norm_stderr": 0.04878317312145632
    },
    "hendrycksTest-human_sexuality": {
      "acc": 0.35877862595419846,
      "acc_stderr": 0.04206739313864908,
      "acc_norm": 0.35877862595419846,
      "acc_norm_stderr": 0.04206739313864908
    },
    "hendrycksTest-elementary_mathematics": {
      "acc": 0.30423280423280424,
      "acc_stderr": 0.023695415009463087,
      "acc_norm": 0.2962962962962963,
      "acc_norm_stderr": 0.023517294335963272
    },
    "hendrycksTest-high_school_world_history": {
      "acc": 0.26582278481012656,
      "acc_stderr": 0.028756799629658335,
      "acc_norm": 0.28270042194092826,
      "acc_norm_stderr": 0.029312814153955927
    },
    "hendrycksTest-high_school_statistics": {
      "acc": 0.26851851851851855,
      "acc_stderr": 0.030225226160012383,
      "acc_norm": 0.28703703703703703,
      "acc_norm_stderr": 0.030851992993257013
    },
    "hendrycksTest-logical_fallacies": {
      "acc": 0.25766871165644173,
      "acc_stderr": 0.03436150827846917,
      "acc_norm": 0.27607361963190186,
      "acc_norm_stderr": 0.0351238528370505
    },
    "hendrycksTest-college_biology": {
      "acc": 0.2986111111111111,
      "acc_stderr": 0.03827052357950756,
      "acc_norm": 0.2916666666666667,
      "acc_norm_stderr": 0.038009680605548574
    },
    "arc_challenge": {
      "acc": 0.35238907849829354,