{
  "results": {
    "hendrycksTest-human_aging": {
      "acc": 0.336322869955157,
      "acc_stderr": 0.031708824268455,
      "acc_norm": 0.2914798206278027,
      "acc_norm_stderr": 0.030500283176545906
    },
    "hendrycksTest-high_school_european_history": {
      "acc": 0.2727272727272727,
      "acc_stderr": 0.0347769116216366,
      "acc_norm": 0.2787878787878788,
      "acc_norm_stderr": 0.03501438706296781
    },
    "hendrycksTest-machine_learning": {
      "acc": 0.25,
      "acc_stderr": 0.04109974682633932,
      "acc_norm": 0.22321428571428573,
      "acc_norm_stderr": 0.039523019677025116
    },
    "hendrycksTest-college_chemistry": {
      "acc": 0.27,
      "acc_stderr": 0.044619604333847394,
      "acc_norm": 0.3,
      "acc_norm_stderr": 0.046056618647183814
    },
    "hendrycksTest-high_school_biology": {
      "acc": 0.21935483870967742,
      "acc_stderr": 0.023540799358723292,
      "acc_norm": 0.24838709677419354,
      "acc_norm_stderr": 0.024580028921481006
    },
    "hendrycksTest-clinical_knowledge": {
      "acc": 0.23018867924528302,
      "acc_stderr": 0.02590789712240817,
      "acc_norm": 0.2943396226415094,
      "acc_norm_stderr": 0.02804918631569524
    },
    "hendrycksTest-abstract_algebra": {
      "acc": 0.21,
      "acc_stderr": 0.040936018074033256,
      "acc_norm": 0.21,
      "acc_norm_stderr": 0.040936018074033256
    },
    "hendrycksTest-prehistory": {
      "acc": 0.23148148148148148,
      "acc_stderr": 0.023468429832451163,
      "acc_norm": 0.22530864197530864,
      "acc_norm_stderr": 0.02324620264781975
    },
    "hendrycksTest-virology": {
      "acc": 0.3192771084337349,
      "acc_stderr": 0.03629335329947861,
      "acc_norm": 0.28313253012048195,
      "acc_norm_stderr": 0.03507295431370519
    },
    "hendrycksTest-high_school_geography": {
      "acc": 0.2676767676767677,
      "acc_stderr": 0.03154449888270285,
      "acc_norm": 0.31313131313131315,
      "acc_norm_stderr": 0.03304205087813653
    },
    "hendrycksTest-college_mathematics": {
      "acc": 0.22,
      "acc_stderr": 0.041633319989322695,
      "acc_norm": 0.21,
      "acc_norm_stderr": 0.040936018074033256
    },
    "hendrycksTest-econometrics": {
      "acc": 0.22807017543859648,
      "acc_stderr": 0.03947152782669415,
      "acc_norm": 0.21929824561403508,
      "acc_norm_stderr": 0.03892431106518751
    },
    "hendrycksTest-college_computer_science": {
      "acc": 0.35,
      "acc_stderr": 0.0479372485441102,
      "acc_norm": 0.36,
      "acc_norm_stderr": 0.04824181513244218
    },
    "hendrycksTest-jurisprudence": {
      "acc": 0.2777777777777778,
      "acc_stderr": 0.043300437496507437,
      "acc_norm": 0.2962962962962963,
      "acc_norm_stderr": 0.044143436668549335
    },
    "hendrycksTest-human_sexuality": {
      "acc": 0.37404580152671757,
      "acc_stderr": 0.042438692422305246,
      "acc_norm": 0.42748091603053434,
      "acc_norm_stderr": 0.04338920305792401
    },
    "hendrycksTest-high_school_world_history": {
      "acc": 0.270042194092827,
      "acc_stderr": 0.028900721906293426,
      "acc_norm": 0.28270042194092826,
      "acc_norm_stderr": 0.029312814153955924
    },
    "hendrycksTest-public_relations": {
      "acc": 0.2818181818181818,
      "acc_stderr": 0.043091187099464585,
      "acc_norm": 0.3,
      "acc_norm_stderr": 0.04389311454644287
    },
    "hendrycksTest-college_medicine": {
      "acc": 0.24855491329479767,
      "acc_stderr": 0.03295304696818318,
      "acc_norm": 0.2658959537572254,
      "acc_norm_stderr": 0.0336876293225943
    },
    "hendrycksTest-college_biology": {
      "acc": 0.2708333333333333,
      "acc_stderr": 0.03716177437566017,
      "acc_norm": 0.2708333333333333,
      "acc_norm_stderr": 0.03716177437566017
    },
    "hendrycksTest-high_school_mathematics": {
      "acc": 0.24074074074074073,
      "acc_stderr": 0.02606715922227579,
      "acc_norm": 0.24444444444444444,
      "acc_norm_stderr": 0.026202766534652148
    },
    "hendrycksTest-moral_disputes": {
      "acc": 0.2658959537572254,
      "acc_stderr": 0.02378620325550828,
      "acc_norm": 0.29190751445086704,
      "acc_norm_stderr": 0.024476994076247337
    },
    "hendrycksTest-moral_scenarios": {
      "acc": 0.2424581005586592,
      "acc_stderr": 0.014333522059217892,
      "acc_norm": 0.24581005586592178,
      "acc_norm_stderr": 0.014400296429225613
    },
    "hendrycksTest-high_school_us_history": {
      "acc": 0.22549019607843138,
      "acc_stderr": 0.02933116229425173,
      "acc_norm": 0.25980392156862747,
      "acc_norm_stderr": 0.03077855467869326
    },
    "hendrycksTest-high_school_psychology": {
      "acc": 0.25504587155963304,
      "acc_stderr": 0.018688500856535836,
      "acc_norm": 0.27339449541284405,
      "acc_norm_stderr": 0.01910929984609829
    },
    "hendrycksTest-medical_genetics": {
      "acc": 0.23,
      "acc_stderr": 0.04229525846816505,
      "acc_norm": 0.26,
      "acc_norm_stderr": 0.04408440022768081
    },
    "piqa": {
      "acc": 0.7279651795429815,
      "acc_stderr": 0.010382763786247381,
      "acc_norm": 0.7377584330794341,
      "acc_norm_stderr": 0.010262502565172443
    },
    "hendrycksTest-professional_accounting": {
      "acc": 0.3049645390070922,
      "acc_stderr": 0.02746470844202213,
      "acc_norm": 0.28368794326241137,
      "acc_norm_stderr": 0.026891709428343957
    },
    "winogrande": {
      "acc": 0.579321231254933,
      "acc_stderr": 0.013874526372008316
    },
    "hendrycksTest-international_law": {
      "acc": 0.21487603305785125,
      "acc_stderr": 0.03749492448709699,
      "acc_norm": 0.3140495867768595,
      "acc_norm_stderr": 0.04236964753041017
    },
    "hendrycksTest-philosophy": {
      "acc": 0.24437299035369775,
      "acc_stderr": 0.024406162094668893,
      "acc_norm": 0.26688102893890675,
      "acc_norm_stderr": 0.025122637608816646
    },
    "logiqa": {
      "acc": 0.22427035330261136,
      "acc_stderr": 0.01636004334826551,
      "acc_norm": 0.2457757296466974,
      "acc_norm_stderr": 0.016887410894296958
    },
    "wsc": {
      "acc": 0.36538461538461536,
      "acc_stderr": 0.0474473339327792
    },
    "lambada_openai": {
      "ppl": 6.963521145677115,
      "ppl_stderr": 0.17393944993789334,
      "acc": 0.579856394333398,
      "acc_stderr": 0.006876559059306566
    },
    "hendrycksTest-conceptual_physics": {
      "acc": 0.2425531914893617,
      "acc_stderr": 0.028020226271200217,
      "acc_norm": 0.23404255319148937,
      "acc_norm_stderr": 0.027678452578212404
    },
    "hendrycksTest-high_school_computer_science": {
      "acc": 0.2,
      "acc_stderr": 0.040201512610368445,
      "acc_norm": 0.26,
      "acc_norm_stderr": 0.04408440022768079
    },
    "hendrycksTest-logical_fallacies": {
      "acc": 0.26380368098159507,
      "acc_stderr": 0.03462419931615624,
      "acc_norm": 0.27607361963190186,
      "acc_norm_stderr": 0.03512385283705051
    },
    "hendrycksTest-high_school_physics": {
      "acc": 0.23178807947019867,
      "acc_stderr": 0.034454062719870546,
      "acc_norm": 0.2119205298013245,
      "acc_norm_stderr": 0.033367670865679766
    },
    "hendrycksTest-high_school_chemistry": {
      "acc": 0.21674876847290642,
      "acc_stderr": 0.028990331252516235,
      "acc_norm": 0.26108374384236455,
      "acc_norm_stderr": 0.030903796952114482
    },
    "hendrycksTest-marketing": {
      "acc": 0.3333333333333333,
      "acc_stderr": 0.030882736974138646,
      "acc_norm": 0.3504273504273504,
      "acc_norm_stderr": 0.031256108244218817
    },
    "hendrycksTest-nutrition": {
      "acc": 0.2875816993464052,
      "acc_stderr": 0.02591780611714716,
      "acc_norm": 0.3464052287581699,
      "acc_norm_stderr": 0.027245613047215362
    },
    "arc_easy": {
      "acc": 0.6485690235690236,
      "acc_stderr": 0.009796395582817722,
      "acc_norm": 0.6544612794612794,
      "acc_norm_stderr": 0.009757948730670313
    },