{
  "results": {
    "hendrycksTest-machine_learning": {
      "acc": 0.1875,
      "acc_stderr": 0.0370468111477387,
      "acc_norm": 0.1875,
      "acc_norm_stderr": 0.0370468111477387
    },
    "hendrycksTest-high_school_biology": {
      "acc": 0.2161290322580645,
      "acc_stderr": 0.02341529343356852,
      "acc_norm": 0.23548387096774193,
      "acc_norm_stderr": 0.024137632429337714
    },
    "hendrycksTest-nutrition": {
      "acc": 0.2875816993464052,
      "acc_stderr": 0.02591780611714716,
      "acc_norm": 0.32679738562091504,
      "acc_norm_stderr": 0.02685729466328142
    },
    "hendrycksTest-econometrics": {
      "acc": 0.2894736842105263,
      "acc_stderr": 0.04266339443159394,
      "acc_norm": 0.24561403508771928,
      "acc_norm_stderr": 0.0404933929774814
    },
    "hendrycksTest-conceptual_physics": {
      "acc": 0.2765957446808511,
      "acc_stderr": 0.02924188386962883,
      "acc_norm": 0.2425531914893617,
      "acc_norm_stderr": 0.028020226271200217
    },
    "hendrycksTest-us_foreign_policy": {
      "acc": 0.23,
      "acc_stderr": 0.04229525846816506,
      "acc_norm": 0.25,
      "acc_norm_stderr": 0.04351941398892446
    },
    "winogrande": {
      "acc": 0.5824782951854776,
      "acc_stderr": 0.013859978264440244
    },
    "hendrycksTest-college_chemistry": {
      "acc": 0.29,
      "acc_stderr": 0.045604802157206845,
      "acc_norm": 0.29,
      "acc_norm_stderr": 0.04560480215720684
    },
    "hendrycksTest-human_aging": {
      "acc": 0.2645739910313901,
      "acc_stderr": 0.02960510321703832,
      "acc_norm": 0.26905829596412556,
      "acc_norm_stderr": 0.029763779406874975
    },
    "hendrycksTest-professional_law": {
      "acc": 0.25097783572359844,
      "acc_stderr": 0.011073730299187233,
      "acc_norm": 0.25554106910039115,
      "acc_norm_stderr": 0.01113985783359851
    },
    "hendrycksTest-astronomy": {
      "acc": 0.19736842105263158,
      "acc_stderr": 0.03238981601699397,
      "acc_norm": 0.17763157894736842,
      "acc_norm_stderr": 0.031103182383123387
    },
    "hendrycksTest-high_school_macroeconomics": {
      "acc": 0.24358974358974358,
      "acc_stderr": 0.021763733684173926,
      "acc_norm": 0.23076923076923078,
      "acc_norm_stderr": 0.021362027725222724
    },
    "hendrycksTest-philosophy": {
      "acc": 0.2572347266881029,
      "acc_stderr": 0.024826171289250888,
      "acc_norm": 0.28938906752411575,
      "acc_norm_stderr": 0.025755865922632945
    },
    "hendrycksTest-clinical_knowledge": {
      "acc": 0.23018867924528302,
      "acc_stderr": 0.02590789712240817,
      "acc_norm": 0.3283018867924528,
      "acc_norm_stderr": 0.028901593612411784
    },
    "hendrycksTest-elementary_mathematics": {
      "acc": 0.2671957671957672,
      "acc_stderr": 0.022789673145776554,
      "acc_norm": 0.2804232804232804,
      "acc_norm_stderr": 0.023135287974325618
    },
    "hendrycksTest-high_school_geography": {
      "acc": 0.25757575757575757,
      "acc_stderr": 0.03115626951964683,
      "acc_norm": 0.30808080808080807,
      "acc_norm_stderr": 0.03289477330098617
    },
    "hendrycksTest-college_computer_science": {
      "acc": 0.32,
      "acc_stderr": 0.04688261722621505,
      "acc_norm": 0.33,
      "acc_norm_stderr": 0.047258156262526045
    },
    "hendrycksTest-high_school_government_and_politics": {
      "acc": 0.19170984455958548,
      "acc_stderr": 0.028408953626245306,
      "acc_norm": 0.22279792746113988,
      "acc_norm_stderr": 0.030031147977641545
    },
    "arc_challenge": {
      "acc": 0.2986348122866894,
      "acc_stderr": 0.013374078615068756,
      "acc_norm": 0.3267918088737201,
      "acc_norm_stderr": 0.013706665975587338
    },
    "hendrycksTest-logical_fallacies": {
      "acc": 0.22085889570552147,
      "acc_stderr": 0.03259177392742178,
      "acc_norm": 0.2822085889570552,
      "acc_norm_stderr": 0.03536117886664742
    },
    "hendrycksTest-medical_genetics": {
      "acc": 0.28,
      "acc_stderr": 0.045126085985421255,
      "acc_norm": 0.31,
      "acc_norm_stderr": 0.04648231987117316
    },
    "logiqa": {
      "acc": 0.2350230414746544,
      "acc_stderr": 0.016631166823890965,
      "acc_norm": 0.2411674347158218,
      "acc_norm_stderr": 0.016779369344911064
    },
    "hendrycksTest-college_biology": {
      "acc": 0.2638888888888889,
      "acc_stderr": 0.03685651095897532,
      "acc_norm": 0.2361111111111111,
      "acc_norm_stderr": 0.03551446610810826
    },
    "hendrycksTest-business_ethics": {
      "acc": 0.33,
      "acc_stderr": 0.047258156262526045,
      "acc_norm": 0.33,
      "acc_norm_stderr": 0.047258156262526045
    },
    "hendrycksTest-formal_logic": {
      "acc": 0.30952380952380953,
      "acc_stderr": 0.04134913018303316,
      "acc_norm": 0.31746031746031744,
      "acc_norm_stderr": 0.04163453031302859
    },
    "hendrycksTest-global_facts": {
      "acc": 0.24,
      "acc_stderr": 0.04292346959909284,
      "acc_norm": 0.22,
      "acc_norm_stderr": 0.041633319989322695
    },
    "hendrycksTest-abstract_algebra": {
      "acc": 0.22,
      "acc_stderr": 0.04163331998932269,
      "acc_norm": 0.26,
      "acc_norm_stderr": 0.0440844002276808
    },
    "hendrycksTest-high_school_us_history": {
      "acc": 0.2647058823529412,
      "acc_stderr": 0.030964517926923393,
      "acc_norm": 0.29411764705882354,
      "acc_norm_stderr": 0.03198001660115072
    },
    "hendrycksTest-international_law": {
      "acc": 0.256198347107438,
      "acc_stderr": 0.03984979653302871,
      "acc_norm": 0.3305785123966942,
      "acc_norm_stderr": 0.04294340845212094
    },
    "hendrycksTest-jurisprudence": {
      "acc": 0.2777777777777778,
      "acc_stderr": 0.04330043749650742,
      "acc_norm": 0.35185185185185186,
      "acc_norm_stderr": 0.04616631111801713
    },
    "hendrycksTest-professional_medicine": {
      "acc": 0.2867647058823529,
      "acc_stderr": 0.02747227447323382,
      "acc_norm": 0.2757352941176471,
      "acc_norm_stderr": 0.027146271936625162
    },
    "piqa": {
      "acc": 0.7225244831338411,
      "acc_stderr": 0.010446818281039957,
      "acc_norm": 0.7165397170837867,
      "acc_norm_stderr": 0.010515057791152053
    },
    "hendrycksTest-high_school_microeconomics": {
      "acc": 0.2605042016806723,
      "acc_stderr": 0.028510251512341926,
      "acc_norm": 0.25630252100840334,
      "acc_norm_stderr": 0.02835962087053395
    },
    "hendrycksTest-moral_disputes": {
      "acc": 0.25722543352601157,
      "acc_stderr": 0.02353292543104428,
      "acc_norm": 0.2976878612716763,
      "acc_norm_stderr": 0.024617055388677003
    },
    "hendrycksTest-anatomy": {
      "acc": 0.24444444444444444,
      "acc_stderr": 0.03712537833614866,
      "acc_norm": 0.26666666666666666,
      "acc_norm_stderr": 0.038201699145179055
    },
    "hendrycksTest-high_school_european_history": {
      "acc": 0.2606060606060606,
      "acc_stderr": 0.03427743175816525,
      "acc_norm": 0.2787878787878788,
      "acc_norm_stderr": 0.03501438706296781
    },
    "hendrycksTest-professional_psychology": {
      "acc": 0.272875816993464,
      "acc_stderr": 0.018020474148393577,
      "acc_norm": 0.2761437908496732,
      "acc_norm_stderr": 0.018087276935663137
    },
    "hendrycksTest-sociology": {
      "acc": 0.31840796019900497,
      "acc_stderr": 0.03294118479054095,
      "acc_norm": 0.26865671641791045,
      "acc_norm_stderr": 0.03134328358208954
    },
    "hendrycksTest-human_sexuality": {
      "acc": 0.37404580152671757,
      "acc_stderr": 0.042438692422305246,
      "acc_norm": 0.366412213740458,
      "acc_norm_stderr": 0.042258754519696386
    },
    "hendrycksTest-high_school_world_history": {
      "acc": 0.2742616033755274,
      "acc_stderr": 0.029041333510598025,
      "acc_norm": 0.270042194092827,
      "acc_norm_stderr": 0.028900721906293426
    },
    "lambada_openai": {
      "ppl": 7.442805723443163,
      "ppl_stderr": 0.18903925376792957,