{
  "results": {
    "hendrycksTest-public_relations": {
      "acc": 0.2727272727272727,
      "acc_stderr": 0.042657921109405895,
      "acc_norm": 0.21818181818181817,
      "acc_norm_stderr": 0.03955932861795833
    },
    "hendrycksTest-medical_genetics": {
      "acc": 0.26,
      "acc_stderr": 0.04408440022768079,
      "acc_norm": 0.34,
      "acc_norm_stderr": 0.04760952285695236
    },
    "hendrycksTest-high_school_world_history": {
      "acc": 0.22362869198312235,
      "acc_stderr": 0.027123298205229972,
      "acc_norm": 0.270042194092827,
      "acc_norm_stderr": 0.028900721906293426
    },
    "hendrycksTest-college_chemistry": {
      "acc": 0.24,
      "acc_stderr": 0.042923469599092816,
      "acc_norm": 0.3,
      "acc_norm_stderr": 0.046056618647183814
    },
    "hendrycksTest-high_school_us_history": {
      "acc": 0.22549019607843138,
      "acc_stderr": 0.029331162294251728,
      "acc_norm": 0.22058823529411764,
      "acc_norm_stderr": 0.02910225438967409
    },
    "hendrycksTest-high_school_microeconomics": {
      "acc": 0.2815126050420168,
      "acc_stderr": 0.029213549414372163,
      "acc_norm": 0.3277310924369748,
      "acc_norm_stderr": 0.030489911417673227
    },
    "hendrycksTest-abstract_algebra": {
      "acc": 0.13,
      "acc_stderr": 0.0337997668989631,
      "acc_norm": 0.18,
      "acc_norm_stderr": 0.038612291966536934
    },
    "hendrycksTest-security_studies": {
      "acc": 0.2979591836734694,
      "acc_stderr": 0.02927956741106567,
      "acc_norm": 0.27346938775510204,
      "acc_norm_stderr": 0.028535560337128445
    },
    "hendrycksTest-world_religions": {
      "acc": 0.32748538011695905,
      "acc_stderr": 0.035993357714560276,
      "acc_norm": 0.3157894736842105,
      "acc_norm_stderr": 0.03565079670708311
    },
    "hendrycksTest-high_school_macroeconomics": {
      "acc": 0.26666666666666666,
      "acc_stderr": 0.022421273612923703,
      "acc_norm": 0.31025641025641026,
      "acc_norm_stderr": 0.02345467488940429
    },
    "hendrycksTest-human_aging": {
      "acc": 0.2645739910313901,
      "acc_stderr": 0.029605103217038325,
      "acc_norm": 0.21973094170403587,
      "acc_norm_stderr": 0.027790177064383595
    },
    "hendrycksTest-business_ethics": {
      "acc": 0.25,
      "acc_stderr": 0.04351941398892446,
      "acc_norm": 0.23,
      "acc_norm_stderr": 0.04229525846816505
    },
    "hendrycksTest-international_law": {
      "acc": 0.12396694214876033,
      "acc_stderr": 0.030083098716035202,
      "acc_norm": 0.371900826446281,
      "acc_norm_stderr": 0.04412015806624504
    },
    "logiqa": {
      "acc": 0.2196620583717358,
      "acc_stderr": 0.016239109414933946,
      "acc_norm": 0.27956989247311825,
      "acc_norm_stderr": 0.01760290918682245
    },
    "hendrycksTest-machine_learning": {
      "acc": 0.25892857142857145,
      "acc_stderr": 0.04157751539865629,
      "acc_norm": 0.24107142857142858,
      "acc_norm_stderr": 0.04059867246952686
    },
    "hendrycksTest-nutrition": {
      "acc": 0.27450980392156865,
      "acc_stderr": 0.025553169991826514,
      "acc_norm": 0.2875816993464052,
      "acc_norm_stderr": 0.02591780611714716
    },
    "hendrycksTest-conceptual_physics": {
      "acc": 0.2,
      "acc_stderr": 0.026148818018424502,
      "acc_norm": 0.20851063829787234,
      "acc_norm_stderr": 0.02655698211783872
    },
    "hendrycksTest-high_school_chemistry": {
      "acc": 0.2019704433497537,
      "acc_stderr": 0.02824735012218028,
      "acc_norm": 0.2413793103448276,
      "acc_norm_stderr": 0.030108330718011625
    },
    "hendrycksTest-high_school_statistics": {
      "acc": 0.26851851851851855,
      "acc_stderr": 0.03022522616001239,
      "acc_norm": 0.3101851851851852,
      "acc_norm_stderr": 0.03154696285656629
    },
    "hendrycksTest-moral_disputes": {
      "acc": 0.23410404624277456,
      "acc_stderr": 0.022797110278071138,
      "acc_norm": 0.2630057803468208,
      "acc_norm_stderr": 0.023703099525258155
    },
    "hendrycksTest-moral_scenarios": {
      "acc": 0.2424581005586592,
      "acc_stderr": 0.014333522059217892,
      "acc_norm": 0.23798882681564246,
      "acc_norm_stderr": 0.014242630070574901
    },
    "hendrycksTest-miscellaneous": {
      "acc": 0.2669220945083014,
      "acc_stderr": 0.01581845089477755,
      "acc_norm": 0.2681992337164751,
      "acc_norm_stderr": 0.015842430835269428
    },
    "wsc": {
      "acc": 0.36538461538461536,
      "acc_stderr": 0.0474473339327792
    },
    "hendrycksTest-college_computer_science": {
      "acc": 0.31,
      "acc_stderr": 0.04648231987117316,
      "acc_norm": 0.27,
      "acc_norm_stderr": 0.0446196043338474
    },
    "hendrycksTest-formal_logic": {
      "acc": 0.2619047619047619,
      "acc_stderr": 0.03932537680392871,
      "acc_norm": 0.2698412698412698,
      "acc_norm_stderr": 0.03970158273235173
    },
    "hendrycksTest-electrical_engineering": {
      "acc": 0.27586206896551724,
      "acc_stderr": 0.03724563619774632,
      "acc_norm": 0.2827586206896552,
      "acc_norm_stderr": 0.037528339580033376
    },
    "hendrycksTest-jurisprudence": {
      "acc": 0.25925925925925924,
      "acc_stderr": 0.042365112580946336,
      "acc_norm": 0.32407407407407407,
      "acc_norm_stderr": 0.04524596007030048
    },
    "hendrycksTest-clinical_knowledge": {
      "acc": 0.25660377358490566,
      "acc_stderr": 0.026880647889051982,
      "acc_norm": 0.30566037735849055,
      "acc_norm_stderr": 0.028353298073322666
    },
    "piqa": {
      "acc": 0.6289445048966268,
      "acc_stderr": 0.011271222398600525,
      "acc_norm": 0.6251360174102285,
      "acc_norm_stderr": 0.011294565805619014
    },
    "hendrycksTest-logical_fallacies": {
      "acc": 0.2085889570552147,
      "acc_stderr": 0.031921934489347235,
      "acc_norm": 0.2883435582822086,
      "acc_norm_stderr": 0.035590395316173425
    },
    "hendrycksTest-college_mathematics": {
      "acc": 0.3,
      "acc_stderr": 0.046056618647183814,
      "acc_norm": 0.36,
      "acc_norm_stderr": 0.048241815132442176
    },
    "hendrycksTest-high_school_government_and_politics": {
      "acc": 0.3005181347150259,
      "acc_stderr": 0.033088185944157515,
      "acc_norm": 0.27461139896373055,
      "acc_norm_stderr": 0.03221024508041156
    },
    "hendrycksTest-high_school_psychology": {
      "acc": 0.28440366972477066,
      "acc_stderr": 0.019342036587702605,
      "acc_norm": 0.24403669724770644,
      "acc_norm_stderr": 0.018415286351416416
    },
    "hendrycksTest-marketing": {
      "acc": 0.26495726495726496,
      "acc_stderr": 0.02891120880274947,
      "acc_norm": 0.27350427350427353,
      "acc_norm_stderr": 0.029202540153431173
    },
    "hendrycksTest-human_sexuality": {
      "acc": 0.3893129770992366,
      "acc_stderr": 0.04276486542814591,
      "acc_norm": 0.3511450381679389,
      "acc_norm_stderr": 0.04186445163013751
    },
    "hendrycksTest-philosophy": {
      "acc": 0.26688102893890675,
      "acc_stderr": 0.025122637608816646,
      "acc_norm": 0.3086816720257235,
      "acc_norm_stderr": 0.026236965881153262
    },
    "hendrycksTest-astronomy": {
      "acc": 0.1513157894736842,
      "acc_stderr": 0.02916263159684399,
      "acc_norm": 0.21052631578947367,
      "acc_norm_stderr": 0.03317672787533157
    },
    "hendrycksTest-virology": {
      "acc": 0.29518072289156627,
      "acc_stderr": 0.03550920185689629,
      "acc_norm": 0.2891566265060241,
      "acc_norm_stderr": 0.03529486801511115
    },
    "lambada_openai": {
      "ppl": 48.76418110218132,
      "ppl_stderr": 1.7908658596268419,
      "acc": 0.2679992237531535,
      "acc_stderr": 0.006170702540311533
    },
    "winogrande": {
      "acc": 0.5019731649565904,
      "acc_stderr": 0.014052376259225643
    },
    "hendrycksTest-high_school_computer_science": {
      "acc": 0.21,
      "acc_stderr": 0.040936018074033256,
      "acc_norm": 0.26,
      "acc_norm_stderr": 0.0440844002276808
    },