{
  "results": {
    "hendrycksTest-high_school_microeconomics": {
      "acc": 0.23109243697478993,
      "acc_stderr": 0.027381406927868973,
      "acc_norm": 0.29831932773109243,
      "acc_norm_stderr": 0.029719142876342853
    },
    "hendrycksTest-college_computer_science": {
      "acc": 0.3,
      "acc_stderr": 0.046056618647183814,
      "acc_norm": 0.29,
      "acc_norm_stderr": 0.04560480215720684
    },
    "hendrycksTest-elementary_mathematics": {
      "acc": 0.2724867724867725,
      "acc_stderr": 0.022930973071633342,
      "acc_norm": 0.2804232804232804,
      "acc_norm_stderr": 0.023135287974325618
    },
    "hendrycksTest-high_school_biology": {
      "acc": 0.267741935483871,
      "acc_stderr": 0.025189006660212385,
      "acc_norm": 0.3032258064516129,
      "acc_norm_stderr": 0.026148685930671746
    },
    "hendrycksTest-high_school_statistics": {
      "acc": 0.27314814814814814,
      "acc_stderr": 0.03038805130167812,
      "acc_norm": 0.30092592592592593,
      "acc_norm_stderr": 0.0312803908432988
    },
    "hendrycksTest-high_school_us_history": {
      "acc": 0.27941176470588236,
      "acc_stderr": 0.031493281045079556,
      "acc_norm": 0.28921568627450983,
      "acc_norm_stderr": 0.03182231867647552
    },
    "hendrycksTest-medical_genetics": {
      "acc": 0.22,
      "acc_stderr": 0.04163331998932269,
      "acc_norm": 0.32,
      "acc_norm_stderr": 0.046882617226215034
    },
    "hendrycksTest-moral_scenarios": {
      "acc": 0.23016759776536314,
      "acc_stderr": 0.014078339253425802,
      "acc_norm": 0.23575418994413408,
      "acc_norm_stderr": 0.014196375686290804
    },
    "hendrycksTest-high_school_chemistry": {
      "acc": 0.20689655172413793,
      "acc_stderr": 0.028501378167893946,
      "acc_norm": 0.2561576354679803,
      "acc_norm_stderr": 0.0307127300709826
    },
    "hendrycksTest-high_school_physics": {
      "acc": 0.24503311258278146,
      "acc_stderr": 0.03511807571804724,
      "acc_norm": 0.2913907284768212,
      "acc_norm_stderr": 0.03710185726119995
    },
    "hendrycksTest-philosophy": {
      "acc": 0.20257234726688103,
      "acc_stderr": 0.022827317491059686,
      "acc_norm": 0.2572347266881029,
      "acc_norm_stderr": 0.02482617128925089
    },
    "hendrycksTest-anatomy": {
      "acc": 0.2222222222222222,
      "acc_stderr": 0.035914440841969694,
      "acc_norm": 0.23703703703703705,
      "acc_norm_stderr": 0.03673731683969506
    },
    "hendrycksTest-astronomy": {
      "acc": 0.19078947368421054,
      "acc_stderr": 0.031975658210325,
      "acc_norm": 0.3092105263157895,
      "acc_norm_stderr": 0.037610708698674805
    },
    "hendrycksTest-us_foreign_policy": {
      "acc": 0.22,
      "acc_stderr": 0.04163331998932269,
      "acc_norm": 0.27,
      "acc_norm_stderr": 0.044619604333847394
    },
    "lambada_openai": {
      "ppl": 174.39112229005121,
      "ppl_stderr": 7.287759872783185,
      "acc": 0.1851348728895789,
      "acc_stderr": 0.005411268144244087
    },
    "sciq": {
      "acc": 0.682,
      "acc_stderr": 0.0147340793093119,
      "acc_norm": 0.649,
      "acc_norm_stderr": 0.015100563798316402
    },
    "hendrycksTest-clinical_knowledge": {
      "acc": 0.2490566037735849,
      "acc_stderr": 0.026616482980501708,
      "acc_norm": 0.32452830188679244,
      "acc_norm_stderr": 0.028815615713432118
    },
    "hendrycksTest-professional_psychology": {
      "acc": 0.27450980392156865,
      "acc_stderr": 0.018054027458815198,
      "acc_norm": 0.2679738562091503,
      "acc_norm_stderr": 0.017917974069594726
    },
    "hendrycksTest-high_school_government_and_politics": {
      "acc": 0.20207253886010362,
      "acc_stderr": 0.02897908979429673,
      "acc_norm": 0.26424870466321243,
      "acc_norm_stderr": 0.03182155050916649
    },
    "hendrycksTest-human_aging": {
      "acc": 0.26905829596412556,
      "acc_stderr": 0.029763779406874972,
      "acc_norm": 0.2242152466367713,
      "acc_norm_stderr": 0.027991534258519524
    },
    "piqa": {
      "acc": 0.573993471164309,
      "acc_stderr": 0.011537375448519445,
      "acc_norm": 0.5930359085963003,
      "acc_norm_stderr": 0.011462093919190166
    },
    "logiqa": {
      "acc": 0.23348694316436253,
      "acc_stderr": 0.016593362460570887,
      "acc_norm": 0.27035330261136714,
      "acc_norm_stderr": 0.01742069478339314
    },
    "hendrycksTest-marketing": {
      "acc": 0.20512820512820512,
      "acc_stderr": 0.02645350805404033,
      "acc_norm": 0.24358974358974358,
      "acc_norm_stderr": 0.0281209665039144
    },
    "hendrycksTest-abstract_algebra": {
      "acc": 0.19,
      "acc_stderr": 0.039427724440366234,
      "acc_norm": 0.24,
      "acc_norm_stderr": 0.04292346959909283
    },
    "hendrycksTest-high_school_psychology": {
      "acc": 0.28807339449541286,
      "acc_stderr": 0.01941644589263602,
      "acc_norm": 0.26238532110091745,
      "acc_norm_stderr": 0.018861885021534738
    },
    "hendrycksTest-sociology": {
      "acc": 0.27860696517412936,
      "acc_stderr": 0.031700561834973086,
      "acc_norm": 0.2736318407960199,
      "acc_norm_stderr": 0.031524391865553995
    },
    "hendrycksTest-security_studies": {
      "acc": 0.3183673469387755,
      "acc_stderr": 0.029822533793982062,
      "acc_norm": 0.22857142857142856,
      "acc_norm_stderr": 0.026882144922307744
    },
    "hendrycksTest-high_school_macroeconomics": {
      "acc": 0.24358974358974358,
      "acc_stderr": 0.021763733684173916,
      "acc_norm": 0.3,
      "acc_norm_stderr": 0.023234581088428494
    },
    "hendrycksTest-nutrition": {
      "acc": 0.28104575163398693,
      "acc_stderr": 0.02573885479781873,
      "acc_norm": 0.34967320261437906,
      "acc_norm_stderr": 0.027305308076274702
    },
    "hendrycksTest-global_facts": {
      "acc": 0.24,
      "acc_stderr": 0.04292346959909283,
      "acc_norm": 0.23,
      "acc_norm_stderr": 0.04229525846816506
    },
    "hendrycksTest-world_religions": {
      "acc": 0.21637426900584794,
      "acc_stderr": 0.03158149539338734,
      "acc_norm": 0.27485380116959063,
      "acc_norm_stderr": 0.03424042924691584
    },
    "hendrycksTest-professional_law": {
      "acc": 0.26988265971316816,
      "acc_stderr": 0.011337381084250418,
      "acc_norm": 0.2777053455019557,
      "acc_norm_stderr": 0.011438741422769573
    },
    "hendrycksTest-human_sexuality": {
      "acc": 0.33587786259541985,
      "acc_stderr": 0.041423137719966634,
      "acc_norm": 0.2748091603053435,
      "acc_norm_stderr": 0.039153454088478354
    },
    "arc_challenge": {
      "acc": 0.17320819112627986,
      "acc_stderr": 0.01105869418328034,
      "acc_norm": 0.20819112627986347,
      "acc_norm_stderr": 0.011864866118448064
    },
    "hendrycksTest-jurisprudence": {
      "acc": 0.25,
      "acc_stderr": 0.04186091791394607,
      "acc_norm": 0.3333333333333333,
      "acc_norm_stderr": 0.04557239513497752
    },
    "hendrycksTest-formal_logic": {
      "acc": 0.3333333333333333,
      "acc_stderr": 0.04216370213557835,
      "acc_norm": 0.2698412698412698,
      "acc_norm_stderr": 0.03970158273235172
    },
    "hendrycksTest-logical_fallacies": {
      "acc": 0.25153374233128833,
      "acc_stderr": 0.03408997886857529,
      "acc_norm": 0.3006134969325153,
      "acc_norm_stderr": 0.03602511318806771
    },
    "hendrycksTest-college_physics": {
      "acc": 0.20588235294117646,
      "acc_stderr": 0.04023382273617747,
      "acc_norm": 0.24509803921568626,
      "acc_norm_stderr": 0.04280105837364396
    },
    "winogrande": {
      "acc": 0.5074980268350434,
      "acc_stderr": 0.014050905521228577
    },
    "hendrycksTest-international_law": {
      "acc": 0.1322314049586777,
      "acc_stderr": 0.030922788320445784,
      "acc_norm": 0.39669421487603307,
      "acc_norm_stderr": 0.044658697805310094
    },
    "hendrycksTest-machine_learning": {
      "acc": 0.33035714285714285,
      "acc_stderr": 0.04464285714285713,
      "acc_norm": 0.25,