{
  "results": {
    "hendrycksTest-human_aging": {
      "acc": 0.2556053811659193,
      "acc_stderr": 0.02927589100396993,
      "acc_norm": 0.2062780269058296,
      "acc_norm_stderr": 0.027157150479563824
    },
    "hendrycksTest-college_mathematics": {
      "acc": 0.19,
      "acc_stderr": 0.03942772444036622,
      "acc_norm": 0.24,
      "acc_norm_stderr": 0.04292346959909283
    },
    "hendrycksTest-us_foreign_policy": {
      "acc": 0.19,
      "acc_stderr": 0.03942772444036623,
      "acc_norm": 0.29,
      "acc_norm_stderr": 0.045604802157206845
    },
    "hendrycksTest-high_school_world_history": {
      "acc": 0.25316455696202533,
      "acc_stderr": 0.02830465794303529,
      "acc_norm": 0.270042194092827,
      "acc_norm_stderr": 0.028900721906293426
    },
    "hendrycksTest-professional_psychology": {
      "acc": 0.25163398692810457,
      "acc_stderr": 0.017555818091322277,
      "acc_norm": 0.24183006535947713,
      "acc_norm_stderr": 0.017322789207784323
    },
    "hendrycksTest-world_religions": {
      "acc": 0.22807017543859648,
      "acc_stderr": 0.03218093795602357,
      "acc_norm": 0.2573099415204678,
      "acc_norm_stderr": 0.03352799844161865
    },
    "piqa": {
      "acc": 0.5816104461371056,
      "acc_stderr": 0.011509380214588204,
      "acc_norm": 0.5826985854189336,
      "acc_norm_stderr": 0.011505151244333238
    },
    "hendrycksTest-high_school_statistics": {
      "acc": 0.2916666666666667,
      "acc_stderr": 0.030998666304560524,
      "acc_norm": 0.30092592592592593,
      "acc_norm_stderr": 0.03128039084329881
    },
    "sciq": {
      "acc": 0.693,
      "acc_stderr": 0.014593284892852623,
      "acc_norm": 0.653,
      "acc_norm_stderr": 0.015060472031706615
    },
    "arc_easy": {
      "acc": 0.406986531986532,
      "acc_stderr": 0.010080695355466598,
      "acc_norm": 0.37626262626262624,
      "acc_norm_stderr": 0.009940646221513794
    },
    "hendrycksTest-high_school_psychology": {
      "acc": 0.29724770642201837,
      "acc_stderr": 0.019595707224643558,
      "acc_norm": 0.26605504587155965,
      "acc_norm_stderr": 0.018946022322225597
    },
    "hendrycksTest-business_ethics": {
      "acc": 0.34,
      "acc_stderr": 0.04760952285695235,
      "acc_norm": 0.32,
      "acc_norm_stderr": 0.04688261722621504
    },
    "hendrycksTest-human_sexuality": {
      "acc": 0.3435114503816794,
      "acc_stderr": 0.041649760719448786,
      "acc_norm": 0.2900763358778626,
      "acc_norm_stderr": 0.03980066246467766
    },
    "hendrycksTest-virology": {
      "acc": 0.2469879518072289,
      "acc_stderr": 0.03357351982064537,
      "acc_norm": 0.2469879518072289,
      "acc_norm_stderr": 0.03357351982064536
    },
    "hendrycksTest-marketing": {
      "acc": 0.23931623931623933,
      "acc_stderr": 0.027951826808924333,
      "acc_norm": 0.2606837606837607,
      "acc_norm_stderr": 0.02876034895652341
    },
    "hendrycksTest-conceptual_physics": {
      "acc": 0.2553191489361702,
      "acc_stderr": 0.0285048564705142,
      "acc_norm": 0.2170212765957447,
      "acc_norm_stderr": 0.026947483121496217
    },
    "hendrycksTest-electrical_engineering": {
      "acc": 0.23448275862068965,
      "acc_stderr": 0.035306258743465914,
      "acc_norm": 0.25517241379310346,
      "acc_norm_stderr": 0.03632984052707842
    },
    "hendrycksTest-college_medicine": {
      "acc": 0.26011560693641617,
      "acc_stderr": 0.03345036916788991,
      "acc_norm": 0.2832369942196532,
      "acc_norm_stderr": 0.03435568056047873
    },
    "hendrycksTest-management": {
      "acc": 0.30097087378640774,
      "acc_stderr": 0.04541609446503948,
      "acc_norm": 0.3106796116504854,
      "acc_norm_stderr": 0.04582124160161551
    },
    "hendrycksTest-logical_fallacies": {
      "acc": 0.2331288343558282,
      "acc_stderr": 0.033220157957767414,
      "acc_norm": 0.2392638036809816,
      "acc_norm_stderr": 0.033519538795212696
    },
    "hendrycksTest-machine_learning": {
      "acc": 0.20535714285714285,
      "acc_stderr": 0.038342410214190735,
      "acc_norm": 0.23214285714285715,
      "acc_norm_stderr": 0.04007341809755807
    },
    "hendrycksTest-nutrition": {
      "acc": 0.27450980392156865,
      "acc_stderr": 0.025553169991826514,
      "acc_norm": 0.34967320261437906,
      "acc_norm_stderr": 0.027305308076274706
    },
    "hendrycksTest-jurisprudence": {
      "acc": 0.23148148148148148,
      "acc_stderr": 0.04077494709252627,
      "acc_norm": 0.3333333333333333,
      "acc_norm_stderr": 0.04557239513497752
    },
    "hendrycksTest-international_law": {
      "acc": 0.18181818181818182,
      "acc_stderr": 0.03520893951097655,
      "acc_norm": 0.4462809917355372,
      "acc_norm_stderr": 0.0453793517794788
    },
    "hendrycksTest-high_school_biology": {
      "acc": 0.267741935483871,
      "acc_stderr": 0.025189006660212378,
      "acc_norm": 0.29354838709677417,
      "acc_norm_stderr": 0.02590608702131929
    },
    "hendrycksTest-high_school_mathematics": {
      "acc": 0.2518518518518518,
      "acc_stderr": 0.026466117538959916,
      "acc_norm": 0.2962962962962963,
      "acc_norm_stderr": 0.027840811495871927
    },
    "hendrycksTest-high_school_physics": {
      "acc": 0.2185430463576159,
      "acc_stderr": 0.03374235550425694,
      "acc_norm": 0.2847682119205298,
      "acc_norm_stderr": 0.03684881521389023
    },
    "hendrycksTest-professional_medicine": {
      "acc": 0.29044117647058826,
      "acc_stderr": 0.027576468622740512,
      "acc_norm": 0.29411764705882354,
      "acc_norm_stderr": 0.027678468642144682
    },
    "hendrycksTest-astronomy": {
      "acc": 0.24342105263157895,
      "acc_stderr": 0.034923496688842384,
      "acc_norm": 0.3815789473684211,
      "acc_norm_stderr": 0.03953173377749194
    },
    "hendrycksTest-security_studies": {
      "acc": 0.363265306122449,
      "acc_stderr": 0.030789051139030806,
      "acc_norm": 0.2816326530612245,
      "acc_norm_stderr": 0.02879518557429131
    },
    "hendrycksTest-college_computer_science": {
      "acc": 0.31,
      "acc_stderr": 0.04648231987117316,
      "acc_norm": 0.33,
      "acc_norm_stderr": 0.04725815626252604
    },
    "winogrande": {
      "acc": 0.500394632991318,
      "acc_stderr": 0.014052481306049516
    },
    "hendrycksTest-clinical_knowledge": {
      "acc": 0.2528301886792453,
      "acc_stderr": 0.02674989977124124,
      "acc_norm": 0.32452830188679244,
      "acc_norm_stderr": 0.028815615713432118
    },
    "hendrycksTest-high_school_macroeconomics": {
      "acc": 0.27692307692307694,
      "acc_stderr": 0.022688042352424994,
      "acc_norm": 0.28205128205128205,
      "acc_norm_stderr": 0.0228158130988966
    },
    "hendrycksTest-elementary_mathematics": {
      "acc": 0.24603174603174602,
      "acc_stderr": 0.022182037202948368,
      "acc_norm": 0.2698412698412698,
      "acc_norm_stderr": 0.022860838309232065
    },
    "hendrycksTest-high_school_microeconomics": {
      "acc": 0.2857142857142857,
      "acc_stderr": 0.029344572500634353,
      "acc_norm": 0.3235294117647059,
      "acc_norm_stderr": 0.030388353551886845
    },
    "hendrycksTest-miscellaneous": {
      "acc": 0.2260536398467433,
      "acc_stderr": 0.01495745850433583,
      "acc_norm": 0.23243933588761176,
      "acc_norm_stderr": 0.0151045500089057
    },
    "logiqa": {
      "acc": 0.23348694316436253,
      "acc_stderr": 0.016593362460570887,
      "acc_norm": 0.26574500768049153,
      "acc_norm_stderr": 0.017326040808935694
    },
    "hendrycksTest-public_relations": {
      "acc": 0.22727272727272727,
      "acc_stderr": 0.040139645540727735,
      "acc_norm": 0.2,
      "acc_norm_stderr": 0.03831305140884603
    },
    "hendrycksTest-college_physics": {
      "acc": 0.18627450980392157,
      "acc_stderr": 0.03873958714149352,
      "acc_norm": 0.22549019607843138,
      "acc_norm_stderr": 0.041583075330832865
    },
    "hendrycksTest-college_chemistry": {
      "acc": 0.29,