{
  "results": {
    "hendrycksTest-high_school_mathematics": {
      "acc": 0.2851851851851852,
      "acc_stderr": 0.027528599210340492,
      "acc_norm": 0.32222222222222224,
      "acc_norm_stderr": 0.028493465091028593
    },
    "winogrande": {
      "acc": 0.5059194948697711,
      "acc_stderr": 0.014051500838485807
    },
    "hendrycksTest-logical_fallacies": {
      "acc": 0.26993865030674846,
      "acc_stderr": 0.034878251684978906,
      "acc_norm": 0.25153374233128833,
      "acc_norm_stderr": 0.03408997886857529
    },
    "hendrycksTest-formal_logic": {
      "acc": 0.2222222222222222,
      "acc_stderr": 0.03718489006818114,
      "acc_norm": 0.23809523809523808,
      "acc_norm_stderr": 0.038095238095238126
    },
    "hendrycksTest-high_school_us_history": {
      "acc": 0.27450980392156865,
      "acc_stderr": 0.03132179803083292,
      "acc_norm": 0.25980392156862747,
      "acc_norm_stderr": 0.030778554678693254
    },
    "hendrycksTest-clinical_knowledge": {
      "acc": 0.29056603773584905,
      "acc_stderr": 0.027943219989337152,
      "acc_norm": 0.3433962264150943,
      "acc_norm_stderr": 0.02922452646912479
    },
    "hendrycksTest-college_computer_science": {
      "acc": 0.34,
      "acc_stderr": 0.047609522856952344,
      "acc_norm": 0.33,
      "acc_norm_stderr": 0.047258156262526045
    },
    "hendrycksTest-international_law": {
      "acc": 0.17355371900826447,
      "acc_stderr": 0.03457272836917671,
      "acc_norm": 0.35537190082644626,
      "acc_norm_stderr": 0.04369236326573981
    },
    "hendrycksTest-anatomy": {
      "acc": 0.2074074074074074,
      "acc_stderr": 0.03502553170678316,
      "acc_norm": 0.2074074074074074,
      "acc_norm_stderr": 0.035025531706783145
    },
    "hendrycksTest-miscellaneous": {
      "acc": 0.2515964240102171,
      "acc_stderr": 0.01551732236552963,
      "acc_norm": 0.2515964240102171,
      "acc_norm_stderr": 0.015517322365529627
    },
    "hendrycksTest-college_chemistry": {
      "acc": 0.25,
      "acc_stderr": 0.04351941398892446,
      "acc_norm": 0.27,
      "acc_norm_stderr": 0.0446196043338474
    },
    "hendrycksTest-high_school_physics": {
      "acc": 0.25165562913907286,
      "acc_stderr": 0.035433042343899844,
      "acc_norm": 0.24503311258278146,
      "acc_norm_stderr": 0.035118075718047245
    },
    "hendrycksTest-nutrition": {
      "acc": 0.238562091503268,
      "acc_stderr": 0.024404394928087873,
      "acc_norm": 0.30392156862745096,
      "acc_norm_stderr": 0.02633661346904663
    },
    "hendrycksTest-conceptual_physics": {
      "acc": 0.2765957446808511,
      "acc_stderr": 0.029241883869628824,
      "acc_norm": 0.24680851063829787,
      "acc_norm_stderr": 0.0281854413012341
    },
    "hendrycksTest-public_relations": {
      "acc": 0.3090909090909091,
      "acc_stderr": 0.044262946482000985,
      "acc_norm": 0.2727272727272727,
      "acc_norm_stderr": 0.04265792110940588
    },
    "arc_easy": {
      "acc": 0.3918350168350168,
      "acc_stderr": 0.010016835016834962,
      "acc_norm": 0.382996632996633,
      "acc_norm_stderr": 0.009974920384536465
    },
    "hendrycksTest-high_school_microeconomics": {
      "acc": 0.24369747899159663,
      "acc_stderr": 0.027886828078380572,
      "acc_norm": 0.31512605042016806,
      "acc_norm_stderr": 0.030176808288974337
    },
    "hendrycksTest-electrical_engineering": {
      "acc": 0.296551724137931,
      "acc_stderr": 0.038061426873099935,
      "acc_norm": 0.2689655172413793,
      "acc_norm_stderr": 0.036951833116502325
    },
    "hendrycksTest-philosophy": {
      "acc": 0.22508038585209003,
      "acc_stderr": 0.023720088516179027,
      "acc_norm": 0.3054662379421222,
      "acc_norm_stderr": 0.026160584450140478
    },
    "hendrycksTest-professional_medicine": {
      "acc": 0.3161764705882353,
      "acc_stderr": 0.028245687391462916,
      "acc_norm": 0.3161764705882353,
      "acc_norm_stderr": 0.02824568739146292
    },
    "hendrycksTest-high_school_european_history": {
      "acc": 0.21212121212121213,
      "acc_stderr": 0.031922715695483,
      "acc_norm": 0.3090909090909091,
      "acc_norm_stderr": 0.036085410115739666
    },
    "hendrycksTest-business_ethics": {
      "acc": 0.34,
      "acc_stderr": 0.047609522856952344,
      "acc_norm": 0.34,
      "acc_norm_stderr": 0.04760952285695235
    },
    "hendrycksTest-management": {
      "acc": 0.32038834951456313,
      "acc_stderr": 0.0462028408228004,
      "acc_norm": 0.3106796116504854,
      "acc_norm_stderr": 0.04582124160161551
    },
    "hendrycksTest-high_school_chemistry": {
      "acc": 0.22660098522167488,
      "acc_stderr": 0.029454863835292968,
      "acc_norm": 0.27586206896551724,
      "acc_norm_stderr": 0.031447125816782426
    },
    "hendrycksTest-human_sexuality": {
      "acc": 0.3816793893129771,
      "acc_stderr": 0.04260735157644559,
      "acc_norm": 0.3053435114503817,
      "acc_norm_stderr": 0.04039314978724561
    },
    "hendrycksTest-professional_law": {
      "acc": 0.25945241199478486,
      "acc_stderr": 0.011195262076350307,
      "acc_norm": 0.27835723598435463,
      "acc_norm_stderr": 0.011446990197380989
    },
    "logiqa": {
      "acc": 0.23655913978494625,
      "acc_stderr": 0.016668667667174192,
      "acc_norm": 0.2872503840245776,
      "acc_norm_stderr": 0.017747701948846593
    },
    "hendrycksTest-virology": {
      "acc": 0.24096385542168675,
      "acc_stderr": 0.0332939411907353,
      "acc_norm": 0.22289156626506024,
      "acc_norm_stderr": 0.03240004825594688
    },
    "hendrycksTest-college_medicine": {
      "acc": 0.2947976878612717,
      "acc_stderr": 0.034765996075164785,
      "acc_norm": 0.31213872832369943,
      "acc_norm_stderr": 0.03533133389323657
    },
    "hendrycksTest-abstract_algebra": {
      "acc": 0.14,
      "acc_stderr": 0.03487350880197769,
      "acc_norm": 0.21,
      "acc_norm_stderr": 0.040936018074033256
    },
    "hendrycksTest-high_school_macroeconomics": {
      "acc": 0.2641025641025641,
      "acc_stderr": 0.022352193737453268,
      "acc_norm": 0.28205128205128205,
      "acc_norm_stderr": 0.02281581309889661
    },
    "hendrycksTest-college_physics": {
      "acc": 0.19607843137254902,
      "acc_stderr": 0.039505818611799616,
      "acc_norm": 0.23529411764705882,
      "acc_norm_stderr": 0.04220773659171453
    },
    "hendrycksTest-computer_security": {
      "acc": 0.27,
      "acc_stderr": 0.044619604333847394,
      "acc_norm": 0.3,
      "acc_norm_stderr": 0.046056618647183814
    },
    "hendrycksTest-high_school_psychology": {
      "acc": 0.30091743119266057,
      "acc_stderr": 0.019664751366802114,
      "acc_norm": 0.27706422018348625,
      "acc_norm_stderr": 0.019188482590169538
    },
    "hendrycksTest-machine_learning": {
      "acc": 0.26785714285714285,
      "acc_stderr": 0.04203277291467763,
      "acc_norm": 0.23214285714285715,
      "acc_norm_stderr": 0.04007341809755807
    },
    "piqa": {
      "acc": 0.5756256800870512,
      "acc_stderr": 0.011531612758871043,
      "acc_norm": 0.588139281828074,
      "acc_norm_stderr": 0.011483141106304393
    },
    "hendrycksTest-world_religions": {
      "acc": 0.2222222222222222,
      "acc_stderr": 0.031885780176863984,
      "acc_norm": 0.26900584795321636,
      "acc_norm_stderr": 0.03401052620104089
    },
    "hendrycksTest-college_biology": {
      "acc": 0.22916666666666666,
      "acc_stderr": 0.035146974678623884,
      "acc_norm": 0.22916666666666666,
      "acc_norm_stderr": 0.035146974678623884
    },
    "hendrycksTest-global_facts": {
      "acc": 0.25,
      "acc_stderr": 0.04351941398892446,
      "acc_norm": 0.24,
      "acc_norm_stderr": 0.04292346959909283
    },
    "sciq": {
      "acc": 0.693,
      "acc_stderr": 0.014593284892852625,
      "acc_norm": 0.663,
      "acc_norm_stderr": 0.014955087918653612
    },
    "hendrycksTest-professional_psychology": {
      "acc": 0.24673202614379086,