{
  "results": {
    "hendrycksTest-professional_psychology": {
      "acc": 0.2549019607843137,
      "acc_stderr": 0.017630827375148383,
      "acc_norm": 0.2565359477124183,
      "acc_norm_stderr": 0.01766784161237899
    },
    "hendrycksTest-logical_fallacies": {
      "acc": 0.20245398773006135,
      "acc_stderr": 0.03157065078911902,
      "acc_norm": 0.22699386503067484,
      "acc_norm_stderr": 0.03291099578615768
    },
    "hendrycksTest-college_medicine": {
      "acc": 0.2543352601156069,
      "acc_stderr": 0.0332055644308557,
      "acc_norm": 0.2658959537572254,
      "acc_norm_stderr": 0.03368762932259431
    },
    "hendrycksTest-college_mathematics": {
      "acc": 0.24,
      "acc_stderr": 0.04292346959909282,
      "acc_norm": 0.28,
      "acc_norm_stderr": 0.04512608598542127
    },
    "hendrycksTest-econometrics": {
      "acc": 0.2807017543859649,
      "acc_stderr": 0.042270544512322,
      "acc_norm": 0.23684210526315788,
      "acc_norm_stderr": 0.039994238792813365
    },
    "hendrycksTest-high_school_macroeconomics": {
      "acc": 0.2641025641025641,
      "acc_stderr": 0.02235219373745328,
      "acc_norm": 0.258974358974359,
      "acc_norm_stderr": 0.02221110681006166
    },
    "sciq": {
      "acc": 0.895,
      "acc_stderr": 0.009698921026024963,
      "acc_norm": 0.887,
      "acc_norm_stderr": 0.010016552866696869
    },
    "hendrycksTest-moral_scenarios": {
      "acc": 0.24692737430167597,
      "acc_stderr": 0.014422292204808845,
      "acc_norm": 0.25139664804469275,
      "acc_norm_stderr": 0.014508979453553976
    },
    "hendrycksTest-marketing": {
      "acc": 0.3162393162393162,
      "acc_stderr": 0.03046365674734024,
      "acc_norm": 0.3247863247863248,
      "acc_norm_stderr": 0.030679022765498835
    },
    "hendrycksTest-international_law": {
      "acc": 0.21487603305785125,
      "acc_stderr": 0.03749492448709699,
      "acc_norm": 0.2396694214876033,
      "acc_norm_stderr": 0.03896878985070417
    },
    "hendrycksTest-computer_security": {
      "acc": 0.31,
      "acc_stderr": 0.04648231987117316,
      "acc_norm": 0.35,
      "acc_norm_stderr": 0.0479372485441102
    },
    "hendrycksTest-security_studies": {
      "acc": 0.2938775510204082,
      "acc_stderr": 0.029162738410249765,
      "acc_norm": 0.2612244897959184,
      "acc_norm_stderr": 0.02812342933514279
    },
    "hendrycksTest-human_sexuality": {
      "acc": 0.3893129770992366,
      "acc_stderr": 0.04276486542814591,
      "acc_norm": 0.3435114503816794,
      "acc_norm_stderr": 0.041649760719448786
    },
    "hendrycksTest-management": {
      "acc": 0.22330097087378642,
      "acc_stderr": 0.04123553189891431,
      "acc_norm": 0.24271844660194175,
      "acc_norm_stderr": 0.042450224863844956
    },
    "hendrycksTest-high_school_statistics": {
      "acc": 0.25925925925925924,
      "acc_stderr": 0.029886910547626974,
      "acc_norm": 0.27314814814814814,
      "acc_norm_stderr": 0.030388051301678116
    },
    "hendrycksTest-business_ethics": {
      "acc": 0.33,
      "acc_stderr": 0.04725815626252604,
      "acc_norm": 0.29,
      "acc_norm_stderr": 0.045604802157206845
    },
    "hendrycksTest-formal_logic": {
      "acc": 0.29365079365079366,
      "acc_stderr": 0.04073524322147127,
      "acc_norm": 0.2619047619047619,
      "acc_norm_stderr": 0.039325376803928704
    },
    "hendrycksTest-conceptual_physics": {
      "acc": 0.2425531914893617,
      "acc_stderr": 0.028020226271200217,
      "acc_norm": 0.2170212765957447,
      "acc_norm_stderr": 0.02694748312149623
    },
    "hendrycksTest-moral_disputes": {
      "acc": 0.24855491329479767,
      "acc_stderr": 0.023267528432100174,
      "acc_norm": 0.27167630057803466,
      "acc_norm_stderr": 0.023948512905468355
    },
    "winogrande": {
      "acc": 0.5193370165745856,
      "acc_stderr": 0.014041972733712969
    },
    "hendrycksTest-professional_accounting": {
      "acc": 0.24113475177304963,
      "acc_stderr": 0.02551873104953776,
      "acc_norm": 0.25177304964539005,
      "acc_norm_stderr": 0.0258921511567094
    },
    "hendrycksTest-college_biology": {
      "acc": 0.2986111111111111,
      "acc_stderr": 0.03827052357950756,
      "acc_norm": 0.2847222222222222,
      "acc_norm_stderr": 0.03773809990686934
    },
    "hendrycksTest-college_chemistry": {
      "acc": 0.26,
      "acc_stderr": 0.04408440022768077,
      "acc_norm": 0.29,
      "acc_norm_stderr": 0.045604802157206824
    },
    "hendrycksTest-high_school_biology": {
      "acc": 0.20967741935483872,
      "acc_stderr": 0.023157879349083522,
      "acc_norm": 0.22580645161290322,
      "acc_norm_stderr": 0.02378557788418101
    },
    "hendrycksTest-professional_medicine": {
      "acc": 0.17647058823529413,
      "acc_stderr": 0.02315746830855934,
      "acc_norm": 0.19852941176470587,
      "acc_norm_stderr": 0.0242310133705411
    },
    "piqa": {
      "acc": 0.6648531011969532,
      "acc_stderr": 0.011013513128643937,
      "acc_norm": 0.6594124047878128,
      "acc_norm_stderr": 0.011057027540404739
    },
    "lambada_openai": {
      "ppl": 14.60609942079304,
      "ppl_stderr": 0.44917494371187927,
      "acc": 0.44614787502425773,
      "acc_stderr": 0.006925456414702118
    },
    "hendrycksTest-miscellaneous": {
      "acc": 0.23371647509578544,
      "acc_stderr": 0.01513338327898884,
      "acc_norm": 0.2541507024265645,
      "acc_norm_stderr": 0.015569254692045773
    },
    "hendrycksTest-professional_law": {
      "acc": 0.26140808344198174,
      "acc_stderr": 0.011222528169771309,
      "acc_norm": 0.26727509778357234,
      "acc_norm_stderr": 0.01130260751563751
    },
    "hendrycksTest-sociology": {
      "acc": 0.2736318407960199,
      "acc_stderr": 0.03152439186555403,
      "acc_norm": 0.263681592039801,
      "acc_norm_stderr": 0.03115715086935557
    },
    "hendrycksTest-elementary_mathematics": {
      "acc": 0.25132275132275134,
      "acc_stderr": 0.022340482339643895,
      "acc_norm": 0.24338624338624337,
      "acc_norm_stderr": 0.022101128787415426
    },
    "hendrycksTest-high_school_computer_science": {
      "acc": 0.2,
      "acc_stderr": 0.040201512610368445,
      "acc_norm": 0.28,
      "acc_norm_stderr": 0.04512608598542128
    },
    "hendrycksTest-world_religions": {
      "acc": 0.2982456140350877,
      "acc_stderr": 0.03508771929824564,
      "acc_norm": 0.30994152046783624,
      "acc_norm_stderr": 0.035469769593931624
    },
    "hendrycksTest-machine_learning": {
      "acc": 0.22321428571428573,
      "acc_stderr": 0.039523019677025116,
      "acc_norm": 0.19642857142857142,
      "acc_norm_stderr": 0.03770970049347018
    },
    "logiqa": {
      "acc": 0.2227342549923195,
      "acc_stderr": 0.016320054046165124,
      "acc_norm": 0.23655913978494625,
      "acc_norm_stderr": 0.016668667667174192
    },
    "hendrycksTest-us_foreign_policy": {
      "acc": 0.25,
      "acc_stderr": 0.04351941398892446,
      "acc_norm": 0.3,
      "acc_norm_stderr": 0.046056618647183814
    },
    "hendrycksTest-college_computer_science": {
      "acc": 0.35,
      "acc_stderr": 0.0479372485441102,
      "acc_norm": 0.35,
      "acc_norm_stderr": 0.0479372485441102
    },
    "hendrycksTest-abstract_algebra": {
      "acc": 0.22,
      "acc_stderr": 0.04163331998932269,
      "acc_norm": 0.25,
      "acc_norm_stderr": 0.04351941398892446
    },
    "hendrycksTest-electrical_engineering": {
      "acc": 0.2827586206896552,
      "acc_stderr": 0.037528339580033376,
      "acc_norm": 0.31724137931034485,
      "acc_norm_stderr": 0.03878352372138623
    },
    "hendrycksTest-public_relations": {
      "acc": 0.20909090909090908,
      "acc_stderr": 0.03895091015724136,
      "acc_norm": 0.2,
      "acc_norm_stderr": 0.03831305140884601
    },
    "hendrycksTest-prehistory": {
      "acc": 0.2623456790123457,
      "acc_stderr": 0.02447722285613512,
      "acc_norm": 0.23765432098765432,
      "acc_norm_stderr": 0.023683591837008546
    },