{
  "results": {
    "hendrycksTest-business_ethics": {
      "acc": 0.32,
      "acc_stderr": 0.046882617226215034,
      "acc_norm": 0.32,
      "acc_norm_stderr": 0.04688261722621504
    },
    "hendrycksTest-high_school_microeconomics": {
      "acc": 0.2773109243697479,
      "acc_stderr": 0.02907937453948001,
      "acc_norm": 0.3319327731092437,
      "acc_norm_stderr": 0.030588697013783663
    },
    "hendrycksTest-high_school_us_history": {
      "acc": 0.28921568627450983,
      "acc_stderr": 0.031822318676475524,
      "acc_norm": 0.29901960784313725,
      "acc_norm_stderr": 0.03213325717373617
    },
    "hendrycksTest-medical_genetics": {
      "acc": 0.24,
      "acc_stderr": 0.042923469599092816,
      "acc_norm": 0.28,
      "acc_norm_stderr": 0.045126085985421276
    },
    "hendrycksTest-us_foreign_policy": {
      "acc": 0.29,
      "acc_stderr": 0.04560480215720684,
      "acc_norm": 0.26,
      "acc_norm_stderr": 0.0440844002276808
    },
    "hendrycksTest-philosophy": {
      "acc": 0.24437299035369775,
      "acc_stderr": 0.024406162094668893,
      "acc_norm": 0.28938906752411575,
      "acc_norm_stderr": 0.025755865922632938
    },
    "lambada_openai": {
      "ppl": 161.93374362403455,
      "ppl_stderr": 6.754998513133093,
      "acc": 0.18358237919658452,
      "acc_stderr": 0.005393662337352339
    },
    "hendrycksTest-high_school_macroeconomics": {
      "acc": 0.2717948717948718,
      "acc_stderr": 0.022556551010132354,
      "acc_norm": 0.2743589743589744,
      "acc_norm_stderr": 0.02262276576749323
    },
    "hendrycksTest-prehistory": {
      "acc": 0.25,
      "acc_stderr": 0.02409347123262133,
      "acc_norm": 0.21296296296296297,
      "acc_norm_stderr": 0.022779719088733403
    },
    "hendrycksTest-sociology": {
      "acc": 0.3034825870646766,
      "acc_stderr": 0.03251006816458619,
      "acc_norm": 0.3482587064676617,
      "acc_norm_stderr": 0.033687874661154596
    },
    "hendrycksTest-human_aging": {
      "acc": 0.242152466367713,
      "acc_stderr": 0.028751392398694755,
      "acc_norm": 0.19730941704035873,
      "acc_norm_stderr": 0.02670985334496796
    },
    "hendrycksTest-high_school_chemistry": {
      "acc": 0.2019704433497537,
      "acc_stderr": 0.02824735012218029,
      "acc_norm": 0.27586206896551724,
      "acc_norm_stderr": 0.03144712581678242
    },
    "hendrycksTest-electrical_engineering": {
      "acc": 0.23448275862068965,
      "acc_stderr": 0.035306258743465914,
      "acc_norm": 0.2689655172413793,
      "acc_norm_stderr": 0.036951833116502325
    },
    "hendrycksTest-human_sexuality": {
      "acc": 0.3282442748091603,
      "acc_stderr": 0.041184385658062976,
      "acc_norm": 0.24427480916030533,
      "acc_norm_stderr": 0.03768335959728745
    },
    "hendrycksTest-machine_learning": {
      "acc": 0.17857142857142858,
      "acc_stderr": 0.036352091215778065,
      "acc_norm": 0.10714285714285714,
      "acc_norm_stderr": 0.02935696201881377
    },
    "hendrycksTest-high_school_computer_science": {
      "acc": 0.24,
      "acc_stderr": 0.04292346959909284,
      "acc_norm": 0.26,
      "acc_norm_stderr": 0.04408440022768079
    },
    "hendrycksTest-college_physics": {
      "acc": 0.2647058823529412,
      "acc_stderr": 0.04389869956808779,
      "acc_norm": 0.28431372549019607,
      "acc_norm_stderr": 0.04488482852329017
    },
    "hendrycksTest-astronomy": {
      "acc": 0.24342105263157895,
      "acc_stderr": 0.034923496688842384,
      "acc_norm": 0.3157894736842105,
      "acc_norm_stderr": 0.0378272898086547
    },
    "piqa": {
      "acc": 0.5935799782372143,
      "acc_stderr": 0.011459682650123575,
      "acc_norm": 0.5963003264417845,
      "acc_norm_stderr": 0.011447407541749088
    },
    "hendrycksTest-computer_security": {
      "acc": 0.24,
      "acc_stderr": 0.04292346959909282,
      "acc_norm": 0.3,
      "acc_norm_stderr": 0.046056618647183814
    },
    "hendrycksTest-conceptual_physics": {
      "acc": 0.23829787234042554,
      "acc_stderr": 0.02785125297388976,
      "acc_norm": 0.19148936170212766,
      "acc_norm_stderr": 0.025722149992637805
    },
    "hendrycksTest-high_school_physics": {
      "acc": 0.304635761589404,
      "acc_stderr": 0.037579499229433426,
      "acc_norm": 0.31788079470198677,
      "acc_norm_stderr": 0.03802039760107903
    },
    "hendrycksTest-logical_fallacies": {
      "acc": 0.22699386503067484,
      "acc_stderr": 0.03291099578615769,
      "acc_norm": 0.27607361963190186,
      "acc_norm_stderr": 0.0351238528370505
    },
    "hendrycksTest-college_chemistry": {
      "acc": 0.28,
      "acc_stderr": 0.04512608598542127,
      "acc_norm": 0.26,
      "acc_norm_stderr": 0.04408440022768079
    },
    "hendrycksTest-elementary_mathematics": {
      "acc": 0.23809523809523808,
      "acc_stderr": 0.021935878081184752,
      "acc_norm": 0.24603174603174602,
      "acc_norm_stderr": 0.022182037202948368
    },
    "hendrycksTest-management": {
      "acc": 0.3592233009708738,
      "acc_stderr": 0.04750458399041692,
      "acc_norm": 0.3786407766990291,
      "acc_norm_stderr": 0.048026946982589726
    },
    "hendrycksTest-marketing": {
      "acc": 0.24786324786324787,
      "acc_stderr": 0.028286324075564417,
      "acc_norm": 0.24786324786324787,
      "acc_norm_stderr": 0.028286324075564414
    },
    "hendrycksTest-world_religions": {
      "acc": 0.26900584795321636,
      "acc_stderr": 0.03401052620104089,
      "acc_norm": 0.2982456140350877,
      "acc_norm_stderr": 0.03508771929824565
    },
    "hendrycksTest-security_studies": {
      "acc": 0.3673469387755102,
      "acc_stderr": 0.030862144921087558,
      "acc_norm": 0.2816326530612245,
      "acc_norm_stderr": 0.02879518557429129
    },
    "hendrycksTest-international_law": {
      "acc": 0.11570247933884298,
      "acc_stderr": 0.029199802455622773,
      "acc_norm": 0.4380165289256198,
      "acc_norm_stderr": 0.04529146804435791
    },
    "hendrycksTest-college_computer_science": {
      "acc": 0.3,
      "acc_stderr": 0.046056618647183814,
      "acc_norm": 0.33,
      "acc_norm_stderr": 0.047258156262526045
    },
    "hendrycksTest-high_school_biology": {
      "acc": 0.2645161290322581,
      "acc_stderr": 0.025091892378859275,
      "acc_norm": 0.31290322580645163,
      "acc_norm_stderr": 0.026377567028645854
    },
    "hendrycksTest-high_school_geography": {
      "acc": 0.3333333333333333,
      "acc_stderr": 0.03358618145732524,
      "acc_norm": 0.35858585858585856,
      "acc_norm_stderr": 0.03416903640391521
    },
    "hendrycksTest-professional_medicine": {
      "acc": 0.3088235294117647,
      "acc_stderr": 0.02806499816704009,
      "acc_norm": 0.3125,
      "acc_norm_stderr": 0.02815637344037142
    },
    "sciq": {
      "acc": 0.71,
      "acc_stderr": 0.01435639599990569,
      "acc_norm": 0.668,
      "acc_norm_stderr": 0.014899597242811475
    },
    "arc_easy": {
      "acc": 0.4137205387205387,
      "acc_stderr": 0.010105878530238152,
      "acc_norm": 0.382996632996633,
      "acc_norm_stderr": 0.009974920384536465
    },
    "hendrycksTest-abstract_algebra": {
      "acc": 0.18,
      "acc_stderr": 0.038612291966536934,
      "acc_norm": 0.28,
      "acc_norm_stderr": 0.04512608598542128
    },
    "hendrycksTest-high_school_world_history": {
      "acc": 0.20675105485232068,
      "acc_stderr": 0.026361651668389104,
      "acc_norm": 0.2911392405063291,
      "acc_norm_stderr": 0.029571601065753374
    },
    "hendrycksTest-formal_logic": {
      "acc": 0.31746031746031744,
      "acc_stderr": 0.041634530313028585,
      "acc_norm": 0.30952380952380953,
      "acc_norm_stderr": 0.04134913018303316
    },
    "hendrycksTest-public_relations": {
      "acc": 0.2909090909090909,
      "acc_stderr": 0.04350271442923243,
      "acc_norm": 0.2909090909090909,
      "acc_norm_stderr": 0.04350271442923243
    },
    "hendrycksTest-college_mathematics": {
      "acc": 0.23,