{
  "results": {
    "hendrycksTest-logical_fallacies": {
      "acc": 0.17177914110429449,
      "acc_stderr": 0.029634717272371037,
      "acc_norm": 0.19631901840490798,
      "acc_norm_stderr": 0.031207970394709215
    },
    "hendrycksTest-global_facts": {
      "acc": 0.19,
      "acc_stderr": 0.039427724440366234,
      "acc_norm": 0.22,
      "acc_norm_stderr": 0.041633319989322695
    },
    "hendrycksTest-professional_accounting": {
      "acc": 0.25886524822695034,
      "acc_stderr": 0.026129572527180848,
      "acc_norm": 0.26595744680851063,
      "acc_norm_stderr": 0.02635806569888059
    },
    "hendrycksTest-high_school_biology": {
      "acc": 0.21935483870967742,
      "acc_stderr": 0.023540799358723285,
      "acc_norm": 0.24838709677419354,
      "acc_norm_stderr": 0.02458002892148101
    },
    "hendrycksTest-econometrics": {
      "acc": 0.23684210526315788,
      "acc_stderr": 0.03999423879281335,
      "acc_norm": 0.23684210526315788,
      "acc_norm_stderr": 0.03999423879281337
    },
    "hendrycksTest-miscellaneous": {
      "acc": 0.26947637292464877,
      "acc_stderr": 0.015866243073215054,
      "acc_norm": 0.2707535121328225,
      "acc_norm_stderr": 0.015889888362560486
    },
    "hendrycksTest-medical_genetics": {
      "acc": 0.27,
      "acc_stderr": 0.0446196043338474,
      "acc_norm": 0.31,
      "acc_norm_stderr": 0.04648231987117316
    },
    "hendrycksTest-prehistory": {
      "acc": 0.23148148148148148,
      "acc_stderr": 0.02346842983245114,
      "acc_norm": 0.22530864197530864,
      "acc_norm_stderr": 0.02324620264781975
    },
    "hendrycksTest-conceptual_physics": {
      "acc": 0.2765957446808511,
      "acc_stderr": 0.029241883869628824,
      "acc_norm": 0.2425531914893617,
      "acc_norm_stderr": 0.028020226271200217
    },
    "hendrycksTest-formal_logic": {
      "acc": 0.2857142857142857,
      "acc_stderr": 0.0404061017820884,
      "acc_norm": 0.2777777777777778,
      "acc_norm_stderr": 0.04006168083848878
    },
    "hendrycksTest-moral_scenarios": {
      "acc": 0.23575418994413408,
      "acc_stderr": 0.014196375686290804,
      "acc_norm": 0.23128491620111732,
      "acc_norm_stderr": 0.014102223623152586
    },
    "hendrycksTest-college_physics": {
      "acc": 0.3235294117647059,
      "acc_stderr": 0.046550104113196177,
      "acc_norm": 0.3333333333333333,
      "acc_norm_stderr": 0.04690650298201942
    },
    "hendrycksTest-elementary_mathematics": {
      "acc": 0.19576719576719576,
      "acc_stderr": 0.020435730971541794,
      "acc_norm": 0.20899470899470898,
      "acc_norm_stderr": 0.020940481565334835
    },
    "hendrycksTest-high_school_chemistry": {
      "acc": 0.17733990147783252,
      "acc_stderr": 0.02687433727680835,
      "acc_norm": 0.1921182266009852,
      "acc_norm_stderr": 0.027719315709614778
    },
    "hendrycksTest-high_school_microeconomics": {
      "acc": 0.226890756302521,
      "acc_stderr": 0.02720537153827947,
      "acc_norm": 0.2605042016806723,
      "acc_norm_stderr": 0.028510251512341944
    },
    "hendrycksTest-human_sexuality": {
      "acc": 0.3435114503816794,
      "acc_stderr": 0.04164976071944878,
      "acc_norm": 0.3053435114503817,
      "acc_norm_stderr": 0.04039314978724561
    },
    "hendrycksTest-machine_learning": {
      "acc": 0.1875,
      "acc_stderr": 0.0370468111477387,
      "acc_norm": 0.16964285714285715,
      "acc_norm_stderr": 0.03562367850095391
    },
    "hendrycksTest-nutrition": {
      "acc": 0.25163398692810457,
      "acc_stderr": 0.024848018263875195,
      "acc_norm": 0.28431372549019607,
      "acc_norm_stderr": 0.02582916327275746
    },
    "hendrycksTest-professional_law": {
      "acc": 0.2392438070404172,
      "acc_stderr": 0.010896123652676644,
      "acc_norm": 0.24641460234680573,
      "acc_norm_stderr": 0.011005971399927258
    },
    "hendrycksTest-high_school_physics": {
      "acc": 0.23178807947019867,
      "acc_stderr": 0.034454062719870546,
      "acc_norm": 0.25165562913907286,
      "acc_norm_stderr": 0.035433042343899844
    },
    "hendrycksTest-public_relations": {
      "acc": 0.24545454545454545,
      "acc_stderr": 0.04122066502878285,
      "acc_norm": 0.24545454545454545,
      "acc_norm_stderr": 0.04122066502878285
    },
    "hendrycksTest-high_school_geography": {
      "acc": 0.21717171717171718,
      "acc_stderr": 0.02937661648494563,
      "acc_norm": 0.20707070707070707,
      "acc_norm_stderr": 0.02886977846026705
    },
    "hendrycksTest-professional_psychology": {
      "acc": 0.24836601307189543,
      "acc_stderr": 0.017479487001364764,
      "acc_norm": 0.272875816993464,
      "acc_norm_stderr": 0.01802047414839358
    },
    "hendrycksTest-high_school_computer_science": {
      "acc": 0.19,
      "acc_stderr": 0.03942772444036622,
      "acc_norm": 0.24,
      "acc_norm_stderr": 0.04292346959909283
    },
    "logiqa": {
      "acc": 0.21351766513056836,
      "acc_stderr": 0.016073287529685204,
      "acc_norm": 0.22119815668202766,
      "acc_norm_stderr": 0.016279743532401678
    },
    "hendrycksTest-management": {
      "acc": 0.18446601941747573,
      "acc_stderr": 0.03840423627288276,
      "acc_norm": 0.22330097087378642,
      "acc_norm_stderr": 0.04123553189891431
    },
    "hendrycksTest-computer_security": {
      "acc": 0.29,
      "acc_stderr": 0.04560480215720684,
      "acc_norm": 0.31,
      "acc_norm_stderr": 0.04648231987117316
    },
    "hendrycksTest-marketing": {
      "acc": 0.2777777777777778,
      "acc_stderr": 0.029343114798094472,
      "acc_norm": 0.2606837606837607,
      "acc_norm_stderr": 0.028760348956523414
    },
    "hendrycksTest-college_biology": {
      "acc": 0.25,
      "acc_stderr": 0.03621034121889507,
      "acc_norm": 0.2569444444444444,
      "acc_norm_stderr": 0.03653946969442099
    },
    "hendrycksTest-moral_disputes": {
      "acc": 0.24855491329479767,
      "acc_stderr": 0.023267528432100174,
      "acc_norm": 0.2832369942196532,
      "acc_norm_stderr": 0.024257901705323378
    },
    "piqa": {
      "acc": 0.6817192600652884,
      "acc_stderr": 0.010868093932082233,
      "acc_norm": 0.6789989118607181,
      "acc_norm_stderr": 0.010892641574707908
    },
    "hendrycksTest-us_foreign_policy": {
      "acc": 0.25,
      "acc_stderr": 0.04351941398892446,
      "acc_norm": 0.27,
      "acc_norm_stderr": 0.0446196043338474
    },
    "hendrycksTest-professional_medicine": {
      "acc": 0.20588235294117646,
      "acc_stderr": 0.024562204314142314,
      "acc_norm": 0.1948529411764706,
      "acc_norm_stderr": 0.024060599423487424
    },
    "hendrycksTest-world_religions": {
      "acc": 0.30409356725146197,
      "acc_stderr": 0.03528211258245233,
      "acc_norm": 0.3391812865497076,
      "acc_norm_stderr": 0.036310534964889056
    },
    "hendrycksTest-high_school_government_and_politics": {
      "acc": 0.22797927461139897,
      "acc_stderr": 0.030276909945178263,
      "acc_norm": 0.24870466321243523,
      "acc_norm_stderr": 0.031195840877700307
    },
    "lambada_openai": {
      "ppl": 14.98544335095328,
      "ppl_stderr": 0.45774617905765824,
      "acc": 0.43857946827091016,
      "acc_stderr": 0.0069132198259721726
    },
    "hendrycksTest-college_medicine": {
      "acc": 0.24277456647398843,
      "acc_stderr": 0.0326926380614177,
      "acc_norm": 0.2658959537572254,
      "acc_norm_stderr": 0.033687629322594295
    },
    "arc_challenge": {
      "acc": 0.22440273037542663,
      "acc_stderr": 0.01219140493860384,
      "acc_norm": 0.2627986348122867,
      "acc_norm_stderr": 0.012862523175351333
    },
    "hendrycksTest-clinical_knowledge": {
      "acc": 0.23773584905660378,
      "acc_stderr": 0.026199808807561915,
      "acc_norm": 0.30566037735849055,
      "acc_norm_stderr": 0.028353298073322666
    },
    "hendrycksTest-virology": {
      "acc": 0.29518072289156627,
      "acc_stderr": 0.035509201856896294,
      "acc_norm": 0.2891566265060241,