{
  "results": {
    "hendrycksTest-conceptual_physics": {
      "acc": 0.26382978723404255,
      "acc_stderr": 0.02880998985410297,
      "acc_norm": 0.2170212765957447,
      "acc_norm_stderr": 0.026947483121496228
    },
    "logiqa": {
      "acc": 0.22427035330261136,
      "acc_stderr": 0.01636004334826551,
      "acc_norm": 0.25806451612903225,
      "acc_norm_stderr": 0.017162894755127066
    },
    "hendrycksTest-econometrics": {
      "acc": 0.2807017543859649,
      "acc_stderr": 0.042270544512322,
      "acc_norm": 0.2719298245614035,
      "acc_norm_stderr": 0.04185774424022056
    },
    "hendrycksTest-formal_logic": {
      "acc": 0.2698412698412698,
      "acc_stderr": 0.03970158273235173,
      "acc_norm": 0.23809523809523808,
      "acc_norm_stderr": 0.03809523809523812
    },
    "arc_easy": {
      "acc": 0.6014309764309764,
      "acc_stderr": 0.010046455400477942,
      "acc_norm": 0.5980639730639731,
      "acc_norm_stderr": 0.010060521220920566
    },
    "hendrycksTest-college_computer_science": {
      "acc": 0.36,
      "acc_stderr": 0.048241815132442176,
      "acc_norm": 0.33,
      "acc_norm_stderr": 0.04725815626252604
    },
    "hendrycksTest-electrical_engineering": {
      "acc": 0.3103448275862069,
      "acc_stderr": 0.03855289616378948,
      "acc_norm": 0.30344827586206896,
      "acc_norm_stderr": 0.038312260488503336
    },
    "hendrycksTest-virology": {
      "acc": 0.3373493975903614,
      "acc_stderr": 0.03680783690727581,
      "acc_norm": 0.3373493975903614,
      "acc_norm_stderr": 0.0368078369072758
    },
    "hendrycksTest-philosophy": {
      "acc": 0.24437299035369775,
      "acc_stderr": 0.024406162094668896,
      "acc_norm": 0.28938906752411575,
      "acc_norm_stderr": 0.025755865922632935
    },
    "hendrycksTest-jurisprudence": {
      "acc": 0.25925925925925924,
      "acc_stderr": 0.04236511258094632,
      "acc_norm": 0.2777777777777778,
      "acc_norm_stderr": 0.043300437496507416
    },
    "hendrycksTest-high_school_psychology": {
      "acc": 0.26422018348623855,
      "acc_stderr": 0.018904164171510193,
      "acc_norm": 0.27706422018348625,
      "acc_norm_stderr": 0.019188482590169535
    },
    "hendrycksTest-management": {
      "acc": 0.2912621359223301,
      "acc_stderr": 0.044986763205729224,
      "acc_norm": 0.3300970873786408,
      "acc_norm_stderr": 0.04656147110012349
    },
    "hendrycksTest-professional_law": {
      "acc": 0.242503259452412,
      "acc_stderr": 0.010946570966348795,
      "acc_norm": 0.2588005215123859,
      "acc_norm_stderr": 0.011186109046564613
    },
    "hendrycksTest-high_school_government_and_politics": {
      "acc": 0.19689119170984457,
      "acc_stderr": 0.028697873971860677,
      "acc_norm": 0.18134715025906736,
      "acc_norm_stderr": 0.027807032360686088
    },
    "hendrycksTest-human_aging": {
      "acc": 0.3452914798206278,
      "acc_stderr": 0.031911001928357954,
      "acc_norm": 0.3273542600896861,
      "acc_norm_stderr": 0.03149384670994131
    },
    "hendrycksTest-miscellaneous": {
      "acc": 0.26947637292464877,
      "acc_stderr": 0.015866243073215058,
      "acc_norm": 0.2720306513409962,
      "acc_norm_stderr": 0.015913367447500503
    },
    "hendrycksTest-moral_scenarios": {
      "acc": 0.24804469273743016,
      "acc_stderr": 0.014444157808261462,
      "acc_norm": 0.2636871508379888,
      "acc_norm_stderr": 0.014736926383761966
    },
    "hendrycksTest-college_physics": {
      "acc": 0.3431372549019608,
      "acc_stderr": 0.04724007352383888,
      "acc_norm": 0.35294117647058826,
      "acc_norm_stderr": 0.047551296160629475
    },
    "hendrycksTest-us_foreign_policy": {
      "acc": 0.25,
      "acc_stderr": 0.04351941398892446,
      "acc_norm": 0.25,
      "acc_norm_stderr": 0.04351941398892446
    },
    "arc_challenge": {
      "acc": 0.26791808873720135,
      "acc_stderr": 0.01294203019513643,
      "acc_norm": 0.2909556313993174,
      "acc_norm_stderr": 0.013273077865907588
    },
    "hendrycksTest-high_school_biology": {
      "acc": 0.25483870967741934,
      "acc_stderr": 0.024790118459332204,
      "acc_norm": 0.267741935483871,
      "acc_norm_stderr": 0.025189006660212378
    },
    "hendrycksTest-college_chemistry": {
      "acc": 0.22,
      "acc_stderr": 0.04163331998932269,
      "acc_norm": 0.24,
      "acc_norm_stderr": 0.04292346959909283
    },
    "hendrycksTest-astronomy": {
      "acc": 0.24342105263157895,
      "acc_stderr": 0.034923496688842384,
      "acc_norm": 0.25,
      "acc_norm_stderr": 0.03523807393012047
    },
    "hendrycksTest-college_medicine": {
      "acc": 0.2658959537572254,
      "acc_stderr": 0.033687629322594295,
      "acc_norm": 0.2947976878612717,
      "acc_norm_stderr": 0.03476599607516478
    },
    "hendrycksTest-human_sexuality": {
      "acc": 0.3816793893129771,
      "acc_stderr": 0.04260735157644559,
      "acc_norm": 0.366412213740458,
      "acc_norm_stderr": 0.04225875451969637
    },
    "hendrycksTest-college_biology": {
      "acc": 0.3472222222222222,
      "acc_stderr": 0.0398124054371786,
      "acc_norm": 0.3541666666666667,
      "acc_norm_stderr": 0.039994111357535424
    },
    "hendrycksTest-world_religions": {
      "acc": 0.3333333333333333,
      "acc_stderr": 0.036155076303109344,
      "acc_norm": 0.36257309941520466,
      "acc_norm_stderr": 0.0368713061556206
    },
    "hendrycksTest-college_mathematics": {
      "acc": 0.27,
      "acc_stderr": 0.04461960433384741,
      "acc_norm": 0.33,
      "acc_norm_stderr": 0.04725815626252605
    },
    "hendrycksTest-high_school_microeconomics": {
      "acc": 0.18907563025210083,
      "acc_stderr": 0.025435119438105374,
      "acc_norm": 0.2605042016806723,
      "acc_norm_stderr": 0.02851025151234193
    },
    "hendrycksTest-clinical_knowledge": {
      "acc": 0.27169811320754716,
      "acc_stderr": 0.027377706624670713,
      "acc_norm": 0.3132075471698113,
      "acc_norm_stderr": 0.028544793319055326
    },
    "hendrycksTest-high_school_computer_science": {
      "acc": 0.23,
      "acc_stderr": 0.04229525846816505,
      "acc_norm": 0.25,
      "acc_norm_stderr": 0.04351941398892446
    },
    "hendrycksTest-security_studies": {
      "acc": 0.27755102040816326,
      "acc_stderr": 0.02866685779027465,
      "acc_norm": 0.2163265306122449,
      "acc_norm_stderr": 0.026358916334904035
    },
    "hendrycksTest-medical_genetics": {
      "acc": 0.29,
      "acc_stderr": 0.045604802157206845,
      "acc_norm": 0.29,
      "acc_norm_stderr": 0.045604802157206845
    },
    "hendrycksTest-elementary_mathematics": {
      "acc": 0.25925925925925924,
      "acc_stderr": 0.02256989707491842,
      "acc_norm": 0.24867724867724866,
      "acc_norm_stderr": 0.022261817692400182
    },
    "hendrycksTest-high_school_mathematics": {
      "acc": 0.2222222222222222,
      "acc_stderr": 0.025348097468097845,
      "acc_norm": 0.26666666666666666,
      "acc_norm_stderr": 0.026962424325073828
    },
    "hendrycksTest-high_school_world_history": {
      "acc": 0.25738396624472576,
      "acc_stderr": 0.028458820991460295,
      "acc_norm": 0.25316455696202533,
      "acc_norm_stderr": 0.02830465794303529
    },
    "hendrycksTest-computer_security": {
      "acc": 0.35,
      "acc_stderr": 0.0479372485441102,
      "acc_norm": 0.32,
      "acc_norm_stderr": 0.046882617226215034
    },
    "hendrycksTest-high_school_physics": {
      "acc": 0.25165562913907286,
      "acc_stderr": 0.035433042343899844,
      "acc_norm": 0.2185430463576159,
      "acc_norm_stderr": 0.03374235550425694
    },
    "hendrycksTest-international_law": {
      "acc": 0.24793388429752067,
      "acc_stderr": 0.03941897526516302,
      "acc_norm": 0.33884297520661155,
      "acc_norm_stderr": 0.04320767807536669
    },
    "hendrycksTest-business_ethics": {
      "acc": 0.35,
      "acc_stderr": 0.0479372485441102,
      "acc_norm": 0.36,
      "acc_norm_stderr": 0.04824181513244218
    },