{
  "results": {
    "hendrycksTest-high_school_us_history": {
      "acc": 0.18627450980392157,
      "acc_stderr": 0.027325470966716302,
      "acc_norm": 0.2107843137254902,
      "acc_norm_stderr": 0.02862654791243739
    },
    "hendrycksTest-college_biology": {
      "acc": 0.2847222222222222,
      "acc_stderr": 0.03773809990686935,
      "acc_norm": 0.3194444444444444,
      "acc_norm_stderr": 0.038990736873573344
    },
    "hendrycksTest-high_school_mathematics": {
      "acc": 0.2037037037037037,
      "acc_stderr": 0.024556172219141265,
      "acc_norm": 0.24074074074074073,
      "acc_norm_stderr": 0.026067159222275794
    },
    "hendrycksTest-high_school_psychology": {
      "acc": 0.25688073394495414,
      "acc_stderr": 0.01873249292834245,
      "acc_norm": 0.25137614678899084,
      "acc_norm_stderr": 0.018599206360287415
    },
    "hendrycksTest-professional_psychology": {
      "acc": 0.2647058823529412,
      "acc_stderr": 0.017848089574913226,
      "acc_norm": 0.2761437908496732,
      "acc_norm_stderr": 0.018087276935663137
    },
    "hendrycksTest-computer_security": {
      "acc": 0.25,
      "acc_stderr": 0.04351941398892446,
      "acc_norm": 0.27,
      "acc_norm_stderr": 0.044619604333847394
    },
    "hendrycksTest-clinical_knowledge": {
      "acc": 0.24528301886792453,
      "acc_stderr": 0.026480357179895667,
      "acc_norm": 0.2641509433962264,
      "acc_norm_stderr": 0.027134291628741702
    },
    "hendrycksTest-electrical_engineering": {
      "acc": 0.2482758620689655,
      "acc_stderr": 0.0360010569272777,
      "acc_norm": 0.2689655172413793,
      "acc_norm_stderr": 0.036951833116502325
    },
    "hendrycksTest-human_aging": {
      "acc": 0.3004484304932735,
      "acc_stderr": 0.030769352008229143,
      "acc_norm": 0.32286995515695066,
      "acc_norm_stderr": 0.03138147637575498
    },
    "hendrycksTest-logical_fallacies": {
      "acc": 0.2085889570552147,
      "acc_stderr": 0.03192193448934724,
      "acc_norm": 0.24539877300613497,
      "acc_norm_stderr": 0.03380939813943354
    },
    "winogrande": {
      "acc": 0.5288082083662194,
      "acc_stderr": 0.014029141615909619
    },
    "arc_challenge": {
      "acc": 0.257679180887372,
      "acc_stderr": 0.012780770562768396,
      "acc_norm": 0.29266211604095566,
      "acc_norm_stderr": 0.01329591610361942
    },
    "hendrycksTest-professional_accounting": {
      "acc": 0.26595744680851063,
      "acc_stderr": 0.026358065698880585,
      "acc_norm": 0.26595744680851063,
      "acc_norm_stderr": 0.026358065698880592
    },
    "hendrycksTest-miscellaneous": {
      "acc": 0.26947637292464877,
      "acc_stderr": 0.01586624307321505,
      "acc_norm": 0.2554278416347382,
      "acc_norm_stderr": 0.015594955384455779
    },
    "hendrycksTest-anatomy": {
      "acc": 0.2,
      "acc_stderr": 0.03455473702325438,
      "acc_norm": 0.17777777777777778,
      "acc_norm_stderr": 0.03302789859901717
    },
    "hendrycksTest-professional_law": {
      "acc": 0.25684485006518903,
      "acc_stderr": 0.011158455853098857,
      "acc_norm": 0.26140808344198174,
      "acc_norm_stderr": 0.011222528169771309
    },
    "hendrycksTest-college_mathematics": {
      "acc": 0.23,
      "acc_stderr": 0.04229525846816505,
      "acc_norm": 0.26,
      "acc_norm_stderr": 0.04408440022768078
    },
    "hendrycksTest-us_foreign_policy": {
      "acc": 0.27,
      "acc_stderr": 0.0446196043338474,
      "acc_norm": 0.3,
      "acc_norm_stderr": 0.046056618647183814
    },
    "hendrycksTest-high_school_european_history": {
      "acc": 0.2,
      "acc_stderr": 0.03123475237772118,
      "acc_norm": 0.2606060606060606,
      "acc_norm_stderr": 0.03427743175816524
    },
    "hendrycksTest-marketing": {
      "acc": 0.29914529914529914,
      "acc_stderr": 0.02999695185834948,
      "acc_norm": 0.29914529914529914,
      "acc_norm_stderr": 0.029996951858349483
    },
    "hendrycksTest-astronomy": {
      "acc": 0.21052631578947367,
      "acc_stderr": 0.033176727875331574,
      "acc_norm": 0.24342105263157895,
      "acc_norm_stderr": 0.034923496688842384
    },
    "hendrycksTest-virology": {
      "acc": 0.3253012048192771,
      "acc_stderr": 0.03647168523683229,
      "acc_norm": 0.3373493975903614,
      "acc_norm_stderr": 0.03680783690727581
    },
    "lambada_openai": {
      "ppl": 10.541842094049166,
      "ppl_stderr": 0.2971357882857182,
      "acc": 0.49602173491170193,
      "acc_stderr": 0.006965757158314172
    },
    "hendrycksTest-machine_learning": {
      "acc": 0.24107142857142858,
      "acc_stderr": 0.04059867246952686,
      "acc_norm": 0.21428571428571427,
      "acc_norm_stderr": 0.038946411200447915
    },
    "arc_easy": {
      "acc": 0.5942760942760943,
      "acc_stderr": 0.010075755540128873,
      "acc_norm": 0.5778619528619529,
      "acc_norm_stderr": 0.01013462052459227
    },
    "hendrycksTest-high_school_microeconomics": {
      "acc": 0.18067226890756302,
      "acc_stderr": 0.024991964966600774,
      "acc_norm": 0.22268907563025211,
      "acc_norm_stderr": 0.027025433498882374
    },
    "hendrycksTest-international_law": {
      "acc": 0.30578512396694213,
      "acc_stderr": 0.04205953933884123,
      "acc_norm": 0.4049586776859504,
      "acc_norm_stderr": 0.04481137755942469
    },
    "hendrycksTest-moral_scenarios": {
      "acc": 0.22793296089385476,
      "acc_stderr": 0.014030149950805098,
      "acc_norm": 0.2335195530726257,
      "acc_norm_stderr": 0.014149575348976269
    },
    "hendrycksTest-high_school_world_history": {
      "acc": 0.270042194092827,
      "acc_stderr": 0.028900721906293426,
      "acc_norm": 0.29535864978902954,
      "acc_norm_stderr": 0.02969633871342289
    },
    "hendrycksTest-jurisprudence": {
      "acc": 0.25,
      "acc_stderr": 0.04186091791394607,
      "acc_norm": 0.3611111111111111,
      "acc_norm_stderr": 0.04643454608906275
    },
    "hendrycksTest-security_studies": {
      "acc": 0.2693877551020408,
      "acc_stderr": 0.02840125202902294,
      "acc_norm": 0.19591836734693877,
      "acc_norm_stderr": 0.025409301953225678
    },
    "sciq": {
      "acc": 0.904,
      "acc_stderr": 0.009320454434783227,
      "acc_norm": 0.908,
      "acc_norm_stderr": 0.00914437639315112
    },
    "hendrycksTest-management": {
      "acc": 0.2524271844660194,
      "acc_stderr": 0.04301250399690879,
      "acc_norm": 0.2815533980582524,
      "acc_norm_stderr": 0.04453254836326466
    },
    "hendrycksTest-college_physics": {
      "acc": 0.2647058823529412,
      "acc_stderr": 0.04389869956808779,
      "acc_norm": 0.30392156862745096,
      "acc_norm_stderr": 0.045766654032077636
    },
    "piqa": {
      "acc": 0.6980413492927094,
      "acc_stderr": 0.010711732891588352,
      "acc_norm": 0.6882480957562568,
      "acc_norm_stderr": 0.010807431424873663
    },
    "hendrycksTest-elementary_mathematics": {
      "acc": 0.2566137566137566,
      "acc_stderr": 0.022494510767503154,
      "acc_norm": 0.2751322751322751,
      "acc_norm_stderr": 0.023000086859068642
    },
    "hendrycksTest-human_sexuality": {
      "acc": 0.366412213740458,
      "acc_stderr": 0.042258754519696386,
      "acc_norm": 0.366412213740458,
      "acc_norm_stderr": 0.042258754519696386
    },
    "hendrycksTest-nutrition": {
      "acc": 0.29411764705882354,
      "acc_stderr": 0.026090162504279035,
      "acc_norm": 0.3431372549019608,
      "acc_norm_stderr": 0.02718449890994161
    },
    "hendrycksTest-high_school_macroeconomics": {
      "acc": 0.24615384615384617,
      "acc_stderr": 0.021840866990423088,
      "acc_norm": 0.24102564102564103,
      "acc_norm_stderr": 0.021685546665333184
    },
    "logiqa": {
      "acc": 0.22580645161290322,
      "acc_stderr": 0.01639971378844508,
      "acc_norm": 0.25499231950844853,
      "acc_norm_stderr": 0.017095714105279824
    },
    "hendrycksTest-business_ethics": {
      "acc": 0.33,
      "acc_stderr": 0.047258156262526045,