{
  "results": {
    "hendrycksTest-astronomy": {
      "acc": 0.3026315789473684,
      "acc_stderr": 0.0373852067611967,
      "acc_norm": 0.32894736842105265,
      "acc_norm_stderr": 0.03823428969926605
    },
    "hendrycksTest-world_religions": {
      "acc": 0.38011695906432746,
      "acc_stderr": 0.037229657413855394,
      "acc_norm": 0.40350877192982454,
      "acc_norm_stderr": 0.03762738699917056
    },
    "piqa": {
      "acc": 0.7453754080522307,
      "acc_stderr": 0.010164432237060497,
      "acc_norm": 0.7557127312295974,
      "acc_norm_stderr": 0.010024765172284253
    },
    "hendrycksTest-college_biology": {
      "acc": 0.2847222222222222,
      "acc_stderr": 0.03773809990686935,
      "acc_norm": 0.2222222222222222,
      "acc_norm_stderr": 0.034765901043041336
    },
    "hendrycksTest-professional_medicine": {
      "acc": 0.27205882352941174,
      "acc_stderr": 0.027033041151681456,
      "acc_norm": 0.2757352941176471,
      "acc_norm_stderr": 0.027146271936625162
    },
    "lambada_openai": {
      "ppl": 5.622488898553644,
      "ppl_stderr": 0.13363800817522,
      "acc": 0.6258490199883563,
      "acc_stderr": 0.00674171368783574
    },
    "hendrycksTest-public_relations": {
      "acc": 0.32727272727272727,
      "acc_stderr": 0.0449429086625209,
      "acc_norm": 0.2909090909090909,
      "acc_norm_stderr": 0.04350271442923243
    },
    "hendrycksTest-high_school_computer_science": {
      "acc": 0.32,
      "acc_stderr": 0.046882617226215034,
      "acc_norm": 0.37,
      "acc_norm_stderr": 0.048523658709391
    },
    "hendrycksTest-human_sexuality": {
      "acc": 0.31297709923664124,
      "acc_stderr": 0.04066962905677698,
      "acc_norm": 0.29770992366412213,
      "acc_norm_stderr": 0.040103589424622034
    },
    "hendrycksTest-high_school_european_history": {
      "acc": 0.296969696969697,
      "acc_stderr": 0.03567969772268048,
      "acc_norm": 0.30303030303030304,
      "acc_norm_stderr": 0.03588624800091708
    },
    "sciq": {
      "acc": 0.948,
      "acc_stderr": 0.007024624213817143,
      "acc_norm": 0.952,
      "acc_norm_stderr": 0.006763264133666676
    },
    "hendrycksTest-high_school_mathematics": {
      "acc": 0.25555555555555554,
      "acc_stderr": 0.02659393910184407,
      "acc_norm": 0.2962962962962963,
      "acc_norm_stderr": 0.027840811495871927
    },
    "hendrycksTest-computer_security": {
      "acc": 0.35,
      "acc_stderr": 0.047937248544110196,
      "acc_norm": 0.39,
      "acc_norm_stderr": 0.04902071300001975
    },
    "hendrycksTest-jurisprudence": {
      "acc": 0.3333333333333333,
      "acc_stderr": 0.04557239513497752,
      "acc_norm": 0.39814814814814814,
      "acc_norm_stderr": 0.04732332615978815
    },
    "logiqa": {
      "acc": 0.27035330261136714,
      "acc_stderr": 0.01742069478339314,
      "acc_norm": 0.2887864823348694,
      "acc_norm_stderr": 0.017775906336539235
    },
    "hendrycksTest-high_school_government_and_politics": {
      "acc": 0.2694300518134715,
      "acc_stderr": 0.032018671228777947,
      "acc_norm": 0.27979274611398963,
      "acc_norm_stderr": 0.03239637046735701
    },
    "arc_easy": {
      "acc": 0.6919191919191919,
      "acc_stderr": 0.009473887075826332,
      "acc_norm": 0.6982323232323232,
      "acc_norm_stderr": 0.009418994158522523
    },
    "hendrycksTest-management": {
      "acc": 0.30097087378640774,
      "acc_stderr": 0.04541609446503948,
      "acc_norm": 0.2912621359223301,
      "acc_norm_stderr": 0.04498676320572924
    },
    "hendrycksTest-moral_disputes": {
      "acc": 0.2947976878612717,
      "acc_stderr": 0.024547617794803838,
      "acc_norm": 0.30057803468208094,
      "acc_norm_stderr": 0.024685316867257806
    },
    "hendrycksTest-moral_scenarios": {
      "acc": 0.24022346368715083,
      "acc_stderr": 0.014288343803925307,
      "acc_norm": 0.24804469273743016,
      "acc_norm_stderr": 0.014444157808261446
    },
    "hendrycksTest-philosophy": {
      "acc": 0.27009646302250806,
      "acc_stderr": 0.025218040373410622,
      "acc_norm": 0.2861736334405145,
      "acc_norm_stderr": 0.025670259242188943
    },
    "hendrycksTest-virology": {
      "acc": 0.3072289156626506,
      "acc_stderr": 0.03591566797824662,
      "acc_norm": 0.3253012048192771,
      "acc_norm_stderr": 0.03647168523683229
    },
    "hendrycksTest-conceptual_physics": {
      "acc": 0.2723404255319149,
      "acc_stderr": 0.029101290698386708,
      "acc_norm": 0.24680851063829787,
      "acc_norm_stderr": 0.0281854413012341
    },
    "hendrycksTest-abstract_algebra": {
      "acc": 0.17,
      "acc_stderr": 0.03775251680686371,
      "acc_norm": 0.24,
      "acc_norm_stderr": 0.04292346959909282
    },
    "arc_challenge": {
      "acc": 0.3370307167235495,
      "acc_stderr": 0.013813476652902272,
      "acc_norm": 0.3703071672354949,
      "acc_norm_stderr": 0.01411129875167495
    },
    "hendrycksTest-international_law": {
      "acc": 0.2892561983471074,
      "acc_stderr": 0.041391127276354626,
      "acc_norm": 0.33884297520661155,
      "acc_norm_stderr": 0.04320767807536669
    },
    "hendrycksTest-college_medicine": {
      "acc": 0.28901734104046245,
      "acc_stderr": 0.03456425745087001,
      "acc_norm": 0.31213872832369943,
      "acc_norm_stderr": 0.03533133389323657
    },
    "hendrycksTest-professional_psychology": {
      "acc": 0.2679738562091503,
      "acc_stderr": 0.017917974069594726,
      "acc_norm": 0.2957516339869281,
      "acc_norm_stderr": 0.018463154132632817
    },
    "hendrycksTest-security_studies": {
      "acc": 0.2612244897959184,
      "acc_stderr": 0.028123429335142783,
      "acc_norm": 0.2612244897959184,
      "acc_norm_stderr": 0.028123429335142783
    },
    "hendrycksTest-nutrition": {
      "acc": 0.2875816993464052,
      "acc_stderr": 0.025917806117147158,
      "acc_norm": 0.3562091503267974,
      "acc_norm_stderr": 0.027420477662629242
    },
    "hendrycksTest-econometrics": {
      "acc": 0.2894736842105263,
      "acc_stderr": 0.04266339443159394,
      "acc_norm": 0.30701754385964913,
      "acc_norm_stderr": 0.0433913832257986
    },
    "hendrycksTest-high_school_psychology": {
      "acc": 0.26422018348623855,
      "acc_stderr": 0.0189041641715102,
      "acc_norm": 0.26422018348623855,
      "acc_norm_stderr": 0.01890416417151019
    },
    "hendrycksTest-college_physics": {
      "acc": 0.2647058823529412,
      "acc_stderr": 0.04389869956808778,
      "acc_norm": 0.29411764705882354,
      "acc_norm_stderr": 0.04533838195929774
    },
    "hendrycksTest-anatomy": {
      "acc": 0.3037037037037037,
      "acc_stderr": 0.039725528847851375,
      "acc_norm": 0.31851851851851853,
      "acc_norm_stderr": 0.04024778401977111
    },
    "hendrycksTest-business_ethics": {
      "acc": 0.28,
      "acc_stderr": 0.04512608598542128,
      "acc_norm": 0.29,
      "acc_norm_stderr": 0.045604802157206845
    },
    "hendrycksTest-electrical_engineering": {
      "acc": 0.33793103448275863,
      "acc_stderr": 0.0394170763206489,
      "acc_norm": 0.3103448275862069,
      "acc_norm_stderr": 0.03855289616378949
    },
    "hendrycksTest-high_school_physics": {
      "acc": 0.2185430463576159,
      "acc_stderr": 0.03374235550425694,
      "acc_norm": 0.23841059602649006,
      "acc_norm_stderr": 0.03479185572599659
    },
    "winogrande": {
      "acc": 0.6361483820047356,
      "acc_stderr": 0.013521488896883415
    },
    "hendrycksTest-high_school_world_history": {
      "acc": 0.2911392405063291,
      "acc_stderr": 0.029571601065753367,
      "acc_norm": 0.2911392405063291,
      "acc_norm_stderr": 0.02957160106575337
    },
    "hendrycksTest-high_school_us_history": {
      "acc": 0.24019607843137256,
      "acc_stderr": 0.02998373305591361,
      "acc_norm": 0.28921568627450983,
      "acc_norm_stderr": 0.03182231867647554
    },
    "hendrycksTest-us_foreign_policy": {
      "acc": 0.3,
      "acc_stderr": 0.046056618647183814,