{
  "results": {
    "hendrycksTest-high_school_world_history": {
      "acc": 0.27848101265822783,
      "acc_stderr": 0.02917868230484255,
      "acc_norm": 0.2742616033755274,
      "acc_norm_stderr": 0.02904133351059804
    },
    "hendrycksTest-elementary_mathematics": {
      "acc": 0.30952380952380953,
      "acc_stderr": 0.023809523809523857,
      "acc_norm": 0.2962962962962963,
      "acc_norm_stderr": 0.02351729433596328
    },
    "hendrycksTest-high_school_microeconomics": {
      "acc": 0.24789915966386555,
      "acc_stderr": 0.028047967224176892,
      "acc_norm": 0.2815126050420168,
      "acc_norm_stderr": 0.029213549414372177
    },
    "hendrycksTest-marketing": {
      "acc": 0.36752136752136755,
      "acc_stderr": 0.031585391577456365,
      "acc_norm": 0.358974358974359,
      "acc_norm_stderr": 0.031426169937919246
    },
    "hendrycksTest-professional_medicine": {
      "acc": 0.29044117647058826,
      "acc_stderr": 0.02757646862274052,
      "acc_norm": 0.3088235294117647,
      "acc_norm_stderr": 0.02806499816704009
    },
    "logiqa": {
      "acc": 0.2304147465437788,
      "acc_stderr": 0.016516834820590964,
      "acc_norm": 0.23963133640552994,
      "acc_norm_stderr": 0.016742766935101433
    },
    "hendrycksTest-high_school_mathematics": {
      "acc": 0.26666666666666666,
      "acc_stderr": 0.02696242432507383,
      "acc_norm": 0.2851851851851852,
      "acc_norm_stderr": 0.027528599210340492
    },
    "hendrycksTest-logical_fallacies": {
      "acc": 0.2331288343558282,
      "acc_stderr": 0.0332201579577674,
      "acc_norm": 0.294478527607362,
      "acc_norm_stderr": 0.03581165790474082
    },
    "hendrycksTest-professional_psychology": {
      "acc": 0.2696078431372549,
      "acc_stderr": 0.017952449196987866,
      "acc_norm": 0.27124183006535946,
      "acc_norm_stderr": 0.017986615304030305
    },
    "hendrycksTest-professional_accounting": {
      "acc": 0.24468085106382978,
      "acc_stderr": 0.025645553622266726,
      "acc_norm": 0.24468085106382978,
      "acc_norm_stderr": 0.025645553622266722
    },
    "hendrycksTest-human_sexuality": {
      "acc": 0.3282442748091603,
      "acc_stderr": 0.04118438565806298,
      "acc_norm": 0.2824427480916031,
      "acc_norm_stderr": 0.03948406125768362
    },
    "hendrycksTest-high_school_computer_science": {
      "acc": 0.25,
      "acc_stderr": 0.04351941398892446,
      "acc_norm": 0.26,
      "acc_norm_stderr": 0.04408440022768079
    },
    "hendrycksTest-college_chemistry": {
      "acc": 0.32,
      "acc_stderr": 0.04688261722621505,
      "acc_norm": 0.34,
      "acc_norm_stderr": 0.04760952285695235
    },
    "piqa": {
      "acc": 0.733949945593036,
      "acc_stderr": 0.010310039263352833,
      "acc_norm": 0.736126224156692,
      "acc_norm_stderr": 0.010282996367695564
    },
    "arc_challenge": {
      "acc": 0.318259385665529,
      "acc_stderr": 0.013611993916971451,
      "acc_norm": 0.34726962457337884,
      "acc_norm_stderr": 0.01391303452962045
    },
    "hendrycksTest-public_relations": {
      "acc": 0.34545454545454546,
      "acc_stderr": 0.04554619617541054,
      "acc_norm": 0.2636363636363636,
      "acc_norm_stderr": 0.04220224692971987
    },
    "hendrycksTest-high_school_geography": {
      "acc": 0.3181818181818182,
      "acc_stderr": 0.0331847733384533,
      "acc_norm": 0.3333333333333333,
      "acc_norm_stderr": 0.033586181457325226
    },
    "hendrycksTest-nutrition": {
      "acc": 0.27450980392156865,
      "acc_stderr": 0.025553169991826514,
      "acc_norm": 0.3235294117647059,
      "acc_norm_stderr": 0.026787453111906532
    },
    "hendrycksTest-world_religions": {
      "acc": 0.30409356725146197,
      "acc_stderr": 0.03528211258245232,
      "acc_norm": 0.391812865497076,
      "acc_norm_stderr": 0.037439798259264
    },
    "hendrycksTest-electrical_engineering": {
      "acc": 0.2689655172413793,
      "acc_stderr": 0.036951833116502325,
      "acc_norm": 0.27586206896551724,
      "acc_norm_stderr": 0.03724563619774634
    },
    "hendrycksTest-college_medicine": {
      "acc": 0.31213872832369943,
      "acc_stderr": 0.035331333893236574,
      "acc_norm": 0.3583815028901734,
      "acc_norm_stderr": 0.036563436533531585
    },
    "hendrycksTest-high_school_physics": {
      "acc": 0.2251655629139073,
      "acc_stderr": 0.03410435282008936,
      "acc_norm": 0.23841059602649006,
      "acc_norm_stderr": 0.03479185572599659
    },
    "hendrycksTest-high_school_chemistry": {
      "acc": 0.23645320197044334,
      "acc_stderr": 0.02989611429173355,
      "acc_norm": 0.24630541871921183,
      "acc_norm_stderr": 0.030315099285617715
    },
    "lambada_openai": {
      "ppl": 7.101200247918359,
      "ppl_stderr": 0.17761424660791078,
      "acc": 0.5753929749660393,
      "acc_stderr": 0.006886331702011294
    },
    "hendrycksTest-anatomy": {
      "acc": 0.25925925925925924,
      "acc_stderr": 0.03785714465066653,
      "acc_norm": 0.2518518518518518,
      "acc_norm_stderr": 0.03749850709174021
    },
    "hendrycksTest-miscellaneous": {
      "acc": 0.2886334610472541,
      "acc_stderr": 0.016203792703197783,
      "acc_norm": 0.29118773946360155,
      "acc_norm_stderr": 0.01624608706970139
    },
    "hendrycksTest-philosophy": {
      "acc": 0.28938906752411575,
      "acc_stderr": 0.02575586592263294,
      "acc_norm": 0.2733118971061093,
      "acc_norm_stderr": 0.02531176597542612
    },
    "hendrycksTest-conceptual_physics": {
      "acc": 0.2170212765957447,
      "acc_stderr": 0.026947483121496234,
      "acc_norm": 0.17446808510638298,
      "acc_norm_stderr": 0.024809442335503945
    },
    "hendrycksTest-moral_scenarios": {
      "acc": 0.23687150837988827,
      "acc_stderr": 0.014219570788103991,
      "acc_norm": 0.23798882681564246,
      "acc_norm_stderr": 0.014242630070574903
    },
    "hendrycksTest-virology": {
      "acc": 0.2891566265060241,
      "acc_stderr": 0.03529486801511115,
      "acc_norm": 0.26506024096385544,
      "acc_norm_stderr": 0.03436024037944967
    },
    "hendrycksTest-jurisprudence": {
      "acc": 0.2777777777777778,
      "acc_stderr": 0.04330043749650743,
      "acc_norm": 0.3425925925925926,
      "acc_norm_stderr": 0.04587904741301809
    },
    "hendrycksTest-college_computer_science": {
      "acc": 0.41,
      "acc_stderr": 0.049431107042371025,
      "acc_norm": 0.37,
      "acc_norm_stderr": 0.04852365870939099
    },
    "hendrycksTest-medical_genetics": {
      "acc": 0.28,
      "acc_stderr": 0.04512608598542129,
      "acc_norm": 0.31,
      "acc_norm_stderr": 0.04648231987117316
    },
    "hendrycksTest-high_school_psychology": {
      "acc": 0.24954128440366974,
      "acc_stderr": 0.018553897629501624,
      "acc_norm": 0.26972477064220185,
      "acc_norm_stderr": 0.01902848671111544
    },
    "hendrycksTest-global_facts": {
      "acc": 0.2,
      "acc_stderr": 0.04020151261036845,
      "acc_norm": 0.22,
      "acc_norm_stderr": 0.04163331998932269
    },
    "hendrycksTest-high_school_statistics": {
      "acc": 0.2777777777777778,
      "acc_stderr": 0.0305467452649532,
      "acc_norm": 0.28703703703703703,
      "acc_norm_stderr": 0.030851992993257013
    },
    "hendrycksTest-management": {
      "acc": 0.2912621359223301,
      "acc_stderr": 0.04498676320572924,
      "acc_norm": 0.3106796116504854,
      "acc_norm_stderr": 0.04582124160161549
    },
    "hendrycksTest-college_mathematics": {
      "acc": 0.27,
      "acc_stderr": 0.044619604333847415,
      "acc_norm": 0.27,
      "acc_norm_stderr": 0.0446196043338474
    },
    "hendrycksTest-international_law": {
      "acc": 0.32231404958677684,
      "acc_stderr": 0.04266416363352166,
      "acc_norm": 0.45454545454545453,
      "acc_norm_stderr": 0.04545454545454544
    },
    "hendrycksTest-college_physics": {
      "acc": 0.3235294117647059,
      "acc_stderr": 0.046550104113196177,
      "acc_norm": 0.3235294117647059,