{
  "results": {
    "hendrycksTest-high_school_psychology": {
      "acc": 0.25504587155963304,
      "acc_stderr": 0.018688500856535856,
      "acc_norm": 0.23853211009174313,
      "acc_norm_stderr": 0.018272575810231853
    },
    "hendrycksTest-global_facts": {
      "acc": 0.33,
      "acc_stderr": 0.047258156262526045,
      "acc_norm": 0.28,
      "acc_norm_stderr": 0.045126085985421276
    },
    "hendrycksTest-high_school_european_history": {
      "acc": 0.24848484848484848,
      "acc_stderr": 0.033744026441394036,
      "acc_norm": 0.3090909090909091,
      "acc_norm_stderr": 0.036085410115739666
    },
    "hendrycksTest-college_medicine": {
      "acc": 0.2543352601156069,
      "acc_stderr": 0.0332055644308557,
      "acc_norm": 0.2832369942196532,
      "acc_norm_stderr": 0.03435568056047873
    },
    "hendrycksTest-high_school_geography": {
      "acc": 0.25757575757575757,
      "acc_stderr": 0.031156269519646836,
      "acc_norm": 0.24242424242424243,
      "acc_norm_stderr": 0.030532892233932026
    },
    "hendrycksTest-high_school_microeconomics": {
      "acc": 0.2647058823529412,
      "acc_stderr": 0.028657491285071963,
      "acc_norm": 0.27310924369747897,
      "acc_norm_stderr": 0.028942004040998164
    },
    "hendrycksTest-moral_scenarios": {
      "acc": 0.2547486033519553,
      "acc_stderr": 0.01457265038340916,
      "acc_norm": 0.2581005586592179,
      "acc_norm_stderr": 0.01463518561652783
    },
    "hendrycksTest-professional_psychology": {
      "acc": 0.2434640522875817,
      "acc_stderr": 0.017362473762146627,
      "acc_norm": 0.24509803921568626,
      "acc_norm_stderr": 0.017401816711427653
    },
    "winogrande": {
      "acc": 0.5082872928176796,
      "acc_stderr": 0.014050555322824189
    },
    "hendrycksTest-high_school_statistics": {
      "acc": 0.2777777777777778,
      "acc_stderr": 0.03054674526495318,
      "acc_norm": 0.2962962962962963,
      "acc_norm_stderr": 0.031141447823536023
    },
    "hendrycksTest-virology": {
      "acc": 0.22289156626506024,
      "acc_stderr": 0.03240004825594687,
      "acc_norm": 0.2289156626506024,
      "acc_norm_stderr": 0.03270745277352477
    },
    "hendrycksTest-jurisprudence": {
      "acc": 0.21296296296296297,
      "acc_stderr": 0.03957835471980981,
      "acc_norm": 0.28703703703703703,
      "acc_norm_stderr": 0.043733130409147614
    },
    "wsc": {
      "acc": 0.36538461538461536,
      "acc_stderr": 0.0474473339327792
    },
    "arc_easy": {
      "acc": 0.4612794612794613,
      "acc_stderr": 0.010228972678389592,
      "acc_norm": 0.4234006734006734,
      "acc_norm_stderr": 0.01013867100528905
    },
    "hendrycksTest-abstract_algebra": {
      "acc": 0.23,
      "acc_stderr": 0.04229525846816506,
      "acc_norm": 0.25,
      "acc_norm_stderr": 0.04351941398892446
    },
    "hendrycksTest-machine_learning": {
      "acc": 0.29464285714285715,
      "acc_stderr": 0.043270409325787296,
      "acc_norm": 0.26785714285714285,
      "acc_norm_stderr": 0.04203277291467764
    },
    "hendrycksTest-sociology": {
      "acc": 0.31343283582089554,
      "acc_stderr": 0.03280188205348642,
      "acc_norm": 0.32338308457711445,
      "acc_norm_stderr": 0.03307615947979033
    },
    "hendrycksTest-high_school_macroeconomics": {
      "acc": 0.2717948717948718,
      "acc_stderr": 0.022556551010132365,
      "acc_norm": 0.28205128205128205,
      "acc_norm_stderr": 0.022815813098896603
    },
    "hendrycksTest-public_relations": {
      "acc": 0.22727272727272727,
      "acc_stderr": 0.040139645540727735,
      "acc_norm": 0.2,
      "acc_norm_stderr": 0.038313051408846034
    },
    "hendrycksTest-human_aging": {
      "acc": 0.2914798206278027,
      "acc_stderr": 0.030500283176545913,
      "acc_norm": 0.273542600896861,
      "acc_norm_stderr": 0.029918586707798827
    },
    "hendrycksTest-moral_disputes": {
      "acc": 0.2514450867052023,
      "acc_stderr": 0.02335736578587403,
      "acc_norm": 0.2630057803468208,
      "acc_norm_stderr": 0.02370309952525817
    },
    "hendrycksTest-college_biology": {
      "acc": 0.24305555555555555,
      "acc_stderr": 0.03586879280080343,
      "acc_norm": 0.24305555555555555,
      "acc_norm_stderr": 0.03586879280080341
    },
    "hendrycksTest-business_ethics": {
      "acc": 0.24,
      "acc_stderr": 0.04292346959909283,
      "acc_norm": 0.25,
      "acc_norm_stderr": 0.04351941398892446
    },
    "hendrycksTest-anatomy": {
      "acc": 0.22962962962962963,
      "acc_stderr": 0.03633384414073464,
      "acc_norm": 0.22962962962962963,
      "acc_norm_stderr": 0.036333844140734636
    },
    "hendrycksTest-us_foreign_policy": {
      "acc": 0.18,
      "acc_stderr": 0.03861229196653695,
      "acc_norm": 0.23,
      "acc_norm_stderr": 0.04229525846816505
    },
    "hendrycksTest-college_computer_science": {
      "acc": 0.3,
      "acc_stderr": 0.046056618647183814,
      "acc_norm": 0.25,
      "acc_norm_stderr": 0.04351941398892446
    },
    "hendrycksTest-conceptual_physics": {
      "acc": 0.251063829787234,
      "acc_stderr": 0.02834696377716245,
      "acc_norm": 0.24680851063829787,
      "acc_norm_stderr": 0.0281854413012341
    },
    "hendrycksTest-professional_accounting": {
      "acc": 0.3120567375886525,
      "acc_stderr": 0.027640120545169927,
      "acc_norm": 0.3120567375886525,
      "acc_norm_stderr": 0.02764012054516992
    },
    "hendrycksTest-high_school_computer_science": {
      "acc": 0.26,
      "acc_stderr": 0.0440844002276808,
      "acc_norm": 0.25,
      "acc_norm_stderr": 0.04351941398892446
    },
    "hendrycksTest-philosophy": {
      "acc": 0.20257234726688103,
      "acc_stderr": 0.022827317491059682,
      "acc_norm": 0.2604501607717042,
      "acc_norm_stderr": 0.02492672322484554
    },
    "hendrycksTest-professional_medicine": {
      "acc": 0.22794117647058823,
      "acc_stderr": 0.025483081468029804,
      "acc_norm": 0.24632352941176472,
      "acc_norm_stderr": 0.02617343857052
    },
    "hendrycksTest-security_studies": {
      "acc": 0.3142857142857143,
      "acc_stderr": 0.02971932942241748,
      "acc_norm": 0.27755102040816326,
      "acc_norm_stderr": 0.028666857790274648
    },
    "hendrycksTest-college_mathematics": {
      "acc": 0.24,
      "acc_stderr": 0.04292346959909282,
      "acc_norm": 0.28,
      "acc_norm_stderr": 0.045126085985421276
    },
    "hendrycksTest-econometrics": {
      "acc": 0.2807017543859649,
      "acc_stderr": 0.042270544512322004,
      "acc_norm": 0.2543859649122807,
      "acc_norm_stderr": 0.040969851398436716
    },
    "hendrycksTest-elementary_mathematics": {
      "acc": 0.2671957671957672,
      "acc_stderr": 0.022789673145776568,
      "acc_norm": 0.26455026455026454,
      "acc_norm_stderr": 0.022717467897708617
    },
    "hendrycksTest-high_school_government_and_politics": {
      "acc": 0.32124352331606215,
      "acc_stderr": 0.033699508685490674,
      "acc_norm": 0.31088082901554404,
      "acc_norm_stderr": 0.03340361906276588
    },
    "hendrycksTest-high_school_physics": {
      "acc": 0.2847682119205298,
      "acc_stderr": 0.03684881521389024,
      "acc_norm": 0.2913907284768212,
      "acc_norm_stderr": 0.03710185726119994
    },
    "hendrycksTest-high_school_us_history": {
      "acc": 0.29901960784313725,
      "acc_stderr": 0.03213325717373617,
      "acc_norm": 0.27941176470588236,
      "acc_norm_stderr": 0.03149328104507955
    },
    "hendrycksTest-miscellaneous": {
      "acc": 0.2554278416347382,
      "acc_stderr": 0.01559495538445577,
      "acc_norm": 0.2771392081736909,
      "acc_norm_stderr": 0.01600563629412242
    },
    "hendrycksTest-management": {
      "acc": 0.2912621359223301,
      "acc_stderr": 0.044986763205729245,
      "acc_norm": 0.2524271844660194,
      "acc_norm_stderr": 0.04301250399690878
    },
    "hendrycksTest-high_school_chemistry": {
      "acc": 0.21674876847290642,
      "acc_stderr": 0.02899033125251624,