{
  "results": {
    "hendrycksTest-logical_fallacies": {
      "acc": 0.25766871165644173,
      "acc_stderr": 0.03436150827846917,
      "acc_norm": 0.294478527607362,
      "acc_norm_stderr": 0.03581165790474082
    },
    "hendrycksTest-moral_disputes": {
      "acc": 0.25722543352601157,
      "acc_stderr": 0.023532925431044294,
      "acc_norm": 0.2745664739884393,
      "acc_norm_stderr": 0.02402774515526502
    },
    "hendrycksTest-sociology": {
      "acc": 0.34328358208955223,
      "acc_stderr": 0.03357379665433432,
      "acc_norm": 0.3333333333333333,
      "acc_norm_stderr": 0.03333333333333334
    },
    "hendrycksTest-econometrics": {
      "acc": 0.2807017543859649,
      "acc_stderr": 0.04227054451232199,
      "acc_norm": 0.22807017543859648,
      "acc_norm_stderr": 0.03947152782669415
    },
    "wsc": {
      "acc": 0.36538461538461536,
      "acc_stderr": 0.0474473339327792
    },
    "hendrycksTest-miscellaneous": {
      "acc": 0.26436781609195403,
      "acc_stderr": 0.01576998484069052,
      "acc_norm": 0.2707535121328225,
      "acc_norm_stderr": 0.015889888362560486
    },
    "hendrycksTest-anatomy": {
      "acc": 0.2222222222222222,
      "acc_stderr": 0.0359144408419697,
      "acc_norm": 0.2,
      "acc_norm_stderr": 0.034554737023254366
    },
    "hendrycksTest-conceptual_physics": {
      "acc": 0.25957446808510637,
      "acc_stderr": 0.02865917937429232,
      "acc_norm": 0.2553191489361702,
      "acc_norm_stderr": 0.028504856470514192
    },
    "sciq": {
      "acc": 0.797,
      "acc_stderr": 0.012726073744598299,
      "acc_norm": 0.783,
      "acc_norm_stderr": 0.01304151375727071
    },
    "hendrycksTest-high_school_computer_science": {
      "acc": 0.27,
      "acc_stderr": 0.044619604333847415,
      "acc_norm": 0.31,
      "acc_norm_stderr": 0.04648231987117316
    },
    "arc_easy": {
      "acc": 0.44486531986531985,
      "acc_stderr": 0.010197216690356425,
      "acc_norm": 0.4255050505050505,
      "acc_norm_stderr": 0.010145271182591021
    },
    "hendrycksTest-virology": {
      "acc": 0.2289156626506024,
      "acc_stderr": 0.03270745277352477,
      "acc_norm": 0.2469879518072289,
      "acc_norm_stderr": 0.03357351982064536
    },
    "hendrycksTest-high_school_world_history": {
      "acc": 0.22362869198312235,
      "acc_stderr": 0.02712329820522997,
      "acc_norm": 0.2320675105485232,
      "acc_norm_stderr": 0.027479744550808514
    },
    "hendrycksTest-abstract_algebra": {
      "acc": 0.25,
      "acc_stderr": 0.04351941398892446,
      "acc_norm": 0.28,
      "acc_norm_stderr": 0.04512608598542128
    },
    "hendrycksTest-machine_learning": {
      "acc": 0.2857142857142857,
      "acc_stderr": 0.04287858751340455,
      "acc_norm": 0.26785714285714285,
      "acc_norm_stderr": 0.04203277291467763
    },
    "hendrycksTest-moral_scenarios": {
      "acc": 0.26145251396648045,
      "acc_stderr": 0.014696599650364557,
      "acc_norm": 0.2737430167597765,
      "acc_norm_stderr": 0.01491241309637243
    },
    "hendrycksTest-high_school_mathematics": {
      "acc": 0.3037037037037037,
      "acc_stderr": 0.028037929969114986,
      "acc_norm": 0.337037037037037,
      "acc_norm_stderr": 0.028820884666253252
    },
    "hendrycksTest-medical_genetics": {
      "acc": 0.21,
      "acc_stderr": 0.040936018074033256,
      "acc_norm": 0.25,
      "acc_norm_stderr": 0.04351941398892446
    },
    "arc_challenge": {
      "acc": 0.19795221843003413,
      "acc_stderr": 0.011643990971573401,
      "acc_norm": 0.23037542662116042,
      "acc_norm_stderr": 0.01230492841874761
    },
    "hendrycksTest-philosophy": {
      "acc": 0.2057877813504823,
      "acc_stderr": 0.022961339906764244,
      "acc_norm": 0.26688102893890675,
      "acc_norm_stderr": 0.02512263760881663
    },
    "hendrycksTest-high_school_geography": {
      "acc": 0.25252525252525254,
      "acc_stderr": 0.030954055470365904,
      "acc_norm": 0.24242424242424243,
      "acc_norm_stderr": 0.03053289223393202
    },
    "hendrycksTest-prehistory": {
      "acc": 0.2839506172839506,
      "acc_stderr": 0.02508947852376513,
      "acc_norm": 0.2777777777777778,
      "acc_norm_stderr": 0.024922001168886345
    },
    "hendrycksTest-business_ethics": {
      "acc": 0.27,
      "acc_stderr": 0.044619604333847394,
      "acc_norm": 0.25,
      "acc_norm_stderr": 0.04351941398892446
    },
    "hendrycksTest-high_school_statistics": {
      "acc": 0.2916666666666667,
      "acc_stderr": 0.030998666304560534,
      "acc_norm": 0.3055555555555556,
      "acc_norm_stderr": 0.031415546294025445
    },
    "hendrycksTest-elementary_mathematics": {
      "acc": 0.25925925925925924,
      "acc_stderr": 0.022569897074918407,
      "acc_norm": 0.2619047619047619,
      "acc_norm_stderr": 0.022644212615525214
    },
    "hendrycksTest-public_relations": {
      "acc": 0.21818181818181817,
      "acc_stderr": 0.039559328617958335,
      "acc_norm": 0.19090909090909092,
      "acc_norm_stderr": 0.03764425585984925
    },
    "hendrycksTest-college_computer_science": {
      "acc": 0.24,
      "acc_stderr": 0.04292346959909282,
      "acc_norm": 0.25,
      "acc_norm_stderr": 0.04351941398892446
    },
    "hendrycksTest-college_biology": {
      "acc": 0.2222222222222222,
      "acc_stderr": 0.03476590104304134,
      "acc_norm": 0.25,
      "acc_norm_stderr": 0.03621034121889507
    },
    "hendrycksTest-high_school_biology": {
      "acc": 0.2838709677419355,
      "acc_stderr": 0.025649381063029258,
      "acc_norm": 0.34516129032258064,
      "acc_norm_stderr": 0.027045746573534323
    },
    "hendrycksTest-astronomy": {
      "acc": 0.2565789473684211,
      "acc_stderr": 0.035541803680256896,
      "acc_norm": 0.29605263157894735,
      "acc_norm_stderr": 0.03715062154998904
    },
    "hendrycksTest-clinical_knowledge": {
      "acc": 0.2792452830188679,
      "acc_stderr": 0.027611163402399715,
      "acc_norm": 0.33584905660377357,
      "acc_norm_stderr": 0.029067220146644823
    },
    "hendrycksTest-professional_accounting": {
      "acc": 0.28368794326241137,
      "acc_stderr": 0.026891709428343957,
      "acc_norm": 0.25886524822695034,
      "acc_norm_stderr": 0.026129572527180848
    },
    "hendrycksTest-high_school_chemistry": {
      "acc": 0.2019704433497537,
      "acc_stderr": 0.02824735012218028,
      "acc_norm": 0.2315270935960591,
      "acc_norm_stderr": 0.029678333141444437
    },
    "hendrycksTest-global_facts": {
      "acc": 0.26,
      "acc_stderr": 0.04408440022768079,
      "acc_norm": 0.24,
      "acc_norm_stderr": 0.04292346959909282
    },
    "hendrycksTest-human_aging": {
      "acc": 0.27802690582959644,
      "acc_stderr": 0.030069584874494047,
      "acc_norm": 0.2556053811659193,
      "acc_norm_stderr": 0.029275891003969923
    },
    "hendrycksTest-college_medicine": {
      "acc": 0.27167630057803466,
      "acc_stderr": 0.0339175032232166,
      "acc_norm": 0.2947976878612717,
      "acc_norm_stderr": 0.034765996075164785
    },
    "hendrycksTest-high_school_us_history": {
      "acc": 0.29901960784313725,
      "acc_stderr": 0.03213325717373618,
      "acc_norm": 0.29411764705882354,
      "acc_norm_stderr": 0.03198001660115073
    },
    "hendrycksTest-college_physics": {
      "acc": 0.24509803921568626,
      "acc_stderr": 0.042801058373643966,
      "acc_norm": 0.2549019607843137,
      "acc_norm_stderr": 0.043364327079931785
    },
    "hendrycksTest-human_sexuality": {
      "acc": 0.2900763358778626,
      "acc_stderr": 0.03980066246467765,
      "acc_norm": 0.2824427480916031,
      "acc_norm_stderr": 0.03948406125768361
    },
    "hendrycksTest-high_school_government_and_politics": {
      "acc": 0.3005181347150259,
      "acc_stderr": 0.0330881859441575,
      "acc_norm": 0.27979274611398963,
      "acc_norm_stderr": 0.03239637046735703
    },
    "piqa": {
      "acc": 0.6218715995647442,
      "acc_stderr": 0.011313980666854535,
      "acc_norm": 0.6229597388465724,