{
  "results": {
    "crows_pairs_french_socioeconomic": {
      "likelihood_difference": 3.7855548469387754,
      "likelihood_difference_stderr": 0.30690526234260246,
      "pct_stereotype": 0.5357142857142857,
      "pct_stereotype_stderr": 0.035714285714285705
    },
    "crows_pairs_french_sexual_orientation": {
      "likelihood_difference": 4.298763736263736,
      "likelihood_difference_stderr": 0.3759147017325509,
      "pct_stereotype": 0.8021978021978022,
      "pct_stereotype_stderr": 0.04198895203196222
    },
    "crows_pairs_english_age": {
      "likelihood_difference": 3.1964285714285716,
      "likelihood_difference_stderr": 0.30795740099157237,
      "pct_stereotype": 0.6373626373626373,
      "pct_stereotype_stderr": 0.05067669921031868
    },
    "crows_pairs_french_autre": {
      "likelihood_difference": 2.0240384615384617,
      "likelihood_difference_stderr": 0.6713404798914098,
      "pct_stereotype": 0.23076923076923078,
      "pct_stereotype_stderr": 0.12162606385262997
    },
    "crows_pairs_french_disability": {
      "likelihood_difference": 4.9133522727272725,
      "likelihood_difference_stderr": 0.4638456508893751,
      "pct_stereotype": 0.5151515151515151,
      "pct_stereotype_stderr": 0.06198888629778894
    },
    "crows_pairs_french": {
      "likelihood_difference": 3.8424083184257602,
      "likelihood_difference_stderr": 0.0939350148813403,
      "pct_stereotype": 0.4502087060226595,
      "pct_stereotype_stderr": 0.0121525905741749
    },
    "crows_pairs_french_nationality": {
      "likelihood_difference": 4.538784584980237,
      "likelihood_difference_stderr": 0.23850415930046454,
      "pct_stereotype": 0.33992094861660077,
      "pct_stereotype_stderr": 0.02983916525255037
    },
    "crows_pairs_english_physical_appearance": {
      "likelihood_difference": 3.34765625,
      "likelihood_difference_stderr": 0.3210994852255393,
      "pct_stereotype": 0.5833333333333334,
      "pct_stereotype_stderr": 0.058509124791617455
    },
    "crows_pairs_english": {
      "likelihood_difference": 3.501397584973166,
      "likelihood_difference_stderr": 0.0883232735721976,
      "pct_stereotype": 0.590339892665474,
      "pct_stereotype_stderr": 0.012012292425997438
    },
    "crows_pairs_english_autre": {
      "likelihood_difference": 5.698863636363637,
      "likelihood_difference_stderr": 1.9657818206307418,
      "pct_stereotype": 0.6363636363636364,
      "pct_stereotype_stderr": 0.15212000482437738
    },
    "crows_pairs_english_socioeconomic": {
      "likelihood_difference": 3.803125,
      "likelihood_difference_stderr": 0.23701287520641234,
      "pct_stereotype": 0.6,
      "pct_stereotype_stderr": 0.035634832254989854
    },
    "crows_pairs_english_disability": {
      "likelihood_difference": 5.048076923076923,
      "likelihood_difference_stderr": 0.565953722129858,
      "pct_stereotype": 0.6307692307692307,
      "pct_stereotype_stderr": 0.06032456592830046
    },
    "crows_pairs_french_physical_appearance": {
      "likelihood_difference": 4.203559027777778,
      "likelihood_difference_stderr": 0.5635487694373547,
      "pct_stereotype": 0.5972222222222222,
      "pct_stereotype_stderr": 0.058206509425695316
    },
    "crows_pairs_french_gender": {
      "likelihood_difference": 3.202005451713396,
      "likelihood_difference_stderr": 0.19268012478592358,
      "pct_stereotype": 0.557632398753894,
      "pct_stereotype_stderr": 0.027764551737212484
    },
    "crows_pairs_french_age": {
      "likelihood_difference": 3.5211805555555555,
      "likelihood_difference_stderr": 0.3256026639758937,
      "pct_stereotype": 0.36666666666666664,
      "pct_stereotype_stderr": 0.05108070528032164
    },
    "crows_pairs_french_religion": {
      "likelihood_difference": 3.5252717391304347,
      "likelihood_difference_stderr": 0.38636746261391675,
      "pct_stereotype": 0.6086956521739131,
      "pct_stereotype_stderr": 0.045709346351117126
    },
    "crows_pairs_english_gender": {
      "likelihood_difference": 3.212646484375,
      "likelihood_difference_stderr": 0.19839870520070838,
      "pct_stereotype": 0.603125,
      "pct_stereotype_stderr": 0.02739272232337023
    },
    "crows_pairs_english_nationality": {
      "likelihood_difference": 3.3977141203703702,
      "likelihood_difference_stderr": 0.2450326314603682,
      "pct_stereotype": 0.5138888888888888,
      "pct_stereotype_stderr": 0.03408655867977749
    },
    "crows_pairs_english_race_color": {
      "likelihood_difference": 3.3602977362204722,
      "likelihood_difference_stderr": 0.1567846067916727,
      "pct_stereotype": 0.5433070866141733,
      "pct_stereotype_stderr": 0.022122328731374534
    },
    "lambada_openai": {
      "ppl": 10.12381566880334,
      "ppl_stderr": 0.3019202802914917,
      "acc": 0.5346400155249369,
      "acc_stderr": 0.0069492401686562354
    },
    "crows_pairs_french_race_color": {
      "likelihood_difference": 3.823573369565217,
      "likelihood_difference_stderr": 0.17889145884938856,
      "pct_stereotype": 0.28043478260869564,
      "pct_stereotype_stderr": 0.02096740469164158
    },
    "crows_pairs_english_sexual_orientation": {
      "likelihood_difference": 4.710685483870968,
      "likelihood_difference_stderr": 0.4958309507974356,
      "pct_stereotype": 0.7849462365591398,
      "pct_stereotype_stderr": 0.04283507835554756
    },
    "crows_pairs_english_religion": {
      "likelihood_difference": 2.877956081081081,
      "likelihood_difference_stderr": 0.3071673716139052,
      "pct_stereotype": 0.6756756756756757,
      "pct_stereotype_stderr": 0.04463366615377136
    }
  },
  "versions": {
    "crows_pairs_french_socioeconomic": 0,
    "crows_pairs_french_sexual_orientation": 0,
    "crows_pairs_english_age": 0,
    "crows_pairs_french_autre": 0,
    "crows_pairs_french_disability": 0,
    "crows_pairs_french": 0,
    "crows_pairs_french_nationality": 0,
    "crows_pairs_english_physical_appearance": 0,
    "crows_pairs_english": 0,
    "crows_pairs_english_autre": 0,
    "crows_pairs_english_socioeconomic": 0,
    "crows_pairs_english_disability": 0,
    "crows_pairs_french_physical_appearance": 0,
    "crows_pairs_french_gender": 0,
    "crows_pairs_french_age": 0,
    "crows_pairs_french_religion": 0,
    "crows_pairs_english_gender": 0,
    "crows_pairs_english_nationality": 0,
    "crows_pairs_english_race_color": 0,
    "lambada_openai": 0,
    "crows_pairs_french_race_color": 0,
    "crows_pairs_english_sexual_orientation": 0,
    "crows_pairs_english_religion": 0
  },
  "config": {
    "model": "hf-causal",
    "model_args": "pretrained=EleutherAI/intervention-pythia-v1.1-410m-deduped,revision=step138000",
    "num_fewshot": 0,
    "batch_size": 16,
    "device": "cuda:4",
    "no_cache": true,
    "limit": null,
    "bootstrap_iters": 100000,
    "description_dict": {}
  }
}