{
  "results": {
    "hendrycksTest-business_ethics": {
      "acc": 0.37,
      "acc_stderr": 0.04852365870939099,
      "acc_norm": 0.34,
      "acc_norm_stderr": 0.04760952285695235
    },
    "hendrycksTest-high_school_geography": {
      "acc": 0.17676767676767677,
      "acc_stderr": 0.027178752639044915,
      "acc_norm": 0.23737373737373738,
      "acc_norm_stderr": 0.030313710538198892
    },
    "arc_easy": {
      "acc": 0.5879629629629629,
      "acc_stderr": 0.010099765857562755,
      "acc_norm": 0.5778619528619529,
      "acc_norm_stderr": 0.010134620524592268
    },
    "arc_challenge": {
      "acc": 0.26621160409556316,
      "acc_stderr": 0.01291577478152321,
      "acc_norm": 0.28668941979522183,
      "acc_norm_stderr": 0.013214986329274769
    },
    "hendrycksTest-formal_logic": {
      "acc": 0.2619047619047619,
      "acc_stderr": 0.039325376803928724,
      "acc_norm": 0.2619047619047619,
      "acc_norm_stderr": 0.03932537680392871
    },
    "hendrycksTest-international_law": {
      "acc": 0.23140495867768596,
      "acc_stderr": 0.03849856098794089,
      "acc_norm": 0.3305785123966942,
      "acc_norm_stderr": 0.04294340845212095
    },
    "hendrycksTest-college_chemistry": {
      "acc": 0.22,
      "acc_stderr": 0.04163331998932269,
      "acc_norm": 0.21,
      "acc_norm_stderr": 0.04093601807403326
    },
    "hendrycksTest-professional_law": {
      "acc": 0.2470664928292047,
      "acc_stderr": 0.011015752255279336,
      "acc_norm": 0.2529335071707953,
      "acc_norm_stderr": 0.011102268713839993
    },
    "hendrycksTest-high_school_computer_science": {
      "acc": 0.22,
      "acc_stderr": 0.0416333199893227,
      "acc_norm": 0.24,
      "acc_norm_stderr": 0.04292346959909284
    },
    "hendrycksTest-us_foreign_policy": {
      "acc": 0.28,
      "acc_stderr": 0.04512608598542128,
      "acc_norm": 0.23,
      "acc_norm_stderr": 0.04229525846816505
    },
    "hendrycksTest-high_school_us_history": {
      "acc": 0.24509803921568626,
      "acc_stderr": 0.030190282453501954,
      "acc_norm": 0.2549019607843137,
      "acc_norm_stderr": 0.03058759135160425
    },
    "hendrycksTest-high_school_mathematics": {
      "acc": 0.2518518518518518,
      "acc_stderr": 0.02646611753895991,
      "acc_norm": 0.27037037037037037,
      "acc_norm_stderr": 0.027080372815145665
    },
    "lambada_openai": {
      "ppl": 10.983944657148301,
      "ppl_stderr": 0.310875047369718,
      "acc": 0.48321366194449833,
      "acc_stderr": 0.006962050788037525
    },
    "hendrycksTest-prehistory": {
      "acc": 0.2345679012345679,
      "acc_stderr": 0.023576881744005716,
      "acc_norm": 0.22530864197530864,
      "acc_norm_stderr": 0.02324620264781975
    },
    "hendrycksTest-college_mathematics": {
      "acc": 0.19,
      "acc_stderr": 0.03942772444036623,
      "acc_norm": 0.24,
      "acc_norm_stderr": 0.04292346959909283
    },
    "hendrycksTest-global_facts": {
      "acc": 0.27,
      "acc_stderr": 0.044619604333847394,
      "acc_norm": 0.24,
      "acc_norm_stderr": 0.042923469599092816
    },
    "hendrycksTest-high_school_biology": {
      "acc": 0.21935483870967742,
      "acc_stderr": 0.023540799358723295,
      "acc_norm": 0.26129032258064516,
      "acc_norm_stderr": 0.02499305339776481
    },
    "hendrycksTest-human_sexuality": {
      "acc": 0.32061068702290074,
      "acc_stderr": 0.040933292298342784,
      "acc_norm": 0.2824427480916031,
      "acc_norm_stderr": 0.03948406125768361
    },
    "winogrande": {
      "acc": 0.5580110497237569,
      "acc_stderr": 0.013957584079109
    },
    "hendrycksTest-professional_medicine": {
      "acc": 0.20955882352941177,
      "acc_stderr": 0.024723110407677072,
      "acc_norm": 0.20588235294117646,
      "acc_norm_stderr": 0.024562204314142314
    },
    "hendrycksTest-medical_genetics": {
      "acc": 0.28,
      "acc_stderr": 0.04512608598542127,
      "acc_norm": 0.32,
      "acc_norm_stderr": 0.04688261722621504
    },
    "piqa": {
      "acc": 0.6844396082698585,
      "acc_stderr": 0.01084311920175894,
      "acc_norm": 0.6926006528835691,
      "acc_norm_stderr": 0.010765602506939064
    },
    "hendrycksTest-machine_learning": {
      "acc": 0.21428571428571427,
      "acc_stderr": 0.03894641120044793,
      "acc_norm": 0.1875,
      "acc_norm_stderr": 0.0370468111477387
    },
    "hendrycksTest-college_computer_science": {
      "acc": 0.35,
      "acc_stderr": 0.047937248544110196,
      "acc_norm": 0.26,
      "acc_norm_stderr": 0.0440844002276808
    },
    "hendrycksTest-nutrition": {
      "acc": 0.2777777777777778,
      "acc_stderr": 0.02564686309713791,
      "acc_norm": 0.2973856209150327,
      "acc_norm_stderr": 0.026173908506718576
    },
    "hendrycksTest-high_school_chemistry": {
      "acc": 0.18226600985221675,
      "acc_stderr": 0.02716334085964515,
      "acc_norm": 0.2315270935960591,
      "acc_norm_stderr": 0.029678333141444455
    },
    "hendrycksTest-high_school_psychology": {
      "acc": 0.24036697247706423,
      "acc_stderr": 0.01832060732096407,
      "acc_norm": 0.21651376146788992,
      "acc_norm_stderr": 0.017658710594443135
    },
    "hendrycksTest-jurisprudence": {
      "acc": 0.25925925925925924,
      "acc_stderr": 0.04236511258094632,
      "acc_norm": 0.35185185185185186,
      "acc_norm_stderr": 0.04616631111801713
    },
    "hendrycksTest-professional_accounting": {
      "acc": 0.2730496453900709,
      "acc_stderr": 0.026577860943307854,
      "acc_norm": 0.2730496453900709,
      "acc_norm_stderr": 0.026577860943307847
    },
    "hendrycksTest-professional_psychology": {
      "acc": 0.25163398692810457,
      "acc_stderr": 0.017555818091322263,
      "acc_norm": 0.2630718954248366,
      "acc_norm_stderr": 0.01781267654232065
    },
    "wsc": {
      "acc": 0.36538461538461536,
      "acc_stderr": 0.0474473339327792
    },
    "hendrycksTest-computer_security": {
      "acc": 0.3,
      "acc_stderr": 0.046056618647183814,
      "acc_norm": 0.32,
      "acc_norm_stderr": 0.04688261722621504
    },
    "hendrycksTest-high_school_microeconomics": {
      "acc": 0.19327731092436976,
      "acc_stderr": 0.025649470265889183,
      "acc_norm": 0.25210084033613445,
      "acc_norm_stderr": 0.028205545033277723
    },
    "hendrycksTest-high_school_macroeconomics": {
      "acc": 0.24358974358974358,
      "acc_stderr": 0.02176373368417392,
      "acc_norm": 0.23846153846153847,
      "acc_norm_stderr": 0.021606294494647727
    },
    "hendrycksTest-anatomy": {
      "acc": 0.2074074074074074,
      "acc_stderr": 0.03502553170678318,
      "acc_norm": 0.18518518518518517,
      "acc_norm_stderr": 0.0335567721631314
    },
    "hendrycksTest-college_medicine": {
      "acc": 0.23699421965317918,
      "acc_stderr": 0.03242414757483098,
      "acc_norm": 0.23699421965317918,
      "acc_norm_stderr": 0.03242414757483098
    },
    "hendrycksTest-high_school_physics": {
      "acc": 0.2185430463576159,
      "acc_stderr": 0.03374235550425694,
      "acc_norm": 0.25165562913907286,
      "acc_norm_stderr": 0.035433042343899844
    },
    "hendrycksTest-human_aging": {
      "acc": 0.30493273542600896,
      "acc_stderr": 0.030898610882477515,
      "acc_norm": 0.30493273542600896,
      "acc_norm_stderr": 0.030898610882477515
    },
    "hendrycksTest-electrical_engineering": {
      "acc": 0.2689655172413793,
      "acc_stderr": 0.036951833116502325,
      "acc_norm": 0.23448275862068965,
      "acc_norm_stderr": 0.035306258743465914
    },
    "hendrycksTest-high_school_world_history": {
      "acc": 0.28270042194092826,
      "acc_stderr": 0.02931281415395592,
      "acc_norm": 0.28270042194092826,
      "acc_norm_stderr": 0.029312814153955924
    },
    "hendrycksTest-college_physics": {
      "acc": 0.23529411764705882,
      "acc_stderr": 0.04220773659171453,
      "acc_norm": 0.30392156862745096,
      "acc_norm_stderr": 0.045766654032077636
    },