{
  "results": {
    "hendrycksTest-computer_security": {
      "acc": 0.31,
      "acc_stderr": 0.04648231987117316,
      "acc_norm": 0.32,
      "acc_norm_stderr": 0.04688261722621503
    },
    "hendrycksTest-high_school_statistics": {
      "acc": 0.2175925925925926,
      "acc_stderr": 0.02813968944485968,
      "acc_norm": 0.2638888888888889,
      "acc_norm_stderr": 0.030058202704309846
    },
    "hendrycksTest-college_medicine": {
      "acc": 0.24855491329479767,
      "acc_stderr": 0.03295304696818318,
      "acc_norm": 0.24855491329479767,
      "acc_norm_stderr": 0.03295304696818318
    },
    "hendrycksTest-high_school_mathematics": {
      "acc": 0.23703703703703705,
      "acc_stderr": 0.025928876132766114,
      "acc_norm": 0.26296296296296295,
      "acc_norm_stderr": 0.02684205787383371
    },
    "hendrycksTest-anatomy": {
      "acc": 0.2222222222222222,
      "acc_stderr": 0.035914440841969694,
      "acc_norm": 0.2074074074074074,
      "acc_norm_stderr": 0.03502553170678316
    },
    "hendrycksTest-college_computer_science": {
      "acc": 0.28,
      "acc_stderr": 0.045126085985421276,
      "acc_norm": 0.26,
      "acc_norm_stderr": 0.044084400227680794
    },
    "hendrycksTest-logical_fallacies": {
      "acc": 0.2085889570552147,
      "acc_stderr": 0.03192193448934723,
      "acc_norm": 0.24539877300613497,
      "acc_norm_stderr": 0.03380939813943354
    },
    "hendrycksTest-econometrics": {
      "acc": 0.2543859649122807,
      "acc_stderr": 0.0409698513984367,
      "acc_norm": 0.23684210526315788,
      "acc_norm_stderr": 0.03999423879281337
    },
    "hendrycksTest-abstract_algebra": {
      "acc": 0.21,
      "acc_stderr": 0.040936018074033256,
      "acc_norm": 0.24,
      "acc_norm_stderr": 0.042923469599092816
    },
    "hendrycksTest-high_school_physics": {
      "acc": 0.2052980132450331,
      "acc_stderr": 0.03297986648473834,
      "acc_norm": 0.2251655629139073,
      "acc_norm_stderr": 0.034104352820089376
    },
    "hendrycksTest-college_mathematics": {
      "acc": 0.25,
      "acc_stderr": 0.04351941398892446,
      "acc_norm": 0.3,
      "acc_norm_stderr": 0.046056618647183814
    },
    "hendrycksTest-conceptual_physics": {
      "acc": 0.2723404255319149,
      "acc_stderr": 0.0291012906983867,
      "acc_norm": 0.23404255319148937,
      "acc_norm_stderr": 0.027678452578212408
    },
    "hendrycksTest-electrical_engineering": {
      "acc": 0.296551724137931,
      "acc_stderr": 0.03806142687309994,
      "acc_norm": 0.2689655172413793,
      "acc_norm_stderr": 0.036951833116502325
    },
    "hendrycksTest-formal_logic": {
      "acc": 0.29365079365079366,
      "acc_stderr": 0.04073524322147126,
      "acc_norm": 0.29365079365079366,
      "acc_norm_stderr": 0.04073524322147125
    },
    "hendrycksTest-nutrition": {
      "acc": 0.24836601307189543,
      "acc_stderr": 0.024739981355113596,
      "acc_norm": 0.32679738562091504,
      "acc_norm_stderr": 0.026857294663281416
    },
    "hendrycksTest-security_studies": {
      "acc": 0.24081632653061225,
      "acc_stderr": 0.02737294220178816,
      "acc_norm": 0.17959183673469387,
      "acc_norm_stderr": 0.024573293589585637
    },
    "hendrycksTest-astronomy": {
      "acc": 0.21710526315789475,
      "acc_stderr": 0.033550453048829226,
      "acc_norm": 0.23026315789473684,
      "acc_norm_stderr": 0.03426059424403165
    },
    "hendrycksTest-global_facts": {
      "acc": 0.18,
      "acc_stderr": 0.038612291966536955,
      "acc_norm": 0.21,
      "acc_norm_stderr": 0.04093601807403326
    },
    "hendrycksTest-us_foreign_policy": {
      "acc": 0.24,
      "acc_stderr": 0.04292346959909283,
      "acc_norm": 0.2,
      "acc_norm_stderr": 0.04020151261036846
    },
    "hendrycksTest-high_school_european_history": {
      "acc": 0.296969696969697,
      "acc_stderr": 0.03567969772268049,
      "acc_norm": 0.296969696969697,
      "acc_norm_stderr": 0.035679697722680474
    },
    "hendrycksTest-college_physics": {
      "acc": 0.24509803921568626,
      "acc_stderr": 0.042801058373643966,
      "acc_norm": 0.3137254901960784,
      "acc_norm_stderr": 0.04617034827006715
    },
    "hendrycksTest-high_school_computer_science": {
      "acc": 0.2,
      "acc_stderr": 0.04020151261036843,
      "acc_norm": 0.26,
      "acc_norm_stderr": 0.0440844002276808
    },
    "hendrycksTest-professional_law": {
      "acc": 0.2666232073011734,
      "acc_stderr": 0.011293836031612143,
      "acc_norm": 0.273142112125163,
      "acc_norm_stderr": 0.011380150567830413
    },
    "lambada_openai": {
      "ppl": 7.971010465587358,
      "ppl_stderr": 0.20483622730302664,
      "acc": 0.5493887056083835,
      "acc_stderr": 0.006931910914621463
    },
    "hendrycksTest-human_aging": {
      "acc": 0.27802690582959644,
      "acc_stderr": 0.030069584874494026,
      "acc_norm": 0.273542600896861,
      "acc_norm_stderr": 0.029918586707798813
    },
    "arc_challenge": {
      "acc": 0.2909556313993174,
      "acc_stderr": 0.013273077865907576,
      "acc_norm": 0.31313993174061433,
      "acc_norm_stderr": 0.013552671543623506
    },
    "arc_easy": {
      "acc": 0.6258417508417509,
      "acc_stderr": 0.009929516948977625,
      "acc_norm": 0.632996632996633,
      "acc_norm_stderr": 0.009890173658452121
    },
    "hendrycksTest-public_relations": {
      "acc": 0.3,
      "acc_stderr": 0.04389311454644287,
      "acc_norm": 0.2545454545454545,
      "acc_norm_stderr": 0.04172343038705382
    },
    "hendrycksTest-business_ethics": {
      "acc": 0.31,
      "acc_stderr": 0.04648231987117316,
      "acc_norm": 0.33,
      "acc_norm_stderr": 0.047258156262526045
    },
    "hendrycksTest-high_school_macroeconomics": {
      "acc": 0.25384615384615383,
      "acc_stderr": 0.022066054378726257,
      "acc_norm": 0.2282051282051282,
      "acc_norm_stderr": 0.021278393863586282
    },
    "hendrycksTest-high_school_government_and_politics": {
      "acc": 0.22797927461139897,
      "acc_stderr": 0.03027690994517826,
      "acc_norm": 0.24870466321243523,
      "acc_norm_stderr": 0.031195840877700307
    },
    "hendrycksTest-medical_genetics": {
      "acc": 0.32,
      "acc_stderr": 0.04688261722621504,
      "acc_norm": 0.31,
      "acc_norm_stderr": 0.04648231987117316
    },
    "hendrycksTest-virology": {
      "acc": 0.28313253012048195,
      "acc_stderr": 0.03507295431370519,
      "acc_norm": 0.3072289156626506,
      "acc_norm_stderr": 0.03591566797824664
    },
    "hendrycksTest-prehistory": {
      "acc": 0.25925925925925924,
      "acc_stderr": 0.02438366553103545,
      "acc_norm": 0.24074074074074073,
      "acc_norm_stderr": 0.02378858355165854
    },
    "hendrycksTest-sociology": {
      "acc": 0.32338308457711445,
      "acc_stderr": 0.03307615947979034,
      "acc_norm": 0.2885572139303483,
      "acc_norm_stderr": 0.03203841040213322
    },
    "wsc": {
      "acc": 0.36538461538461536,
      "acc_stderr": 0.0474473339327792
    },
    "hendrycksTest-high_school_world_history": {
      "acc": 0.25316455696202533,
      "acc_stderr": 0.02830465794303529,
      "acc_norm": 0.28270042194092826,
      "acc_norm_stderr": 0.029312814153955924
    },
    "sciq": {
      "acc": 0.933,
      "acc_stderr": 0.007910345983177549,
      "acc_norm": 0.939,
      "acc_norm_stderr": 0.0075720760915574245
    },
    "hendrycksTest-elementary_mathematics": {
      "acc": 0.24603174603174602,
      "acc_stderr": 0.022182037202948368,
      "acc_norm": 0.25132275132275134,
      "acc_norm_stderr": 0.022340482339643895
    },
    "logiqa": {
      "acc": 0.20276497695852536,
      "acc_stderr": 0.015770046635584567,
      "acc_norm": 0.23655913978494625,
      "acc_norm_stderr": 0.016668667667174192
    },
    "hendrycksTest-machine_learning": {
      "acc": 0.22321428571428573,
      "acc_stderr": 0.039523019677025116,
      "acc_norm": 0.22321428571428573,
      "acc_norm_stderr": 0.039523019677025116
    },