{
  "results": {
    "hendrycksTest-professional_medicine": {
      "acc": 0.22426470588235295,
      "acc_stderr": 0.025336848563332365,
      "acc_norm": 0.20588235294117646,
      "acc_norm_stderr": 0.024562204314142317
    },
    "hendrycksTest-virology": {
      "acc": 0.3132530120481928,
      "acc_stderr": 0.03610805018031023,
      "acc_norm": 0.28313253012048195,
      "acc_norm_stderr": 0.03507295431370519
    },
    "hendrycksTest-abstract_algebra": {
      "acc": 0.24,
      "acc_stderr": 0.042923469599092816,
      "acc_norm": 0.3,
      "acc_norm_stderr": 0.046056618647183814
    },
    "wsc": {
      "acc": 0.36538461538461536,
      "acc_stderr": 0.0474473339327792
    },
    "hendrycksTest-high_school_government_and_politics": {
      "acc": 0.24352331606217617,
      "acc_stderr": 0.030975436386845426,
      "acc_norm": 0.29015544041450775,
      "acc_norm_stderr": 0.03275264467791515
    },
    "hendrycksTest-global_facts": {
      "acc": 0.23,
      "acc_stderr": 0.04229525846816506,
      "acc_norm": 0.23,
      "acc_norm_stderr": 0.04229525846816506
    },
    "hendrycksTest-high_school_european_history": {
      "acc": 0.21212121212121213,
      "acc_stderr": 0.03192271569548299,
      "acc_norm": 0.26666666666666666,
      "acc_norm_stderr": 0.03453131801885415
    },
    "hendrycksTest-human_sexuality": {
      "acc": 0.3435114503816794,
      "acc_stderr": 0.041649760719448786,
      "acc_norm": 0.3511450381679389,
      "acc_norm_stderr": 0.04186445163013751
    },
    "lambada_openai": {
      "ppl": 12.204563639383027,
      "ppl_stderr": 0.3492660811395021,
      "acc": 0.46070250339607993,
      "acc_stderr": 0.006944429304264611
    },
    "hendrycksTest-college_medicine": {
      "acc": 0.23121387283236994,
      "acc_stderr": 0.032147373020294696,
      "acc_norm": 0.27167630057803466,
      "acc_norm_stderr": 0.033917503223216586
    },
    "hendrycksTest-nutrition": {
      "acc": 0.2875816993464052,
      "acc_stderr": 0.02591780611714716,
      "acc_norm": 0.32679738562091504,
      "acc_norm_stderr": 0.02685729466328143
    },
    "hendrycksTest-moral_scenarios": {
      "acc": 0.2335195530726257,
      "acc_stderr": 0.01414957534897627,
      "acc_norm": 0.2346368715083799,
      "acc_norm_stderr": 0.014173044098303663
    },
    "hendrycksTest-us_foreign_policy": {
      "acc": 0.25,
      "acc_stderr": 0.04351941398892446,
      "acc_norm": 0.26,
      "acc_norm_stderr": 0.044084400227680794
    },
    "hendrycksTest-elementary_mathematics": {
      "acc": 0.21693121693121692,
      "acc_stderr": 0.021227082449445045,
      "acc_norm": 0.2275132275132275,
      "acc_norm_stderr": 0.021591269407823768
    },
    "hendrycksTest-econometrics": {
      "acc": 0.22807017543859648,
      "acc_stderr": 0.03947152782669415,
      "acc_norm": 0.22807017543859648,
      "acc_norm_stderr": 0.03947152782669415
    },
    "hendrycksTest-international_law": {
      "acc": 0.256198347107438,
      "acc_stderr": 0.039849796533028704,
      "acc_norm": 0.38016528925619836,
      "acc_norm_stderr": 0.04431324501968431
    },
    "hendrycksTest-machine_learning": {
      "acc": 0.33035714285714285,
      "acc_stderr": 0.04464285714285714,
      "acc_norm": 0.29464285714285715,
      "acc_norm_stderr": 0.04327040932578728
    },
    "hendrycksTest-security_studies": {
      "acc": 0.23265306122448978,
      "acc_stderr": 0.027049257915896175,
      "acc_norm": 0.19591836734693877,
      "acc_norm_stderr": 0.025409301953225678
    },
    "hendrycksTest-logical_fallacies": {
      "acc": 0.2085889570552147,
      "acc_stderr": 0.03192193448934724,
      "acc_norm": 0.2147239263803681,
      "acc_norm_stderr": 0.03226219377286774
    },
    "hendrycksTest-high_school_psychology": {
      "acc": 0.25688073394495414,
      "acc_stderr": 0.018732492928342472,
      "acc_norm": 0.26788990825688075,
      "acc_norm_stderr": 0.01898746225797865
    },
    "hendrycksTest-miscellaneous": {
      "acc": 0.23243933588761176,
      "acc_stderr": 0.015104550008905699,
      "acc_norm": 0.24010217113665389,
      "acc_norm_stderr": 0.015274685213734195
    },
    "hendrycksTest-world_religions": {
      "acc": 0.2807017543859649,
      "acc_stderr": 0.034462962170884265,
      "acc_norm": 0.32748538011695905,
      "acc_norm_stderr": 0.035993357714560276
    },
    "hendrycksTest-college_computer_science": {
      "acc": 0.37,
      "acc_stderr": 0.048523658709391,
      "acc_norm": 0.37,
      "acc_norm_stderr": 0.04852365870939099
    },
    "hendrycksTest-medical_genetics": {
      "acc": 0.27,
      "acc_stderr": 0.0446196043338474,
      "acc_norm": 0.29,
      "acc_norm_stderr": 0.04560480215720684
    },
    "arc_challenge": {
      "acc": 0.24914675767918087,
      "acc_stderr": 0.012639407111926439,
      "acc_norm": 0.2738907849829352,
      "acc_norm_stderr": 0.013032004972989503
    },
    "hendrycksTest-high_school_microeconomics": {
      "acc": 0.22268907563025211,
      "acc_stderr": 0.02702543349888238,
      "acc_norm": 0.25210084033613445,
      "acc_norm_stderr": 0.028205545033277723
    },
    "hendrycksTest-high_school_geography": {
      "acc": 0.23232323232323232,
      "acc_stderr": 0.03008862949021749,
      "acc_norm": 0.2676767676767677,
      "acc_norm_stderr": 0.03154449888270286
    },
    "hendrycksTest-moral_disputes": {
      "acc": 0.2514450867052023,
      "acc_stderr": 0.02335736578587404,
      "acc_norm": 0.27167630057803466,
      "acc_norm_stderr": 0.023948512905468355
    },
    "hendrycksTest-professional_accounting": {
      "acc": 0.2695035460992908,
      "acc_stderr": 0.026469036818590624,
      "acc_norm": 0.2624113475177305,
      "acc_norm_stderr": 0.026244920349842996
    },
    "hendrycksTest-college_physics": {
      "acc": 0.3137254901960784,
      "acc_stderr": 0.04617034827006717,
      "acc_norm": 0.30392156862745096,
      "acc_norm_stderr": 0.04576665403207763
    },
    "hendrycksTest-college_mathematics": {
      "acc": 0.26,
      "acc_stderr": 0.04408440022768078,
      "acc_norm": 0.33,
      "acc_norm_stderr": 0.047258156262526045
    },
    "hendrycksTest-public_relations": {
      "acc": 0.22727272727272727,
      "acc_stderr": 0.04013964554072775,
      "acc_norm": 0.21818181818181817,
      "acc_norm_stderr": 0.03955932861795833
    },
    "hendrycksTest-human_aging": {
      "acc": 0.27802690582959644,
      "acc_stderr": 0.030069584874494043,
      "acc_norm": 0.29596412556053814,
      "acc_norm_stderr": 0.0306365913486998
    },
    "hendrycksTest-sociology": {
      "acc": 0.27860696517412936,
      "acc_stderr": 0.0317005618349731,
      "acc_norm": 0.22885572139303484,
      "acc_norm_stderr": 0.02970528405677244
    },
    "hendrycksTest-formal_logic": {
      "acc": 0.3253968253968254,
      "acc_stderr": 0.041905964388711366,
      "acc_norm": 0.3333333333333333,
      "acc_norm_stderr": 0.04216370213557835
    },
    "hendrycksTest-high_school_chemistry": {
      "acc": 0.2019704433497537,
      "acc_stderr": 0.028247350122180277,
      "acc_norm": 0.21182266009852216,
      "acc_norm_stderr": 0.02874898368994106
    },
    "hendrycksTest-high_school_statistics": {
      "acc": 0.3194444444444444,
      "acc_stderr": 0.03179876342176851,
      "acc_norm": 0.3287037037037037,
      "acc_norm_stderr": 0.032036140846700596
    },
    "hendrycksTest-conceptual_physics": {
      "acc": 0.2170212765957447,
      "acc_stderr": 0.02694748312149622,
      "acc_norm": 0.2127659574468085,
      "acc_norm_stderr": 0.02675439134803975
    },
    "hendrycksTest-professional_psychology": {
      "acc": 0.2369281045751634,
      "acc_stderr": 0.017201662169789796,
      "acc_norm": 0.27124183006535946,
      "acc_norm_stderr": 0.017986615304030305
    },
    "hendrycksTest-high_school_mathematics": {
      "acc": 0.24074074074074073,
      "acc_stderr": 0.026067159222275788,
      "acc_norm": 0.24074074074074073,
      "acc_norm_stderr": 0.026067159222275788
    },