{
  "results": {
    "hendrycksTest-high_school_mathematics": {
      "acc": 0.2222222222222222,
      "acc_stderr": 0.025348097468097856,
      "acc_norm": 0.2740740740740741,
      "acc_norm_stderr": 0.027195934804085622
    },
    "hendrycksTest-clinical_knowledge": {
      "acc": 0.2490566037735849,
      "acc_stderr": 0.026616482980501708,
      "acc_norm": 0.2943396226415094,
      "acc_norm_stderr": 0.028049186315695248
    },
    "hendrycksTest-high_school_biology": {
      "acc": 0.25806451612903225,
      "acc_stderr": 0.02489246917246283,
      "acc_norm": 0.27741935483870966,
      "acc_norm_stderr": 0.02547019683590005
    },
    "logiqa": {
      "acc": 0.2350230414746544,
      "acc_stderr": 0.016631166823890972,
      "acc_norm": 0.2626728110599078,
      "acc_norm_stderr": 0.017261598347857544
    },
    "hendrycksTest-conceptual_physics": {
      "acc": 0.23829787234042554,
      "acc_stderr": 0.027851252973889767,
      "acc_norm": 0.22127659574468084,
      "acc_norm_stderr": 0.027136349602424052
    },
    "hendrycksTest-econometrics": {
      "acc": 0.2543859649122807,
      "acc_stderr": 0.0409698513984367,
      "acc_norm": 0.24561403508771928,
      "acc_norm_stderr": 0.040493392977481404
    },
    "hendrycksTest-human_aging": {
      "acc": 0.273542600896861,
      "acc_stderr": 0.029918586707798834,
      "acc_norm": 0.25112107623318386,
      "acc_norm_stderr": 0.02910522083322462
    },
    "hendrycksTest-human_sexuality": {
      "acc": 0.3053435114503817,
      "acc_stderr": 0.040393149787245605,
      "acc_norm": 0.32061068702290074,
      "acc_norm_stderr": 0.04093329229834278
    },
    "hendrycksTest-machine_learning": {
      "acc": 0.1875,
      "acc_stderr": 0.0370468111477387,
      "acc_norm": 0.1875,
      "acc_norm_stderr": 0.0370468111477387
    },
    "hendrycksTest-international_law": {
      "acc": 0.256198347107438,
      "acc_stderr": 0.03984979653302871,
      "acc_norm": 0.33884297520661155,
      "acc_norm_stderr": 0.043207678075366684
    },
    "hendrycksTest-marketing": {
      "acc": 0.3333333333333333,
      "acc_stderr": 0.030882736974138642,
      "acc_norm": 0.3333333333333333,
      "acc_norm_stderr": 0.03088273697413864
    },
    "hendrycksTest-philosophy": {
      "acc": 0.24115755627009647,
      "acc_stderr": 0.024296594034763426,
      "acc_norm": 0.27009646302250806,
      "acc_norm_stderr": 0.02521804037341062
    },
    "hendrycksTest-high_school_government_and_politics": {
      "acc": 0.22279792746113988,
      "acc_stderr": 0.03003114797764154,
      "acc_norm": 0.24870466321243523,
      "acc_norm_stderr": 0.031195840877700293
    },
    "hendrycksTest-jurisprudence": {
      "acc": 0.25,
      "acc_stderr": 0.04186091791394607,
      "acc_norm": 0.3611111111111111,
      "acc_norm_stderr": 0.04643454608906276
    },
    "hendrycksTest-world_religions": {
      "acc": 0.2982456140350877,
      "acc_stderr": 0.03508771929824565,
      "acc_norm": 0.36257309941520466,
      "acc_norm_stderr": 0.0368713061556206
    },
    "hendrycksTest-high_school_physics": {
      "acc": 0.26490066225165565,
      "acc_stderr": 0.03603038545360384,
      "acc_norm": 0.24503311258278146,
      "acc_norm_stderr": 0.03511807571804724
    },
    "hendrycksTest-computer_security": {
      "acc": 0.31,
      "acc_stderr": 0.04648231987117316,
      "acc_norm": 0.36,
      "acc_norm_stderr": 0.048241815132442176
    },
    "winogrande": {
      "acc": 0.5438042620363063,
      "acc_stderr": 0.01399845361092432
    },
    "hendrycksTest-logical_fallacies": {
      "acc": 0.22085889570552147,
      "acc_stderr": 0.03259177392742178,
      "acc_norm": 0.26380368098159507,
      "acc_norm_stderr": 0.03462419931615624
    },
    "hendrycksTest-global_facts": {
      "acc": 0.25,
      "acc_stderr": 0.04351941398892446,
      "acc_norm": 0.25,
      "acc_norm_stderr": 0.04351941398892446
    },
    "hendrycksTest-high_school_chemistry": {
      "acc": 0.21674876847290642,
      "acc_stderr": 0.02899033125251624,
      "acc_norm": 0.21674876847290642,
      "acc_norm_stderr": 0.028990331252516235
    },
    "hendrycksTest-high_school_geography": {
      "acc": 0.20707070707070707,
      "acc_stderr": 0.02886977846026705,
      "acc_norm": 0.2878787878787879,
      "acc_norm_stderr": 0.032258835123009935
    },
    "hendrycksTest-professional_medicine": {
      "acc": 0.22794117647058823,
      "acc_stderr": 0.025483081468029804,
      "acc_norm": 0.25,
      "acc_norm_stderr": 0.026303648393696036
    },
    "hendrycksTest-college_mathematics": {
      "acc": 0.23,
      "acc_stderr": 0.042295258468165044,
      "acc_norm": 0.33,
      "acc_norm_stderr": 0.047258156262526045
    },
    "hendrycksTest-high_school_microeconomics": {
      "acc": 0.226890756302521,
      "acc_stderr": 0.027205371538279472,
      "acc_norm": 0.2689075630252101,
      "acc_norm_stderr": 0.028801392193631273
    },
    "hendrycksTest-management": {
      "acc": 0.2815533980582524,
      "acc_stderr": 0.044532548363264673,
      "acc_norm": 0.33980582524271846,
      "acc_norm_stderr": 0.046897659372781356
    },
    "arc_easy": {
      "acc": 0.593013468013468,
      "acc_stderr": 0.0100806953554666,
      "acc_norm": 0.5782828282828283,
      "acc_norm_stderr": 0.010133255284012325
    },
    "hendrycksTest-sociology": {
      "acc": 0.263681592039801,
      "acc_stderr": 0.031157150869355568,
      "acc_norm": 0.24378109452736318,
      "acc_norm_stderr": 0.03036049015401466
    },
    "hendrycksTest-high_school_macroeconomics": {
      "acc": 0.2717948717948718,
      "acc_stderr": 0.022556551010132347,
      "acc_norm": 0.2641025641025641,
      "acc_norm_stderr": 0.022352193737453268
    },
    "hendrycksTest-business_ethics": {
      "acc": 0.26,
      "acc_stderr": 0.04408440022768078,
      "acc_norm": 0.22,
      "acc_norm_stderr": 0.041633319989322695
    },
    "hendrycksTest-college_physics": {
      "acc": 0.3137254901960784,
      "acc_stderr": 0.04617034827006717,
      "acc_norm": 0.3235294117647059,
      "acc_norm_stderr": 0.046550104113196177
    },
    "hendrycksTest-moral_disputes": {
      "acc": 0.2774566473988439,
      "acc_stderr": 0.024105712607754307,
      "acc_norm": 0.28901734104046245,
      "acc_norm_stderr": 0.024405173935783234
    },
    "hendrycksTest-professional_accounting": {
      "acc": 0.28368794326241137,
      "acc_stderr": 0.026891709428343957,
      "acc_norm": 0.28368794326241137,
      "acc_norm_stderr": 0.026891709428343957
    },
    "wsc": {
      "acc": 0.36538461538461536,
      "acc_stderr": 0.0474473339327792
    },
    "hendrycksTest-high_school_psychology": {
      "acc": 0.29724770642201837,
      "acc_stderr": 0.01959570722464353,
      "acc_norm": 0.29357798165137616,
      "acc_norm_stderr": 0.019525151122639667
    },
    "hendrycksTest-us_foreign_policy": {
      "acc": 0.21,
      "acc_stderr": 0.040936018074033256,
      "acc_norm": 0.26,
      "acc_norm_stderr": 0.0440844002276808
    },
    "hendrycksTest-abstract_algebra": {
      "acc": 0.18,
      "acc_stderr": 0.03861229196653697,
      "acc_norm": 0.22,
      "acc_norm_stderr": 0.0416333199893227
    },
    "hendrycksTest-professional_law": {
      "acc": 0.25749674054758803,
      "acc_stderr": 0.011167706014904154,
      "acc_norm": 0.28552803129074317,
      "acc_norm_stderr": 0.011535751586665647
    },
    "hendrycksTest-virology": {
      "acc": 0.3072289156626506,
      "acc_stderr": 0.035915667978246635,
      "acc_norm": 0.2710843373493976,
      "acc_norm_stderr": 0.03460579907553028
    },
    "arc_challenge": {
      "acc": 0.2636518771331058,
      "acc_stderr": 0.01287592915129705,
      "acc_norm": 0.2841296928327645,
      "acc_norm_stderr": 0.013179442447653886
    },
    "hendrycksTest-public_relations": {
      "acc": 0.2727272727272727,
      "acc_stderr": 0.04265792110940588,
      "acc_norm": 0.2545454545454545,
      "acc_norm_stderr": 0.041723430387053825
    },