{
  "results": {
    "hendrycksTest-high_school_european_history": {
      "acc": 0.21818181818181817,
      "acc_stderr": 0.032250781083062896,
      "acc_norm": 0.2909090909090909,
      "acc_norm_stderr": 0.03546563019624337
    },
    "hendrycksTest-college_physics": {
      "acc": 0.2647058823529412,
      "acc_stderr": 0.0438986995680878,
      "acc_norm": 0.3235294117647059,
      "acc_norm_stderr": 0.046550104113196177
    },
    "hendrycksTest-human_aging": {
      "acc": 0.21076233183856502,
      "acc_stderr": 0.027373095500540193,
      "acc_norm": 0.17937219730941703,
      "acc_norm_stderr": 0.0257498195691928
    },
    "hendrycksTest-virology": {
      "acc": 0.2289156626506024,
      "acc_stderr": 0.03270745277352477,
      "acc_norm": 0.23493975903614459,
      "acc_norm_stderr": 0.03300533186128922
    },
    "hendrycksTest-high_school_mathematics": {
      "acc": 0.26296296296296295,
      "acc_stderr": 0.026842057873833706,
      "acc_norm": 0.3,
      "acc_norm_stderr": 0.027940457136228405
    },
    "logiqa": {
      "acc": 0.22580645161290322,
      "acc_stderr": 0.016399713788445066,
      "acc_norm": 0.24731182795698925,
      "acc_norm_stderr": 0.016922842446712386
    },
    "hendrycksTest-international_law": {
      "acc": 0.12396694214876033,
      "acc_stderr": 0.03008309871603524,
      "acc_norm": 0.3140495867768595,
      "acc_norm_stderr": 0.04236964753041017
    },
    "hendrycksTest-miscellaneous": {
      "acc": 0.22349936143039592,
      "acc_stderr": 0.014897235229450708,
      "acc_norm": 0.23754789272030652,
      "acc_norm_stderr": 0.015218733046150193
    },
    "piqa": {
      "acc": 0.6191512513601741,
      "acc_stderr": 0.011329743189016753,
      "acc_norm": 0.6164309031556039,
      "acc_norm_stderr": 0.01134512873411628
    },
    "hendrycksTest-professional_law": {
      "acc": 0.25749674054758803,
      "acc_stderr": 0.011167706014904164,
      "acc_norm": 0.2757496740547588,
      "acc_norm_stderr": 0.011413813609160986
    },
    "wsc": {
      "acc": 0.36538461538461536,
      "acc_stderr": 0.0474473339327792
    },
    "arc_easy": {
      "acc": 0.4515993265993266,
      "acc_stderr": 0.010211600726405229,
      "acc_norm": 0.41119528619528617,
      "acc_norm_stderr": 0.010096663811817688
    },
    "hendrycksTest-college_biology": {
      "acc": 0.25,
      "acc_stderr": 0.03621034121889507,
      "acc_norm": 0.2569444444444444,
      "acc_norm_stderr": 0.03653946969442099
    },
    "hendrycksTest-high_school_geography": {
      "acc": 0.29797979797979796,
      "acc_stderr": 0.03258630383836556,
      "acc_norm": 0.29797979797979796,
      "acc_norm_stderr": 0.03258630383836556
    },
    "hendrycksTest-professional_medicine": {
      "acc": 0.3272058823529412,
      "acc_stderr": 0.028501452860396573,
      "acc_norm": 0.27941176470588236,
      "acc_norm_stderr": 0.027257202606114944
    },
    "hendrycksTest-college_chemistry": {
      "acc": 0.3,
      "acc_stderr": 0.046056618647183814,
      "acc_norm": 0.34,
      "acc_norm_stderr": 0.047609522856952365
    },
    "hendrycksTest-sociology": {
      "acc": 0.29850746268656714,
      "acc_stderr": 0.032357437893550424,
      "acc_norm": 0.31840796019900497,
      "acc_norm_stderr": 0.03294118479054095
    },
    "hendrycksTest-clinical_knowledge": {
      "acc": 0.22641509433962265,
      "acc_stderr": 0.025757559893106727,
      "acc_norm": 0.2981132075471698,
      "acc_norm_stderr": 0.028152837942493868
    },
    "hendrycksTest-college_medicine": {
      "acc": 0.2658959537572254,
      "acc_stderr": 0.03368762932259431,
      "acc_norm": 0.3179190751445087,
      "acc_norm_stderr": 0.03550683989165581
    },
    "hendrycksTest-machine_learning": {
      "acc": 0.19642857142857142,
      "acc_stderr": 0.03770970049347018,
      "acc_norm": 0.15178571428571427,
      "acc_norm_stderr": 0.03405702838185694
    },
    "hendrycksTest-abstract_algebra": {
      "acc": 0.17,
      "acc_stderr": 0.0377525168068637,
      "acc_norm": 0.16,
      "acc_norm_stderr": 0.036845294917747094
    },
    "hendrycksTest-high_school_us_history": {
      "acc": 0.2696078431372549,
      "acc_stderr": 0.031145570659486782,
      "acc_norm": 0.29411764705882354,
      "acc_norm_stderr": 0.03198001660115071
    },
    "hendrycksTest-management": {
      "acc": 0.3300970873786408,
      "acc_stderr": 0.0465614711001235,
      "acc_norm": 0.36893203883495146,
      "acc_norm_stderr": 0.047776151811567386
    },
    "hendrycksTest-philosophy": {
      "acc": 0.24115755627009647,
      "acc_stderr": 0.024296594034763426,
      "acc_norm": 0.2540192926045016,
      "acc_norm_stderr": 0.024723861504771696
    },
    "hendrycksTest-moral_disputes": {
      "acc": 0.24566473988439305,
      "acc_stderr": 0.02317629820399201,
      "acc_norm": 0.27167630057803466,
      "acc_norm_stderr": 0.023948512905468365
    },
    "hendrycksTest-human_sexuality": {
      "acc": 0.2748091603053435,
      "acc_stderr": 0.03915345408847834,
      "acc_norm": 0.26717557251908397,
      "acc_norm_stderr": 0.03880848301082395
    },
    "sciq": {
      "acc": 0.792,
      "acc_stderr": 0.012841374572096918,
      "acc_norm": 0.767,
      "acc_norm_stderr": 0.01337497251922006
    },
    "arc_challenge": {
      "acc": 0.19283276450511946,
      "acc_stderr": 0.01152905546566334,
      "acc_norm": 0.24488054607508533,
      "acc_norm_stderr": 0.012566273985131354
    },
    "hendrycksTest-college_mathematics": {
      "acc": 0.25,
      "acc_stderr": 0.04351941398892446,
      "acc_norm": 0.32,
      "acc_norm_stderr": 0.04688261722621504
    },
    "hendrycksTest-security_studies": {
      "acc": 0.33877551020408164,
      "acc_stderr": 0.030299506562154185,
      "acc_norm": 0.30612244897959184,
      "acc_norm_stderr": 0.029504896454595957
    },
    "hendrycksTest-high_school_biology": {
      "acc": 0.267741935483871,
      "acc_stderr": 0.02518900666021238,
      "acc_norm": 0.3258064516129032,
      "acc_norm_stderr": 0.026662010578567104
    },
    "hendrycksTest-electrical_engineering": {
      "acc": 0.2413793103448276,
      "acc_stderr": 0.03565998174135302,
      "acc_norm": 0.23448275862068965,
      "acc_norm_stderr": 0.035306258743465914
    },
    "hendrycksTest-elementary_mathematics": {
      "acc": 0.24338624338624337,
      "acc_stderr": 0.022101128787415436,
      "acc_norm": 0.2566137566137566,
      "acc_norm_stderr": 0.022494510767503154
    },
    "hendrycksTest-moral_scenarios": {
      "acc": 0.23798882681564246,
      "acc_stderr": 0.014242630070574906,
      "acc_norm": 0.23798882681564246,
      "acc_norm_stderr": 0.014242630070574906
    },
    "hendrycksTest-computer_security": {
      "acc": 0.22,
      "acc_stderr": 0.0416333199893227,
      "acc_norm": 0.26,
      "acc_norm_stderr": 0.04408440022768079
    },
    "hendrycksTest-global_facts": {
      "acc": 0.23,
      "acc_stderr": 0.04229525846816506,
      "acc_norm": 0.22,
      "acc_norm_stderr": 0.041633319989322674
    },
    "hendrycksTest-high_school_macroeconomics": {
      "acc": 0.28205128205128205,
      "acc_stderr": 0.022815813098896603,
      "acc_norm": 0.2717948717948718,
      "acc_norm_stderr": 0.02255655101013236
    },
    "hendrycksTest-high_school_statistics": {
      "acc": 0.35185185185185186,
      "acc_stderr": 0.032568505702936464,
      "acc_norm": 0.37037037037037035,
      "acc_norm_stderr": 0.03293377139415191
    },
    "hendrycksTest-business_ethics": {
      "acc": 0.28,
      "acc_stderr": 0.04512608598542128,
      "acc_norm": 0.28,
      "acc_norm_stderr": 0.04512608598542128
    },
    "hendrycksTest-astronomy": {
      "acc": 0.2565789473684211,
      "acc_stderr": 0.0355418036802569,
      "acc_norm": 0.3026315789473684,
      "acc_norm_stderr": 0.037385206761196686
    },
    "hendrycksTest-college_computer_science": {
      "acc": 0.31,
      "acc_stderr": 0.04648231987117316,
      "acc_norm": 0.28,