{
  "results": {
    "hendrycksTest-human_sexuality": {
      "acc": 0.3893129770992366,
      "acc_stderr": 0.04276486542814591,
      "acc_norm": 0.31297709923664124,
      "acc_norm_stderr": 0.04066962905677698
    },
    "hendrycksTest-high_school_government_and_politics": {
      "acc": 0.21243523316062177,
      "acc_stderr": 0.02951928261681725,
      "acc_norm": 0.24870466321243523,
      "acc_norm_stderr": 0.03119584087770029
    },
    "hendrycksTest-international_law": {
      "acc": 0.2396694214876033,
      "acc_stderr": 0.038968789850704164,
      "acc_norm": 0.45454545454545453,
      "acc_norm_stderr": 0.045454545454545456
    },
    "hendrycksTest-high_school_biology": {
      "acc": 0.22258064516129034,
      "acc_stderr": 0.023664216671642514,
      "acc_norm": 0.2709677419354839,
      "acc_norm_stderr": 0.02528441611490016
    },
    "hendrycksTest-philosophy": {
      "acc": 0.22508038585209003,
      "acc_stderr": 0.023720088516179034,
      "acc_norm": 0.3054662379421222,
      "acc_norm_stderr": 0.026160584450140488
    },
    "hendrycksTest-college_medicine": {
      "acc": 0.2543352601156069,
      "acc_stderr": 0.0332055644308557,
      "acc_norm": 0.2543352601156069,
      "acc_norm_stderr": 0.0332055644308557
    },
    "hendrycksTest-college_computer_science": {
      "acc": 0.31,
      "acc_stderr": 0.046482319871173156,
      "acc_norm": 0.3,
      "acc_norm_stderr": 0.046056618647183814
    },
    "hendrycksTest-high_school_computer_science": {
      "acc": 0.23,
      "acc_stderr": 0.042295258468165044,
      "acc_norm": 0.27,
      "acc_norm_stderr": 0.044619604333847415
    },
    "hendrycksTest-high_school_european_history": {
      "acc": 0.2787878787878788,
      "acc_stderr": 0.035014387062967806,
      "acc_norm": 0.28484848484848485,
      "acc_norm_stderr": 0.035243908445117836
    },
    "hendrycksTest-high_school_world_history": {
      "acc": 0.2616033755274262,
      "acc_stderr": 0.028609516716994934,
      "acc_norm": 0.270042194092827,
      "acc_norm_stderr": 0.028900721906293426
    },
    "hendrycksTest-business_ethics": {
      "acc": 0.33,
      "acc_stderr": 0.04725815626252604,
      "acc_norm": 0.28,
      "acc_norm_stderr": 0.045126085985421255
    },
    "logiqa": {
      "acc": 0.2227342549923195,
      "acc_stderr": 0.016320054046165114,
      "acc_norm": 0.2764976958525346,
      "acc_norm_stderr": 0.0175432090758252
    },
    "hendrycksTest-high_school_physics": {
      "acc": 0.2119205298013245,
      "acc_stderr": 0.033367670865679766,
      "acc_norm": 0.2119205298013245,
      "acc_norm_stderr": 0.03336767086567977
    },
    "hendrycksTest-college_biology": {
      "acc": 0.2152777777777778,
      "acc_stderr": 0.034370793441061344,
      "acc_norm": 0.24305555555555555,
      "acc_norm_stderr": 0.03586879280080341
    },
    "hendrycksTest-high_school_macroeconomics": {
      "acc": 0.25384615384615383,
      "acc_stderr": 0.022066054378726253,
      "acc_norm": 0.2794871794871795,
      "acc_norm_stderr": 0.022752388839776823
    },
    "hendrycksTest-high_school_geography": {
      "acc": 0.23737373737373738,
      "acc_stderr": 0.0303137105381989,
      "acc_norm": 0.2878787878787879,
      "acc_norm_stderr": 0.03225883512300993
    },
    "hendrycksTest-college_mathematics": {
      "acc": 0.19,
      "acc_stderr": 0.039427724440366234,
      "acc_norm": 0.33,
      "acc_norm_stderr": 0.047258156262526045
    },
    "hendrycksTest-prehistory": {
      "acc": 0.23765432098765432,
      "acc_stderr": 0.023683591837008557,
      "acc_norm": 0.20679012345679013,
      "acc_norm_stderr": 0.022535006705942818
    },
    "hendrycksTest-moral_disputes": {
      "acc": 0.26878612716763006,
      "acc_stderr": 0.02386800326250011,
      "acc_norm": 0.33236994219653176,
      "acc_norm_stderr": 0.02536116874968821
    },
    "hendrycksTest-conceptual_physics": {
      "acc": 0.2425531914893617,
      "acc_stderr": 0.028020226271200217,
      "acc_norm": 0.18723404255319148,
      "acc_norm_stderr": 0.02550158834188359
    },
    "hendrycksTest-high_school_us_history": {
      "acc": 0.24509803921568626,
      "acc_stderr": 0.03019028245350195,
      "acc_norm": 0.2549019607843137,
      "acc_norm_stderr": 0.030587591351604246
    },
    "hendrycksTest-nutrition": {
      "acc": 0.3137254901960784,
      "acc_stderr": 0.026568921015457166,
      "acc_norm": 0.3790849673202614,
      "acc_norm_stderr": 0.027780141207023327
    },
    "sciq": {
      "acc": 0.869,
      "acc_stderr": 0.010674874844837954,
      "acc_norm": 0.801,
      "acc_norm_stderr": 0.01263164908309918
    },
    "hendrycksTest-professional_law": {
      "acc": 0.2653194263363755,
      "acc_stderr": 0.011276198843958866,
      "acc_norm": 0.29986962190352023,
      "acc_norm_stderr": 0.01170266086019398
    },
    "hendrycksTest-professional_medicine": {
      "acc": 0.22794117647058823,
      "acc_stderr": 0.025483081468029804,
      "acc_norm": 0.25735294117647056,
      "acc_norm_stderr": 0.026556519470041527
    },
    "hendrycksTest-professional_psychology": {
      "acc": 0.24673202614379086,
      "acc_stderr": 0.0174408203674025,
      "acc_norm": 0.25980392156862747,
      "acc_norm_stderr": 0.017740899509177788
    },
    "hendrycksTest-world_religions": {
      "acc": 0.3157894736842105,
      "acc_stderr": 0.03565079670708312,
      "acc_norm": 0.39766081871345027,
      "acc_norm_stderr": 0.03753638955761691
    },
    "hendrycksTest-econometrics": {
      "acc": 0.2894736842105263,
      "acc_stderr": 0.042663394431593935,
      "acc_norm": 0.2807017543859649,
      "acc_norm_stderr": 0.042270544512322004
    },
    "hendrycksTest-management": {
      "acc": 0.20388349514563106,
      "acc_stderr": 0.03989139859531772,
      "acc_norm": 0.30097087378640774,
      "acc_norm_stderr": 0.045416094465039476
    },
    "hendrycksTest-virology": {
      "acc": 0.37349397590361444,
      "acc_stderr": 0.03765845117168863,
      "acc_norm": 0.3192771084337349,
      "acc_norm_stderr": 0.03629335329947859
    },
    "winogrande": {
      "acc": 0.5730071033938438,
      "acc_stderr": 0.013901878072575055
    },
    "hendrycksTest-marketing": {
      "acc": 0.2863247863247863,
      "acc_stderr": 0.029614323690456648,
      "acc_norm": 0.33760683760683763,
      "acc_norm_stderr": 0.030980296992618558
    },
    "lambada_openai": {
      "ppl": 6.247905325188439,
      "ppl_stderr": 0.15981764147436747,
      "acc": 0.6128468853095285,
      "acc_stderr": 0.006786243570669398
    },
    "hendrycksTest-college_physics": {
      "acc": 0.23529411764705882,
      "acc_stderr": 0.042207736591714534,
      "acc_norm": 0.2549019607843137,
      "acc_norm_stderr": 0.04336432707993177
    },
    "hendrycksTest-anatomy": {
      "acc": 0.2518518518518518,
      "acc_stderr": 0.03749850709174021,
      "acc_norm": 0.2074074074074074,
      "acc_norm_stderr": 0.03502553170678315
    },
    "hendrycksTest-us_foreign_policy": {
      "acc": 0.34,
      "acc_stderr": 0.04760952285695236,
      "acc_norm": 0.35,
      "acc_norm_stderr": 0.0479372485441102
    },
    "hendrycksTest-electrical_engineering": {
      "acc": 0.32413793103448274,
      "acc_stderr": 0.03900432069185554,
      "acc_norm": 0.3310344827586207,
      "acc_norm_stderr": 0.03921545312467122
    },
    "hendrycksTest-machine_learning": {
      "acc": 0.2857142857142857,
      "acc_stderr": 0.04287858751340455,
      "acc_norm": 0.21428571428571427,
      "acc_norm_stderr": 0.03894641120044793
    },
    "hendrycksTest-high_school_psychology": {
      "acc": 0.21651376146788992,
      "acc_stderr": 0.017658710594443152,
      "acc_norm": 0.24220183486238533,
      "acc_norm_stderr": 0.01836817630659862
    },
    "hendrycksTest-elementary_mathematics": {
      "acc": 0.26455026455026454,
      "acc_stderr": 0.022717467897708628,
      "acc_norm": 0.2751322751322751,
      "acc_norm_stderr": 0.02300008685906864
    },