{
  "results": {
    "lambada_openai": {
      "ppl": 6.007504143885555,
      "ppl_stderr": 0.15075941762769565,
      "acc": 0.6209974771977489,
      "acc_stderr": 0.006758931440268225
    },
    "hendrycksTest-high_school_mathematics": {
      "acc": 0.18518518518518517,
      "acc_stderr": 0.023684075585322668,
      "acc_norm": 0.25925925925925924,
      "acc_norm_stderr": 0.026719240783712163
    },
    "hendrycksTest-high_school_psychology": {
      "acc": 0.22385321100917432,
      "acc_stderr": 0.017871217767790226,
      "acc_norm": 0.24770642201834864,
      "acc_norm_stderr": 0.018508143602547825
    },
    "hendrycksTest-high_school_statistics": {
      "acc": 0.23148148148148148,
      "acc_stderr": 0.02876511171804696,
      "acc_norm": 0.2962962962962963,
      "acc_norm_stderr": 0.031141447823536023
    },
    "hendrycksTest-logical_fallacies": {
      "acc": 0.17791411042944785,
      "acc_stderr": 0.030047357655806666,
      "acc_norm": 0.3128834355828221,
      "acc_norm_stderr": 0.036429145782924055
    },
    "hendrycksTest-public_relations": {
      "acc": 0.23636363636363636,
      "acc_stderr": 0.04069306319721376,
      "acc_norm": 0.15454545454545454,
      "acc_norm_stderr": 0.03462262571262667
    },
    "hendrycksTest-high_school_chemistry": {
      "acc": 0.23645320197044334,
      "acc_stderr": 0.029896114291733552,
      "acc_norm": 0.30049261083743845,
      "acc_norm_stderr": 0.03225799476233484
    },
    "hendrycksTest-college_computer_science": {
      "acc": 0.33,
      "acc_stderr": 0.047258156262526045,
      "acc_norm": 0.27,
      "acc_norm_stderr": 0.0446196043338474
    },
    "hendrycksTest-anatomy": {
      "acc": 0.2814814814814815,
      "acc_stderr": 0.03885004245800254,
      "acc_norm": 0.2740740740740741,
      "acc_norm_stderr": 0.03853254836552003
    },
    "hendrycksTest-security_studies": {
      "acc": 0.3795918367346939,
      "acc_stderr": 0.031067211262872475,
      "acc_norm": 0.31020408163265306,
      "acc_norm_stderr": 0.029613459872484378
    },
    "hendrycksTest-jurisprudence": {
      "acc": 0.26851851851851855,
      "acc_stderr": 0.04284467968052192,
      "acc_norm": 0.37962962962962965,
      "acc_norm_stderr": 0.04691521224077742
    },
    "logiqa": {
      "acc": 0.21505376344086022,
      "acc_stderr": 0.01611524086412918,
      "acc_norm": 0.28417818740399386,
      "acc_norm_stderr": 0.017690542680190775
    },
    "hendrycksTest-sociology": {
      "acc": 0.32338308457711445,
      "acc_stderr": 0.03307615947979033,
      "acc_norm": 0.32338308457711445,
      "acc_norm_stderr": 0.03307615947979033
    },
    "wsc": {
      "acc": 0.38461538461538464,
      "acc_stderr": 0.0479366886807504
    },
    "hendrycksTest-astronomy": {
      "acc": 0.29605263157894735,
      "acc_stderr": 0.03715062154998904,
      "acc_norm": 0.3355263157894737,
      "acc_norm_stderr": 0.038424985593952694
    },
    "hendrycksTest-high_school_biology": {
      "acc": 0.24516129032258063,
      "acc_stderr": 0.024472243840895507,
      "acc_norm": 0.2838709677419355,
      "acc_norm_stderr": 0.02564938106302926
    },
    "hendrycksTest-human_sexuality": {
      "acc": 0.3435114503816794,
      "acc_stderr": 0.041649760719448786,
      "acc_norm": 0.31297709923664124,
      "acc_norm_stderr": 0.04066962905677698
    },
    "hendrycksTest-professional_law": {
      "acc": 0.2757496740547588,
      "acc_stderr": 0.011413813609160998,
      "acc_norm": 0.31877444589308995,
      "acc_norm_stderr": 0.011901895635786088
    },
    "hendrycksTest-computer_security": {
      "acc": 0.33,
      "acc_stderr": 0.04725815626252604,
      "acc_norm": 0.38,
      "acc_norm_stderr": 0.04878317312145632
    },
    "hendrycksTest-world_religions": {
      "acc": 0.3157894736842105,
      "acc_stderr": 0.03565079670708312,
      "acc_norm": 0.391812865497076,
      "acc_norm_stderr": 0.037439798259264016
    },
    "hendrycksTest-elementary_mathematics": {
      "acc": 0.23809523809523808,
      "acc_stderr": 0.021935878081184766,
      "acc_norm": 0.2671957671957672,
      "acc_norm_stderr": 0.02278967314577658
    },
    "hendrycksTest-marketing": {
      "acc": 0.3247863247863248,
      "acc_stderr": 0.03067902276549883,
      "acc_norm": 0.358974358974359,
      "acc_norm_stderr": 0.03142616993791924
    },
    "arc_easy": {
      "acc": 0.6174242424242424,
      "acc_stderr": 0.009972837790531479,
      "acc_norm": 0.5728114478114478,
      "acc_norm_stderr": 0.010150415974210876
    },
    "hendrycksTest-electrical_engineering": {
      "acc": 0.25517241379310346,
      "acc_stderr": 0.03632984052707842,
      "acc_norm": 0.32413793103448274,
      "acc_norm_stderr": 0.03900432069185555
    },
    "hendrycksTest-professional_psychology": {
      "acc": 0.2581699346405229,
      "acc_stderr": 0.017704531653250068,
      "acc_norm": 0.25,
      "acc_norm_stderr": 0.01751781884501444
    },
    "sciq": {
      "acc": 0.872,
      "acc_stderr": 0.010570133761108654,
      "acc_norm": 0.783,
      "acc_norm_stderr": 0.01304151375727071
    },
    "hendrycksTest-management": {
      "acc": 0.18446601941747573,
      "acc_stderr": 0.03840423627288276,
      "acc_norm": 0.2912621359223301,
      "acc_norm_stderr": 0.044986763205729224
    },
    "hendrycksTest-global_facts": {
      "acc": 0.23,
      "acc_stderr": 0.04229525846816506,
      "acc_norm": 0.28,
      "acc_norm_stderr": 0.04512608598542127
    },
    "hendrycksTest-virology": {
      "acc": 0.3132530120481928,
      "acc_stderr": 0.036108050180310235,
      "acc_norm": 0.28313253012048195,
      "acc_norm_stderr": 0.03507295431370519
    },
    "hendrycksTest-conceptual_physics": {
      "acc": 0.2425531914893617,
      "acc_stderr": 0.028020226271200217,
      "acc_norm": 0.1829787234042553,
      "acc_norm_stderr": 0.025276041000449962
    },
    "hendrycksTest-high_school_physics": {
      "acc": 0.2582781456953642,
      "acc_stderr": 0.035737053147634576,
      "acc_norm": 0.2847682119205298,
      "acc_norm_stderr": 0.03684881521389024
    },
    "hendrycksTest-college_medicine": {
      "acc": 0.28901734104046245,
      "acc_stderr": 0.034564257450869995,
      "acc_norm": 0.24855491329479767,
      "acc_norm_stderr": 0.03295304696818318
    },
    "hendrycksTest-high_school_government_and_politics": {
      "acc": 0.20207253886010362,
      "acc_stderr": 0.02897908979429673,
      "acc_norm": 0.24870466321243523,
      "acc_norm_stderr": 0.031195840877700286
    },
    "hendrycksTest-human_aging": {
      "acc": 0.33183856502242154,
      "acc_stderr": 0.031602951437766785,
      "acc_norm": 0.2645739910313901,
      "acc_norm_stderr": 0.029605103217038308
    },
    "hendrycksTest-formal_logic": {
      "acc": 0.30952380952380953,
      "acc_stderr": 0.04134913018303316,
      "acc_norm": 0.2857142857142857,
      "acc_norm_stderr": 0.0404061017820884
    },
    "hendrycksTest-prehistory": {
      "acc": 0.2345679012345679,
      "acc_stderr": 0.023576881744005716,
      "acc_norm": 0.2006172839506173,
      "acc_norm_stderr": 0.02228231394977487
    },
    "hendrycksTest-abstract_algebra": {
      "acc": 0.25,
      "acc_stderr": 0.04351941398892446,
      "acc_norm": 0.29,
      "acc_norm_stderr": 0.04560480215720684
    },
    "hendrycksTest-college_mathematics": {
      "acc": 0.25,
      "acc_stderr": 0.04351941398892446,
      "acc_norm": 0.33,
      "acc_norm_stderr": 0.047258156262526045
    },
    "hendrycksTest-econometrics": {
      "acc": 0.2719298245614035,
      "acc_stderr": 0.04185774424022056,
      "acc_norm": 0.19298245614035087,
      "acc_norm_stderr": 0.037124548537213684
    },
    "arc_challenge": {
      "acc": 0.27047781569965873,
      "acc_stderr": 0.012980954547659554,
      "acc_norm": 0.3046075085324232,
      "acc_norm_stderr": 0.01344952210993249
    },
    "hendrycksTest-us_foreign_policy": {
      "acc": 0.33,
      "acc_stderr": 0.04725815626252605,
      "acc_norm": 0.35,