{
  "results": {
    "hendrycksTest-college_mathematics": {
      "acc": 0.22,
      "acc_stderr": 0.041633319989322695,
      "acc_norm": 0.31,
      "acc_norm_stderr": 0.04648231987117316
    },
    "hendrycksTest-nutrition": {
      "acc": 0.2581699346405229,
      "acc_stderr": 0.025058503316958167,
      "acc_norm": 0.3235294117647059,
      "acc_norm_stderr": 0.026787453111906532
    },
    "hendrycksTest-business_ethics": {
      "acc": 0.36,
      "acc_stderr": 0.048241815132442176,
      "acc_norm": 0.28,
      "acc_norm_stderr": 0.04512608598542127
    },
    "hendrycksTest-clinical_knowledge": {
      "acc": 0.22641509433962265,
      "acc_stderr": 0.02575755989310675,
      "acc_norm": 0.3018867924528302,
      "acc_norm_stderr": 0.02825420034443866
    },
    "hendrycksTest-management": {
      "acc": 0.1553398058252427,
      "acc_stderr": 0.035865947385739734,
      "acc_norm": 0.22330097087378642,
      "acc_norm_stderr": 0.04123553189891431
    },
    "hendrycksTest-formal_logic": {
      "acc": 0.24603174603174602,
      "acc_stderr": 0.03852273364924318,
      "acc_norm": 0.21428571428571427,
      "acc_norm_stderr": 0.03670066451047181
    },
    "hendrycksTest-jurisprudence": {
      "acc": 0.25925925925925924,
      "acc_stderr": 0.042365112580946336,
      "acc_norm": 0.39814814814814814,
      "acc_norm_stderr": 0.047323326159788154
    },
    "hendrycksTest-professional_medicine": {
      "acc": 0.1948529411764706,
      "acc_stderr": 0.02406059942348743,
      "acc_norm": 0.21691176470588236,
      "acc_norm_stderr": 0.02503584522771126
    },
    "hendrycksTest-medical_genetics": {
      "acc": 0.31,
      "acc_stderr": 0.04648231987117316,
      "acc_norm": 0.4,
      "acc_norm_stderr": 0.049236596391733084
    },
    "hendrycksTest-college_computer_science": {
      "acc": 0.24,
      "acc_stderr": 0.04292346959909282,
      "acc_norm": 0.26,
      "acc_norm_stderr": 0.0440844002276808
    },
    "hendrycksTest-miscellaneous": {
      "acc": 0.2554278416347382,
      "acc_stderr": 0.015594955384455773,
      "acc_norm": 0.24521072796934865,
      "acc_norm_stderr": 0.015384352284543936
    },
    "hendrycksTest-abstract_algebra": {
      "acc": 0.23,
      "acc_stderr": 0.04229525846816508,
      "acc_norm": 0.31,
      "acc_norm_stderr": 0.04648231987117316
    },
    "hendrycksTest-machine_learning": {
      "acc": 0.2857142857142857,
      "acc_stderr": 0.04287858751340455,
      "acc_norm": 0.3125,
      "acc_norm_stderr": 0.043994650575715215
    },
    "hendrycksTest-philosophy": {
      "acc": 0.2379421221864952,
      "acc_stderr": 0.0241851506478187,
      "acc_norm": 0.2958199356913183,
      "acc_norm_stderr": 0.025922371788818788
    },
    "hendrycksTest-conceptual_physics": {
      "acc": 0.2553191489361702,
      "acc_stderr": 0.028504856470514196,
      "acc_norm": 0.22127659574468084,
      "acc_norm_stderr": 0.027136349602424063
    },
    "hendrycksTest-college_biology": {
      "acc": 0.24305555555555555,
      "acc_stderr": 0.0358687928008034,
      "acc_norm": 0.19444444444444445,
      "acc_norm_stderr": 0.03309615177059005
    },
    "hendrycksTest-virology": {
      "acc": 0.28313253012048195,
      "acc_stderr": 0.03507295431370519,
      "acc_norm": 0.29518072289156627,
      "acc_norm_stderr": 0.035509201856896294
    },
    "hendrycksTest-world_religions": {
      "acc": 0.3333333333333333,
      "acc_stderr": 0.03615507630310935,
      "acc_norm": 0.39766081871345027,
      "acc_norm_stderr": 0.0375363895576169
    },
    "hendrycksTest-high_school_microeconomics": {
      "acc": 0.2605042016806723,
      "acc_stderr": 0.028510251512341933,
      "acc_norm": 0.31092436974789917,
      "acc_norm_stderr": 0.030066761582977917
    },
    "sciq": {
      "acc": 0.868,
      "acc_stderr": 0.010709373963528017,
      "acc_norm": 0.794,
      "acc_norm_stderr": 0.012795613612786558
    },
    "hendrycksTest-elementary_mathematics": {
      "acc": 0.2222222222222222,
      "acc_stderr": 0.02141168439369419,
      "acc_norm": 0.25396825396825395,
      "acc_norm_stderr": 0.022418042891113935
    },
    "hendrycksTest-high_school_us_history": {
      "acc": 0.31862745098039214,
      "acc_stderr": 0.0327028718148208,
      "acc_norm": 0.29411764705882354,
      "acc_norm_stderr": 0.03198001660115071
    },
    "hendrycksTest-logical_fallacies": {
      "acc": 0.17177914110429449,
      "acc_stderr": 0.029634717272371065,
      "acc_norm": 0.26993865030674846,
      "acc_norm_stderr": 0.03487825168497892
    },
    "hendrycksTest-moral_disputes": {
      "acc": 0.22832369942196531,
      "acc_stderr": 0.02259870380432162,
      "acc_norm": 0.3236994219653179,
      "acc_norm_stderr": 0.025190181327608405
    },
    "hendrycksTest-high_school_computer_science": {
      "acc": 0.26,
      "acc_stderr": 0.04408440022768078,
      "acc_norm": 0.3,
      "acc_norm_stderr": 0.046056618647183814
    },
    "winogrande": {
      "acc": 0.5438042620363063,
      "acc_stderr": 0.01399845361092433
    },
    "hendrycksTest-high_school_chemistry": {
      "acc": 0.17733990147783252,
      "acc_stderr": 0.02687433727680835,
      "acc_norm": 0.270935960591133,
      "acc_norm_stderr": 0.031270907132976984
    },
    "hendrycksTest-astronomy": {
      "acc": 0.21052631578947367,
      "acc_stderr": 0.03317672787533157,
      "acc_norm": 0.3092105263157895,
      "acc_norm_stderr": 0.03761070869867479
    },
    "hendrycksTest-high_school_world_history": {
      "acc": 0.2742616033755274,
      "acc_stderr": 0.029041333510598046,
      "acc_norm": 0.3037974683544304,
      "acc_norm_stderr": 0.029936696387138608
    },
    "hendrycksTest-high_school_biology": {
      "acc": 0.2161290322580645,
      "acc_stderr": 0.023415293433568532,
      "acc_norm": 0.24193548387096775,
      "acc_norm_stderr": 0.024362599693031076
    },
    "hendrycksTest-international_law": {
      "acc": 0.19008264462809918,
      "acc_stderr": 0.03581796951709282,
      "acc_norm": 0.4628099173553719,
      "acc_norm_stderr": 0.04551711196104218
    },
    "hendrycksTest-human_sexuality": {
      "acc": 0.31297709923664124,
      "acc_stderr": 0.04066962905677698,
      "acc_norm": 0.3053435114503817,
      "acc_norm_stderr": 0.04039314978724561
    },
    "hendrycksTest-high_school_european_history": {
      "acc": 0.2,
      "acc_stderr": 0.03123475237772118,
      "acc_norm": 0.2606060606060606,
      "acc_norm_stderr": 0.03427743175816524
    },
    "hendrycksTest-moral_scenarios": {
      "acc": 0.24581005586592178,
      "acc_stderr": 0.014400296429225627,
      "acc_norm": 0.27262569832402234,
      "acc_norm_stderr": 0.014893391735249588
    },
    "logiqa": {
      "acc": 0.2119815668202765,
      "acc_stderr": 0.0160309979606194,
      "acc_norm": 0.27956989247311825,
      "acc_norm_stderr": 0.01760290918682245
    },
    "hendrycksTest-human_aging": {
      "acc": 0.34977578475336324,
      "acc_stderr": 0.03200736719484503,
      "acc_norm": 0.3004484304932735,
      "acc_norm_stderr": 0.030769352008229143
    },
    "hendrycksTest-professional_psychology": {
      "acc": 0.27124183006535946,
      "acc_stderr": 0.017986615304030305,
      "acc_norm": 0.29248366013071897,
      "acc_norm_stderr": 0.01840341571010979
    },
    "hendrycksTest-college_chemistry": {
      "acc": 0.23,
      "acc_stderr": 0.04229525846816507,
      "acc_norm": 0.33,
      "acc_norm_stderr": 0.047258156262526045
    },
    "hendrycksTest-public_relations": {
      "acc": 0.23636363636363636,
      "acc_stderr": 0.04069306319721376,
      "acc_norm": 0.21818181818181817,
      "acc_norm_stderr": 0.03955932861795833
    },
    "hendrycksTest-high_school_government_and_politics": {
      "acc": 0.19170984455958548,
      "acc_stderr": 0.028408953626245296,
      "acc_norm": 0.24352331606217617,
      "acc_norm_stderr": 0.03097543638684543
    },
    "hendrycksTest-high_school_statistics": {
      "acc": 0.24074074074074073,