{
  "results": {
    "hendrycksTest-high_school_world_history": {
      "acc": 0.25738396624472576,
      "acc_stderr": 0.028458820991460285,
      "acc_norm": 0.29535864978902954,
      "acc_norm_stderr": 0.029696338713422896
    },
    "piqa": {
      "acc": 0.7072905331882481,
      "acc_stderr": 0.01061604446239309,
      "acc_norm": 0.7007616974972797,
      "acc_norm_stderr": 0.010684130673134581
    },
    "hendrycksTest-international_law": {
      "acc": 0.2231404958677686,
      "acc_stderr": 0.03800754475228733,
      "acc_norm": 0.4297520661157025,
      "acc_norm_stderr": 0.04519082021319774
    },
    "sciq": {
      "acc": 0.864,
      "acc_stderr": 0.010845350230472992,
      "acc_norm": 0.777,
      "acc_norm_stderr": 0.013169830843425682
    },
    "hendrycksTest-miscellaneous": {
      "acc": 0.24265644955300128,
      "acc_stderr": 0.015329888940899865,
      "acc_norm": 0.2388250319284802,
      "acc_norm_stderr": 0.015246803197398703
    },
    "hendrycksTest-high_school_physics": {
      "acc": 0.2582781456953642,
      "acc_stderr": 0.035737053147634576,
      "acc_norm": 0.2781456953642384,
      "acc_norm_stderr": 0.03658603262763743
    },
    "hendrycksTest-high_school_statistics": {
      "acc": 0.2962962962962963,
      "acc_stderr": 0.03114144782353604,
      "acc_norm": 0.32407407407407407,
      "acc_norm_stderr": 0.03191923445686186
    },
    "hendrycksTest-astronomy": {
      "acc": 0.21052631578947367,
      "acc_stderr": 0.03317672787533157,
      "acc_norm": 0.3026315789473684,
      "acc_norm_stderr": 0.0373852067611967
    },
    "hendrycksTest-elementary_mathematics": {
      "acc": 0.24338624338624337,
      "acc_stderr": 0.022101128787415433,
      "acc_norm": 0.2619047619047619,
      "acc_norm_stderr": 0.022644212615525218
    },
    "hendrycksTest-logical_fallacies": {
      "acc": 0.2147239263803681,
      "acc_stderr": 0.03226219377286774,
      "acc_norm": 0.32515337423312884,
      "acc_norm_stderr": 0.0368035037128646
    },
    "hendrycksTest-professional_psychology": {
      "acc": 0.28431372549019607,
      "acc_stderr": 0.018249024411207657,
      "acc_norm": 0.2679738562091503,
      "acc_norm_stderr": 0.017917974069594726
    },
    "hendrycksTest-machine_learning": {
      "acc": 0.2857142857142857,
      "acc_stderr": 0.04287858751340456,
      "acc_norm": 0.2857142857142857,
      "acc_norm_stderr": 0.042878587513404565
    },
    "hendrycksTest-moral_scenarios": {
      "acc": 0.27262569832402234,
      "acc_stderr": 0.014893391735249588,
      "acc_norm": 0.27262569832402234,
      "acc_norm_stderr": 0.014893391735249588
    },
    "hendrycksTest-marketing": {
      "acc": 0.29914529914529914,
      "acc_stderr": 0.02999695185834949,
      "acc_norm": 0.31196581196581197,
      "acc_norm_stderr": 0.030351527323344948
    },
    "hendrycksTest-jurisprudence": {
      "acc": 0.2777777777777778,
      "acc_stderr": 0.043300437496507437,
      "acc_norm": 0.4444444444444444,
      "acc_norm_stderr": 0.04803752235190193
    },
    "arc_easy": {
      "acc": 0.5753367003367004,
      "acc_stderr": 0.010142653687480416,
      "acc_norm": 0.5164141414141414,
      "acc_norm_stderr": 0.010254253565929305
    },
    "hendrycksTest-high_school_european_history": {
      "acc": 0.24242424242424243,
      "acc_stderr": 0.033464098810559534,
      "acc_norm": 0.2787878787878788,
      "acc_norm_stderr": 0.03501438706296781
    },
    "hendrycksTest-us_foreign_policy": {
      "acc": 0.34,
      "acc_stderr": 0.04760952285695235,
      "acc_norm": 0.36,
      "acc_norm_stderr": 0.04824181513244218
    },
    "winogrande": {
      "acc": 0.5603788476716653,
      "acc_stderr": 0.013949649776015684
    },
    "hendrycksTest-college_biology": {
      "acc": 0.25,
      "acc_stderr": 0.03621034121889507,
      "acc_norm": 0.25,
      "acc_norm_stderr": 0.03621034121889507
    },
    "hendrycksTest-prehistory": {
      "acc": 0.23148148148148148,
      "acc_stderr": 0.023468429832451156,
      "acc_norm": 0.20987654320987653,
      "acc_norm_stderr": 0.022658344085981354
    },
    "hendrycksTest-moral_disputes": {
      "acc": 0.2398843930635838,
      "acc_stderr": 0.02298959254312357,
      "acc_norm": 0.31213872832369943,
      "acc_norm_stderr": 0.024946792225272307
    },
    "hendrycksTest-conceptual_physics": {
      "acc": 0.23404255319148937,
      "acc_stderr": 0.027678452578212394,
      "acc_norm": 0.2170212765957447,
      "acc_norm_stderr": 0.02694748312149623
    },
    "hendrycksTest-college_medicine": {
      "acc": 0.26011560693641617,
      "acc_stderr": 0.033450369167889904,
      "acc_norm": 0.2543352601156069,
      "acc_norm_stderr": 0.0332055644308557
    },
    "hendrycksTest-computer_security": {
      "acc": 0.3,
      "acc_stderr": 0.046056618647183814,
      "acc_norm": 0.34,
      "acc_norm_stderr": 0.04760952285695236
    },
    "hendrycksTest-high_school_computer_science": {
      "acc": 0.25,
      "acc_stderr": 0.04351941398892446,
      "acc_norm": 0.26,
      "acc_norm_stderr": 0.0440844002276808
    },
    "hendrycksTest-high_school_psychology": {
      "acc": 0.21834862385321102,
      "acc_stderr": 0.017712600528722717,
      "acc_norm": 0.22385321100917432,
      "acc_norm_stderr": 0.01787121776779022
    },
    "hendrycksTest-high_school_us_history": {
      "acc": 0.30392156862745096,
      "acc_stderr": 0.03228210387037892,
      "acc_norm": 0.30392156862745096,
      "acc_norm_stderr": 0.03228210387037892
    },
    "hendrycksTest-college_computer_science": {
      "acc": 0.32,
      "acc_stderr": 0.046882617226215034,
      "acc_norm": 0.28,
      "acc_norm_stderr": 0.04512608598542127
    },
    "hendrycksTest-professional_law": {
      "acc": 0.2607561929595828,
      "acc_stderr": 0.01121347155960233,
      "acc_norm": 0.3057366362451108,
      "acc_norm_stderr": 0.011766973847072915
    },
    "logiqa": {
      "acc": 0.20583717357910905,
      "acc_stderr": 0.015858423219323892,
      "acc_norm": 0.2642089093701997,
      "acc_norm_stderr": 0.017293954549744518
    },
    "hendrycksTest-high_school_government_and_politics": {
      "acc": 0.16580310880829016,
      "acc_stderr": 0.026839845022314415,
      "acc_norm": 0.24352331606217617,
      "acc_norm_stderr": 0.030975436386845426
    },
    "hendrycksTest-college_chemistry": {
      "acc": 0.22,
      "acc_stderr": 0.04163331998932269,
      "acc_norm": 0.28,
      "acc_norm_stderr": 0.04512608598542127
    },
    "hendrycksTest-professional_accounting": {
      "acc": 0.22695035460992907,
      "acc_stderr": 0.024987106365642976,
      "acc_norm": 0.24468085106382978,
      "acc_norm_stderr": 0.025645553622266736
    },
    "wsc": {
      "acc": 0.3942307692307692,
      "acc_stderr": 0.04815154775990711
    },
    "hendrycksTest-econometrics": {
      "acc": 0.24561403508771928,
      "acc_stderr": 0.040493392977481404,
      "acc_norm": 0.21052631578947367,
      "acc_norm_stderr": 0.038351539543994194
    },
    "hendrycksTest-high_school_geography": {
      "acc": 0.18686868686868688,
      "acc_stderr": 0.027772533334218984,
      "acc_norm": 0.2878787878787879,
      "acc_norm_stderr": 0.03225883512300992
    },
    "hendrycksTest-anatomy": {
      "acc": 0.2814814814814815,
      "acc_stderr": 0.03885004245800254,
      "acc_norm": 0.2222222222222222,
      "acc_norm_stderr": 0.035914440841969694
    },
    "hendrycksTest-sociology": {
      "acc": 0.3034825870646766,
      "acc_stderr": 0.03251006816458619,
      "acc_norm": 0.3034825870646766,
      "acc_norm_stderr": 0.032510068164586174
    },
    "hendrycksTest-virology": {
      "acc": 0.3192771084337349,
      "acc_stderr": 0.036293353299478595,
      "acc_norm": 0.29518072289156627,
      "acc_norm_stderr": 0.0355092018568963
    },
    "hendrycksTest-management": {
      "acc": 0.22330097087378642,
      "acc_stderr": 0.04123553189891431,
      "acc_norm": 0.27184466019417475,
      "acc_norm_stderr": 0.044052680241409216
    },