{
  "results": {
    "hendrycksTest-human_sexuality": {
      "acc": 0.31297709923664124,
      "acc_stderr": 0.04066962905677698,
      "acc_norm": 0.29770992366412213,
      "acc_norm_stderr": 0.04010358942462203
    },
    "hendrycksTest-high_school_psychology": {
      "acc": 0.26605504587155965,
      "acc_stderr": 0.018946022322225607,
      "acc_norm": 0.24770642201834864,
      "acc_norm_stderr": 0.01850814360254783
    },
    "hendrycksTest-virology": {
      "acc": 0.3072289156626506,
      "acc_stderr": 0.03591566797824662,
      "acc_norm": 0.30120481927710846,
      "acc_norm_stderr": 0.035716092300534796
    },
    "hendrycksTest-clinical_knowledge": {
      "acc": 0.25660377358490566,
      "acc_stderr": 0.026880647889051982,
      "acc_norm": 0.30943396226415093,
      "acc_norm_stderr": 0.028450154794118627
    },
    "hendrycksTest-high_school_statistics": {
      "acc": 0.24074074074074073,
      "acc_stderr": 0.029157522184605603,
      "acc_norm": 0.2916666666666667,
      "acc_norm_stderr": 0.030998666304560517
    },
    "hendrycksTest-miscellaneous": {
      "acc": 0.26181353767560667,
      "acc_stderr": 0.01572083867844525,
      "acc_norm": 0.2771392081736909,
      "acc_norm_stderr": 0.016005636294122428
    },
    "hendrycksTest-moral_disputes": {
      "acc": 0.26878612716763006,
      "acc_stderr": 0.02386800326250011,
      "acc_norm": 0.3063583815028902,
      "acc_norm_stderr": 0.024818350129436593
    },
    "logiqa": {
      "acc": 0.20583717357910905,
      "acc_stderr": 0.01585842321932389,
      "acc_norm": 0.2780337941628264,
      "acc_norm_stderr": 0.01757318777028271
    },
    "hendrycksTest-abstract_algebra": {
      "acc": 0.23,
      "acc_stderr": 0.04229525846816506,
      "acc_norm": 0.35,
      "acc_norm_stderr": 0.047937248544110196
    },
    "hendrycksTest-electrical_engineering": {
      "acc": 0.30344827586206896,
      "acc_stderr": 0.038312260488503336,
      "acc_norm": 0.32413793103448274,
      "acc_norm_stderr": 0.03900432069185555
    },
    "hendrycksTest-high_school_microeconomics": {
      "acc": 0.2689075630252101,
      "acc_stderr": 0.028801392193631276,
      "acc_norm": 0.33613445378151263,
      "acc_norm_stderr": 0.030684737115135363
    },
    "wsc": {
      "acc": 0.375,
      "acc_stderr": 0.04770204856076104
    },
    "hendrycksTest-elementary_mathematics": {
      "acc": 0.2275132275132275,
      "acc_stderr": 0.021591269407823792,
      "acc_norm": 0.23544973544973544,
      "acc_norm_stderr": 0.021851509822031715
    },
    "hendrycksTest-professional_medicine": {
      "acc": 0.22794117647058823,
      "acc_stderr": 0.025483081468029804,
      "acc_norm": 0.22058823529411764,
      "acc_norm_stderr": 0.02518778666022727
    },
    "piqa": {
      "acc": 0.6202393906420022,
      "acc_stderr": 0.011323483504715843,
      "acc_norm": 0.6175190424374319,
      "acc_norm_stderr": 0.011339019654272349
    },
    "hendrycksTest-high_school_government_and_politics": {
      "acc": 0.31088082901554404,
      "acc_stderr": 0.03340361906276586,
      "acc_norm": 0.30569948186528495,
      "acc_norm_stderr": 0.03324837939758159
    },
    "hendrycksTest-public_relations": {
      "acc": 0.3181818181818182,
      "acc_stderr": 0.044612721759105085,
      "acc_norm": 0.23636363636363636,
      "acc_norm_stderr": 0.04069306319721377
    },
    "hendrycksTest-high_school_macroeconomics": {
      "acc": 0.2512820512820513,
      "acc_stderr": 0.021992016662370547,
      "acc_norm": 0.28205128205128205,
      "acc_norm_stderr": 0.022815813098896603
    },
    "arc_challenge": {
      "acc": 0.20136518771331058,
      "acc_stderr": 0.01171892747744427,
      "acc_norm": 0.24146757679180889,
      "acc_norm_stderr": 0.012506564839739432
    },
    "hendrycksTest-security_studies": {
      "acc": 0.3673469387755102,
      "acc_stderr": 0.030862144921087565,
      "acc_norm": 0.31020408163265306,
      "acc_norm_stderr": 0.029613459872484378
    },
    "hendrycksTest-moral_scenarios": {
      "acc": 0.2446927374301676,
      "acc_stderr": 0.014378169884098398,
      "acc_norm": 0.27262569832402234,
      "acc_norm_stderr": 0.014893391735249588
    },
    "hendrycksTest-college_chemistry": {
      "acc": 0.27,
      "acc_stderr": 0.0446196043338474,
      "acc_norm": 0.32,
      "acc_norm_stderr": 0.04688261722621504
    },
    "hendrycksTest-professional_psychology": {
      "acc": 0.23202614379084968,
      "acc_stderr": 0.01707737337785701,
      "acc_norm": 0.25980392156862747,
      "acc_norm_stderr": 0.017740899509177795
    },
    "hendrycksTest-astronomy": {
      "acc": 0.2236842105263158,
      "acc_stderr": 0.03391160934343602,
      "acc_norm": 0.32894736842105265,
      "acc_norm_stderr": 0.03823428969926605
    },
    "hendrycksTest-professional_law": {
      "acc": 0.26010430247718386,
      "acc_stderr": 0.011204382887823827,
      "acc_norm": 0.27640156453715775,
      "acc_norm_stderr": 0.01142215319455359
    },
    "hendrycksTest-business_ethics": {
      "acc": 0.35,
      "acc_stderr": 0.047937248544110175,
      "acc_norm": 0.31,
      "acc_norm_stderr": 0.04648231987117316
    },
    "hendrycksTest-high_school_biology": {
      "acc": 0.25483870967741934,
      "acc_stderr": 0.02479011845933221,
      "acc_norm": 0.2870967741935484,
      "acc_norm_stderr": 0.025736542745594525
    },
    "hendrycksTest-college_mathematics": {
      "acc": 0.26,
      "acc_stderr": 0.044084400227680794,
      "acc_norm": 0.29,
      "acc_norm_stderr": 0.045604802157206845
    },
    "hendrycksTest-formal_logic": {
      "acc": 0.30158730158730157,
      "acc_stderr": 0.04104947269903394,
      "acc_norm": 0.2777777777777778,
      "acc_norm_stderr": 0.04006168083848877
    },
    "hendrycksTest-high_school_geography": {
      "acc": 0.20707070707070707,
      "acc_stderr": 0.02886977846026705,
      "acc_norm": 0.30808080808080807,
      "acc_norm_stderr": 0.03289477330098616
    },
    "hendrycksTest-logical_fallacies": {
      "acc": 0.2147239263803681,
      "acc_stderr": 0.032262193772867744,
      "acc_norm": 0.32515337423312884,
      "acc_norm_stderr": 0.036803503712864616
    },
    "hendrycksTest-global_facts": {
      "acc": 0.21,
      "acc_stderr": 0.040936018074033256,
      "acc_norm": 0.2,
      "acc_norm_stderr": 0.04020151261036846
    },
    "hendrycksTest-high_school_european_history": {
      "acc": 0.2606060606060606,
      "acc_stderr": 0.034277431758165236,
      "acc_norm": 0.3515151515151515,
      "acc_norm_stderr": 0.037282069986826503
    },
    "hendrycksTest-professional_accounting": {
      "acc": 0.2730496453900709,
      "acc_stderr": 0.026577860943307857,
      "acc_norm": 0.2695035460992908,
      "acc_norm_stderr": 0.026469036818590634
    },
    "hendrycksTest-management": {
      "acc": 0.23300970873786409,
      "acc_stderr": 0.041858325989283136,
      "acc_norm": 0.2524271844660194,
      "acc_norm_stderr": 0.04301250399690878
    },
    "sciq": {
      "acc": 0.717,
      "acc_stderr": 0.01425181090648174,
      "acc_norm": 0.64,
      "acc_norm_stderr": 0.01518652793204012
    },
    "hendrycksTest-high_school_us_history": {
      "acc": 0.2549019607843137,
      "acc_stderr": 0.030587591351604236,
      "acc_norm": 0.24019607843137256,
      "acc_norm_stderr": 0.02998373305591361
    },
    "hendrycksTest-machine_learning": {
      "acc": 0.3125,
      "acc_stderr": 0.043994650575715215,
      "acc_norm": 0.20535714285714285,
      "acc_norm_stderr": 0.03834241021419073
    },
    "hendrycksTest-econometrics": {
      "acc": 0.3508771929824561,
      "acc_stderr": 0.044895393502706986,
      "acc_norm": 0.2719298245614035,
      "acc_norm_stderr": 0.04185774424022056
    },
    "lambada_openai": {
      "ppl": 32.309361163594126,
      "ppl_stderr": 1.204962619312817,
      "acc": 0.3399961187657675,
      "acc_stderr": 0.006599671169668101
    },
    "hendrycksTest-college_medicine": {
      "acc": 0.2023121387283237,