{
  "results": {
    "hendrycksTest-high_school_us_history": {
      "acc": 0.27450980392156865,
      "acc_stderr": 0.031321798030832904,
      "acc_norm": 0.2696078431372549,
      "acc_norm_stderr": 0.03114557065948678
    },
    "hendrycksTest-miscellaneous": {
      "acc": 0.24776500638569604,
      "acc_stderr": 0.015438083080568961,
      "acc_norm": 0.26947637292464877,
      "acc_norm_stderr": 0.015866243073215058
    },
    "hendrycksTest-college_mathematics": {
      "acc": 0.21,
      "acc_stderr": 0.040936018074033256,
      "acc_norm": 0.3,
      "acc_norm_stderr": 0.046056618647183814
    },
    "hendrycksTest-high_school_world_history": {
      "acc": 0.25316455696202533,
      "acc_stderr": 0.028304657943035272,
      "acc_norm": 0.2616033755274262,
      "acc_norm_stderr": 0.028609516716994934
    },
    "hendrycksTest-management": {
      "acc": 0.1553398058252427,
      "acc_stderr": 0.03586594738573973,
      "acc_norm": 0.21359223300970873,
      "acc_norm_stderr": 0.040580420156460344
    },
    "hendrycksTest-professional_psychology": {
      "acc": 0.2434640522875817,
      "acc_stderr": 0.017362473762146627,
      "acc_norm": 0.2630718954248366,
      "acc_norm_stderr": 0.017812676542320657
    },
    "hendrycksTest-medical_genetics": {
      "acc": 0.27,
      "acc_stderr": 0.044619604333847394,
      "acc_norm": 0.31,
      "acc_norm_stderr": 0.04648231987117316
    },
    "arc_challenge": {
      "acc": 0.1945392491467577,
      "acc_stderr": 0.011567709174648728,
      "acc_norm": 0.23976109215017063,
      "acc_norm_stderr": 0.01247630412745395
    },
    "hendrycksTest-high_school_chemistry": {
      "acc": 0.21674876847290642,
      "acc_stderr": 0.02899033125251624,
      "acc_norm": 0.22660098522167488,
      "acc_norm_stderr": 0.02945486383529297
    },
    "hendrycksTest-international_law": {
      "acc": 0.1322314049586777,
      "acc_stderr": 0.030922788320445812,
      "acc_norm": 0.39669421487603307,
      "acc_norm_stderr": 0.044658697805310094
    },
    "hendrycksTest-high_school_biology": {
      "acc": 0.23548387096774193,
      "acc_stderr": 0.02413763242933771,
      "acc_norm": 0.27741935483870966,
      "acc_norm_stderr": 0.025470196835900055
    },
    "hendrycksTest-logical_fallacies": {
      "acc": 0.2331288343558282,
      "acc_stderr": 0.0332201579577674,
      "acc_norm": 0.2822085889570552,
      "acc_norm_stderr": 0.03536117886664743
    },
    "hendrycksTest-human_sexuality": {
      "acc": 0.3511450381679389,
      "acc_stderr": 0.04186445163013751,
      "acc_norm": 0.26717557251908397,
      "acc_norm_stderr": 0.03880848301082395
    },
    "hendrycksTest-high_school_geography": {
      "acc": 0.24242424242424243,
      "acc_stderr": 0.030532892233932026,
      "acc_norm": 0.2777777777777778,
      "acc_norm_stderr": 0.03191178226713546
    },
    "hendrycksTest-college_biology": {
      "acc": 0.2708333333333333,
      "acc_stderr": 0.03716177437566015,
      "acc_norm": 0.24305555555555555,
      "acc_norm_stderr": 0.03586879280080341
    },
    "logiqa": {
      "acc": 0.22119815668202766,
      "acc_stderr": 0.016279743532401664,
      "acc_norm": 0.26574500768049153,
      "acc_norm_stderr": 0.017326040808935694
    },
    "hendrycksTest-us_foreign_policy": {
      "acc": 0.23,
      "acc_stderr": 0.04229525846816503,
      "acc_norm": 0.33,
      "acc_norm_stderr": 0.047258156262526045
    },
    "hendrycksTest-public_relations": {
      "acc": 0.32727272727272727,
      "acc_stderr": 0.04494290866252088,
      "acc_norm": 0.2,
      "acc_norm_stderr": 0.038313051408846034
    },
    "hendrycksTest-college_physics": {
      "acc": 0.20588235294117646,
      "acc_stderr": 0.040233822736177455,
      "acc_norm": 0.22549019607843138,
      "acc_norm_stderr": 0.04158307533083286
    },
    "hendrycksTest-business_ethics": {
      "acc": 0.31,
      "acc_stderr": 0.04648231987117316,
      "acc_norm": 0.32,
      "acc_norm_stderr": 0.046882617226215034
    },
    "hendrycksTest-philosophy": {
      "acc": 0.18971061093247588,
      "acc_stderr": 0.022268196258783225,
      "acc_norm": 0.2958199356913183,
      "acc_norm_stderr": 0.025922371788818777
    },
    "hendrycksTest-machine_learning": {
      "acc": 0.17857142857142858,
      "acc_stderr": 0.036352091215778065,
      "acc_norm": 0.19642857142857142,
      "acc_norm_stderr": 0.03770970049347018
    },
    "hendrycksTest-computer_security": {
      "acc": 0.22,
      "acc_stderr": 0.041633319989322695,
      "acc_norm": 0.28,
      "acc_norm_stderr": 0.04512608598542127
    },
    "hendrycksTest-human_aging": {
      "acc": 0.31390134529147984,
      "acc_stderr": 0.03114679648297246,
      "acc_norm": 0.2556053811659193,
      "acc_norm_stderr": 0.029275891003969927
    },
    "hendrycksTest-college_medicine": {
      "acc": 0.2138728323699422,
      "acc_stderr": 0.03126511206173042,
      "acc_norm": 0.24277456647398843,
      "acc_norm_stderr": 0.0326926380614177
    },
    "hendrycksTest-nutrition": {
      "acc": 0.27450980392156865,
      "acc_stderr": 0.02555316999182651,
      "acc_norm": 0.37254901960784315,
      "acc_norm_stderr": 0.027684181883302888
    },
    "hendrycksTest-virology": {
      "acc": 0.2891566265060241,
      "acc_stderr": 0.03529486801511115,
      "acc_norm": 0.2891566265060241,
      "acc_norm_stderr": 0.03529486801511115
    },
    "sciq": {
      "acc": 0.783,
      "acc_stderr": 0.01304151375727071,
      "acc_norm": 0.677,
      "acc_norm_stderr": 0.01479492784334864
    },
    "hendrycksTest-astronomy": {
      "acc": 0.2236842105263158,
      "acc_stderr": 0.033911609343436025,
      "acc_norm": 0.29605263157894735,
      "acc_norm_stderr": 0.03715062154998904
    },
    "hendrycksTest-high_school_computer_science": {
      "acc": 0.3,
      "acc_stderr": 0.046056618647183814,
      "acc_norm": 0.34,
      "acc_norm_stderr": 0.047609522856952365
    },
    "hendrycksTest-professional_law": {
      "acc": 0.24511082138200782,
      "acc_stderr": 0.010986307870045522,
      "acc_norm": 0.28683181225554105,
      "acc_norm_stderr": 0.011551504781176941
    },
    "hendrycksTest-anatomy": {
      "acc": 0.26666666666666666,
      "acc_stderr": 0.038201699145179055,
      "acc_norm": 0.22962962962962963,
      "acc_norm_stderr": 0.036333844140734636
    },
    "hendrycksTest-clinical_knowledge": {
      "acc": 0.2188679245283019,
      "acc_stderr": 0.025447863825108635,
      "acc_norm": 0.3018867924528302,
      "acc_norm_stderr": 0.02825420034443866
    },
    "hendrycksTest-moral_disputes": {
      "acc": 0.25722543352601157,
      "acc_stderr": 0.023532925431044283,
      "acc_norm": 0.30346820809248554,
      "acc_norm_stderr": 0.024752411960917205
    },
    "hendrycksTest-formal_logic": {
      "acc": 0.29365079365079366,
      "acc_stderr": 0.040735243221471276,
      "acc_norm": 0.25396825396825395,
      "acc_norm_stderr": 0.03893259610604674
    },
    "piqa": {
      "acc": 0.6256800870511425,
      "acc_stderr": 0.011291276801194992,
      "acc_norm": 0.6284004352557128,
      "acc_norm_stderr": 0.011274603006724754
    },
    "hendrycksTest-conceptual_physics": {
      "acc": 0.2425531914893617,
      "acc_stderr": 0.028020226271200214,
      "acc_norm": 0.2127659574468085,
      "acc_norm_stderr": 0.02675439134803975
    },
    "hendrycksTest-security_studies": {
      "acc": 0.2816326530612245,
      "acc_stderr": 0.028795185574291293,
      "acc_norm": 0.2693877551020408,
      "acc_norm_stderr": 0.02840125202902294
    },
    "lambada_openai": {
      "ppl": 26.866931244744308,
      "ppl_stderr": 0.957791038734852,
      "acc": 0.3788084610906268,
      "acc_stderr": 0.006758256551668061
    },
    "hendrycksTest-moral_scenarios": {
      "acc": 0.23910614525139665,
      "acc_stderr": 0.014265554192331144,
      "acc_norm": 0.27262569832402234,
      "acc_norm_stderr": 0.014893391735249588
    },