{
  "results": {
    "hendrycksTest-college_chemistry": {
      "acc": 0.23,
      "acc_stderr": 0.042295258468165065,
      "acc_norm": 0.3,
      "acc_norm_stderr": 0.046056618647183814
    },
    "hendrycksTest-econometrics": {
      "acc": 0.2894736842105263,
      "acc_stderr": 0.042663394431593935,
      "acc_norm": 0.24561403508771928,
      "acc_norm_stderr": 0.04049339297748142
    },
    "hendrycksTest-global_facts": {
      "acc": 0.17,
      "acc_stderr": 0.0377525168068637,
      "acc_norm": 0.18,
      "acc_norm_stderr": 0.038612291966536934
    },
    "hendrycksTest-high_school_microeconomics": {
      "acc": 0.23109243697478993,
      "acc_stderr": 0.02738140692786897,
      "acc_norm": 0.2689075630252101,
      "acc_norm_stderr": 0.028801392193631273
    },
    "hendrycksTest-computer_security": {
      "acc": 0.3,
      "acc_stderr": 0.046056618647183814,
      "acc_norm": 0.32,
      "acc_norm_stderr": 0.04688261722621504
    },
    "hendrycksTest-high_school_chemistry": {
      "acc": 0.18226600985221675,
      "acc_stderr": 0.02716334085964515,
      "acc_norm": 0.22167487684729065,
      "acc_norm_stderr": 0.029225575892489614
    },
    "hendrycksTest-high_school_world_history": {
      "acc": 0.2109704641350211,
      "acc_stderr": 0.02655837250266192,
      "acc_norm": 0.2742616033755274,
      "acc_norm_stderr": 0.029041333510598028
    },
    "hendrycksTest-philosophy": {
      "acc": 0.21543408360128619,
      "acc_stderr": 0.02335022547547142,
      "acc_norm": 0.2797427652733119,
      "acc_norm_stderr": 0.025494259350694895
    },
    "hendrycksTest-high_school_computer_science": {
      "acc": 0.2,
      "acc_stderr": 0.04020151261036844,
      "acc_norm": 0.27,
      "acc_norm_stderr": 0.044619604333847415
    },
    "hendrycksTest-virology": {
      "acc": 0.30120481927710846,
      "acc_stderr": 0.03571609230053481,
      "acc_norm": 0.2710843373493976,
      "acc_norm_stderr": 0.034605799075530276
    },
    "hendrycksTest-professional_law": {
      "acc": 0.25097783572359844,
      "acc_stderr": 0.011073730299187248,
      "acc_norm": 0.29139504563233376,
      "acc_norm_stderr": 0.011605720214257605
    },
    "hendrycksTest-moral_disputes": {
      "acc": 0.26011560693641617,
      "acc_stderr": 0.023618678310069363,
      "acc_norm": 0.2947976878612717,
      "acc_norm_stderr": 0.024547617794803838
    },
    "hendrycksTest-professional_medicine": {
      "acc": 0.19117647058823528,
      "acc_stderr": 0.023886881922440345,
      "acc_norm": 0.21691176470588236,
      "acc_norm_stderr": 0.025035845227711268
    },
    "hendrycksTest-high_school_us_history": {
      "acc": 0.27941176470588236,
      "acc_stderr": 0.031493281045079556,
      "acc_norm": 0.3088235294117647,
      "acc_norm_stderr": 0.03242661719827218
    },
    "hendrycksTest-human_aging": {
      "acc": 0.28699551569506726,
      "acc_stderr": 0.030360379710291954,
      "acc_norm": 0.273542600896861,
      "acc_norm_stderr": 0.02991858670779882
    },
    "hendrycksTest-miscellaneous": {
      "acc": 0.26436781609195403,
      "acc_stderr": 0.01576998484069052,
      "acc_norm": 0.25287356321839083,
      "acc_norm_stderr": 0.015543377313719681
    },
    "hendrycksTest-clinical_knowledge": {
      "acc": 0.22264150943396227,
      "acc_stderr": 0.025604233470899105,
      "acc_norm": 0.3320754716981132,
      "acc_norm_stderr": 0.0289854556523344
    },
    "logiqa": {
      "acc": 0.20890937019969277,
      "acc_stderr": 0.01594539939642392,
      "acc_norm": 0.2565284178187404,
      "acc_norm_stderr": 0.017129443327887562
    },
    "hendrycksTest-us_foreign_policy": {
      "acc": 0.26,
      "acc_stderr": 0.044084400227680794,
      "acc_norm": 0.33,
      "acc_norm_stderr": 0.047258156262526045
    },
    "hendrycksTest-international_law": {
      "acc": 0.1652892561983471,
      "acc_stderr": 0.033907806129727755,
      "acc_norm": 0.45454545454545453,
      "acc_norm_stderr": 0.04545454545454545
    },
    "hendrycksTest-high_school_mathematics": {
      "acc": 0.18518518518518517,
      "acc_stderr": 0.023684075585322668,
      "acc_norm": 0.23333333333333334,
      "acc_norm_stderr": 0.025787874220959302
    },
    "hendrycksTest-high_school_physics": {
      "acc": 0.2119205298013245,
      "acc_stderr": 0.033367670865679766,
      "acc_norm": 0.2052980132450331,
      "acc_norm_stderr": 0.03297986648473834
    },
    "hendrycksTest-high_school_statistics": {
      "acc": 0.19444444444444445,
      "acc_stderr": 0.026991454502036726,
      "acc_norm": 0.24074074074074073,
      "acc_norm_stderr": 0.029157522184605603
    },
    "hendrycksTest-college_physics": {
      "acc": 0.22549019607843138,
      "acc_stderr": 0.041583075330832865,
      "acc_norm": 0.24509803921568626,
      "acc_norm_stderr": 0.04280105837364395
    },
    "hendrycksTest-business_ethics": {
      "acc": 0.32,
      "acc_stderr": 0.046882617226215034,
      "acc_norm": 0.3,
      "acc_norm_stderr": 0.046056618647183814
    },
    "hendrycksTest-college_computer_science": {
      "acc": 0.27,
      "acc_stderr": 0.0446196043338474,
      "acc_norm": 0.25,
      "acc_norm_stderr": 0.04351941398892446
    },
    "hendrycksTest-high_school_geography": {
      "acc": 0.22727272727272727,
      "acc_stderr": 0.02985751567338641,
      "acc_norm": 0.2828282828282828,
      "acc_norm_stderr": 0.03208779558786751
    },
    "hendrycksTest-machine_learning": {
      "acc": 0.26785714285714285,
      "acc_stderr": 0.04203277291467762,
      "acc_norm": 0.26785714285714285,
      "acc_norm_stderr": 0.04203277291467762
    },
    "hendrycksTest-anatomy": {
      "acc": 0.23703703703703705,
      "acc_stderr": 0.03673731683969506,
      "acc_norm": 0.21481481481481482,
      "acc_norm_stderr": 0.03547854198560827
    },
    "hendrycksTest-high_school_biology": {
      "acc": 0.2161290322580645,
      "acc_stderr": 0.023415293433568532,
      "acc_norm": 0.267741935483871,
      "acc_norm_stderr": 0.025189006660212378
    },
    "hendrycksTest-high_school_psychology": {
      "acc": 0.23669724770642203,
      "acc_stderr": 0.01822407811729908,
      "acc_norm": 0.24036697247706423,
      "acc_norm_stderr": 0.01832060732096407
    },
    "piqa": {
      "acc": 0.6267682263329706,
      "acc_stderr": 0.011284653078254896,
      "acc_norm": 0.6240478781284005,
      "acc_norm_stderr": 0.011301098166895717
    },
    "hendrycksTest-high_school_government_and_politics": {
      "acc": 0.23316062176165803,
      "acc_stderr": 0.030516111371476008,
      "acc_norm": 0.29015544041450775,
      "acc_norm_stderr": 0.03275264467791516
    },
    "hendrycksTest-security_studies": {
      "acc": 0.27755102040816326,
      "acc_stderr": 0.02866685779027465,
      "acc_norm": 0.2857142857142857,
      "acc_norm_stderr": 0.028920583220675592
    },
    "hendrycksTest-human_sexuality": {
      "acc": 0.31297709923664124,
      "acc_stderr": 0.04066962905677698,
      "acc_norm": 0.3053435114503817,
      "acc_norm_stderr": 0.04039314978724561
    },
    "hendrycksTest-college_medicine": {
      "acc": 0.1907514450867052,
      "acc_stderr": 0.029957851329869334,
      "acc_norm": 0.24277456647398843,
      "acc_norm_stderr": 0.0326926380614177
    },
    "hendrycksTest-astronomy": {
      "acc": 0.21052631578947367,
      "acc_stderr": 0.033176727875331574,
      "acc_norm": 0.34210526315789475,
      "acc_norm_stderr": 0.03860731599316092
    },
    "hendrycksTest-high_school_european_history": {
      "acc": 0.2727272727272727,
      "acc_stderr": 0.03477691162163659,
      "acc_norm": 0.3212121212121212,
      "acc_norm_stderr": 0.03646204963253811
    },
    "hendrycksTest-moral_scenarios": {
      "acc": 0.23687150837988827,
      "acc_stderr": 0.01421957078810399,
      "acc_norm": 0.2424581005586592,
      "acc_norm_stderr": 0.014333522059217889
    },
    "hendrycksTest-electrical_engineering": {
      "acc": 0.32413793103448274,
      "acc_stderr": 0.03900432069185555,