{
  "results": {
    "hendrycksTest-high_school_european_history": {
      "acc": 0.24848484848484848,
      "acc_stderr": 0.03374402644139404,
      "acc_norm": 0.3515151515151515,
      "acc_norm_stderr": 0.037282069986826503
    },
    "hendrycksTest-professional_law": {
      "acc": 0.2542372881355932,
      "acc_stderr": 0.011121129007840664,
      "acc_norm": 0.2777053455019557,
      "acc_norm_stderr": 0.01143874142276958
    },
    "hendrycksTest-global_facts": {
      "acc": 0.18,
      "acc_stderr": 0.038612291966536934,
      "acc_norm": 0.2,
      "acc_norm_stderr": 0.04020151261036846
    },
    "hendrycksTest-college_physics": {
      "acc": 0.18627450980392157,
      "acc_stderr": 0.038739587141493545,
      "acc_norm": 0.19607843137254902,
      "acc_norm_stderr": 0.03950581861179964
    },
    "hendrycksTest-conceptual_physics": {
      "acc": 0.25957446808510637,
      "acc_stderr": 0.028659179374292323,
      "acc_norm": 0.20851063829787234,
      "acc_norm_stderr": 0.026556982117838718
    },
    "hendrycksTest-high_school_computer_science": {
      "acc": 0.25,
      "acc_stderr": 0.04351941398892446,
      "acc_norm": 0.27,
      "acc_norm_stderr": 0.04461960433384741
    },
    "hendrycksTest-high_school_mathematics": {
      "acc": 0.2,
      "acc_stderr": 0.02438843043398766,
      "acc_norm": 0.26296296296296295,
      "acc_norm_stderr": 0.026842057873833706
    },
    "hendrycksTest-high_school_chemistry": {
      "acc": 0.20689655172413793,
      "acc_stderr": 0.028501378167893946,
      "acc_norm": 0.27586206896551724,
      "acc_norm_stderr": 0.03144712581678242
    },
    "hendrycksTest-formal_logic": {
      "acc": 0.2619047619047619,
      "acc_stderr": 0.039325376803928724,
      "acc_norm": 0.24603174603174602,
      "acc_norm_stderr": 0.03852273364924316
    },
    "logiqa": {
      "acc": 0.1889400921658986,
      "acc_stderr": 0.015354364638220793,
      "acc_norm": 0.25960061443932414,
      "acc_norm_stderr": 0.017196070008180023
    },
    "hendrycksTest-human_sexuality": {
      "acc": 0.33587786259541985,
      "acc_stderr": 0.04142313771996663,
      "acc_norm": 0.2900763358778626,
      "acc_norm_stderr": 0.03980066246467766
    },
    "hendrycksTest-high_school_microeconomics": {
      "acc": 0.25630252100840334,
      "acc_stderr": 0.028359620870533953,
      "acc_norm": 0.3403361344537815,
      "acc_norm_stderr": 0.030778057422931673
    },
    "hendrycksTest-us_foreign_policy": {
      "acc": 0.29,
      "acc_stderr": 0.04560480215720683,
      "acc_norm": 0.31,
      "acc_norm_stderr": 0.04648231987117316
    },
    "hendrycksTest-machine_learning": {
      "acc": 0.24107142857142858,
      "acc_stderr": 0.040598672469526864,
      "acc_norm": 0.23214285714285715,
      "acc_norm_stderr": 0.04007341809755805
    },
    "hendrycksTest-college_biology": {
      "acc": 0.2777777777777778,
      "acc_stderr": 0.03745554791462457,
      "acc_norm": 0.2361111111111111,
      "acc_norm_stderr": 0.03551446610810826
    },
    "hendrycksTest-high_school_us_history": {
      "acc": 0.28431372549019607,
      "acc_stderr": 0.03166009679399812,
      "acc_norm": 0.2696078431372549,
      "acc_norm_stderr": 0.031145570659486782
    },
    "hendrycksTest-moral_disputes": {
      "acc": 0.27167630057803466,
      "acc_stderr": 0.023948512905468365,
      "acc_norm": 0.315028901734104,
      "acc_norm_stderr": 0.025009313790069713
    },
    "hendrycksTest-econometrics": {
      "acc": 0.2894736842105263,
      "acc_stderr": 0.04266339443159394,
      "acc_norm": 0.21052631578947367,
      "acc_norm_stderr": 0.038351539543994194
    },
    "hendrycksTest-professional_medicine": {
      "acc": 0.21691176470588236,
      "acc_stderr": 0.02503584522771129,
      "acc_norm": 0.22794117647058823,
      "acc_norm_stderr": 0.025483081468029804
    },
    "hendrycksTest-college_chemistry": {
      "acc": 0.24,
      "acc_stderr": 0.042923469599092816,
      "acc_norm": 0.31,
      "acc_norm_stderr": 0.04648231987117316
    },
    "hendrycksTest-computer_security": {
      "acc": 0.24,
      "acc_stderr": 0.04292346959909283,
      "acc_norm": 0.31,
      "acc_norm_stderr": 0.04648231987117316
    },
    "hendrycksTest-moral_scenarios": {
      "acc": 0.23798882681564246,
      "acc_stderr": 0.014242630070574915,
      "acc_norm": 0.22681564245810057,
      "acc_norm_stderr": 0.014005843570897902
    },
    "hendrycksTest-international_law": {
      "acc": 0.1322314049586777,
      "acc_stderr": 0.0309227883204458,
      "acc_norm": 0.4049586776859504,
      "acc_norm_stderr": 0.04481137755942469
    },
    "hendrycksTest-professional_psychology": {
      "acc": 0.24019607843137256,
      "acc_stderr": 0.01728276069516742,
      "acc_norm": 0.2565359477124183,
      "acc_norm_stderr": 0.017667841612378988
    },
    "hendrycksTest-philosophy": {
      "acc": 0.2090032154340836,
      "acc_stderr": 0.02309314039837422,
      "acc_norm": 0.29260450160771706,
      "acc_norm_stderr": 0.02583989833487798
    },
    "hendrycksTest-high_school_government_and_politics": {
      "acc": 0.26424870466321243,
      "acc_stderr": 0.03182155050916646,
      "acc_norm": 0.3005181347150259,
      "acc_norm_stderr": 0.03308818594415751
    },
    "hendrycksTest-virology": {
      "acc": 0.2289156626506024,
      "acc_stderr": 0.03270745277352477,
      "acc_norm": 0.21686746987951808,
      "acc_norm_stderr": 0.032082844503563655
    },
    "hendrycksTest-high_school_physics": {
      "acc": 0.2185430463576159,
      "acc_stderr": 0.03374235550425694,
      "acc_norm": 0.2251655629139073,
      "acc_norm_stderr": 0.03410435282008936
    },
    "hendrycksTest-jurisprudence": {
      "acc": 0.19444444444444445,
      "acc_stderr": 0.038260763248848646,
      "acc_norm": 0.39814814814814814,
      "acc_norm_stderr": 0.04732332615978815
    },
    "hendrycksTest-business_ethics": {
      "acc": 0.34,
      "acc_stderr": 0.04760952285695235,
      "acc_norm": 0.22,
      "acc_norm_stderr": 0.0416333199893227
    },
    "hendrycksTest-miscellaneous": {
      "acc": 0.23499361430395913,
      "acc_stderr": 0.015162024152278443,
      "acc_norm": 0.2503192848020434,
      "acc_norm_stderr": 0.01549108895149458
    },
    "hendrycksTest-anatomy": {
      "acc": 0.17777777777777778,
      "acc_stderr": 0.033027898599017176,
      "acc_norm": 0.2,
      "acc_norm_stderr": 0.034554737023254366
    },
    "hendrycksTest-sociology": {
      "acc": 0.30845771144278605,
      "acc_stderr": 0.032658195885126966,
      "acc_norm": 0.25870646766169153,
      "acc_norm_stderr": 0.03096590312357303
    },
    "wsc": {
      "acc": 0.38461538461538464,
      "acc_stderr": 0.0479366886807504
    },
    "arc_challenge": {
      "acc": 0.17150170648464164,
      "acc_stderr": 0.011015433283185478,
      "acc_norm": 0.23378839590443687,
      "acc_norm_stderr": 0.012368225378507139
    },
    "hendrycksTest-high_school_geography": {
      "acc": 0.23737373737373738,
      "acc_stderr": 0.0303137105381989,
      "acc_norm": 0.2676767676767677,
      "acc_norm_stderr": 0.03154449888270285
    },
    "hendrycksTest-professional_accounting": {
      "acc": 0.2553191489361702,
      "acc_stderr": 0.02601199293090202,
      "acc_norm": 0.25886524822695034,
      "acc_norm_stderr": 0.026129572527180848
    },
    "hendrycksTest-high_school_world_history": {
      "acc": 0.2616033755274262,
      "acc_stderr": 0.028609516716994934,
      "acc_norm": 0.28270042194092826,
      "acc_norm_stderr": 0.02931281415395592
    },
    "arc_easy": {
      "acc": 0.4356060606060606,
      "acc_stderr": 0.01017434173366522,
      "acc_norm": 0.39814814814814814,
      "acc_norm_stderr": 0.010044662374653394
    },
    "hendrycksTest-management": {
      "acc": 0.17475728155339806,
      "acc_stderr": 0.037601780060266224,
      "acc_norm": 0.21359223300970873,
      "acc_norm_stderr": 0.04058042015646034
    },
    "hendrycksTest-marketing": {
      "acc": 0.29914529914529914,