{
  "results": {
    "piqa": {
      "acc": 0.6202393906420022,
      "acc_stderr": 0.01132348350471584,
      "acc_norm": 0.6196953210010882,
      "acc_norm_stderr": 0.011326620892570317
    },
    "logiqa": {
      "acc": 0.20430107526881722,
      "acc_stderr": 0.015814411436934697,
      "acc_norm": 0.2534562211981567,
      "acc_norm_stderr": 0.01706170543978574
    },
    "hendrycksTest-high_school_biology": {
      "acc": 0.2645161290322581,
      "acc_stderr": 0.025091892378859275,
      "acc_norm": 0.3064516129032258,
      "acc_norm_stderr": 0.02622648565255388
    },
    "hendrycksTest-anatomy": {
      "acc": 0.26666666666666666,
      "acc_stderr": 0.038201699145179055,
      "acc_norm": 0.22962962962962963,
      "acc_norm_stderr": 0.036333844140734636
    },
    "hendrycksTest-econometrics": {
      "acc": 0.2807017543859649,
      "acc_stderr": 0.042270544512322004,
      "acc_norm": 0.23684210526315788,
      "acc_norm_stderr": 0.03999423879281336
    },
    "hendrycksTest-public_relations": {
      "acc": 0.33636363636363636,
      "acc_stderr": 0.04525393596302506,
      "acc_norm": 0.24545454545454545,
      "acc_norm_stderr": 0.041220665028782834
    },
    "hendrycksTest-high_school_computer_science": {
      "acc": 0.22,
      "acc_stderr": 0.041633319989322716,
      "acc_norm": 0.24,
      "acc_norm_stderr": 0.04292346959909283
    },
    "lambada_openai": {
      "ppl": 37.725120369685406,
      "ppl_stderr": 1.3992224370158102,
      "acc": 0.33184552687754704,
      "acc_stderr": 0.006560221405202011
    },
    "hendrycksTest-virology": {
      "acc": 0.26506024096385544,
      "acc_stderr": 0.03436024037944967,
      "acc_norm": 0.26506024096385544,
      "acc_norm_stderr": 0.03436024037944968
    },
    "hendrycksTest-electrical_engineering": {
      "acc": 0.32413793103448274,
      "acc_stderr": 0.03900432069185555,
      "acc_norm": 0.3310344827586207,
      "acc_norm_stderr": 0.039215453124671215
    },
    "hendrycksTest-moral_scenarios": {
      "acc": 0.23798882681564246,
      "acc_stderr": 0.014242630070574915,
      "acc_norm": 0.27262569832402234,
      "acc_norm_stderr": 0.014893391735249588
    },
    "hendrycksTest-college_chemistry": {
      "acc": 0.3,
      "acc_stderr": 0.046056618647183814,
      "acc_norm": 0.34,
      "acc_norm_stderr": 0.04760952285695235
    },
    "hendrycksTest-high_school_world_history": {
      "acc": 0.270042194092827,
      "acc_stderr": 0.028900721906293426,
      "acc_norm": 0.3037974683544304,
      "acc_norm_stderr": 0.029936696387138615
    },
    "hendrycksTest-professional_medicine": {
      "acc": 0.22058823529411764,
      "acc_stderr": 0.02518778666022726,
      "acc_norm": 0.20220588235294118,
      "acc_norm_stderr": 0.02439819298665492
    },
    "hendrycksTest-college_physics": {
      "acc": 0.24509803921568626,
      "acc_stderr": 0.04280105837364395,
      "acc_norm": 0.21568627450980393,
      "acc_norm_stderr": 0.04092563958237655
    },
    "hendrycksTest-logical_fallacies": {
      "acc": 0.22085889570552147,
      "acc_stderr": 0.03259177392742178,
      "acc_norm": 0.3006134969325153,
      "acc_norm_stderr": 0.03602511318806771
    },
    "hendrycksTest-elementary_mathematics": {
      "acc": 0.23015873015873015,
      "acc_stderr": 0.021679219663693135,
      "acc_norm": 0.24338624338624337,
      "acc_norm_stderr": 0.022101128787415436
    },
    "hendrycksTest-global_facts": {
      "acc": 0.18,
      "acc_stderr": 0.038612291966536934,
      "acc_norm": 0.18,
      "acc_norm_stderr": 0.038612291966536934
    },
    "hendrycksTest-sociology": {
      "acc": 0.29850746268656714,
      "acc_stderr": 0.03235743789355044,
      "acc_norm": 0.263681592039801,
      "acc_norm_stderr": 0.031157150869355568
    },
    "arc_challenge": {
      "acc": 0.18088737201365188,
      "acc_stderr": 0.011248574467407022,
      "acc_norm": 0.23890784982935154,
      "acc_norm_stderr": 0.01246107137631662
    },
    "hendrycksTest-high_school_mathematics": {
      "acc": 0.18888888888888888,
      "acc_stderr": 0.023865318862285313,
      "acc_norm": 0.26666666666666666,
      "acc_norm_stderr": 0.026962424325073824
    },
    "hendrycksTest-high_school_statistics": {
      "acc": 0.18055555555555555,
      "acc_stderr": 0.02623287897149166,
      "acc_norm": 0.2638888888888889,
      "acc_norm_stderr": 0.030058202704309846
    },
    "hendrycksTest-formal_logic": {
      "acc": 0.31746031746031744,
      "acc_stderr": 0.041634530313028585,
      "acc_norm": 0.30952380952380953,
      "acc_norm_stderr": 0.04134913018303316
    },
    "hendrycksTest-nutrition": {
      "acc": 0.2908496732026144,
      "acc_stderr": 0.026004800363952113,
      "acc_norm": 0.3660130718954248,
      "acc_norm_stderr": 0.02758281141515961
    },
    "hendrycksTest-high_school_psychology": {
      "acc": 0.23669724770642203,
      "acc_stderr": 0.01822407811729908,
      "acc_norm": 0.26055045871559634,
      "acc_norm_stderr": 0.01881918203485007
    },
    "hendrycksTest-clinical_knowledge": {
      "acc": 0.27169811320754716,
      "acc_stderr": 0.027377706624670713,
      "acc_norm": 0.3320754716981132,
      "acc_norm_stderr": 0.02898545565233439
    },
    "hendrycksTest-international_law": {
      "acc": 0.1487603305785124,
      "acc_stderr": 0.03248470083807195,
      "acc_norm": 0.4214876033057851,
      "acc_norm_stderr": 0.045077322787750944
    },
    "wsc": {
      "acc": 0.36538461538461536,
      "acc_stderr": 0.0474473339327792
    },
    "hendrycksTest-machine_learning": {
      "acc": 0.2857142857142857,
      "acc_stderr": 0.04287858751340456,
      "acc_norm": 0.21428571428571427,
      "acc_norm_stderr": 0.03894641120044793
    },
    "hendrycksTest-high_school_physics": {
      "acc": 0.25165562913907286,
      "acc_stderr": 0.03543304234389985,
      "acc_norm": 0.25165562913907286,
      "acc_norm_stderr": 0.03543304234389985
    },
    "hendrycksTest-high_school_us_history": {
      "acc": 0.23529411764705882,
      "acc_stderr": 0.029771775228145638,
      "acc_norm": 0.27450980392156865,
      "acc_norm_stderr": 0.03132179803083291
    },
    "sciq": {
      "acc": 0.731,
      "acc_stderr": 0.014029819522568198,
      "acc_norm": 0.659,
      "acc_norm_stderr": 0.014998131348402709
    },
    "hendrycksTest-college_computer_science": {
      "acc": 0.26,
      "acc_stderr": 0.0440844002276808,
      "acc_norm": 0.23,
      "acc_norm_stderr": 0.04229525846816506
    },
    "hendrycksTest-astronomy": {
      "acc": 0.23026315789473684,
      "acc_stderr": 0.03426059424403165,
      "acc_norm": 0.3618421052631579,
      "acc_norm_stderr": 0.03910525752849725
    },
    "hendrycksTest-high_school_macroeconomics": {
      "acc": 0.2641025641025641,
      "acc_stderr": 0.02235219373745327,
      "acc_norm": 0.2846153846153846,
      "acc_norm_stderr": 0.0228783227997063
    },
    "hendrycksTest-computer_security": {
      "acc": 0.2,
      "acc_stderr": 0.04020151261036845,
      "acc_norm": 0.26,
      "acc_norm_stderr": 0.04408440022768079
    },
    "hendrycksTest-professional_law": {
      "acc": 0.258148631029987,
      "acc_stderr": 0.011176923719313385,
      "acc_norm": 0.288135593220339,
      "acc_norm_stderr": 0.011567140661324572
    },
    "hendrycksTest-prehistory": {
      "acc": 0.25308641975308643,
      "acc_stderr": 0.024191808600713002,
      "acc_norm": 0.20987654320987653,
      "acc_norm_stderr": 0.022658344085981358
    },
    "winogrande": {
      "acc": 0.500394632991318,
      "acc_stderr": 0.014052481306049516
    },
    "hendrycksTest-business_ethics": {
      "acc": 0.3,
      "acc_stderr": 0.046056618647183814,
      "acc_norm": 0.28,
      "acc_norm_stderr": 0.04512608598542127
    },
    "hendrycksTest-college_mathematics": {
      "acc": 0.2,
      "acc_stderr": 0.04020151261036845,
      "acc_norm": 0.28,
      "acc_norm_stderr": 0.04512608598542127
    },
    "hendrycksTest-philosophy": {
      "acc": 0.2057877813504823,