{
  "results": {
    "hendrycksTest-philosophy": {
      "acc": 0.2057877813504823,
      "acc_stderr": 0.022961339906764244,
      "acc_norm": 0.29260450160771706,
      "acc_norm_stderr": 0.02583989833487798
    },
    "hendrycksTest-human_aging": {
      "acc": 0.2825112107623318,
      "acc_stderr": 0.030216831011508762,
      "acc_norm": 0.2645739910313901,
      "acc_norm_stderr": 0.02960510321703831
    },
    "hendrycksTest-human_sexuality": {
      "acc": 0.2748091603053435,
      "acc_stderr": 0.039153454088478354,
      "acc_norm": 0.3282442748091603,
      "acc_norm_stderr": 0.04118438565806298
    },
    "hendrycksTest-astronomy": {
      "acc": 0.25,
      "acc_stderr": 0.03523807393012047,
      "acc_norm": 0.3026315789473684,
      "acc_norm_stderr": 0.03738520676119669
    },
    "hendrycksTest-jurisprudence": {
      "acc": 0.24074074074074073,
      "acc_stderr": 0.04133119440243839,
      "acc_norm": 0.3611111111111111,
      "acc_norm_stderr": 0.04643454608906274
    },
    "hendrycksTest-high_school_psychology": {
      "acc": 0.24220183486238533,
      "acc_stderr": 0.01836817630659862,
      "acc_norm": 0.24770642201834864,
      "acc_norm_stderr": 0.01850814360254782
    },
    "piqa": {
      "acc": 0.6300326441784548,
      "acc_stderr": 0.011264415223415276,
      "acc_norm": 0.6251360174102285,
      "acc_norm_stderr": 0.011294565805619012
    },
    "hendrycksTest-security_studies": {
      "acc": 0.3020408163265306,
      "acc_stderr": 0.029393609319879818,
      "acc_norm": 0.2530612244897959,
      "acc_norm_stderr": 0.027833023871399687
    },
    "hendrycksTest-medical_genetics": {
      "acc": 0.24,
      "acc_stderr": 0.042923469599092816,
      "acc_norm": 0.33,
      "acc_norm_stderr": 0.04725815626252604
    },
    "sciq": {
      "acc": 0.776,
      "acc_stderr": 0.013190830072364478,
      "acc_norm": 0.715,
      "acc_norm_stderr": 0.014282120955200478
    },
    "hendrycksTest-global_facts": {
      "acc": 0.18,
      "acc_stderr": 0.038612291966536934,
      "acc_norm": 0.21,
      "acc_norm_stderr": 0.04093601807403325
    },
    "hendrycksTest-high_school_statistics": {
      "acc": 0.16203703703703703,
      "acc_stderr": 0.02513045365226846,
      "acc_norm": 0.2361111111111111,
      "acc_norm_stderr": 0.02896370257079103
    },
    "hendrycksTest-conceptual_physics": {
      "acc": 0.24680851063829787,
      "acc_stderr": 0.028185441301234116,
      "acc_norm": 0.22127659574468084,
      "acc_norm_stderr": 0.02713634960242406
    },
    "hendrycksTest-business_ethics": {
      "acc": 0.3,
      "acc_stderr": 0.046056618647183814,
      "acc_norm": 0.23,
      "acc_norm_stderr": 0.04229525846816506
    },
    "hendrycksTest-machine_learning": {
      "acc": 0.23214285714285715,
      "acc_stderr": 0.04007341809755806,
      "acc_norm": 0.23214285714285715,
      "acc_norm_stderr": 0.04007341809755807
    },
    "hendrycksTest-nutrition": {
      "acc": 0.21895424836601307,
      "acc_stderr": 0.02367908986180772,
      "acc_norm": 0.32679738562091504,
      "acc_norm_stderr": 0.026857294663281423
    },
    "hendrycksTest-clinical_knowledge": {
      "acc": 0.20754716981132076,
      "acc_stderr": 0.02495991802891127,
      "acc_norm": 0.2830188679245283,
      "acc_norm_stderr": 0.0277242364927009
    },
    "hendrycksTest-college_biology": {
      "acc": 0.2708333333333333,
      "acc_stderr": 0.03716177437566016,
      "acc_norm": 0.2569444444444444,
      "acc_norm_stderr": 0.03653946969442099
    },
    "hendrycksTest-abstract_algebra": {
      "acc": 0.24,
      "acc_stderr": 0.042923469599092816,
      "acc_norm": 0.3,
      "acc_norm_stderr": 0.046056618647183814
    },
    "hendrycksTest-high_school_geography": {
      "acc": 0.2222222222222222,
      "acc_stderr": 0.02962022787479048,
      "acc_norm": 0.2777777777777778,
      "acc_norm_stderr": 0.03191178226713548
    },
    "hendrycksTest-logical_fallacies": {
      "acc": 0.2331288343558282,
      "acc_stderr": 0.033220157957767414,
      "acc_norm": 0.3006134969325153,
      "acc_norm_stderr": 0.0360251131880677
    },
    "hendrycksTest-electrical_engineering": {
      "acc": 0.2896551724137931,
      "acc_stderr": 0.03780019230438014,
      "acc_norm": 0.2896551724137931,
      "acc_norm_stderr": 0.03780019230438014
    },
    "hendrycksTest-management": {
      "acc": 0.18446601941747573,
      "acc_stderr": 0.03840423627288276,
      "acc_norm": 0.18446601941747573,
      "acc_norm_stderr": 0.03840423627288276
    },
    "hendrycksTest-high_school_government_and_politics": {
      "acc": 0.23834196891191708,
      "acc_stderr": 0.03074890536390988,
      "acc_norm": 0.27979274611398963,
      "acc_norm_stderr": 0.03239637046735703
    },
    "hendrycksTest-professional_psychology": {
      "acc": 0.26143790849673204,
      "acc_stderr": 0.017776947157528037,
      "acc_norm": 0.2581699346405229,
      "acc_norm_stderr": 0.017704531653250075
    },
    "hendrycksTest-high_school_us_history": {
      "acc": 0.3137254901960784,
      "acc_stderr": 0.03256685484460388,
      "acc_norm": 0.27450980392156865,
      "acc_norm_stderr": 0.03132179803083292
    },
    "hendrycksTest-high_school_physics": {
      "acc": 0.2251655629139073,
      "acc_stderr": 0.03410435282008937,
      "acc_norm": 0.23178807947019867,
      "acc_norm_stderr": 0.03445406271987053
    },
    "hendrycksTest-public_relations": {
      "acc": 0.23636363636363636,
      "acc_stderr": 0.04069306319721376,
      "acc_norm": 0.2,
      "acc_norm_stderr": 0.038313051408846034
    },
    "hendrycksTest-marketing": {
      "acc": 0.2948717948717949,
      "acc_stderr": 0.029872577708891148,
      "acc_norm": 0.3333333333333333,
      "acc_norm_stderr": 0.03088273697413864
    },
    "hendrycksTest-college_computer_science": {
      "acc": 0.3,
      "acc_stderr": 0.046056618647183814,
      "acc_norm": 0.25,
      "acc_norm_stderr": 0.04351941398892446
    },
    "arc_easy": {
      "acc": 0.44823232323232326,
      "acc_stderr": 0.01020464512685693,
      "acc_norm": 0.4031986531986532,
      "acc_norm_stderr": 0.010065668576794789
    },
    "wsc": {
      "acc": 0.375,
      "acc_stderr": 0.04770204856076104
    },
    "hendrycksTest-high_school_european_history": {
      "acc": 0.24848484848484848,
      "acc_stderr": 0.03374402644139404,
      "acc_norm": 0.34545454545454546,
      "acc_norm_stderr": 0.037131580674819135
    },
    "hendrycksTest-miscellaneous": {
      "acc": 0.2503192848020434,
      "acc_stderr": 0.01549108895149459,
      "acc_norm": 0.24648786717752236,
      "acc_norm_stderr": 0.015411308769686929
    },
    "hendrycksTest-college_mathematics": {
      "acc": 0.2,
      "acc_stderr": 0.04020151261036845,
      "acc_norm": 0.27,
      "acc_norm_stderr": 0.044619604333847394
    },
    "hendrycksTest-elementary_mathematics": {
      "acc": 0.21428571428571427,
      "acc_stderr": 0.02113285918275444,
      "acc_norm": 0.21957671957671956,
      "acc_norm_stderr": 0.02132001859977037
    },
    "hendrycksTest-international_law": {
      "acc": 0.12396694214876033,
      "acc_stderr": 0.03008309871603522,
      "acc_norm": 0.4628099173553719,
      "acc_norm_stderr": 0.04551711196104218
    },
    "hendrycksTest-anatomy": {
      "acc": 0.18518518518518517,
      "acc_stderr": 0.03355677216313142,
      "acc_norm": 0.1925925925925926,
      "acc_norm_stderr": 0.0340654205850265
    },
    "hendrycksTest-econometrics": {
      "acc": 0.23684210526315788,
      "acc_stderr": 0.03999423879281335,
      "acc_norm": 0.21929824561403508,
      "acc_norm_stderr": 0.03892431106518754
    },
    "hendrycksTest-high_school_chemistry": {
      "acc": 0.17733990147783252,
      "acc_stderr": 0.026874337276808342,
      "acc_norm": 0.22167487684729065,
      "acc_norm_stderr": 0.029225575892489614
    },
    "hendrycksTest-college_medicine": {
      "acc": 0.19653179190751446,
      "acc_stderr": 0.030299574664788147,
      "acc_norm": 0.23121387283236994,