{
  "results": {
    "hendrycksTest-security_studies": {
      "acc": 0.27346938775510204,
      "acc_stderr": 0.028535560337128448,
      "acc_norm": 0.2653061224489796,
      "acc_norm_stderr": 0.028263889943784596
    },
    "hendrycksTest-high_school_physics": {
      "acc": 0.23841059602649006,
      "acc_stderr": 0.034791855725996586,
      "acc_norm": 0.23178807947019867,
      "acc_norm_stderr": 0.034454062719870546
    },
    "hendrycksTest-high_school_psychology": {
      "acc": 0.20550458715596331,
      "acc_stderr": 0.017324352325016015,
      "acc_norm": 0.22568807339449543,
      "acc_norm_stderr": 0.017923087667803053
    },
    "hendrycksTest-high_school_chemistry": {
      "acc": 0.17733990147783252,
      "acc_stderr": 0.026874337276808345,
      "acc_norm": 0.26108374384236455,
      "acc_norm_stderr": 0.030903796952114475
    },
    "hendrycksTest-professional_psychology": {
      "acc": 0.24673202614379086,
      "acc_stderr": 0.017440820367402497,
      "acc_norm": 0.26633986928104575,
      "acc_norm_stderr": 0.017883188134667178
    },
    "hendrycksTest-sociology": {
      "acc": 0.32338308457711445,
      "acc_stderr": 0.033076159479790354,
      "acc_norm": 0.29850746268656714,
      "acc_norm_stderr": 0.03235743789355043
    },
    "hendrycksTest-world_religions": {
      "acc": 0.2982456140350877,
      "acc_stderr": 0.03508771929824564,
      "acc_norm": 0.3684210526315789,
      "acc_norm_stderr": 0.036996580176568775
    },
    "piqa": {
      "acc": 0.705114254624592,
      "acc_stderr": 0.010639030620157003,
      "acc_norm": 0.70620239390642,
      "acc_norm_stderr": 0.010627574080514813
    },
    "hendrycksTest-abstract_algebra": {
      "acc": 0.21,
      "acc_stderr": 0.040936018074033256,
      "acc_norm": 0.26,
      "acc_norm_stderr": 0.04408440022768078
    },
    "hendrycksTest-jurisprudence": {
      "acc": 0.24074074074074073,
      "acc_stderr": 0.0413311944024384,
      "acc_norm": 0.39814814814814814,
      "acc_norm_stderr": 0.047323326159788154
    },
    "hendrycksTest-high_school_government_and_politics": {
      "acc": 0.18652849740932642,
      "acc_stderr": 0.028112091210117447,
      "acc_norm": 0.2538860103626943,
      "acc_norm_stderr": 0.03141024780565319
    },
    "hendrycksTest-public_relations": {
      "acc": 0.2909090909090909,
      "acc_stderr": 0.04350271442923243,
      "acc_norm": 0.24545454545454545,
      "acc_norm_stderr": 0.04122066502878284
    },
    "hendrycksTest-high_school_computer_science": {
      "acc": 0.28,
      "acc_stderr": 0.04512608598542127,
      "acc_norm": 0.28,
      "acc_norm_stderr": 0.04512608598542128
    },
    "hendrycksTest-professional_medicine": {
      "acc": 0.22058823529411764,
      "acc_stderr": 0.02518778666022725,
      "acc_norm": 0.22058823529411764,
      "acc_norm_stderr": 0.025187786660227262
    },
    "hendrycksTest-formal_logic": {
      "acc": 0.3253968253968254,
      "acc_stderr": 0.04190596438871137,
      "acc_norm": 0.30952380952380953,
      "acc_norm_stderr": 0.04134913018303316
    },
    "hendrycksTest-computer_security": {
      "acc": 0.22,
      "acc_stderr": 0.0416333199893227,
      "acc_norm": 0.28,
      "acc_norm_stderr": 0.04512608598542128
    },
    "hendrycksTest-college_physics": {
      "acc": 0.19607843137254902,
      "acc_stderr": 0.03950581861179964,
      "acc_norm": 0.2647058823529412,
      "acc_norm_stderr": 0.04389869956808779
    },
    "wsc": {
      "acc": 0.36538461538461536,
      "acc_stderr": 0.0474473339327792
    },
    "logiqa": {
      "acc": 0.21044546850998463,
      "acc_stderr": 0.015988369488888748,
      "acc_norm": 0.2749615975422427,
      "acc_norm_stderr": 0.01751297178222522
    },
    "hendrycksTest-high_school_macroeconomics": {
      "acc": 0.22564102564102564,
      "acc_stderr": 0.021193632525148522,
      "acc_norm": 0.23846153846153847,
      "acc_norm_stderr": 0.021606294494647727
    },
    "hendrycksTest-virology": {
      "acc": 0.2710843373493976,
      "acc_stderr": 0.03460579907553027,
      "acc_norm": 0.29518072289156627,
      "acc_norm_stderr": 0.0355092018568963
    },
    "hendrycksTest-machine_learning": {
      "acc": 0.32142857142857145,
      "acc_stderr": 0.04432804055291519,
      "acc_norm": 0.25,
      "acc_norm_stderr": 0.04109974682633932
    },
    "hendrycksTest-high_school_microeconomics": {
      "acc": 0.23949579831932774,
      "acc_stderr": 0.027722065493361276,
      "acc_norm": 0.33613445378151263,
      "acc_norm_stderr": 0.030684737115135363
    },
    "hendrycksTest-moral_disputes": {
      "acc": 0.21965317919075145,
      "acc_stderr": 0.022289638852617893,
      "acc_norm": 0.2947976878612717,
      "acc_norm_stderr": 0.024547617794803838
    },
    "hendrycksTest-econometrics": {
      "acc": 0.2631578947368421,
      "acc_stderr": 0.041424397194893624,
      "acc_norm": 0.2631578947368421,
      "acc_norm_stderr": 0.04142439719489362
    },
    "hendrycksTest-astronomy": {
      "acc": 0.21052631578947367,
      "acc_stderr": 0.03317672787533157,
      "acc_norm": 0.3157894736842105,
      "acc_norm_stderr": 0.0378272898086547
    },
    "hendrycksTest-high_school_geography": {
      "acc": 0.21212121212121213,
      "acc_stderr": 0.02912652283458682,
      "acc_norm": 0.2878787878787879,
      "acc_norm_stderr": 0.03225883512300992
    },
    "hendrycksTest-college_chemistry": {
      "acc": 0.24,
      "acc_stderr": 0.04292346959909282,
      "acc_norm": 0.28,
      "acc_norm_stderr": 0.04512608598542127
    },
    "hendrycksTest-nutrition": {
      "acc": 0.2581699346405229,
      "acc_stderr": 0.025058503316958157,
      "acc_norm": 0.3431372549019608,
      "acc_norm_stderr": 0.027184498909941613
    },
    "hendrycksTest-human_aging": {
      "acc": 0.29596412556053814,
      "acc_stderr": 0.030636591348699813,
      "acc_norm": 0.273542600896861,
      "acc_norm_stderr": 0.029918586707798824
    },
    "hendrycksTest-business_ethics": {
      "acc": 0.35,
      "acc_stderr": 0.047937248544110196,
      "acc_norm": 0.26,
      "acc_norm_stderr": 0.04408440022768077
    },
    "hendrycksTest-conceptual_physics": {
      "acc": 0.2680851063829787,
      "acc_stderr": 0.028957342788342347,
      "acc_norm": 0.17872340425531916,
      "acc_norm_stderr": 0.025045373272050978
    },
    "hendrycksTest-college_mathematics": {
      "acc": 0.2,
      "acc_stderr": 0.040201512610368445,
      "acc_norm": 0.25,
      "acc_norm_stderr": 0.04351941398892446
    },
    "hendrycksTest-moral_scenarios": {
      "acc": 0.23798882681564246,
      "acc_stderr": 0.014242630070574915,
      "acc_norm": 0.27262569832402234,
      "acc_norm_stderr": 0.014893391735249598
    },
    "hendrycksTest-management": {
      "acc": 0.1650485436893204,
      "acc_stderr": 0.036756688322331886,
      "acc_norm": 0.21359223300970873,
      "acc_norm_stderr": 0.04058042015646033
    },
    "hendrycksTest-anatomy": {
      "acc": 0.1925925925925926,
      "acc_stderr": 0.03406542058502653,
      "acc_norm": 0.23703703703703705,
      "acc_norm_stderr": 0.03673731683969506
    },
    "hendrycksTest-us_foreign_policy": {
      "acc": 0.37,
      "acc_stderr": 0.04852365870939099,
      "acc_norm": 0.38,
      "acc_norm_stderr": 0.048783173121456316
    },
    "hendrycksTest-global_facts": {
      "acc": 0.23,
      "acc_stderr": 0.04229525846816508,
      "acc_norm": 0.22,
      "acc_norm_stderr": 0.04163331998932269
    },
    "hendrycksTest-college_medicine": {
      "acc": 0.20809248554913296,
      "acc_stderr": 0.030952890217749884,
      "acc_norm": 0.24855491329479767,
      "acc_norm_stderr": 0.03295304696818318
    },
    "hendrycksTest-elementary_mathematics": {
      "acc": 0.23015873015873015,
      "acc_stderr": 0.02167921966369314,
      "acc_norm": 0.25132275132275134,
      "acc_norm_stderr": 0.022340482339643895
    },
    "hendrycksTest-high_school_european_history": {
      "acc": 0.2606060606060606,
      "acc_stderr": 0.03427743175816524,