{
  "results": {
    "hendrycksTest-high_school_biology": {
      "acc": 0.2032258064516129,
      "acc_stderr": 0.02289168798455496,
      "acc_norm": 0.25161290322580643,
      "acc_norm_stderr": 0.024685979286239963
    },
    "arc_easy": {
      "acc": 0.5635521885521886,
      "acc_stderr": 0.010176569980111043,
      "acc_norm": 0.5071548821548821,
      "acc_norm_stderr": 0.010258733022446368
    },
    "hendrycksTest-high_school_microeconomics": {
      "acc": 0.21008403361344538,
      "acc_stderr": 0.026461398717471874,
      "acc_norm": 0.3235294117647059,
      "acc_norm_stderr": 0.03038835355188684
    },
    "hendrycksTest-high_school_computer_science": {
      "acc": 0.23,
      "acc_stderr": 0.04229525846816505,
      "acc_norm": 0.35,
      "acc_norm_stderr": 0.047937248544110196
    },
    "winogrande": {
      "acc": 0.5359116022099447,
      "acc_stderr": 0.014016193433958308
    },
    "hendrycksTest-high_school_world_history": {
      "acc": 0.26582278481012656,
      "acc_stderr": 0.02875679962965834,
      "acc_norm": 0.25738396624472576,
      "acc_norm_stderr": 0.02845882099146029
    },
    "hendrycksTest-machine_learning": {
      "acc": 0.25892857142857145,
      "acc_stderr": 0.041577515398656284,
      "acc_norm": 0.2767857142857143,
      "acc_norm_stderr": 0.04246624336697624
    },
    "hendrycksTest-management": {
      "acc": 0.17475728155339806,
      "acc_stderr": 0.03760178006026621,
      "acc_norm": 0.21359223300970873,
      "acc_norm_stderr": 0.04058042015646033
    },
    "hendrycksTest-moral_disputes": {
      "acc": 0.24566473988439305,
      "acc_stderr": 0.02317629820399201,
      "acc_norm": 0.3063583815028902,
      "acc_norm_stderr": 0.024818350129436593
    },
    "hendrycksTest-human_sexuality": {
      "acc": 0.31297709923664124,
      "acc_stderr": 0.04066962905677698,
      "acc_norm": 0.24427480916030533,
      "acc_norm_stderr": 0.03768335959728744
    },
    "hendrycksTest-miscellaneous": {
      "acc": 0.27458492975734355,
      "acc_stderr": 0.015959829933084032,
      "acc_norm": 0.2669220945083014,
      "acc_norm_stderr": 0.015818450894777555
    },
    "hendrycksTest-clinical_knowledge": {
      "acc": 0.2188679245283019,
      "acc_stderr": 0.02544786382510862,
      "acc_norm": 0.3018867924528302,
      "acc_norm_stderr": 0.02825420034443866
    },
    "hendrycksTest-college_biology": {
      "acc": 0.2569444444444444,
      "acc_stderr": 0.03653946969442099,
      "acc_norm": 0.22916666666666666,
      "acc_norm_stderr": 0.035146974678623884
    },
    "hendrycksTest-professional_accounting": {
      "acc": 0.24822695035460993,
      "acc_stderr": 0.025770015644290382,
      "acc_norm": 0.24113475177304963,
      "acc_norm_stderr": 0.02551873104953776
    },
    "hendrycksTest-high_school_psychology": {
      "acc": 0.21834862385321102,
      "acc_stderr": 0.01771260052872273,
      "acc_norm": 0.23669724770642203,
      "acc_norm_stderr": 0.01822407811729908
    },
    "hendrycksTest-marketing": {
      "acc": 0.3162393162393162,
      "acc_stderr": 0.03046365674734024,
      "acc_norm": 0.32905982905982906,
      "acc_norm_stderr": 0.03078232157768816
    },
    "hendrycksTest-econometrics": {
      "acc": 0.2807017543859649,
      "acc_stderr": 0.04227054451232201,
      "acc_norm": 0.2631578947368421,
      "acc_norm_stderr": 0.04142439719489362
    },
    "hendrycksTest-elementary_mathematics": {
      "acc": 0.2037037037037037,
      "acc_stderr": 0.02074274056012265,
      "acc_norm": 0.24338624338624337,
      "acc_norm_stderr": 0.02210112878741543
    },
    "hendrycksTest-security_studies": {
      "acc": 0.2857142857142857,
      "acc_stderr": 0.0289205832206756,
      "acc_norm": 0.2897959183673469,
      "acc_norm_stderr": 0.029043088683304328
    },
    "hendrycksTest-abstract_algebra": {
      "acc": 0.22,
      "acc_stderr": 0.04163331998932269,
      "acc_norm": 0.22,
      "acc_norm_stderr": 0.0416333199893227
    },
    "hendrycksTest-anatomy": {
      "acc": 0.17777777777777778,
      "acc_stderr": 0.03302789859901719,
      "acc_norm": 0.21481481481481482,
      "acc_norm_stderr": 0.035478541985608264
    },
    "hendrycksTest-high_school_us_history": {
      "acc": 0.24509803921568626,
      "acc_stderr": 0.030190282453501947,
      "acc_norm": 0.29901960784313725,
      "acc_norm_stderr": 0.03213325717373616
    },
    "hendrycksTest-professional_medicine": {
      "acc": 0.20955882352941177,
      "acc_stderr": 0.02472311040767708,
      "acc_norm": 0.21691176470588236,
      "acc_norm_stderr": 0.025035845227711257
    },
    "hendrycksTest-high_school_government_and_politics": {
      "acc": 0.19689119170984457,
      "acc_stderr": 0.028697873971860667,
      "acc_norm": 0.24352331606217617,
      "acc_norm_stderr": 0.030975436386845426
    },
    "hendrycksTest-us_foreign_policy": {
      "acc": 0.34,
      "acc_stderr": 0.04760952285695236,
      "acc_norm": 0.31,
      "acc_norm_stderr": 0.046482319871173156
    },
    "hendrycksTest-high_school_geography": {
      "acc": 0.21717171717171718,
      "acc_stderr": 0.029376616484945633,
      "acc_norm": 0.29292929292929293,
      "acc_norm_stderr": 0.03242497958178816
    },
    "hendrycksTest-professional_psychology": {
      "acc": 0.2434640522875817,
      "acc_stderr": 0.017362473762146634,
      "acc_norm": 0.2696078431372549,
      "acc_norm_stderr": 0.017952449196987862
    },
    "hendrycksTest-public_relations": {
      "acc": 0.2727272727272727,
      "acc_stderr": 0.04265792110940589,
      "acc_norm": 0.24545454545454545,
      "acc_norm_stderr": 0.04122066502878284
    },
    "hendrycksTest-international_law": {
      "acc": 0.2066115702479339,
      "acc_stderr": 0.03695980128098825,
      "acc_norm": 0.4793388429752066,
      "acc_norm_stderr": 0.04560456086387235
    },
    "hendrycksTest-high_school_european_history": {
      "acc": 0.2545454545454545,
      "acc_stderr": 0.03401506715249039,
      "acc_norm": 0.296969696969697,
      "acc_norm_stderr": 0.03567969772268049
    },
    "hendrycksTest-sociology": {
      "acc": 0.32338308457711445,
      "acc_stderr": 0.03307615947979035,
      "acc_norm": 0.31343283582089554,
      "acc_norm_stderr": 0.03280188205348643
    },
    "hendrycksTest-world_religions": {
      "acc": 0.2982456140350877,
      "acc_stderr": 0.03508771929824564,
      "acc_norm": 0.3391812865497076,
      "acc_norm_stderr": 0.036310534964889056
    },
    "hendrycksTest-high_school_physics": {
      "acc": 0.23841059602649006,
      "acc_stderr": 0.0347918557259966,
      "acc_norm": 0.25165562913907286,
      "acc_norm_stderr": 0.035433042343899844
    },
    "hendrycksTest-philosophy": {
      "acc": 0.21221864951768488,
      "acc_stderr": 0.02322275679743514,
      "acc_norm": 0.28938906752411575,
      "acc_norm_stderr": 0.025755865922632924
    },
    "hendrycksTest-electrical_engineering": {
      "acc": 0.2689655172413793,
      "acc_stderr": 0.036951833116502325,
      "acc_norm": 0.32413793103448274,
      "acc_norm_stderr": 0.03900432069185555
    },
    "piqa": {
      "acc": 0.6958650707290533,
      "acc_stderr": 0.010733493335721324,
      "acc_norm": 0.6969532100108814,
      "acc_norm_stderr": 0.01072264868953151
    },
    "hendrycksTest-nutrition": {
      "acc": 0.25163398692810457,
      "acc_stderr": 0.0248480182638752,
      "acc_norm": 0.35947712418300654,
      "acc_norm_stderr": 0.027475969910660952
    },
    "hendrycksTest-high_school_mathematics": {
      "acc": 0.2111111111111111,
      "acc_stderr": 0.024882116857655078,
      "acc_norm": 0.26296296296296295,
      "acc_norm_stderr": 0.02684205787383371
    },
    "hendrycksTest-medical_genetics": {
      "acc": 0.24,
      "acc_stderr": 0.04292346959909283,
      "acc_norm": 0.35,
      "acc_norm_stderr": 0.047937248544110196
    },
    "hendrycksTest-virology": {
      "acc": 0.26506024096385544,
      "acc_stderr": 0.03436024037944967,
      "acc_norm": 0.2891566265060241,