{
  "results": {
    "hendrycksTest-college_physics": {
      "acc": 0.27450980392156865,
      "acc_stderr": 0.04440521906179327,
      "acc_norm": 0.29411764705882354,
      "acc_norm_stderr": 0.04533838195929774
    },
    "hendrycksTest-college_computer_science": {
      "acc": 0.22,
      "acc_stderr": 0.04163331998932269,
      "acc_norm": 0.35,
      "acc_norm_stderr": 0.04793724854411019
    },
    "hendrycksTest-high_school_macroeconomics": {
      "acc": 0.2564102564102564,
      "acc_stderr": 0.02213908110397153,
      "acc_norm": 0.2794871794871795,
      "acc_norm_stderr": 0.022752388839776823
    },
    "hendrycksTest-business_ethics": {
      "acc": 0.37,
      "acc_stderr": 0.048523658709391,
      "acc_norm": 0.24,
      "acc_norm_stderr": 0.04292346959909283
    },
    "hendrycksTest-college_chemistry": {
      "acc": 0.26,
      "acc_stderr": 0.04408440022768077,
      "acc_norm": 0.31,
      "acc_norm_stderr": 0.04648231987117316
    },
    "hendrycksTest-high_school_geography": {
      "acc": 0.18686868686868688,
      "acc_stderr": 0.027772533334218967,
      "acc_norm": 0.24242424242424243,
      "acc_norm_stderr": 0.030532892233932022
    },
    "hendrycksTest-security_studies": {
      "acc": 0.27755102040816326,
      "acc_stderr": 0.028666857790274648,
      "acc_norm": 0.2816326530612245,
      "acc_norm_stderr": 0.028795185574291293
    },
    "hendrycksTest-us_foreign_policy": {
      "acc": 0.35,
      "acc_stderr": 0.0479372485441102,
      "acc_norm": 0.36,
      "acc_norm_stderr": 0.04824181513244218
    },
    "hendrycksTest-college_medicine": {
      "acc": 0.21965317919075145,
      "acc_stderr": 0.031568093627031744,
      "acc_norm": 0.23121387283236994,
      "acc_norm_stderr": 0.032147373020294696
    },
    "hendrycksTest-management": {
      "acc": 0.18446601941747573,
      "acc_stderr": 0.03840423627288276,
      "acc_norm": 0.23300970873786409,
      "acc_norm_stderr": 0.04185832598928315
    },
    "hendrycksTest-jurisprudence": {
      "acc": 0.24074074074074073,
      "acc_stderr": 0.0413311944024384,
      "acc_norm": 0.39814814814814814,
      "acc_norm_stderr": 0.04732332615978815
    },
    "hendrycksTest-philosophy": {
      "acc": 0.2057877813504823,
      "acc_stderr": 0.022961339906764237,
      "acc_norm": 0.2765273311897106,
      "acc_norm_stderr": 0.025403832978179622
    },
    "hendrycksTest-anatomy": {
      "acc": 0.22962962962962963,
      "acc_stderr": 0.03633384414073465,
      "acc_norm": 0.1925925925925926,
      "acc_norm_stderr": 0.03406542058502651
    },
    "hendrycksTest-international_law": {
      "acc": 0.2396694214876033,
      "acc_stderr": 0.03896878985070417,
      "acc_norm": 0.4214876033057851,
      "acc_norm_stderr": 0.045077322787750944
    },
    "hendrycksTest-sociology": {
      "acc": 0.34328358208955223,
      "acc_stderr": 0.03357379665433432,
      "acc_norm": 0.2935323383084577,
      "acc_norm_stderr": 0.032200241045342054
    },
    "hendrycksTest-electrical_engineering": {
      "acc": 0.2896551724137931,
      "acc_stderr": 0.037800192304380135,
      "acc_norm": 0.31724137931034485,
      "acc_norm_stderr": 0.03878352372138622
    },
    "hendrycksTest-high_school_biology": {
      "acc": 0.2129032258064516,
      "acc_stderr": 0.023287665127268545,
      "acc_norm": 0.267741935483871,
      "acc_norm_stderr": 0.025189006660212385
    },
    "wsc": {
      "acc": 0.36538461538461536,
      "acc_stderr": 0.0474473339327792
    },
    "hendrycksTest-high_school_us_history": {
      "acc": 0.30392156862745096,
      "acc_stderr": 0.032282103870378914,
      "acc_norm": 0.29411764705882354,
      "acc_norm_stderr": 0.03198001660115072
    },
    "hendrycksTest-virology": {
      "acc": 0.2891566265060241,
      "acc_stderr": 0.03529486801511115,
      "acc_norm": 0.2710843373493976,
      "acc_norm_stderr": 0.034605799075530276
    },
    "sciq": {
      "acc": 0.856,
      "acc_stderr": 0.011107987548939149,
      "acc_norm": 0.804,
      "acc_norm_stderr": 0.012559527926707375
    },
    "hendrycksTest-moral_scenarios": {
      "acc": 0.24916201117318434,
      "acc_stderr": 0.014465893829859926,
      "acc_norm": 0.28268156424581004,
      "acc_norm_stderr": 0.015060381730018063
    },
    "hendrycksTest-human_aging": {
      "acc": 0.29596412556053814,
      "acc_stderr": 0.03063659134869981,
      "acc_norm": 0.3004484304932735,
      "acc_norm_stderr": 0.030769352008229146
    },
    "piqa": {
      "acc": 0.690424374319913,
      "acc_stderr": 0.010786656752183344,
      "acc_norm": 0.6877040261153428,
      "acc_norm_stderr": 0.010812581599154424
    },
    "hendrycksTest-computer_security": {
      "acc": 0.29,
      "acc_stderr": 0.04560480215720684,
      "acc_norm": 0.34,
      "acc_norm_stderr": 0.04760952285695235
    },
    "hendrycksTest-high_school_mathematics": {
      "acc": 0.18518518518518517,
      "acc_stderr": 0.023684075585322678,
      "acc_norm": 0.26666666666666666,
      "acc_norm_stderr": 0.026962424325073824
    },
    "hendrycksTest-high_school_computer_science": {
      "acc": 0.23,
      "acc_stderr": 0.042295258468165044,
      "acc_norm": 0.33,
      "acc_norm_stderr": 0.04725815626252605
    },
    "hendrycksTest-clinical_knowledge": {
      "acc": 0.23773584905660378,
      "acc_stderr": 0.026199808807561918,
      "acc_norm": 0.3132075471698113,
      "acc_norm_stderr": 0.028544793319055326
    },
    "hendrycksTest-professional_accounting": {
      "acc": 0.2695035460992908,
      "acc_stderr": 0.026469036818590617,
      "acc_norm": 0.2553191489361702,
      "acc_norm_stderr": 0.026011992930902006
    },
    "winogrande": {
      "acc": 0.5280189423835833,
      "acc_stderr": 0.014030404213405786
    },
    "hendrycksTest-high_school_microeconomics": {
      "acc": 0.22268907563025211,
      "acc_stderr": 0.02702543349888236,
      "acc_norm": 0.28991596638655465,
      "acc_norm_stderr": 0.02947248583313608
    },
    "hendrycksTest-professional_law": {
      "acc": 0.24771838331160365,
      "acc_stderr": 0.011025499291443738,
      "acc_norm": 0.2848761408083442,
      "acc_norm_stderr": 0.011527830846369
    },
    "hendrycksTest-world_religions": {
      "acc": 0.29239766081871343,
      "acc_stderr": 0.03488647713457922,
      "acc_norm": 0.36257309941520466,
      "acc_norm_stderr": 0.0368713061556206
    },
    "hendrycksTest-econometrics": {
      "acc": 0.22807017543859648,
      "acc_stderr": 0.03947152782669415,
      "acc_norm": 0.22807017543859648,
      "acc_norm_stderr": 0.03947152782669415
    },
    "hendrycksTest-conceptual_physics": {
      "acc": 0.2553191489361702,
      "acc_stderr": 0.028504856470514192,
      "acc_norm": 0.20851063829787234,
      "acc_norm_stderr": 0.026556982117838718
    },
    "hendrycksTest-formal_logic": {
      "acc": 0.2857142857142857,
      "acc_stderr": 0.04040610178208841,
      "acc_norm": 0.2777777777777778,
      "acc_norm_stderr": 0.040061680838488774
    },
    "hendrycksTest-marketing": {
      "acc": 0.3034188034188034,
      "acc_stderr": 0.03011821010694267,
      "acc_norm": 0.3717948717948718,
      "acc_norm_stderr": 0.03166098891888077
    },
    "hendrycksTest-medical_genetics": {
      "acc": 0.26,
      "acc_stderr": 0.04408440022768076,
      "acc_norm": 0.35,
      "acc_norm_stderr": 0.047937248544110196
    },
    "hendrycksTest-elementary_mathematics": {
      "acc": 0.21164021164021163,
      "acc_stderr": 0.021037331505262883,
      "acc_norm": 0.24338624338624337,
      "acc_norm_stderr": 0.022101128787415436
    },
    "logiqa": {
      "acc": 0.2196620583717358,
      "acc_stderr": 0.016239109414933933,
      "acc_norm": 0.26574500768049153,
      "acc_norm_stderr": 0.017326040808935694
    },
    "hendrycksTest-college_mathematics": {
      "acc": 0.21,
      "acc_stderr": 0.040936018074033256,
      "acc_norm": 0.26,
      "acc_norm_stderr": 0.0440844002276808
    },