{
  "results": {
    "hendrycksTest-management": {
      "acc": 0.1553398058252427,
      "acc_stderr": 0.03586594738573973,
      "acc_norm": 0.21359223300970873,
      "acc_norm_stderr": 0.040580420156460344
    },
    "hendrycksTest-college_mathematics": {
      "acc": 0.23,
      "acc_stderr": 0.04229525846816505,
      "acc_norm": 0.25,
      "acc_norm_stderr": 0.04351941398892446
    },
    "hendrycksTest-world_religions": {
      "acc": 0.30994152046783624,
      "acc_stderr": 0.035469769593931624,
      "acc_norm": 0.3742690058479532,
      "acc_norm_stderr": 0.03711601185389481
    },
    "hendrycksTest-computer_security": {
      "acc": 0.23,
      "acc_stderr": 0.04229525846816507,
      "acc_norm": 0.31,
      "acc_norm_stderr": 0.04648231987117316
    },
    "hendrycksTest-college_computer_science": {
      "acc": 0.27,
      "acc_stderr": 0.0446196043338474,
      "acc_norm": 0.26,
      "acc_norm_stderr": 0.0440844002276808
    },
    "hendrycksTest-prehistory": {
      "acc": 0.23765432098765432,
      "acc_stderr": 0.02368359183700855,
      "acc_norm": 0.22530864197530864,
      "acc_norm_stderr": 0.02324620264781975
    },
    "hendrycksTest-high_school_psychology": {
      "acc": 0.21834862385321102,
      "acc_stderr": 0.017712600528722724,
      "acc_norm": 0.22935779816513763,
      "acc_norm_stderr": 0.018025349724618684
    },
    "hendrycksTest-jurisprudence": {
      "acc": 0.23148148148148148,
      "acc_stderr": 0.04077494709252626,
      "acc_norm": 0.37962962962962965,
      "acc_norm_stderr": 0.04691521224077742
    },
    "hendrycksTest-international_law": {
      "acc": 0.24793388429752067,
      "acc_stderr": 0.03941897526516302,
      "acc_norm": 0.45454545454545453,
      "acc_norm_stderr": 0.04545454545454545
    },
    "hendrycksTest-clinical_knowledge": {
      "acc": 0.24150943396226415,
      "acc_stderr": 0.026341480371118362,
      "acc_norm": 0.3132075471698113,
      "acc_norm_stderr": 0.02854479331905533
    },
    "arc_easy": {
      "acc": 0.5757575757575758,
      "acc_stderr": 0.010141333654958548,
      "acc_norm": 0.5185185185185185,
      "acc_norm_stderr": 0.010252744217435626
    },
    "hendrycksTest-logical_fallacies": {
      "acc": 0.22085889570552147,
      "acc_stderr": 0.032591773927421776,
      "acc_norm": 0.3128834355828221,
      "acc_norm_stderr": 0.036429145782924055
    },
    "hendrycksTest-high_school_microeconomics": {
      "acc": 0.23529411764705882,
      "acc_stderr": 0.027553614467863804,
      "acc_norm": 0.3319327731092437,
      "acc_norm_stderr": 0.030588697013783667
    },
    "hendrycksTest-high_school_world_history": {
      "acc": 0.22784810126582278,
      "acc_stderr": 0.027303484599069443,
      "acc_norm": 0.28270042194092826,
      "acc_norm_stderr": 0.029312814153955924
    },
    "hendrycksTest-college_physics": {
      "acc": 0.22549019607843138,
      "acc_stderr": 0.041583075330832865,
      "acc_norm": 0.2549019607843137,
      "acc_norm_stderr": 0.04336432707993177
    },
    "hendrycksTest-global_facts": {
      "acc": 0.21,
      "acc_stderr": 0.040936018074033256,
      "acc_norm": 0.21,
      "acc_norm_stderr": 0.040936018074033256
    },
    "hendrycksTest-machine_learning": {
      "acc": 0.22321428571428573,
      "acc_stderr": 0.039523019677025116,
      "acc_norm": 0.25892857142857145,
      "acc_norm_stderr": 0.04157751539865629
    },
    "hendrycksTest-security_studies": {
      "acc": 0.2816326530612245,
      "acc_stderr": 0.028795185574291293,
      "acc_norm": 0.27346938775510204,
      "acc_norm_stderr": 0.02853556033712844
    },
    "hendrycksTest-econometrics": {
      "acc": 0.2631578947368421,
      "acc_stderr": 0.04142439719489362,
      "acc_norm": 0.24561403508771928,
      "acc_norm_stderr": 0.04049339297748141
    },
    "hendrycksTest-high_school_computer_science": {
      "acc": 0.24,
      "acc_stderr": 0.04292346959909284,
      "acc_norm": 0.32,
      "acc_norm_stderr": 0.04688261722621503
    },
    "hendrycksTest-human_sexuality": {
      "acc": 0.32061068702290074,
      "acc_stderr": 0.04093329229834278,
      "acc_norm": 0.26717557251908397,
      "acc_norm_stderr": 0.03880848301082396
    },
    "hendrycksTest-professional_law": {
      "acc": 0.24315514993481094,
      "acc_stderr": 0.010956556654417375,
      "acc_norm": 0.28878748370273793,
      "acc_norm_stderr": 0.01157491475721997
    },
    "hendrycksTest-us_foreign_policy": {
      "acc": 0.37,
      "acc_stderr": 0.04852365870939099,
      "acc_norm": 0.36,
      "acc_norm_stderr": 0.04824181513244218
    },
    "sciq": {
      "acc": 0.859,
      "acc_stderr": 0.011010914595992443,
      "acc_norm": 0.827,
      "acc_norm_stderr": 0.011967214137559948
    },
    "hendrycksTest-conceptual_physics": {
      "acc": 0.2553191489361702,
      "acc_stderr": 0.0285048564705142,
      "acc_norm": 0.20851063829787234,
      "acc_norm_stderr": 0.026556982117838718
    },
    "winogrande": {
      "acc": 0.5422257300710339,
      "acc_stderr": 0.01400228450442244
    },
    "hendrycksTest-astronomy": {
      "acc": 0.21052631578947367,
      "acc_stderr": 0.03317672787533157,
      "acc_norm": 0.3815789473684211,
      "acc_norm_stderr": 0.03953173377749194
    },
    "hendrycksTest-moral_disputes": {
      "acc": 0.23699421965317918,
      "acc_stderr": 0.02289408248992599,
      "acc_norm": 0.3208092485549133,
      "acc_norm_stderr": 0.025131000233647897
    },
    "hendrycksTest-miscellaneous": {
      "acc": 0.26053639846743293,
      "acc_stderr": 0.015696008563807092,
      "acc_norm": 0.26436781609195403,
      "acc_norm_stderr": 0.01576998484069052
    },
    "hendrycksTest-philosophy": {
      "acc": 0.2057877813504823,
      "acc_stderr": 0.02296133990676424,
      "acc_norm": 0.2958199356913183,
      "acc_norm_stderr": 0.025922371788818795
    },
    "hendrycksTest-professional_psychology": {
      "acc": 0.25326797385620914,
      "acc_stderr": 0.01759348689536683,
      "acc_norm": 0.2647058823529412,
      "acc_norm_stderr": 0.01784808957491322
    },
    "hendrycksTest-high_school_geography": {
      "acc": 0.23232323232323232,
      "acc_stderr": 0.030088629490217487,
      "acc_norm": 0.2676767676767677,
      "acc_norm_stderr": 0.03154449888270285
    },
    "hendrycksTest-high_school_biology": {
      "acc": 0.21935483870967742,
      "acc_stderr": 0.023540799358723292,
      "acc_norm": 0.25806451612903225,
      "acc_norm_stderr": 0.02489246917246283
    },
    "logiqa": {
      "acc": 0.21812596006144394,
      "acc_stderr": 0.01619814925841932,
      "acc_norm": 0.28110599078341014,
      "acc_norm_stderr": 0.017632374626460005
    },
    "hendrycksTest-nutrition": {
      "acc": 0.24509803921568626,
      "acc_stderr": 0.024630048979824768,
      "acc_norm": 0.3333333333333333,
      "acc_norm_stderr": 0.02699254433929723
    },
    "lambada_openai": {
      "ppl": 7.4103551591269685,
      "ppl_stderr": 0.19472954591806743,
      "acc": 0.5761692218125364,
      "acc_stderr": 0.006884673454916896
    },
    "hendrycksTest-formal_logic": {
      "acc": 0.2857142857142857,
      "acc_stderr": 0.04040610178208841,
      "acc_norm": 0.30158730158730157,
      "acc_norm_stderr": 0.04104947269903394
    },
    "hendrycksTest-electrical_engineering": {
      "acc": 0.296551724137931,
      "acc_stderr": 0.03806142687309994,
      "acc_norm": 0.3103448275862069,
      "acc_norm_stderr": 0.038552896163789485
    },
    "piqa": {
      "acc": 0.7007616974972797,
      "acc_stderr": 0.01068413067313458,
      "acc_norm": 0.7034820457018498,
      "acc_norm_stderr": 0.010656078922661141
    },
    "hendrycksTest-elementary_mathematics": {
      "acc": 0.24074074074074073,
      "acc_stderr": 0.02201908001221789,
      "acc_norm": 0.25132275132275134,
      "acc_norm_stderr": 0.022340482339643895
    },
    "hendrycksTest-business_ethics": {
      "acc": 0.37,
      "acc_stderr": 0.048523658709391,
      "acc_norm": 0.24,