{
  "results": {
    "piqa": {
      "acc": 0.6898803046789989,
      "acc_stderr": 0.010791876566843042,
      "acc_norm": 0.6953210010881393,
      "acc_norm_stderr": 0.010738889044325161
    },
    "hendrycksTest-human_aging": {
      "acc": 0.30493273542600896,
      "acc_stderr": 0.030898610882477518,
      "acc_norm": 0.22869955156950672,
      "acc_norm_stderr": 0.028188240046929196
    },
    "winogrande": {
      "acc": 0.5367008681925809,
      "acc_stderr": 0.01401457845884326
    },
    "hendrycksTest-professional_accounting": {
      "acc": 0.24468085106382978,
      "acc_stderr": 0.025645553622266733,
      "acc_norm": 0.24113475177304963,
      "acc_norm_stderr": 0.025518731049537766
    },
    "hendrycksTest-clinical_knowledge": {
      "acc": 0.21132075471698114,
      "acc_stderr": 0.025125766484827842,
      "acc_norm": 0.32452830188679244,
      "acc_norm_stderr": 0.028815615713432118
    },
    "hendrycksTest-astronomy": {
      "acc": 0.20394736842105263,
      "acc_stderr": 0.032790004063100515,
      "acc_norm": 0.3618421052631579,
      "acc_norm_stderr": 0.03910525752849724
    },
    "hendrycksTest-global_facts": {
      "acc": 0.26,
      "acc_stderr": 0.04408440022768079,
      "acc_norm": 0.23,
      "acc_norm_stderr": 0.04229525846816507
    },
    "hendrycksTest-sociology": {
      "acc": 0.32338308457711445,
      "acc_stderr": 0.03307615947979035,
      "acc_norm": 0.32338308457711445,
      "acc_norm_stderr": 0.03307615947979033
    },
    "hendrycksTest-high_school_microeconomics": {
      "acc": 0.22268907563025211,
      "acc_stderr": 0.027025433498882378,
      "acc_norm": 0.33613445378151263,
      "acc_norm_stderr": 0.030684737115135356
    },
    "hendrycksTest-medical_genetics": {
      "acc": 0.25,
      "acc_stderr": 0.04351941398892446,
      "acc_norm": 0.3,
      "acc_norm_stderr": 0.046056618647183814
    },
    "hendrycksTest-miscellaneous": {
      "acc": 0.280970625798212,
      "acc_stderr": 0.016073127851221232,
      "acc_norm": 0.2669220945083014,
      "acc_norm_stderr": 0.015818450894777545
    },
    "hendrycksTest-college_computer_science": {
      "acc": 0.27,
      "acc_stderr": 0.0446196043338474,
      "acc_norm": 0.29,
      "acc_norm_stderr": 0.04560480215720684
    },
    "hendrycksTest-high_school_computer_science": {
      "acc": 0.24,
      "acc_stderr": 0.04292346959909284,
      "acc_norm": 0.3,
      "acc_norm_stderr": 0.046056618647183814
    },
    "hendrycksTest-high_school_government_and_politics": {
      "acc": 0.20725388601036268,
      "acc_stderr": 0.029252823291803617,
      "acc_norm": 0.24870466321243523,
      "acc_norm_stderr": 0.031195840877700286
    },
    "hendrycksTest-moral_scenarios": {
      "acc": 0.2558659217877095,
      "acc_stderr": 0.014593620923210723,
      "acc_norm": 0.2770949720670391,
      "acc_norm_stderr": 0.014968772435812147
    },
    "arc_easy": {
      "acc": 0.5547138047138047,
      "acc_stderr": 0.010198171137873873,
      "acc_norm": 0.5033670033670034,
      "acc_norm_stderr": 0.010259550893798932
    },
    "hendrycksTest-high_school_us_history": {
      "acc": 0.25980392156862747,
      "acc_stderr": 0.03077855467869326,
      "acc_norm": 0.30392156862745096,
      "acc_norm_stderr": 0.032282103870378914
    },
    "hendrycksTest-business_ethics": {
      "acc": 0.4,
      "acc_stderr": 0.04923659639173309,
      "acc_norm": 0.29,
      "acc_norm_stderr": 0.04560480215720684
    },
    "sciq": {
      "acc": 0.853,
      "acc_stderr": 0.011203415395160336,
      "acc_norm": 0.804,
      "acc_norm_stderr": 0.01255952792670737
    },
    "hendrycksTest-high_school_biology": {
      "acc": 0.22903225806451613,
      "acc_stderr": 0.02390491431178265,
      "acc_norm": 0.2709677419354839,
      "acc_norm_stderr": 0.02528441611490016
    },
    "hendrycksTest-professional_psychology": {
      "acc": 0.25326797385620914,
      "acc_stderr": 0.01759348689536683,
      "acc_norm": 0.2777777777777778,
      "acc_norm_stderr": 0.018120224251484594
    },
    "hendrycksTest-high_school_geography": {
      "acc": 0.2474747474747475,
      "acc_stderr": 0.030746300742124498,
      "acc_norm": 0.30303030303030304,
      "acc_norm_stderr": 0.03274287914026865
    },
    "hendrycksTest-college_medicine": {
      "acc": 0.2023121387283237,
      "acc_stderr": 0.03063114553919882,
      "acc_norm": 0.2543352601156069,
      "acc_norm_stderr": 0.0332055644308557
    },
    "hendrycksTest-security_studies": {
      "acc": 0.2938775510204082,
      "acc_stderr": 0.029162738410249776,
      "acc_norm": 0.2857142857142857,
      "acc_norm_stderr": 0.028920583220675602
    },
    "hendrycksTest-high_school_macroeconomics": {
      "acc": 0.23333333333333334,
      "acc_stderr": 0.02144454730156048,
      "acc_norm": 0.24102564102564103,
      "acc_norm_stderr": 0.02168554666533319
    },
    "hendrycksTest-virology": {
      "acc": 0.29518072289156627,
      "acc_stderr": 0.0355092018568963,
      "acc_norm": 0.28313253012048195,
      "acc_norm_stderr": 0.03507295431370518
    },
    "hendrycksTest-public_relations": {
      "acc": 0.3,
      "acc_stderr": 0.04389311454644287,
      "acc_norm": 0.23636363636363636,
      "acc_norm_stderr": 0.04069306319721378
    },
    "hendrycksTest-management": {
      "acc": 0.1650485436893204,
      "acc_stderr": 0.036756688322331886,
      "acc_norm": 0.20388349514563106,
      "acc_norm_stderr": 0.03989139859531772
    },
    "hendrycksTest-nutrition": {
      "acc": 0.24836601307189543,
      "acc_stderr": 0.024739981355113596,
      "acc_norm": 0.34967320261437906,
      "acc_norm_stderr": 0.0273053080762747
    },
    "hendrycksTest-professional_law": {
      "acc": 0.25749674054758803,
      "acc_stderr": 0.01116770601490414,
      "acc_norm": 0.29921773142112124,
      "acc_norm_stderr": 0.011695374630696052
    },
    "hendrycksTest-anatomy": {
      "acc": 0.2222222222222222,
      "acc_stderr": 0.0359144408419697,
      "acc_norm": 0.2518518518518518,
      "acc_norm_stderr": 0.03749850709174023
    },
    "hendrycksTest-professional_medicine": {
      "acc": 0.21323529411764705,
      "acc_stderr": 0.024880971512294268,
      "acc_norm": 0.22426470588235295,
      "acc_norm_stderr": 0.02533684856333238
    },
    "hendrycksTest-jurisprudence": {
      "acc": 0.24074074074074073,
      "acc_stderr": 0.0413311944024384,
      "acc_norm": 0.37037037037037035,
      "acc_norm_stderr": 0.04668408033024931
    },
    "hendrycksTest-econometrics": {
      "acc": 0.2631578947368421,
      "acc_stderr": 0.04142439719489362,
      "acc_norm": 0.2631578947368421,
      "acc_norm_stderr": 0.041424397194893624
    },
    "hendrycksTest-conceptual_physics": {
      "acc": 0.2723404255319149,
      "acc_stderr": 0.029101290698386708,
      "acc_norm": 0.2127659574468085,
      "acc_norm_stderr": 0.02675439134803976
    },
    "hendrycksTest-world_religions": {
      "acc": 0.30409356725146197,
      "acc_stderr": 0.03528211258245232,
      "acc_norm": 0.3684210526315789,
      "acc_norm_stderr": 0.036996580176568775
    },
    "hendrycksTest-high_school_statistics": {
      "acc": 0.24074074074074073,
      "acc_stderr": 0.029157522184605596,
      "acc_norm": 0.2962962962962963,
      "acc_norm_stderr": 0.031141447823536023
    },
    "hendrycksTest-machine_learning": {
      "acc": 0.26785714285714285,
      "acc_stderr": 0.04203277291467762,
      "acc_norm": 0.21428571428571427,
      "acc_norm_stderr": 0.03894641120044792
    },
    "hendrycksTest-computer_security": {
      "acc": 0.27,
      "acc_stderr": 0.04461960433384741,
      "acc_norm": 0.3,
      "acc_norm_stderr": 0.046056618647183814
    },
    "arc_challenge": {
      "acc": 0.24488054607508533,
      "acc_stderr": 0.012566273985131358,
      "acc_norm": 0.27559726962457337,
      "acc_norm_stderr": 0.013057169655761838
    },
    "hendrycksTest-high_school_world_history": {
      "acc": 0.270042194092827,
      "acc_stderr": 0.028900721906293426,