{
  "results": {
    "hendrycksTest-elementary_mathematics": {
      "acc": 0.23544973544973544,
      "acc_stderr": 0.021851509822031715,
      "acc_norm": 0.24867724867724866,
      "acc_norm_stderr": 0.02226181769240016
    },
    "hendrycksTest-high_school_computer_science": {
      "acc": 0.22,
      "acc_stderr": 0.0416333199893227,
      "acc_norm": 0.3,
      "acc_norm_stderr": 0.046056618647183814
    },
    "hendrycksTest-moral_scenarios": {
      "acc": 0.2446927374301676,
      "acc_stderr": 0.014378169884098443,
      "acc_norm": 0.25251396648044694,
      "acc_norm_stderr": 0.014530330201468636
    },
    "wsc": {
      "acc": 0.36538461538461536,
      "acc_stderr": 0.0474473339327792
    },
    "hendrycksTest-public_relations": {
      "acc": 0.3,
      "acc_stderr": 0.04389311454644287,
      "acc_norm": 0.22727272727272727,
      "acc_norm_stderr": 0.04013964554072773
    },
    "hendrycksTest-security_studies": {
      "acc": 0.3142857142857143,
      "acc_stderr": 0.02971932942241747,
      "acc_norm": 0.2938775510204082,
      "acc_norm_stderr": 0.02916273841024977
    },
    "hendrycksTest-prehistory": {
      "acc": 0.23148148148148148,
      "acc_stderr": 0.023468429832451156,
      "acc_norm": 0.2191358024691358,
      "acc_norm_stderr": 0.02301670564026221
    },
    "hendrycksTest-high_school_chemistry": {
      "acc": 0.20689655172413793,
      "acc_stderr": 0.02850137816789395,
      "acc_norm": 0.2660098522167488,
      "acc_norm_stderr": 0.03108982600293752
    },
    "hendrycksTest-college_computer_science": {
      "acc": 0.25,
      "acc_stderr": 0.04351941398892446,
      "acc_norm": 0.27,
      "acc_norm_stderr": 0.0446196043338474
    },
    "hendrycksTest-high_school_us_history": {
      "acc": 0.25980392156862747,
      "acc_stderr": 0.03077855467869326,
      "acc_norm": 0.27450980392156865,
      "acc_norm_stderr": 0.03132179803083292
    },
    "hendrycksTest-management": {
      "acc": 0.13592233009708737,
      "acc_stderr": 0.03393295729761015,
      "acc_norm": 0.21359223300970873,
      "acc_norm_stderr": 0.04058042015646033
    },
    "hendrycksTest-moral_disputes": {
      "acc": 0.2398843930635838,
      "acc_stderr": 0.02298959254312357,
      "acc_norm": 0.3063583815028902,
      "acc_norm_stderr": 0.024818350129436593
    },
    "hendrycksTest-high_school_macroeconomics": {
      "acc": 0.23333333333333334,
      "acc_stderr": 0.021444547301560472,
      "acc_norm": 0.24358974358974358,
      "acc_norm_stderr": 0.021763733684173916
    },
    "hendrycksTest-business_ethics": {
      "acc": 0.34,
      "acc_stderr": 0.04760952285695236,
      "acc_norm": 0.21,
      "acc_norm_stderr": 0.040936018074033256
    },
    "hendrycksTest-electrical_engineering": {
      "acc": 0.296551724137931,
      "acc_stderr": 0.03806142687309994,
      "acc_norm": 0.30344827586206896,
      "acc_norm_stderr": 0.038312260488503336
    },
    "hendrycksTest-high_school_european_history": {
      "acc": 0.26666666666666666,
      "acc_stderr": 0.034531318018854146,
      "acc_norm": 0.26666666666666666,
      "acc_norm_stderr": 0.03453131801885415
    },
    "hendrycksTest-human_aging": {
      "acc": 0.2825112107623318,
      "acc_stderr": 0.03021683101150877,
      "acc_norm": 0.23318385650224216,
      "acc_norm_stderr": 0.028380391147094713
    },
    "hendrycksTest-high_school_physics": {
      "acc": 0.24503311258278146,
      "acc_stderr": 0.03511807571804725,
      "acc_norm": 0.23178807947019867,
      "acc_norm_stderr": 0.034454062719870546
    },
    "hendrycksTest-global_facts": {
      "acc": 0.25,
      "acc_stderr": 0.04351941398892446,
      "acc_norm": 0.25,
      "acc_norm_stderr": 0.04351941398892446
    },
    "hendrycksTest-marketing": {
      "acc": 0.32051282051282054,
      "acc_stderr": 0.030572811310299607,
      "acc_norm": 0.3162393162393162,
      "acc_norm_stderr": 0.030463656747340244
    },
    "arc_challenge": {
      "acc": 0.2431740614334471,
      "acc_stderr": 0.012536554144587092,
      "acc_norm": 0.2645051194539249,
      "acc_norm_stderr": 0.012889272949313368
    },
    "lambada_openai": {
      "ppl": 7.408629827582114,
      "ppl_stderr": 0.19549649192955268,
      "acc": 0.5806326411798952,
      "acc_stderr": 0.006874800634833102
    },
    "hendrycksTest-high_school_geography": {
      "acc": 0.2222222222222222,
      "acc_stderr": 0.02962022787479049,
      "acc_norm": 0.2676767676767677,
      "acc_norm_stderr": 0.03154449888270285
    },
    "hendrycksTest-high_school_mathematics": {
      "acc": 0.18518518518518517,
      "acc_stderr": 0.02368407558532267,
      "acc_norm": 0.24814814814814815,
      "acc_norm_stderr": 0.0263357394040558
    },
    "hendrycksTest-international_law": {
      "acc": 0.2809917355371901,
      "acc_stderr": 0.04103203830514512,
      "acc_norm": 0.4380165289256198,
      "acc_norm_stderr": 0.045291468044357915
    },
    "piqa": {
      "acc": 0.6996735582154516,
      "acc_stderr": 0.010695225308183133,
      "acc_norm": 0.7023939064200218,
      "acc_norm_stderr": 0.010667353792388206
    },
    "hendrycksTest-professional_law": {
      "acc": 0.23989569752281617,
      "acc_stderr": 0.010906282617981664,
      "acc_norm": 0.28878748370273793,
      "acc_norm_stderr": 0.01157491475721997
    },
    "hendrycksTest-professional_psychology": {
      "acc": 0.2630718954248366,
      "acc_stderr": 0.01781267654232065,
      "acc_norm": 0.26143790849673204,
      "acc_norm_stderr": 0.017776947157528034
    },
    "hendrycksTest-sociology": {
      "acc": 0.3333333333333333,
      "acc_stderr": 0.033333333333333326,
      "acc_norm": 0.31343283582089554,
      "acc_norm_stderr": 0.03280188205348643
    },
    "hendrycksTest-world_religions": {
      "acc": 0.30994152046783624,
      "acc_stderr": 0.035469769593931624,
      "acc_norm": 0.3742690058479532,
      "acc_norm_stderr": 0.03711601185389481
    },
    "hendrycksTest-jurisprudence": {
      "acc": 0.24074074074074073,
      "acc_stderr": 0.0413311944024384,
      "acc_norm": 0.37962962962962965,
      "acc_norm_stderr": 0.04691521224077742
    },
    "hendrycksTest-high_school_world_history": {
      "acc": 0.2320675105485232,
      "acc_stderr": 0.027479744550808517,
      "acc_norm": 0.26582278481012656,
      "acc_norm_stderr": 0.028756799629658342
    },
    "logiqa": {
      "acc": 0.21044546850998463,
      "acc_stderr": 0.015988369488888744,
      "acc_norm": 0.282642089093702,
      "acc_norm_stderr": 0.017661585370360618
    },
    "hendrycksTest-astronomy": {
      "acc": 0.23684210526315788,
      "acc_stderr": 0.03459777606810537,
      "acc_norm": 0.3223684210526316,
      "acc_norm_stderr": 0.03803510248351585
    },
    "hendrycksTest-conceptual_physics": {
      "acc": 0.2553191489361702,
      "acc_stderr": 0.0285048564705142,
      "acc_norm": 0.20425531914893616,
      "acc_norm_stderr": 0.026355158413349424
    },
    "hendrycksTest-college_biology": {
      "acc": 0.22916666666666666,
      "acc_stderr": 0.03514697467862388,
      "acc_norm": 0.2361111111111111,
      "acc_norm_stderr": 0.03551446610810826
    },
    "arc_easy": {
      "acc": 0.585016835016835,
      "acc_stderr": 0.01011038315196112,
      "acc_norm": 0.5206228956228957,
      "acc_norm_stderr": 0.010251052755716127
    },
    "hendrycksTest-high_school_psychology": {
      "acc": 0.21100917431192662,
      "acc_stderr": 0.017493922404112648,
      "acc_norm": 0.22752293577981653,
      "acc_norm_stderr": 0.0179744635787765
    },
    "hendrycksTest-miscellaneous": {
      "acc": 0.2784163473818646,
      "acc_stderr": 0.01602829518899247,
      "acc_norm": 0.27586206896551724,
      "acc_norm_stderr": 0.01598281477469563
    },
    "hendrycksTest-formal_logic": {
      "acc": 0.30158730158730157,
      "acc_stderr": 0.04104947269903394,
      "acc_norm": 0.31746031746031744,
      "acc_norm_stderr": 0.04163453031302859
    },
    "hendrycksTest-college_mathematics": {
      "acc": 0.27,