{
  "results": {
    "hendrycksTest-high_school_microeconomics": {
      "acc": 0.21428571428571427,
      "acc_stderr": 0.02665353159671549,
      "acc_norm": 0.31512605042016806,
      "acc_norm_stderr": 0.03017680828897434
    },
    "hendrycksTest-prehistory": {
      "acc": 0.2345679012345679,
      "acc_stderr": 0.023576881744005716,
      "acc_norm": 0.20987654320987653,
      "acc_norm_stderr": 0.02265834408598136
    },
    "hendrycksTest-public_relations": {
      "acc": 0.2545454545454545,
      "acc_stderr": 0.041723430387053825,
      "acc_norm": 0.22727272727272727,
      "acc_norm_stderr": 0.040139645540727735
    },
    "hendrycksTest-clinical_knowledge": {
      "acc": 0.21509433962264152,
      "acc_stderr": 0.02528839450289137,
      "acc_norm": 0.3018867924528302,
      "acc_norm_stderr": 0.02825420034443867
    },
    "hendrycksTest-high_school_government_and_politics": {
      "acc": 0.21243523316062177,
      "acc_stderr": 0.02951928261681724,
      "acc_norm": 0.2538860103626943,
      "acc_norm_stderr": 0.0314102478056532
    },
    "hendrycksTest-high_school_macroeconomics": {
      "acc": 0.23333333333333334,
      "acc_stderr": 0.021444547301560483,
      "acc_norm": 0.2743589743589744,
      "acc_norm_stderr": 0.022622765767493225
    },
    "hendrycksTest-moral_scenarios": {
      "acc": 0.23798882681564246,
      "acc_stderr": 0.014242630070574915,
      "acc_norm": 0.25139664804469275,
      "acc_norm_stderr": 0.014508979453553996
    },
    "hendrycksTest-human_sexuality": {
      "acc": 0.31297709923664124,
      "acc_stderr": 0.04066962905677698,
      "acc_norm": 0.29770992366412213,
      "acc_norm_stderr": 0.040103589424622034
    },
    "hendrycksTest-college_computer_science": {
      "acc": 0.3,
      "acc_stderr": 0.046056618647183814,
      "acc_norm": 0.33,
      "acc_norm_stderr": 0.047258156262526045
    },
    "hendrycksTest-international_law": {
      "acc": 0.19834710743801653,
      "acc_stderr": 0.03640118271990945,
      "acc_norm": 0.38016528925619836,
      "acc_norm_stderr": 0.04431324501968432
    },
    "hendrycksTest-medical_genetics": {
      "acc": 0.31,
      "acc_stderr": 0.04648231987117316,
      "acc_norm": 0.37,
      "acc_norm_stderr": 0.048523658709391
    },
    "hendrycksTest-us_foreign_policy": {
      "acc": 0.33,
      "acc_stderr": 0.047258156262526045,
      "acc_norm": 0.33,
      "acc_norm_stderr": 0.04725815626252606
    },
    "hendrycksTest-human_aging": {
      "acc": 0.30493273542600896,
      "acc_stderr": 0.030898610882477518,
      "acc_norm": 0.27802690582959644,
      "acc_norm_stderr": 0.030069584874494036
    },
    "hendrycksTest-management": {
      "acc": 0.20388349514563106,
      "acc_stderr": 0.03989139859531772,
      "acc_norm": 0.1941747572815534,
      "acc_norm_stderr": 0.03916667762822585
    },
    "hendrycksTest-anatomy": {
      "acc": 0.17777777777777778,
      "acc_stderr": 0.03302789859901719,
      "acc_norm": 0.1925925925925926,
      "acc_norm_stderr": 0.034065420585026505
    },
    "hendrycksTest-marketing": {
      "acc": 0.3247863247863248,
      "acc_stderr": 0.030679022765498835,
      "acc_norm": 0.34615384615384615,
      "acc_norm_stderr": 0.0311669573672359
    },
    "hendrycksTest-professional_accounting": {
      "acc": 0.25177304964539005,
      "acc_stderr": 0.025892151156709405,
      "acc_norm": 0.25886524822695034,
      "acc_norm_stderr": 0.026129572527180848
    },
    "arc_easy": {
      "acc": 0.5441919191919192,
      "acc_stderr": 0.010219631763437853,
      "acc_norm": 0.47053872053872053,
      "acc_norm_stderr": 0.010241957728409678
    },
    "hendrycksTest-machine_learning": {
      "acc": 0.2767857142857143,
      "acc_stderr": 0.04246624336697626,
      "acc_norm": 0.20535714285714285,
      "acc_norm_stderr": 0.03834241021419073
    },
    "hendrycksTest-computer_security": {
      "acc": 0.26,
      "acc_stderr": 0.04408440022768079,
      "acc_norm": 0.32,
      "acc_norm_stderr": 0.046882617226215034
    },
    "hendrycksTest-college_biology": {
      "acc": 0.25,
      "acc_stderr": 0.03621034121889507,
      "acc_norm": 0.1875,
      "acc_norm_stderr": 0.032639560491693344
    },
    "hendrycksTest-astronomy": {
      "acc": 0.21710526315789475,
      "acc_stderr": 0.033550453048829226,
      "acc_norm": 0.3026315789473684,
      "acc_norm_stderr": 0.03738520676119669
    },
    "hendrycksTest-high_school_biology": {
      "acc": 0.22258064516129034,
      "acc_stderr": 0.02366421667164251,
      "acc_norm": 0.27419354838709675,
      "acc_norm_stderr": 0.025378139970885203
    },
    "hendrycksTest-high_school_world_history": {
      "acc": 0.25738396624472576,
      "acc_stderr": 0.028458820991460285,
      "acc_norm": 0.25316455696202533,
      "acc_norm_stderr": 0.02830465794303529
    },
    "hendrycksTest-logical_fallacies": {
      "acc": 0.18404907975460122,
      "acc_stderr": 0.03044677768797176,
      "acc_norm": 0.2883435582822086,
      "acc_norm_stderr": 0.035590395316173425
    },
    "hendrycksTest-moral_disputes": {
      "acc": 0.26878612716763006,
      "acc_stderr": 0.023868003262500114,
      "acc_norm": 0.3352601156069364,
      "acc_norm_stderr": 0.025416003773165555
    },
    "hendrycksTest-nutrition": {
      "acc": 0.27124183006535946,
      "acc_stderr": 0.025457756696667864,
      "acc_norm": 0.35294117647058826,
      "acc_norm_stderr": 0.02736359328468493
    },
    "hendrycksTest-virology": {
      "acc": 0.30120481927710846,
      "acc_stderr": 0.03571609230053481,
      "acc_norm": 0.25903614457831325,
      "acc_norm_stderr": 0.03410646614071856
    },
    "hendrycksTest-college_mathematics": {
      "acc": 0.2,
      "acc_stderr": 0.040201512610368445,
      "acc_norm": 0.3,
      "acc_norm_stderr": 0.046056618647183814
    },
    "lambada_openai": {
      "ppl": 10.214292862805971,
      "ppl_stderr": 0.2964911433159753,
      "acc": 0.5189210168833689,
      "acc_stderr": 0.006960988162299343
    },
    "hendrycksTest-formal_logic": {
      "acc": 0.3412698412698413,
      "acc_stderr": 0.04240799327574923,
      "acc_norm": 0.25396825396825395,
      "acc_norm_stderr": 0.03893259610604674
    },
    "hendrycksTest-abstract_algebra": {
      "acc": 0.19,
      "acc_stderr": 0.03942772444036624,
      "acc_norm": 0.24,
      "acc_norm_stderr": 0.04292346959909284
    },
    "hendrycksTest-high_school_psychology": {
      "acc": 0.1944954128440367,
      "acc_stderr": 0.016970289090458043,
      "acc_norm": 0.23302752293577983,
      "acc_norm_stderr": 0.018125669180861493
    },
    "wsc": {
      "acc": 0.36538461538461536,
      "acc_stderr": 0.0474473339327792
    },
    "hendrycksTest-professional_law": {
      "acc": 0.258148631029987,
      "acc_stderr": 0.01117692371931339,
      "acc_norm": 0.28226857887874834,
      "acc_norm_stderr": 0.011495852176241963
    },
    "hendrycksTest-college_medicine": {
      "acc": 0.1791907514450867,
      "acc_stderr": 0.02924251305906329,
      "acc_norm": 0.2543352601156069,
      "acc_norm_stderr": 0.0332055644308557
    },
    "hendrycksTest-high_school_statistics": {
      "acc": 0.20833333333333334,
      "acc_stderr": 0.027696910713093936,
      "acc_norm": 0.25462962962962965,
      "acc_norm_stderr": 0.02971127586000534
    },
    "arc_challenge": {
      "acc": 0.22610921501706485,
      "acc_stderr": 0.012224202097063281,
      "acc_norm": 0.25853242320819114,
      "acc_norm_stderr": 0.012794553754288673
    },
    "hendrycksTest-jurisprudence": {
      "acc": 0.25,
      "acc_stderr": 0.04186091791394607,
      "acc_norm": 0.4351851851851852,
      "acc_norm_stderr": 0.04792898170907062
    },
    "hendrycksTest-philosophy": {
      "acc": 0.20257234726688103,
      "acc_stderr": 0.02282731749105968,
      "acc_norm": 0.3022508038585209,
      "acc_norm_stderr": 0.02608270069539966
    },
    "hendrycksTest-college_chemistry": {
      "acc": 0.23,
      "acc_stderr": 0.04229525846816508,
      "acc_norm": 0.28,