{
  "results": {
    "hendrycksTest-prehistory": {
      "acc": 0.24691358024691357,
      "acc_stderr": 0.023993501709042103,
      "acc_norm": 0.20987654320987653,
      "acc_norm_stderr": 0.02265834408598137
    },
    "hendrycksTest-elementary_mathematics": {
      "acc": 0.2619047619047619,
      "acc_stderr": 0.022644212615525218,
      "acc_norm": 0.25396825396825395,
      "acc_norm_stderr": 0.02241804289111394
    },
    "hendrycksTest-high_school_government_and_politics": {
      "acc": 0.22279792746113988,
      "acc_stderr": 0.030031147977641545,
      "acc_norm": 0.24352331606217617,
      "acc_norm_stderr": 0.030975436386845426
    },
    "hendrycksTest-business_ethics": {
      "acc": 0.33,
      "acc_stderr": 0.04725815626252604,
      "acc_norm": 0.33,
      "acc_norm_stderr": 0.047258156262526045
    },
    "hendrycksTest-high_school_microeconomics": {
      "acc": 0.28991596638655465,
      "acc_stderr": 0.029472485833136094,
      "acc_norm": 0.3697478991596639,
      "acc_norm_stderr": 0.031357095996135904
    },
    "sciq": {
      "acc": 0.882,
      "acc_stderr": 0.010206869264381791,
      "acc_norm": 0.825,
      "acc_norm_stderr": 0.012021627157731979
    },
    "hendrycksTest-moral_disputes": {
      "acc": 0.24855491329479767,
      "acc_stderr": 0.023267528432100174,
      "acc_norm": 0.3265895953757225,
      "acc_norm_stderr": 0.025248264774242826
    },
    "hendrycksTest-high_school_world_history": {
      "acc": 0.2320675105485232,
      "acc_stderr": 0.02747974455080852,
      "acc_norm": 0.270042194092827,
      "acc_norm_stderr": 0.028900721906293426
    },
    "hendrycksTest-computer_security": {
      "acc": 0.26,
      "acc_stderr": 0.04408440022768078,
      "acc_norm": 0.38,
      "acc_norm_stderr": 0.048783173121456316
    },
    "hendrycksTest-public_relations": {
      "acc": 0.3,
      "acc_stderr": 0.04389311454644287,
      "acc_norm": 0.19090909090909092,
      "acc_norm_stderr": 0.03764425585984924
    },
    "hendrycksTest-human_aging": {
      "acc": 0.273542600896861,
      "acc_stderr": 0.029918586707798817,
      "acc_norm": 0.20179372197309417,
      "acc_norm_stderr": 0.026936111912802273
    },
    "hendrycksTest-conceptual_physics": {
      "acc": 0.23404255319148937,
      "acc_stderr": 0.027678452578212397,
      "acc_norm": 0.16170212765957448,
      "acc_norm_stderr": 0.024068505289695345
    },
    "hendrycksTest-electrical_engineering": {
      "acc": 0.2827586206896552,
      "acc_stderr": 0.03752833958003337,
      "acc_norm": 0.32413793103448274,
      "acc_norm_stderr": 0.03900432069185554
    },
    "hendrycksTest-high_school_us_history": {
      "acc": 0.28431372549019607,
      "acc_stderr": 0.03166009679399811,
      "acc_norm": 0.30392156862745096,
      "acc_norm_stderr": 0.03228210387037892
    },
    "hendrycksTest-astronomy": {
      "acc": 0.24342105263157895,
      "acc_stderr": 0.034923496688842384,
      "acc_norm": 0.32894736842105265,
      "acc_norm_stderr": 0.03823428969926605
    },
    "hendrycksTest-international_law": {
      "acc": 0.19008264462809918,
      "acc_stderr": 0.03581796951709282,
      "acc_norm": 0.45454545454545453,
      "acc_norm_stderr": 0.045454545454545456
    },
    "hendrycksTest-clinical_knowledge": {
      "acc": 0.2679245283018868,
      "acc_stderr": 0.027257260322494845,
      "acc_norm": 0.30943396226415093,
      "acc_norm_stderr": 0.028450154794118627
    },
    "hendrycksTest-high_school_computer_science": {
      "acc": 0.21,
      "acc_stderr": 0.04093601807403326,
      "acc_norm": 0.29,
      "acc_norm_stderr": 0.045604802157206845
    },
    "hendrycksTest-high_school_geography": {
      "acc": 0.21212121212121213,
      "acc_stderr": 0.029126522834586832,
      "acc_norm": 0.2777777777777778,
      "acc_norm_stderr": 0.03191178226713547
    },
    "logiqa": {
      "acc": 0.2073732718894009,
      "acc_stderr": 0.01590208491387632,
      "acc_norm": 0.2857142857142857,
      "acc_norm_stderr": 0.017719247798458293
    },
    "hendrycksTest-professional_medicine": {
      "acc": 0.25,
      "acc_stderr": 0.026303648393696036,
      "acc_norm": 0.2867647058823529,
      "acc_norm_stderr": 0.027472274473233815
    },
    "hendrycksTest-high_school_psychology": {
      "acc": 0.21834862385321102,
      "acc_stderr": 0.01771260052872273,
      "acc_norm": 0.23853211009174313,
      "acc_norm_stderr": 0.018272575810231863
    },
    "hendrycksTest-high_school_european_history": {
      "acc": 0.24848484848484848,
      "acc_stderr": 0.03374402644139406,
      "acc_norm": 0.2727272727272727,
      "acc_norm_stderr": 0.0347769116216366
    },
    "hendrycksTest-us_foreign_policy": {
      "acc": 0.33,
      "acc_stderr": 0.04725815626252605,
      "acc_norm": 0.35,
      "acc_norm_stderr": 0.0479372485441102
    },
    "hendrycksTest-high_school_biology": {
      "acc": 0.2645161290322581,
      "acc_stderr": 0.02509189237885928,
      "acc_norm": 0.3064516129032258,
      "acc_norm_stderr": 0.026226485652553883
    },
    "piqa": {
      "acc": 0.7328618063112078,
      "acc_stderr": 0.01032344049261244,
      "acc_norm": 0.720892274211099,
      "acc_norm_stderr": 0.010465657948498231
    },
    "hendrycksTest-nutrition": {
      "acc": 0.30392156862745096,
      "acc_stderr": 0.02633661346904664,
      "acc_norm": 0.38562091503267976,
      "acc_norm_stderr": 0.02787074527829032
    },
    "hendrycksTest-professional_psychology": {
      "acc": 0.26143790849673204,
      "acc_stderr": 0.017776947157528037,
      "acc_norm": 0.2777777777777778,
      "acc_norm_stderr": 0.018120224251484594
    },
    "hendrycksTest-world_religions": {
      "acc": 0.3157894736842105,
      "acc_stderr": 0.03565079670708311,
      "acc_norm": 0.3684210526315789,
      "acc_norm_stderr": 0.036996580176568775
    },
    "hendrycksTest-college_mathematics": {
      "acc": 0.2,
      "acc_stderr": 0.04020151261036845,
      "acc_norm": 0.31,
      "acc_norm_stderr": 0.04648231987117316
    },
    "hendrycksTest-high_school_statistics": {
      "acc": 0.25462962962962965,
      "acc_stderr": 0.029711275860005357,
      "acc_norm": 0.3194444444444444,
      "acc_norm_stderr": 0.0317987634217685
    },
    "hendrycksTest-management": {
      "acc": 0.24271844660194175,
      "acc_stderr": 0.042450224863844935,
      "acc_norm": 0.2815533980582524,
      "acc_norm_stderr": 0.04453254836326469
    },
    "hendrycksTest-abstract_algebra": {
      "acc": 0.2,
      "acc_stderr": 0.04020151261036845,
      "acc_norm": 0.24,
      "acc_norm_stderr": 0.04292346959909284
    },
    "hendrycksTest-formal_logic": {
      "acc": 0.29365079365079366,
      "acc_stderr": 0.040735243221471276,
      "acc_norm": 0.23809523809523808,
      "acc_norm_stderr": 0.03809523809523811
    },
    "hendrycksTest-college_computer_science": {
      "acc": 0.31,
      "acc_stderr": 0.04648231987117316,
      "acc_norm": 0.25,
      "acc_norm_stderr": 0.04351941398892446
    },
    "hendrycksTest-high_school_physics": {
      "acc": 0.19205298013245034,
      "acc_stderr": 0.03216298420593614,
      "acc_norm": 0.2185430463576159,
      "acc_norm_stderr": 0.033742355504256936
    },
    "winogrande": {
      "acc": 0.580110497237569,
      "acc_stderr": 0.013870943986310391
    },
    "hendrycksTest-econometrics": {
      "acc": 0.2719298245614035,
      "acc_stderr": 0.04185774424022056,
      "acc_norm": 0.21052631578947367,
      "acc_norm_stderr": 0.03835153954399421
    },
    "hendrycksTest-global_facts": {
      "acc": 0.3,
      "acc_stderr": 0.046056618647183814,
      "acc_norm": 0.27,
      "acc_norm_stderr": 0.04461960433384741
    },
    "hendrycksTest-security_studies": {
      "acc": 0.37551020408163266,
      "acc_stderr": 0.031001209039894843,
      "acc_norm": 0.3183673469387755,
      "acc_norm_stderr": 0.029822533793982055
    },
    "lambada_openai": {
      "ppl": 5.465645123519707,
      "ppl_stderr": 0.13317414497151023,
      "acc": 0.6330293033184553,