{
  "results": {
    "hendrycksTest-marketing": {
      "acc": 0.3076923076923077,
      "acc_stderr": 0.030236389942173106,
      "acc_norm": 0.3247863247863248,
      "acc_norm_stderr": 0.03067902276549883
    },
    "hendrycksTest-formal_logic": {
      "acc": 0.30952380952380953,
      "acc_stderr": 0.04134913018303316,
      "acc_norm": 0.2619047619047619,
      "acc_norm_stderr": 0.03932537680392871
    },
    "hendrycksTest-world_religions": {
      "acc": 0.28654970760233917,
      "acc_stderr": 0.03467826685703826,
      "acc_norm": 0.3216374269005848,
      "acc_norm_stderr": 0.03582529442573122
    },
    "hendrycksTest-high_school_physics": {
      "acc": 0.2052980132450331,
      "acc_stderr": 0.032979866484738364,
      "acc_norm": 0.23841059602649006,
      "acc_norm_stderr": 0.03479185572599661
    },
    "piqa": {
      "acc": 0.7431991294885746,
      "acc_stderr": 0.010192864802278054,
      "acc_norm": 0.7388465723612623,
      "acc_norm_stderr": 0.010248738649935592
    },
    "hendrycksTest-high_school_world_history": {
      "acc": 0.2489451476793249,
      "acc_stderr": 0.028146970599422644,
      "acc_norm": 0.270042194092827,
      "acc_norm_stderr": 0.028900721906293426
    },
    "hendrycksTest-high_school_microeconomics": {
      "acc": 0.27310924369747897,
      "acc_stderr": 0.028942004040998167,
      "acc_norm": 0.3403361344537815,
      "acc_norm_stderr": 0.030778057422931673
    },
    "hendrycksTest-high_school_european_history": {
      "acc": 0.24242424242424243,
      "acc_stderr": 0.033464098810559534,
      "acc_norm": 0.2545454545454545,
      "acc_norm_stderr": 0.03401506715249039
    },
    "hendrycksTest-econometrics": {
      "acc": 0.24561403508771928,
      "acc_stderr": 0.04049339297748141,
      "acc_norm": 0.21052631578947367,
      "acc_norm_stderr": 0.03835153954399421
    },
    "hendrycksTest-high_school_chemistry": {
      "acc": 0.18719211822660098,
      "acc_stderr": 0.027444924966882618,
      "acc_norm": 0.270935960591133,
      "acc_norm_stderr": 0.031270907132976984
    },
    "hendrycksTest-miscellaneous": {
      "acc": 0.26436781609195403,
      "acc_stderr": 0.015769984840690515,
      "acc_norm": 0.25798212005108556,
      "acc_norm_stderr": 0.01564583018834895
    },
    "hendrycksTest-conceptual_physics": {
      "acc": 0.25957446808510637,
      "acc_stderr": 0.028659179374292323,
      "acc_norm": 0.17872340425531916,
      "acc_norm_stderr": 0.02504537327205098
    },
    "hendrycksTest-professional_medicine": {
      "acc": 0.25735294117647056,
      "acc_stderr": 0.026556519470041506,
      "acc_norm": 0.27205882352941174,
      "acc_norm_stderr": 0.02703304115168146
    },
    "hendrycksTest-college_physics": {
      "acc": 0.20588235294117646,
      "acc_stderr": 0.04023382273617746,
      "acc_norm": 0.2549019607843137,
      "acc_norm_stderr": 0.04336432707993177
    },
    "hendrycksTest-security_studies": {
      "acc": 0.3346938775510204,
      "acc_stderr": 0.030209235226242304,
      "acc_norm": 0.2938775510204082,
      "acc_norm_stderr": 0.02916273841024977
    },
    "hendrycksTest-medical_genetics": {
      "acc": 0.32,
      "acc_stderr": 0.04688261722621504,
      "acc_norm": 0.35,
      "acc_norm_stderr": 0.0479372485441102
    },
    "hendrycksTest-us_foreign_policy": {
      "acc": 0.35,
      "acc_stderr": 0.04793724854411021,
      "acc_norm": 0.37,
      "acc_norm_stderr": 0.048523658709391
    },
    "hendrycksTest-high_school_biology": {
      "acc": 0.2838709677419355,
      "acc_stderr": 0.025649381063029265,
      "acc_norm": 0.2967741935483871,
      "acc_norm_stderr": 0.025988500792411898
    },
    "hendrycksTest-high_school_government_and_politics": {
      "acc": 0.21761658031088082,
      "acc_stderr": 0.02977866303775296,
      "acc_norm": 0.24870466321243523,
      "acc_norm_stderr": 0.031195840877700286
    },
    "hendrycksTest-professional_psychology": {
      "acc": 0.25326797385620914,
      "acc_stderr": 0.01759348689536683,
      "acc_norm": 0.2647058823529412,
      "acc_norm_stderr": 0.017848089574913215
    },
    "hendrycksTest-moral_disputes": {
      "acc": 0.27167630057803466,
      "acc_stderr": 0.023948512905468355,
      "acc_norm": 0.315028901734104,
      "acc_norm_stderr": 0.025009313790069706
    },
    "arc_challenge": {
      "acc": 0.2977815699658703,
      "acc_stderr": 0.013363080107244487,
      "acc_norm": 0.3293515358361775,
      "acc_norm_stderr": 0.013734057652635474
    },
    "hendrycksTest-astronomy": {
      "acc": 0.23684210526315788,
      "acc_stderr": 0.03459777606810537,
      "acc_norm": 0.34868421052631576,
      "acc_norm_stderr": 0.0387813988879761
    },
    "hendrycksTest-high_school_computer_science": {
      "acc": 0.19,
      "acc_stderr": 0.039427724440366234,
      "acc_norm": 0.28,
      "acc_norm_stderr": 0.04512608598542129
    },
    "hendrycksTest-high_school_statistics": {
      "acc": 0.25925925925925924,
      "acc_stderr": 0.02988691054762695,
      "acc_norm": 0.3425925925925926,
      "acc_norm_stderr": 0.032365852526021574
    },
    "hendrycksTest-professional_law": {
      "acc": 0.2848761408083442,
      "acc_stderr": 0.011527830846369004,
      "acc_norm": 0.3057366362451108,
      "acc_norm_stderr": 0.011766973847072914
    },
    "hendrycksTest-global_facts": {
      "acc": 0.21,
      "acc_stderr": 0.040936018074033256,
      "acc_norm": 0.23,
      "acc_norm_stderr": 0.04229525846816505
    },
    "hendrycksTest-public_relations": {
      "acc": 0.3090909090909091,
      "acc_stderr": 0.044262946482000985,
      "acc_norm": 0.21818181818181817,
      "acc_norm_stderr": 0.03955932861795833
    },
    "arc_easy": {
      "acc": 0.6359427609427609,
      "acc_stderr": 0.009873293392779122,
      "acc_norm": 0.5900673400673401,
      "acc_norm_stderr": 0.010091953527506248
    },
    "hendrycksTest-college_mathematics": {
      "acc": 0.19,
      "acc_stderr": 0.03942772444036624,
      "acc_norm": 0.3,
      "acc_norm_stderr": 0.046056618647183814
    },
    "hendrycksTest-human_sexuality": {
      "acc": 0.3893129770992366,
      "acc_stderr": 0.04276486542814591,
      "acc_norm": 0.3053435114503817,
      "acc_norm_stderr": 0.040393149787245605
    },
    "hendrycksTest-college_computer_science": {
      "acc": 0.28,
      "acc_stderr": 0.04512608598542129,
      "acc_norm": 0.25,
      "acc_norm_stderr": 0.04351941398892446
    },
    "hendrycksTest-management": {
      "acc": 0.21359223300970873,
      "acc_stderr": 0.040580420156460344,
      "acc_norm": 0.2524271844660194,
      "acc_norm_stderr": 0.04301250399690876
    },
    "lambada_openai": {
      "ppl": 5.004680138715243,
      "ppl_stderr": 0.11813970745395164,
      "acc": 0.6497186105181447,
      "acc_stderr": 0.006646350771961374
    },
    "hendrycksTest-international_law": {
      "acc": 0.2066115702479339,
      "acc_stderr": 0.03695980128098824,
      "acc_norm": 0.45454545454545453,
      "acc_norm_stderr": 0.04545454545454545
    },
    "hendrycksTest-machine_learning": {
      "acc": 0.26785714285714285,
      "acc_stderr": 0.04203277291467763,
      "acc_norm": 0.25892857142857145,
      "acc_norm_stderr": 0.04157751539865629
    },
    "hendrycksTest-abstract_algebra": {
      "acc": 0.22,
      "acc_stderr": 0.04163331998932269,
      "acc_norm": 0.27,
      "acc_norm_stderr": 0.0446196043338474
    },
    "hendrycksTest-professional_accounting": {
      "acc": 0.23049645390070922,
      "acc_stderr": 0.02512373922687241,
      "acc_norm": 0.24468085106382978,
      "acc_norm_stderr": 0.025645553622266726
    },
    "hendrycksTest-jurisprudence": {
      "acc": 0.24074074074074073,
      "acc_stderr": 0.04133119440243839,
      "acc_norm": 0.3611111111111111,
      "acc_norm_stderr": 0.04643454608906275
    },
    "hendrycksTest-anatomy": {
      "acc": 0.22962962962962963,
      "acc_stderr": 0.036333844140734636,
      "acc_norm": 0.23703703703703705,