{
  "results": {
    "hendrycksTest-global_facts": {
      "acc": 0.21,
      "acc_stderr": 0.040936018074033256,
      "acc_norm": 0.21,
      "acc_norm_stderr": 0.040936018074033256
    },
    "hendrycksTest-machine_learning": {
      "acc": 0.26785714285714285,
      "acc_stderr": 0.04203277291467763,
      "acc_norm": 0.23214285714285715,
      "acc_norm_stderr": 0.040073418097558065
    },
    "hendrycksTest-us_foreign_policy": {
      "acc": 0.31,
      "acc_stderr": 0.046482319871173156,
      "acc_norm": 0.4,
      "acc_norm_stderr": 0.04923659639173309
    },
    "hendrycksTest-miscellaneous": {
      "acc": 0.2822477650063857,
      "acc_stderr": 0.016095302969878555,
      "acc_norm": 0.2784163473818646,
      "acc_norm_stderr": 0.01602829518899247
    },
    "hendrycksTest-college_computer_science": {
      "acc": 0.25,
      "acc_stderr": 0.04351941398892446,
      "acc_norm": 0.25,
      "acc_norm_stderr": 0.04351941398892446
    },
    "hendrycksTest-high_school_statistics": {
      "acc": 0.27314814814814814,
      "acc_stderr": 0.03038805130167812,
      "acc_norm": 0.2777777777777778,
      "acc_norm_stderr": 0.030546745264953185
    },
    "arc_easy": {
      "acc": 0.6132154882154882,
      "acc_stderr": 0.009993308355370973,
      "acc_norm": 0.5585016835016835,
      "acc_norm_stderr": 0.010189314382749922
    },
    "hendrycksTest-econometrics": {
      "acc": 0.22807017543859648,
      "acc_stderr": 0.03947152782669415,
      "acc_norm": 0.22807017543859648,
      "acc_norm_stderr": 0.03947152782669415
    },
    "hendrycksTest-human_sexuality": {
      "acc": 0.4198473282442748,
      "acc_stderr": 0.043285772152629715,
      "acc_norm": 0.32061068702290074,
      "acc_norm_stderr": 0.04093329229834277
    },
    "logiqa": {
      "acc": 0.2119815668202765,
      "acc_stderr": 0.016030997960619395,
      "acc_norm": 0.2872503840245776,
      "acc_norm_stderr": 0.017747701948846596
    },
    "hendrycksTest-abstract_algebra": {
      "acc": 0.19,
      "acc_stderr": 0.039427724440366234,
      "acc_norm": 0.19,
      "acc_norm_stderr": 0.03942772444036622
    },
    "hendrycksTest-high_school_macroeconomics": {
      "acc": 0.22564102564102564,
      "acc_stderr": 0.021193632525148533,
      "acc_norm": 0.2358974358974359,
      "acc_norm_stderr": 0.021525965407408726
    },
    "hendrycksTest-moral_disputes": {
      "acc": 0.2832369942196532,
      "acc_stderr": 0.024257901705323374,
      "acc_norm": 0.3468208092485549,
      "acc_norm_stderr": 0.025624723994030457
    },
    "hendrycksTest-prehistory": {
      "acc": 0.24691358024691357,
      "acc_stderr": 0.02399350170904211,
      "acc_norm": 0.20987654320987653,
      "acc_norm_stderr": 0.02265834408598136
    },
    "hendrycksTest-college_chemistry": {
      "acc": 0.26,
      "acc_stderr": 0.04408440022768077,
      "acc_norm": 0.28,
      "acc_norm_stderr": 0.045126085985421276
    },
    "hendrycksTest-professional_law": {
      "acc": 0.28683181225554105,
      "acc_stderr": 0.011551504781176933,
      "acc_norm": 0.3050847457627119,
      "acc_norm_stderr": 0.011759939618085462
    },
    "wsc": {
      "acc": 0.36538461538461536,
      "acc_stderr": 0.0474473339327792
    },
    "arc_challenge": {
      "acc": 0.2764505119453925,
      "acc_stderr": 0.013069662474252425,
      "acc_norm": 0.32081911262798635,
      "acc_norm_stderr": 0.013640943091946522
    },
    "hendrycksTest-public_relations": {
      "acc": 0.2727272727272727,
      "acc_stderr": 0.04265792110940588,
      "acc_norm": 0.15454545454545454,
      "acc_norm_stderr": 0.03462262571262667
    },
    "hendrycksTest-high_school_physics": {
      "acc": 0.23178807947019867,
      "acc_stderr": 0.034454062719870546,
      "acc_norm": 0.23841059602649006,
      "acc_norm_stderr": 0.034791855725996586
    },
    "hendrycksTest-sociology": {
      "acc": 0.26865671641791045,
      "acc_stderr": 0.03134328358208954,
      "acc_norm": 0.2736318407960199,
      "acc_norm_stderr": 0.031524391865554016
    },
    "hendrycksTest-jurisprudence": {
      "acc": 0.2777777777777778,
      "acc_stderr": 0.043300437496507437,
      "acc_norm": 0.4074074074074074,
      "acc_norm_stderr": 0.047500773411999854
    },
    "hendrycksTest-high_school_us_history": {
      "acc": 0.23039215686274508,
      "acc_stderr": 0.02955429260569506,
      "acc_norm": 0.3088235294117647,
      "acc_norm_stderr": 0.03242661719827218
    },
    "hendrycksTest-conceptual_physics": {
      "acc": 0.22127659574468084,
      "acc_stderr": 0.02713634960242406,
      "acc_norm": 0.16595744680851063,
      "acc_norm_stderr": 0.024321174751038673
    },
    "hendrycksTest-moral_scenarios": {
      "acc": 0.23798882681564246,
      "acc_stderr": 0.014242630070574915,
      "acc_norm": 0.23798882681564246,
      "acc_norm_stderr": 0.014242630070574915
    },
    "hendrycksTest-anatomy": {
      "acc": 0.24444444444444444,
      "acc_stderr": 0.037125378336148665,
      "acc_norm": 0.2222222222222222,
      "acc_norm_stderr": 0.0359144408419697
    },
    "hendrycksTest-high_school_biology": {
      "acc": 0.23870967741935484,
      "acc_stderr": 0.024251071262208837,
      "acc_norm": 0.2806451612903226,
      "acc_norm_stderr": 0.0255606047210229
    },
    "hendrycksTest-professional_psychology": {
      "acc": 0.26143790849673204,
      "acc_stderr": 0.017776947157528027,
      "acc_norm": 0.2875816993464052,
      "acc_norm_stderr": 0.018311653053648222
    },
    "hendrycksTest-business_ethics": {
      "acc": 0.33,
      "acc_stderr": 0.047258156262526045,
      "acc_norm": 0.37,
      "acc_norm_stderr": 0.048523658709391
    },
    "hendrycksTest-formal_logic": {
      "acc": 0.31746031746031744,
      "acc_stderr": 0.04163453031302859,
      "acc_norm": 0.2777777777777778,
      "acc_norm_stderr": 0.04006168083848878
    },
    "winogrande": {
      "acc": 0.579321231254933,
      "acc_stderr": 0.013874526372008311
    },
    "hendrycksTest-medical_genetics": {
      "acc": 0.34,
      "acc_stderr": 0.04760952285695235,
      "acc_norm": 0.37,
      "acc_norm_stderr": 0.04852365870939099
    },
    "hendrycksTest-elementary_mathematics": {
      "acc": 0.22486772486772486,
      "acc_stderr": 0.02150209607822914,
      "acc_norm": 0.24867724867724866,
      "acc_norm_stderr": 0.022261817692400168
    },
    "hendrycksTest-high_school_european_history": {
      "acc": 0.23030303030303031,
      "acc_stderr": 0.03287666758603488,
      "acc_norm": 0.2787878787878788,
      "acc_norm_stderr": 0.03501438706296781
    },
    "hendrycksTest-professional_accounting": {
      "acc": 0.23404255319148937,
      "acc_stderr": 0.025257861359432407,
      "acc_norm": 0.2375886524822695,
      "acc_norm_stderr": 0.025389512552729906
    },
    "piqa": {
      "acc": 0.7252448313384113,
      "acc_stderr": 0.01041503367667603,
      "acc_norm": 0.7257889009793254,
      "acc_norm_stderr": 0.010408618664933384
    },
    "hendrycksTest-astronomy": {
      "acc": 0.21710526315789475,
      "acc_stderr": 0.033550453048829226,
      "acc_norm": 0.34210526315789475,
      "acc_norm_stderr": 0.038607315993160925
    },
    "hendrycksTest-high_school_microeconomics": {
      "acc": 0.24789915966386555,
      "acc_stderr": 0.028047967224176892,
      "acc_norm": 0.3277310924369748,
      "acc_norm_stderr": 0.030489911417673227
    },
    "hendrycksTest-management": {
      "acc": 0.18446601941747573,
      "acc_stderr": 0.03840423627288276,
      "acc_norm": 0.24271844660194175,
      "acc_norm_stderr": 0.04245022486384495
    },
    "hendrycksTest-high_school_world_history": {
      "acc": 0.27848101265822783,
      "acc_stderr": 0.029178682304842548,
      "acc_norm": 0.2616033755274262,
      "acc_norm_stderr": 0.028609516716994934
    },
    "sciq": {
      "acc": 0.878,
      "acc_stderr": 0.010354864712936705,
      "acc_norm": 0.833,
      "acc_norm_stderr": 0.01180043432464459
    },