{
  "results": {
    "arc_challenge": {
      "acc": 0.2935153583617747,
      "acc_stderr": 0.013307250444941117,
      "acc_norm": 0.3293515358361775,
      "acc_norm_stderr": 0.013734057652635474
    },
    "hendrycksTest-conceptual_physics": {
      "acc": 0.25957446808510637,
      "acc_stderr": 0.028659179374292323,
      "acc_norm": 0.18723404255319148,
      "acc_norm_stderr": 0.025501588341883586
    },
    "hendrycksTest-moral_disputes": {
      "acc": 0.26878612716763006,
      "acc_stderr": 0.02386800326250012,
      "acc_norm": 0.315028901734104,
      "acc_norm_stderr": 0.025009313790069716
    },
    "hendrycksTest-philosophy": {
      "acc": 0.2540192926045016,
      "acc_stderr": 0.02472386150477169,
      "acc_norm": 0.3086816720257235,
      "acc_norm_stderr": 0.026236965881153256
    },
    "hendrycksTest-high_school_statistics": {
      "acc": 0.25925925925925924,
      "acc_stderr": 0.02988691054762696,
      "acc_norm": 0.3425925925925926,
      "acc_norm_stderr": 0.032365852526021574
    },
    "hendrycksTest-professional_psychology": {
      "acc": 0.24509803921568626,
      "acc_stderr": 0.01740181671142766,
      "acc_norm": 0.26143790849673204,
      "acc_norm_stderr": 0.01777694715752803
    },
    "hendrycksTest-college_mathematics": {
      "acc": 0.17,
      "acc_stderr": 0.03775251680686371,
      "acc_norm": 0.3,
      "acc_norm_stderr": 0.046056618647183814
    },
    "hendrycksTest-international_law": {
      "acc": 0.19008264462809918,
      "acc_stderr": 0.03581796951709282,
      "acc_norm": 0.45454545454545453,
      "acc_norm_stderr": 0.04545454545454545
    },
    "hendrycksTest-high_school_biology": {
      "acc": 0.2709677419354839,
      "acc_stderr": 0.02528441611490016,
      "acc_norm": 0.2967741935483871,
      "acc_norm_stderr": 0.025988500792411894
    },
    "hendrycksTest-professional_medicine": {
      "acc": 0.21691176470588236,
      "acc_stderr": 0.02503584522771127,
      "acc_norm": 0.2647058823529412,
      "acc_norm_stderr": 0.026799562024887664
    },
    "piqa": {
      "acc": 0.7410228509249184,
      "acc_stderr": 0.010220966031405605,
      "acc_norm": 0.736126224156692,
      "acc_norm_stderr": 0.01028299636769557
    },
    "logiqa": {
      "acc": 0.21044546850998463,
      "acc_stderr": 0.015988369488888748,
      "acc_norm": 0.28110599078341014,
      "acc_norm_stderr": 0.01763237462646001
    },
    "hendrycksTest-high_school_european_history": {
      "acc": 0.24848484848484848,
      "acc_stderr": 0.03374402644139406,
      "acc_norm": 0.24848484848484848,
      "acc_norm_stderr": 0.03374402644139404
    },
    "hendrycksTest-college_medicine": {
      "acc": 0.2254335260115607,
      "acc_stderr": 0.03186209851641144,
      "acc_norm": 0.24855491329479767,
      "acc_norm_stderr": 0.03295304696818318
    },
    "hendrycksTest-professional_law": {
      "acc": 0.2835723598435463,
      "acc_stderr": 0.011511900775968312,
      "acc_norm": 0.30378096479791394,
      "acc_norm_stderr": 0.011745787720472458
    },
    "hendrycksTest-econometrics": {
      "acc": 0.2631578947368421,
      "acc_stderr": 0.04142439719489362,
      "acc_norm": 0.20175438596491227,
      "acc_norm_stderr": 0.037752050135836386
    },
    "hendrycksTest-professional_accounting": {
      "acc": 0.24468085106382978,
      "acc_stderr": 0.02564555362226673,
      "acc_norm": 0.23049645390070922,
      "acc_norm_stderr": 0.025123739226872405
    },
    "hendrycksTest-college_physics": {
      "acc": 0.21568627450980393,
      "acc_stderr": 0.04092563958237655,
      "acc_norm": 0.24509803921568626,
      "acc_norm_stderr": 0.04280105837364395
    },
    "hendrycksTest-clinical_knowledge": {
      "acc": 0.24150943396226415,
      "acc_stderr": 0.026341480371118366,
      "acc_norm": 0.30566037735849055,
      "acc_norm_stderr": 0.028353298073322666
    },
    "sciq": {
      "acc": 0.88,
      "acc_stderr": 0.010281328012747398,
      "acc_norm": 0.832,
      "acc_norm_stderr": 0.011828605831454262
    },
    "hendrycksTest-anatomy": {
      "acc": 0.22962962962962963,
      "acc_stderr": 0.036333844140734636,
      "acc_norm": 0.23703703703703705,
      "acc_norm_stderr": 0.03673731683969506
    },
    "hendrycksTest-marketing": {
      "acc": 0.27350427350427353,
      "acc_stderr": 0.029202540153431163,
      "acc_norm": 0.32051282051282054,
      "acc_norm_stderr": 0.030572811310299607
    },
    "hendrycksTest-high_school_macroeconomics": {
      "acc": 0.24871794871794872,
      "acc_stderr": 0.0219169577092138,
      "acc_norm": 0.25384615384615383,
      "acc_norm_stderr": 0.022066054378726257
    },
    "hendrycksTest-public_relations": {
      "acc": 0.2818181818181818,
      "acc_stderr": 0.043091187099464585,
      "acc_norm": 0.21818181818181817,
      "acc_norm_stderr": 0.03955932861795833
    },
    "winogrande": {
      "acc": 0.5935280189423836,
      "acc_stderr": 0.013804448697753378
    },
    "hendrycksTest-logical_fallacies": {
      "acc": 0.18404907975460122,
      "acc_stderr": 0.030446777687971743,
      "acc_norm": 0.31901840490797545,
      "acc_norm_stderr": 0.03661997551073836
    },
    "hendrycksTest-security_studies": {
      "acc": 0.3306122448979592,
      "acc_stderr": 0.03011642629654061,
      "acc_norm": 0.30612244897959184,
      "acc_norm_stderr": 0.02950489645459596
    },
    "hendrycksTest-sociology": {
      "acc": 0.2835820895522388,
      "acc_stderr": 0.03187187537919797,
      "acc_norm": 0.2885572139303483,
      "acc_norm_stderr": 0.03203841040213322
    },
    "hendrycksTest-high_school_computer_science": {
      "acc": 0.23,
      "acc_stderr": 0.042295258468165044,
      "acc_norm": 0.29,
      "acc_norm_stderr": 0.045604802157206845
    },
    "hendrycksTest-college_computer_science": {
      "acc": 0.3,
      "acc_stderr": 0.046056618647183814,
      "acc_norm": 0.25,
      "acc_norm_stderr": 0.04351941398892446
    },
    "hendrycksTest-electrical_engineering": {
      "acc": 0.3586206896551724,
      "acc_stderr": 0.039966295748767186,
      "acc_norm": 0.33793103448275863,
      "acc_norm_stderr": 0.0394170763206489
    },
    "hendrycksTest-high_school_microeconomics": {
      "acc": 0.27310924369747897,
      "acc_stderr": 0.028942004040998167,
      "acc_norm": 0.3235294117647059,
      "acc_norm_stderr": 0.030388353551886845
    },
    "lambada_openai": {
      "ppl": 5.038106996556215,
      "ppl_stderr": 0.11937555401243723,
      "acc": 0.6456433145740346,
      "acc_stderr": 0.006663903775760193
    },
    "hendrycksTest-human_sexuality": {
      "acc": 0.3893129770992366,
      "acc_stderr": 0.04276486542814591,
      "acc_norm": 0.2900763358778626,
      "acc_norm_stderr": 0.03980066246467766
    },
    "hendrycksTest-human_aging": {
      "acc": 0.3094170403587444,
      "acc_stderr": 0.03102441174057222,
      "acc_norm": 0.2242152466367713,
      "acc_norm_stderr": 0.027991534258519527
    },
    "hendrycksTest-medical_genetics": {
      "acc": 0.32,
      "acc_stderr": 0.04688261722621504,
      "acc_norm": 0.36,
      "acc_norm_stderr": 0.04824181513244218
    },
    "hendrycksTest-nutrition": {
      "acc": 0.30392156862745096,
      "acc_stderr": 0.026336613469046644,
      "acc_norm": 0.3627450980392157,
      "acc_norm_stderr": 0.027530078447110317
    },
    "hendrycksTest-college_chemistry": {
      "acc": 0.25,
      "acc_stderr": 0.04351941398892446,
      "acc_norm": 0.29,
      "acc_norm_stderr": 0.045604802157206845
    },
    "hendrycksTest-high_school_psychology": {
      "acc": 0.22201834862385322,
      "acc_stderr": 0.017818849564796603,
      "acc_norm": 0.23486238532110093,
      "acc_norm_stderr": 0.01817511051034358
    },
    "hendrycksTest-machine_learning": {
      "acc": 0.2857142857142857,
      "acc_stderr": 0.04287858751340456,
      "acc_norm": 0.20535714285714285,
      "acc_norm_stderr": 0.03834241021419072
    },
    "hendrycksTest-virology": {
      "acc": 0.37349397590361444,