{
  "results": {
    "arc_challenge": {
      "acc": 0.2593856655290102,
      "acc_stderr": 0.012808273573927099,
      "acc_norm": 0.29266211604095566,
      "acc_norm_stderr": 0.013295916103619411
    },
    "winogrande": {
      "acc": 0.5453827940015785,
      "acc_stderr": 0.01399448102706599
    },
    "piqa": {
      "acc": 0.7013057671381937,
      "acc_stderr": 0.010678556398149236,
      "acc_norm": 0.705658324265506,
      "acc_norm_stderr": 0.010633311470347509
    },
    "hendrycksTest-high_school_psychology": {
      "acc": 0.1926605504587156,
      "acc_stderr": 0.01690927688493609,
      "acc_norm": 0.22018348623853212,
      "acc_norm_stderr": 0.017765978652327562
    },
    "hendrycksTest-elementary_mathematics": {
      "acc": 0.1984126984126984,
      "acc_stderr": 0.02053948126188688,
      "acc_norm": 0.24338624338624337,
      "acc_norm_stderr": 0.022101128787415436
    },
    "hendrycksTest-high_school_us_history": {
      "acc": 0.24509803921568626,
      "acc_stderr": 0.03019028245350195,
      "acc_norm": 0.2647058823529412,
      "acc_norm_stderr": 0.030964517926923393
    },
    "hendrycksTest-high_school_mathematics": {
      "acc": 0.18888888888888888,
      "acc_stderr": 0.02386531886228533,
      "acc_norm": 0.25925925925925924,
      "acc_norm_stderr": 0.02671924078371216
    },
    "arc_easy": {
      "acc": 0.5774410774410774,
      "acc_stderr": 0.01013597822298108,
      "acc_norm": 0.5176767676767676,
      "acc_norm_stderr": 0.010253369805698966
    },
    "hendrycksTest-high_school_government_and_politics": {
      "acc": 0.18134715025906736,
      "acc_stderr": 0.02780703236068609,
      "acc_norm": 0.27461139896373055,
      "acc_norm_stderr": 0.03221024508041154
    },
    "hendrycksTest-professional_psychology": {
      "acc": 0.27450980392156865,
      "acc_stderr": 0.018054027458815198,
      "acc_norm": 0.2696078431372549,
      "acc_norm_stderr": 0.017952449196987862
    },
    "hendrycksTest-miscellaneous": {
      "acc": 0.25798212005108556,
      "acc_stderr": 0.01564583018834895,
      "acc_norm": 0.28607918263090676,
      "acc_norm_stderr": 0.016160871405127522
    },
    "hendrycksTest-anatomy": {
      "acc": 0.2222222222222222,
      "acc_stderr": 0.035914440841969694,
      "acc_norm": 0.22962962962962963,
      "acc_norm_stderr": 0.036333844140734636
    },
    "sciq": {
      "acc": 0.857,
      "acc_stderr": 0.011075814808567038,
      "acc_norm": 0.78,
      "acc_norm_stderr": 0.013106173040661764
    },
    "hendrycksTest-astronomy": {
      "acc": 0.19078947368421054,
      "acc_stderr": 0.031975658210325,
      "acc_norm": 0.3157894736842105,
      "acc_norm_stderr": 0.037827289808654706
    },
    "hendrycksTest-business_ethics": {
      "acc": 0.4,
      "acc_stderr": 0.04923659639173309,
      "acc_norm": 0.37,
      "acc_norm_stderr": 0.048523658709391
    },
    "hendrycksTest-prehistory": {
      "acc": 0.23765432098765432,
      "acc_stderr": 0.023683591837008553,
      "acc_norm": 0.20987654320987653,
      "acc_norm_stderr": 0.02265834408598137
    },
    "hendrycksTest-college_chemistry": {
      "acc": 0.2,
      "acc_stderr": 0.04020151261036845,
      "acc_norm": 0.27,
      "acc_norm_stderr": 0.044619604333847394
    },
    "hendrycksTest-high_school_chemistry": {
      "acc": 0.1921182266009852,
      "acc_stderr": 0.027719315709614778,
      "acc_norm": 0.22660098522167488,
      "acc_norm_stderr": 0.029454863835292982
    },
    "hendrycksTest-philosophy": {
      "acc": 0.2315112540192926,
      "acc_stderr": 0.023956532766639133,
      "acc_norm": 0.2958199356913183,
      "acc_norm_stderr": 0.025922371788818788
    },
    "hendrycksTest-human_aging": {
      "acc": 0.31390134529147984,
      "acc_stderr": 0.031146796482972465,
      "acc_norm": 0.25112107623318386,
      "acc_norm_stderr": 0.029105220833224622
    },
    "hendrycksTest-nutrition": {
      "acc": 0.28431372549019607,
      "acc_stderr": 0.025829163272757468,
      "acc_norm": 0.3790849673202614,
      "acc_norm_stderr": 0.027780141207023334
    },
    "hendrycksTest-moral_disputes": {
      "acc": 0.24277456647398843,
      "acc_stderr": 0.023083658586984204,
      "acc_norm": 0.3352601156069364,
      "acc_norm_stderr": 0.025416003773165555
    },
    "hendrycksTest-virology": {
      "acc": 0.3192771084337349,
      "acc_stderr": 0.0362933532994786,
      "acc_norm": 0.3072289156626506,
      "acc_norm_stderr": 0.035915667978246635
    },
    "hendrycksTest-clinical_knowledge": {
      "acc": 0.24528301886792453,
      "acc_stderr": 0.02648035717989569,
      "acc_norm": 0.2792452830188679,
      "acc_norm_stderr": 0.02761116340239972
    },
    "hendrycksTest-global_facts": {
      "acc": 0.22,
      "acc_stderr": 0.04163331998932269,
      "acc_norm": 0.23,
      "acc_norm_stderr": 0.04229525846816506
    },
    "hendrycksTest-abstract_algebra": {
      "acc": 0.21,
      "acc_stderr": 0.040936018074033256,
      "acc_norm": 0.27,
      "acc_norm_stderr": 0.0446196043338474
    },
    "hendrycksTest-moral_scenarios": {
      "acc": 0.23798882681564246,
      "acc_stderr": 0.014242630070574915,
      "acc_norm": 0.23575418994413408,
      "acc_norm_stderr": 0.014196375686290804
    },
    "hendrycksTest-econometrics": {
      "acc": 0.24561403508771928,
      "acc_stderr": 0.040493392977481404,
      "acc_norm": 0.18421052631578946,
      "acc_norm_stderr": 0.03646758875075566
    },
    "lambada_openai": {
      "ppl": 7.170459886581271,
      "ppl_stderr": 0.19080887696078686,
      "acc": 0.5878129245099942,
      "acc_stderr": 0.006857705382640525
    },
    "logiqa": {
      "acc": 0.2073732718894009,
      "acc_stderr": 0.01590208491387633,
      "acc_norm": 0.2780337941628264,
      "acc_norm_stderr": 0.017573187770282717
    },
    "hendrycksTest-medical_genetics": {
      "acc": 0.34,
      "acc_stderr": 0.047609522856952344,
      "acc_norm": 0.36,
      "acc_norm_stderr": 0.048241815132442176
    },
    "wsc": {
      "acc": 0.36538461538461536,
      "acc_stderr": 0.0474473339327792
    },
    "hendrycksTest-computer_security": {
      "acc": 0.27,
      "acc_stderr": 0.0446196043338474,
      "acc_norm": 0.3,
      "acc_norm_stderr": 0.046056618647183814
    },
    "hendrycksTest-high_school_computer_science": {
      "acc": 0.18,
      "acc_stderr": 0.03861229196653697,
      "acc_norm": 0.25,
      "acc_norm_stderr": 0.04351941398892446
    },
    "hendrycksTest-electrical_engineering": {
      "acc": 0.2827586206896552,
      "acc_stderr": 0.037528339580033376,
      "acc_norm": 0.27586206896551724,
      "acc_norm_stderr": 0.03724563619774633
    },
    "hendrycksTest-professional_medicine": {
      "acc": 0.21691176470588236,
      "acc_stderr": 0.025035845227711274,
      "acc_norm": 0.23161764705882354,
      "acc_norm_stderr": 0.025626533803777562
    },
    "hendrycksTest-world_religions": {
      "acc": 0.3216374269005848,
      "acc_stderr": 0.03582529442573122,
      "acc_norm": 0.4093567251461988,
      "acc_norm_stderr": 0.03771283107626544
    },
    "hendrycksTest-high_school_geography": {
      "acc": 0.19696969696969696,
      "acc_stderr": 0.028335609732463355,
      "acc_norm": 0.2727272727272727,
      "acc_norm_stderr": 0.03173071239071724
    },
    "hendrycksTest-international_law": {
      "acc": 0.21487603305785125,
      "acc_stderr": 0.03749492448709698,
      "acc_norm": 0.4628099173553719,
      "acc_norm_stderr": 0.04551711196104218
    },
    "hendrycksTest-professional_accounting": {
      "acc": 0.2765957446808511,
      "acc_stderr": 0.026684564340461004,
      "acc_norm": 0.2695035460992908,
      "acc_norm_stderr": 0.02646903681859063
    },
    "hendrycksTest-public_relations": {
      "acc": 0.2727272727272727,
      "acc_stderr": 0.04265792110940588,
      "acc_norm": 0.20909090909090908,
      "acc_norm_stderr": 0.038950910157241364
    },
    "hendrycksTest-machine_learning": {
      "acc": 0.2767857142857143,