{
  "results": {
    "hendrycksTest-high_school_us_history": {
      "acc": 0.28431372549019607,
      "acc_stderr": 0.03166009679399812,
      "acc_norm": 0.2696078431372549,
      "acc_norm_stderr": 0.031145570659486782
    },
    "hendrycksTest-high_school_physics": {
      "acc": 0.17218543046357615,
      "acc_stderr": 0.030826136961962396,
      "acc_norm": 0.2052980132450331,
      "acc_norm_stderr": 0.03297986648473836
    },
    "hendrycksTest-high_school_macroeconomics": {
      "acc": 0.21794871794871795,
      "acc_stderr": 0.020932445774463175,
      "acc_norm": 0.2794871794871795,
      "acc_norm_stderr": 0.022752388839776826
    },
    "hendrycksTest-nutrition": {
      "acc": 0.2679738562091503,
      "acc_stderr": 0.025360603796242564,
      "acc_norm": 0.3562091503267974,
      "acc_norm_stderr": 0.027420477662629228
    },
    "lambada_openai": {
      "ppl": 23.38018558556866,
      "ppl_stderr": 0.7941389722621056,
      "acc": 0.3939452745973219,
      "acc_stderr": 0.006807473218363976
    },
    "arc_challenge": {
      "acc": 0.19368600682593856,
      "acc_stderr": 0.01154842540997854,
      "acc_norm": 0.22866894197952217,
      "acc_norm_stderr": 0.012272853582540795
    },
    "hendrycksTest-clinical_knowledge": {
      "acc": 0.19622641509433963,
      "acc_stderr": 0.024442388131100844,
      "acc_norm": 0.2792452830188679,
      "acc_norm_stderr": 0.02761116340239972
    },
    "hendrycksTest-medical_genetics": {
      "acc": 0.25,
      "acc_stderr": 0.04351941398892446,
      "acc_norm": 0.36,
      "acc_norm_stderr": 0.04824181513244218
    },
    "hendrycksTest-college_chemistry": {
      "acc": 0.31,
      "acc_stderr": 0.04648231987117316,
      "acc_norm": 0.32,
      "acc_norm_stderr": 0.04688261722621504
    },
    "hendrycksTest-electrical_engineering": {
      "acc": 0.30344827586206896,
      "acc_stderr": 0.038312260488503336,
      "acc_norm": 0.35172413793103446,
      "acc_norm_stderr": 0.03979236637497411
    },
    "hendrycksTest-security_studies": {
      "acc": 0.3346938775510204,
      "acc_stderr": 0.030209235226242307,
      "acc_norm": 0.2816326530612245,
      "acc_norm_stderr": 0.0287951855742913
    },
    "hendrycksTest-high_school_government_and_politics": {
      "acc": 0.21761658031088082,
      "acc_stderr": 0.029778663037752943,
      "acc_norm": 0.2694300518134715,
      "acc_norm_stderr": 0.03201867122877793
    },
    "hendrycksTest-professional_medicine": {
      "acc": 0.22058823529411764,
      "acc_stderr": 0.025187786660227272,
      "acc_norm": 0.21691176470588236,
      "acc_norm_stderr": 0.02503584522771126
    },
    "winogrande": {
      "acc": 0.4956590370955012,
      "acc_stderr": 0.014051956064076903
    },
    "hendrycksTest-elementary_mathematics": {
      "acc": 0.21428571428571427,
      "acc_stderr": 0.021132859182754427,
      "acc_norm": 0.23809523809523808,
      "acc_norm_stderr": 0.021935878081184763
    },
    "piqa": {
      "acc": 0.6376496191512514,
      "acc_stderr": 0.011215040215104567,
      "acc_norm": 0.6305767138193689,
      "acc_norm_stderr": 0.011260988628572322
    },
    "hendrycksTest-high_school_computer_science": {
      "acc": 0.18,
      "acc_stderr": 0.03861229196653697,
      "acc_norm": 0.22,
      "acc_norm_stderr": 0.041633319989322695
    },
    "hendrycksTest-business_ethics": {
      "acc": 0.29,
      "acc_stderr": 0.04560480215720684,
      "acc_norm": 0.26,
      "acc_norm_stderr": 0.04408440022768077
    },
    "hendrycksTest-college_medicine": {
      "acc": 0.1907514450867052,
      "acc_stderr": 0.029957851329869337,
      "acc_norm": 0.2138728323699422,
      "acc_norm_stderr": 0.031265112061730424
    },
    "hendrycksTest-sociology": {
      "acc": 0.30845771144278605,
      "acc_stderr": 0.03265819588512697,
      "acc_norm": 0.263681592039801,
      "acc_norm_stderr": 0.03115715086935556
    },
    "hendrycksTest-econometrics": {
      "acc": 0.22807017543859648,
      "acc_stderr": 0.03947152782669415,
      "acc_norm": 0.23684210526315788,
      "acc_norm_stderr": 0.03999423879281336
    },
    "hendrycksTest-international_law": {
      "acc": 0.1652892561983471,
      "acc_stderr": 0.03390780612972776,
      "acc_norm": 0.4297520661157025,
      "acc_norm_stderr": 0.04519082021319774
    },
    "hendrycksTest-abstract_algebra": {
      "acc": 0.22,
      "acc_stderr": 0.0416333199893227,
      "acc_norm": 0.28,
      "acc_norm_stderr": 0.04512608598542127
    },
    "hendrycksTest-computer_security": {
      "acc": 0.23,
      "acc_stderr": 0.04229525846816505,
      "acc_norm": 0.26,
      "acc_norm_stderr": 0.0440844002276808
    },
    "hendrycksTest-formal_logic": {
      "acc": 0.30158730158730157,
      "acc_stderr": 0.04104947269903394,
      "acc_norm": 0.30952380952380953,
      "acc_norm_stderr": 0.04134913018303316
    },
    "hendrycksTest-global_facts": {
      "acc": 0.17,
      "acc_stderr": 0.0377525168068637,
      "acc_norm": 0.19,
      "acc_norm_stderr": 0.039427724440366234
    },
    "hendrycksTest-high_school_mathematics": {
      "acc": 0.2037037037037037,
      "acc_stderr": 0.024556172219141283,
      "acc_norm": 0.26296296296296295,
      "acc_norm_stderr": 0.026842057873833706
    },
    "hendrycksTest-logical_fallacies": {
      "acc": 0.24539877300613497,
      "acc_stderr": 0.03380939813943354,
      "acc_norm": 0.3374233128834356,
      "acc_norm_stderr": 0.03714908409935574
    },
    "hendrycksTest-conceptual_physics": {
      "acc": 0.23404255319148937,
      "acc_stderr": 0.027678452578212408,
      "acc_norm": 0.18723404255319148,
      "acc_norm_stderr": 0.025501588341883583
    },
    "hendrycksTest-high_school_microeconomics": {
      "acc": 0.22268907563025211,
      "acc_stderr": 0.027025433498882392,
      "acc_norm": 0.31092436974789917,
      "acc_norm_stderr": 0.030066761582977924
    },
    "hendrycksTest-management": {
      "acc": 0.1941747572815534,
      "acc_stderr": 0.03916667762822586,
      "acc_norm": 0.2524271844660194,
      "acc_norm_stderr": 0.04301250399690877
    },
    "hendrycksTest-machine_learning": {
      "acc": 0.23214285714285715,
      "acc_stderr": 0.04007341809755805,
      "acc_norm": 0.19642857142857142,
      "acc_norm_stderr": 0.03770970049347019
    },
    "hendrycksTest-professional_psychology": {
      "acc": 0.23529411764705882,
      "acc_stderr": 0.017160587235046345,
      "acc_norm": 0.2565359477124183,
      "acc_norm_stderr": 0.017667841612378988
    },
    "logiqa": {
      "acc": 0.21658986175115208,
      "acc_stderr": 0.016156860583178303,
      "acc_norm": 0.2749615975422427,
      "acc_norm_stderr": 0.01751297178222521
    },
    "hendrycksTest-professional_accounting": {
      "acc": 0.2375886524822695,
      "acc_stderr": 0.025389512552729906,
      "acc_norm": 0.2375886524822695,
      "acc_norm_stderr": 0.025389512552729906
    },
    "hendrycksTest-college_biology": {
      "acc": 0.22916666666666666,
      "acc_stderr": 0.03514697467862388,
      "acc_norm": 0.20833333333333334,
      "acc_norm_stderr": 0.03396116205845334
    },
    "hendrycksTest-high_school_world_history": {
      "acc": 0.23628691983122363,
      "acc_stderr": 0.027652153144159277,
      "acc_norm": 0.2489451476793249,
      "acc_norm_stderr": 0.028146970599422644
    },
    "hendrycksTest-miscellaneous": {
      "acc": 0.2681992337164751,
      "acc_stderr": 0.01584243083526943,
      "acc_norm": 0.2771392081736909,
      "acc_norm_stderr": 0.016005636294122428
    },
    "sciq": {
      "acc": 0.775,
      "acc_stderr": 0.013211720158614751,
      "acc_norm": 0.678,
      "acc_norm_stderr": 0.01478291360099666
    },
    "wsc": {
      "acc": 0.5576923076923077,
      "acc_stderr": 0.04893740777701
    },
    "hendrycksTest-moral_disputes": {
      "acc": 0.24566473988439305,
      "acc_stderr": 0.023176298203992016,
      "acc_norm": 0.3179190751445087,
      "acc_norm_stderr": 0.02507071371915319
    },