{
  "results": {
    "hendrycksTest-high_school_government_and_politics": {
      "acc": 0.21243523316062177,
      "acc_stderr": 0.029519282616817258,
      "acc_norm": 0.26424870466321243,
      "acc_norm_stderr": 0.03182155050916646
    },
    "hendrycksTest-electrical_engineering": {
      "acc": 0.2896551724137931,
      "acc_stderr": 0.03780019230438014,
      "acc_norm": 0.2896551724137931,
      "acc_norm_stderr": 0.03780019230438014
    },
    "hendrycksTest-conceptual_physics": {
      "acc": 0.24680851063829787,
      "acc_stderr": 0.028185441301234116,
      "acc_norm": 0.16595744680851063,
      "acc_norm_stderr": 0.02432117475103867
    },
    "lambada_openai": {
      "ppl": 15.394706927521257,
      "ppl_stderr": 0.4852172989462324,
      "acc": 0.4477003687172521,
      "acc_stderr": 0.006927765449003236
    },
    "hendrycksTest-high_school_computer_science": {
      "acc": 0.2,
      "acc_stderr": 0.040201512610368445,
      "acc_norm": 0.26,
      "acc_norm_stderr": 0.0440844002276808
    },
    "hendrycksTest-professional_accounting": {
      "acc": 0.2695035460992908,
      "acc_stderr": 0.026469036818590624,
      "acc_norm": 0.25886524822695034,
      "acc_norm_stderr": 0.02612957252718085
    },
    "hendrycksTest-high_school_european_history": {
      "acc": 0.2606060606060606,
      "acc_stderr": 0.034277431758165236,
      "acc_norm": 0.2545454545454545,
      "acc_norm_stderr": 0.03401506715249039
    },
    "hendrycksTest-security_studies": {
      "acc": 0.3510204081632653,
      "acc_stderr": 0.03055531675557364,
      "acc_norm": 0.2979591836734694,
      "acc_norm_stderr": 0.029279567411065677
    },
    "hendrycksTest-college_medicine": {
      "acc": 0.2138728323699422,
      "acc_stderr": 0.03126511206173043,
      "acc_norm": 0.2658959537572254,
      "acc_norm_stderr": 0.033687629322594295
    },
    "wsc": {
      "acc": 0.5865384615384616,
      "acc_stderr": 0.04852294969729053
    },
    "hendrycksTest-management": {
      "acc": 0.1553398058252427,
      "acc_stderr": 0.035865947385739734,
      "acc_norm": 0.1941747572815534,
      "acc_norm_stderr": 0.03916667762822584
    },
    "hendrycksTest-professional_law": {
      "acc": 0.2561929595827901,
      "acc_stderr": 0.011149173153110582,
      "acc_norm": 0.2796610169491525,
      "acc_norm_stderr": 0.011463397393861952
    },
    "hendrycksTest-high_school_chemistry": {
      "acc": 0.2413793103448276,
      "acc_stderr": 0.03010833071801162,
      "acc_norm": 0.2955665024630542,
      "acc_norm_stderr": 0.032104944337514575
    },
    "arc_easy": {
      "acc": 0.49326599326599324,
      "acc_stderr": 0.010258852980991825,
      "acc_norm": 0.4457070707070707,
      "acc_norm_stderr": 0.010199118183322992
    },
    "hendrycksTest-miscellaneous": {
      "acc": 0.2554278416347382,
      "acc_stderr": 0.015594955384455773,
      "acc_norm": 0.2541507024265645,
      "acc_norm_stderr": 0.01556925469204576
    },
    "hendrycksTest-philosophy": {
      "acc": 0.21221864951768488,
      "acc_stderr": 0.023222756797435122,
      "acc_norm": 0.2990353697749196,
      "acc_norm_stderr": 0.02600330111788514
    },
    "hendrycksTest-professional_medicine": {
      "acc": 0.23529411764705882,
      "acc_stderr": 0.02576725201085597,
      "acc_norm": 0.26838235294117646,
      "acc_norm_stderr": 0.02691748122437723
    },
    "hendrycksTest-professional_psychology": {
      "acc": 0.23366013071895425,
      "acc_stderr": 0.017119158496044503,
      "acc_norm": 0.2549019607843137,
      "acc_norm_stderr": 0.017630827375148383
    },
    "hendrycksTest-high_school_physics": {
      "acc": 0.2052980132450331,
      "acc_stderr": 0.03297986648473836,
      "acc_norm": 0.2052980132450331,
      "acc_norm_stderr": 0.03297986648473835
    },
    "hendrycksTest-high_school_mathematics": {
      "acc": 0.2,
      "acc_stderr": 0.024388430433987664,
      "acc_norm": 0.25925925925925924,
      "acc_norm_stderr": 0.026719240783712152
    },
    "hendrycksTest-college_biology": {
      "acc": 0.2708333333333333,
      "acc_stderr": 0.03716177437566017,
      "acc_norm": 0.22916666666666666,
      "acc_norm_stderr": 0.035146974678623884
    },
    "hendrycksTest-econometrics": {
      "acc": 0.2982456140350877,
      "acc_stderr": 0.04303684033537315,
      "acc_norm": 0.21052631578947367,
      "acc_norm_stderr": 0.038351539543994194
    },
    "hendrycksTest-high_school_macroeconomics": {
      "acc": 0.2717948717948718,
      "acc_stderr": 0.02255655101013236,
      "acc_norm": 0.26153846153846155,
      "acc_norm_stderr": 0.022282141204204426
    },
    "hendrycksTest-international_law": {
      "acc": 0.15702479338842976,
      "acc_stderr": 0.03321244842547129,
      "acc_norm": 0.45454545454545453,
      "acc_norm_stderr": 0.045454545454545456
    },
    "hendrycksTest-abstract_algebra": {
      "acc": 0.26,
      "acc_stderr": 0.04408440022768077,
      "acc_norm": 0.3,
      "acc_norm_stderr": 0.046056618647183814
    },
    "logiqa": {
      "acc": 0.22734254992319508,
      "acc_stderr": 0.016439067675117748,
      "acc_norm": 0.2857142857142857,
      "acc_norm_stderr": 0.017719247798458286
    },
    "hendrycksTest-high_school_us_history": {
      "acc": 0.3088235294117647,
      "acc_stderr": 0.03242661719827218,
      "acc_norm": 0.28431372549019607,
      "acc_norm_stderr": 0.03166009679399813
    },
    "piqa": {
      "acc": 0.6485310119695321,
      "acc_stderr": 0.011139207691931193,
      "acc_norm": 0.6643090315560392,
      "acc_norm_stderr": 0.011017938116656316
    },
    "hendrycksTest-computer_security": {
      "acc": 0.24,
      "acc_stderr": 0.04292346959909283,
      "acc_norm": 0.29,
      "acc_norm_stderr": 0.04560480215720684
    },
    "hendrycksTest-college_physics": {
      "acc": 0.24509803921568626,
      "acc_stderr": 0.042801058373643966,
      "acc_norm": 0.2549019607843137,
      "acc_norm_stderr": 0.04336432707993177
    },
    "hendrycksTest-college_computer_science": {
      "acc": 0.28,
      "acc_stderr": 0.04512608598542127,
      "acc_norm": 0.3,
      "acc_norm_stderr": 0.046056618647183814
    },
    "hendrycksTest-anatomy": {
      "acc": 0.21481481481481482,
      "acc_stderr": 0.03547854198560826,
      "acc_norm": 0.2518518518518518,
      "acc_norm_stderr": 0.03749850709174022
    },
    "hendrycksTest-global_facts": {
      "acc": 0.21,
      "acc_stderr": 0.04093601807403325,
      "acc_norm": 0.2,
      "acc_norm_stderr": 0.04020151261036846
    },
    "hendrycksTest-high_school_world_history": {
      "acc": 0.22784810126582278,
      "acc_stderr": 0.027303484599069432,
      "acc_norm": 0.2742616033755274,
      "acc_norm_stderr": 0.029041333510598035
    },
    "hendrycksTest-public_relations": {
      "acc": 0.2727272727272727,
      "acc_stderr": 0.04265792110940588,
      "acc_norm": 0.21818181818181817,
      "acc_norm_stderr": 0.039559328617958335
    },
    "hendrycksTest-formal_logic": {
      "acc": 0.2698412698412698,
      "acc_stderr": 0.03970158273235171,
      "acc_norm": 0.2857142857142857,
      "acc_norm_stderr": 0.04040610178208841
    },
    "arc_challenge": {
      "acc": 0.2030716723549488,
      "acc_stderr": 0.011755899303705582,
      "acc_norm": 0.24146757679180889,
      "acc_norm_stderr": 0.012506564839739432
    },
    "hendrycksTest-high_school_microeconomics": {
      "acc": 0.23529411764705882,
      "acc_stderr": 0.027553614467863818,
      "acc_norm": 0.3235294117647059,
      "acc_norm_stderr": 0.03038835355188684
    },
    "hendrycksTest-moral_disputes": {
      "acc": 0.26878612716763006,
      "acc_stderr": 0.023868003262500114,
      "acc_norm": 0.315028901734104,
      "acc_norm_stderr": 0.0250093137900697
    },
    "hendrycksTest-high_school_geography": {
      "acc": 0.22727272727272727,
      "acc_stderr": 0.02985751567338641,
      "acc_norm": 0.2878787878787879,
      "acc_norm_stderr": 0.03225883512300993
    },