{
  "results": {
    "hendrycksTest-global_facts": {
      "acc": 0.16,
      "acc_stderr": 0.03684529491774708,
      "acc_norm": 0.18,
      "acc_norm_stderr": 0.038612291966536934
    },
    "hendrycksTest-management": {
      "acc": 0.1941747572815534,
      "acc_stderr": 0.03916667762822585,
      "acc_norm": 0.21359223300970873,
      "acc_norm_stderr": 0.04058042015646036
    },
    "hendrycksTest-electrical_engineering": {
      "acc": 0.32413793103448274,
      "acc_stderr": 0.03900432069185554,
      "acc_norm": 0.31724137931034485,
      "acc_norm_stderr": 0.03878352372138622
    },
    "wsc": {
      "acc": 0.5096153846153846,
      "acc_stderr": 0.04925735314273531
    },
    "hendrycksTest-public_relations": {
      "acc": 0.20909090909090908,
      "acc_stderr": 0.038950910157241364,
      "acc_norm": 0.16363636363636364,
      "acc_norm_stderr": 0.03543433054298677
    },
    "hendrycksTest-high_school_statistics": {
      "acc": 0.18518518518518517,
      "acc_stderr": 0.026491914727355154,
      "acc_norm": 0.3055555555555556,
      "acc_norm_stderr": 0.031415546294025445
    },
    "hendrycksTest-moral_disputes": {
      "acc": 0.2832369942196532,
      "acc_stderr": 0.02425790170532337,
      "acc_norm": 0.3352601156069364,
      "acc_norm_stderr": 0.02541600377316555
    },
    "hendrycksTest-virology": {
      "acc": 0.3072289156626506,
      "acc_stderr": 0.03591566797824662,
      "acc_norm": 0.29518072289156627,
      "acc_norm_stderr": 0.0355092018568963
    },
    "hendrycksTest-college_medicine": {
      "acc": 0.19653179190751446,
      "acc_stderr": 0.030299574664788147,
      "acc_norm": 0.20809248554913296,
      "acc_norm_stderr": 0.030952890217749895
    },
    "hendrycksTest-professional_accounting": {
      "acc": 0.2695035460992908,
      "acc_stderr": 0.026469036818590627,
      "acc_norm": 0.24468085106382978,
      "acc_norm_stderr": 0.025645553622266722
    },
    "hendrycksTest-professional_psychology": {
      "acc": 0.23529411764705882,
      "acc_stderr": 0.017160587235046345,
      "acc_norm": 0.24673202614379086,
      "acc_norm_stderr": 0.017440820367402493
    },
    "hendrycksTest-logical_fallacies": {
      "acc": 0.20245398773006135,
      "acc_stderr": 0.03157065078911903,
      "acc_norm": 0.2883435582822086,
      "acc_norm_stderr": 0.03559039531617342
    },
    "hendrycksTest-jurisprudence": {
      "acc": 0.2962962962962963,
      "acc_stderr": 0.044143436668549335,
      "acc_norm": 0.3888888888888889,
      "acc_norm_stderr": 0.047128212574267705
    },
    "hendrycksTest-moral_scenarios": {
      "acc": 0.23575418994413408,
      "acc_stderr": 0.014196375686290804,
      "acc_norm": 0.27262569832402234,
      "acc_norm_stderr": 0.014893391735249588
    },
    "hendrycksTest-high_school_physics": {
      "acc": 0.1986754966887417,
      "acc_stderr": 0.03257847384436776,
      "acc_norm": 0.2251655629139073,
      "acc_norm_stderr": 0.03410435282008936
    },
    "hendrycksTest-high_school_chemistry": {
      "acc": 0.18719211822660098,
      "acc_stderr": 0.027444924966882618,
      "acc_norm": 0.28078817733990147,
      "acc_norm_stderr": 0.03161856335358609
    },
    "hendrycksTest-astronomy": {
      "acc": 0.19736842105263158,
      "acc_stderr": 0.03238981601699397,
      "acc_norm": 0.3092105263157895,
      "acc_norm_stderr": 0.03761070869867481
    },
    "hendrycksTest-high_school_geography": {
      "acc": 0.21212121212121213,
      "acc_stderr": 0.029126522834586815,
      "acc_norm": 0.23737373737373738,
      "acc_norm_stderr": 0.0303137105381989
    },
    "hendrycksTest-conceptual_physics": {
      "acc": 0.25957446808510637,
      "acc_stderr": 0.028659179374292323,
      "acc_norm": 0.20851063829787234,
      "acc_norm_stderr": 0.02655698211783873
    },
    "hendrycksTest-security_studies": {
      "acc": 0.39591836734693875,
      "acc_stderr": 0.03130802899065686,
      "acc_norm": 0.2571428571428571,
      "acc_norm_stderr": 0.027979823538744543
    },
    "hendrycksTest-high_school_macroeconomics": {
      "acc": 0.2923076923076923,
      "acc_stderr": 0.023060438380857726,
      "acc_norm": 0.25384615384615383,
      "acc_norm_stderr": 0.022066054378726257
    },
    "hendrycksTest-college_computer_science": {
      "acc": 0.34,
      "acc_stderr": 0.04760952285695235,
      "acc_norm": 0.29,
      "acc_norm_stderr": 0.045604802157206845
    },
    "hendrycksTest-us_foreign_policy": {
      "acc": 0.37,
      "acc_stderr": 0.04852365870939099,
      "acc_norm": 0.38,
      "acc_norm_stderr": 0.048783173121456316
    },
    "lambada_openai": {
      "ppl": 10.615602720696945,
      "ppl_stderr": 0.3216190912311697,
      "acc": 0.5212497574228605,
      "acc_stderr": 0.006959683808965931
    },
    "hendrycksTest-high_school_microeconomics": {
      "acc": 0.2689075630252101,
      "acc_stderr": 0.028801392193631276,
      "acc_norm": 0.36134453781512604,
      "acc_norm_stderr": 0.03120469122515001
    },
    "hendrycksTest-medical_genetics": {
      "acc": 0.3,
      "acc_stderr": 0.046056618647183814,
      "acc_norm": 0.33,
      "acc_norm_stderr": 0.04725815626252604
    },
    "arc_easy": {
      "acc": 0.5117845117845118,
      "acc_stderr": 0.01025693347591101,
      "acc_norm": 0.4553872053872054,
      "acc_norm_stderr": 0.010218861787618728
    },
    "hendrycksTest-high_school_european_history": {
      "acc": 0.19393939393939394,
      "acc_stderr": 0.030874145136562108,
      "acc_norm": 0.2787878787878788,
      "acc_norm_stderr": 0.03501438706296781
    },
    "hendrycksTest-anatomy": {
      "acc": 0.2518518518518518,
      "acc_stderr": 0.03749850709174021,
      "acc_norm": 0.2074074074074074,
      "acc_norm_stderr": 0.03502553170678315
    },
    "piqa": {
      "acc": 0.6724700761697497,
      "acc_stderr": 0.010949830482825478,
      "acc_norm": 0.6697497279651795,
      "acc_norm_stderr": 0.010972947133006295
    },
    "hendrycksTest-computer_security": {
      "acc": 0.31,
      "acc_stderr": 0.04648231987117316,
      "acc_norm": 0.35,
      "acc_norm_stderr": 0.047937248544110196
    },
    "hendrycksTest-human_aging": {
      "acc": 0.3273542600896861,
      "acc_stderr": 0.03149384670994131,
      "acc_norm": 0.2645739910313901,
      "acc_norm_stderr": 0.0296051032170383
    },
    "hendrycksTest-international_law": {
      "acc": 0.15702479338842976,
      "acc_stderr": 0.03321244842547129,
      "acc_norm": 0.45454545454545453,
      "acc_norm_stderr": 0.045454545454545456
    },
    "hendrycksTest-high_school_mathematics": {
      "acc": 0.2,
      "acc_stderr": 0.02438843043398766,
      "acc_norm": 0.24814814814814815,
      "acc_norm_stderr": 0.0263357394040558
    },
    "hendrycksTest-college_chemistry": {
      "acc": 0.25,
      "acc_stderr": 0.04351941398892446,
      "acc_norm": 0.33,
      "acc_norm_stderr": 0.047258156262526045
    },
    "hendrycksTest-world_religions": {
      "acc": 0.2982456140350877,
      "acc_stderr": 0.03508771929824565,
      "acc_norm": 0.3684210526315789,
      "acc_norm_stderr": 0.036996580176568775
    },
    "hendrycksTest-business_ethics": {
      "acc": 0.38,
      "acc_stderr": 0.048783173121456316,
      "acc_norm": 0.3,
      "acc_norm_stderr": 0.046056618647183814
    },
    "hendrycksTest-human_sexuality": {
      "acc": 0.2900763358778626,
      "acc_stderr": 0.03980066246467766,
      "acc_norm": 0.3053435114503817,
      "acc_norm_stderr": 0.04039314978724561
    },
    "hendrycksTest-miscellaneous": {
      "acc": 0.2567049808429119,
      "acc_stderr": 0.015620480263064536,
      "acc_norm": 0.24776500638569604,
      "acc_norm_stderr": 0.015438083080568963
    },
    "hendrycksTest-clinical_knowledge": {
      "acc": 0.2528301886792453,
      "acc_stderr": 0.026749899771241238,
      "acc_norm": 0.30943396226415093,
      "acc_norm_stderr": 0.028450154794118627
    },
    "logiqa": {
      "acc": 0.2073732718894009,
      "acc_stderr": 0.01590208491387633,