{
  "results": {
    "hendrycksTest-econometrics": {
      "acc": 0.22807017543859648,
      "acc_stderr": 0.03947152782669415,
      "acc_norm": 0.21929824561403508,
      "acc_norm_stderr": 0.03892431106518753
    },
    "hendrycksTest-international_law": {
      "acc": 0.2066115702479339,
      "acc_stderr": 0.03695980128098824,
      "acc_norm": 0.4793388429752066,
      "acc_norm_stderr": 0.04560456086387235
    },
    "hendrycksTest-professional_law": {
      "acc": 0.2588005215123859,
      "acc_stderr": 0.011186109046564608,
      "acc_norm": 0.2940026075619296,
      "acc_norm_stderr": 0.01163606295369861
    },
    "hendrycksTest-anatomy": {
      "acc": 0.2074074074074074,
      "acc_stderr": 0.03502553170678316,
      "acc_norm": 0.23703703703703705,
      "acc_norm_stderr": 0.03673731683969506
    },
    "hendrycksTest-high_school_statistics": {
      "acc": 0.2037037037037037,
      "acc_stderr": 0.027467401804057986,
      "acc_norm": 0.28703703703703703,
      "acc_norm_stderr": 0.030851992993257013
    },
    "hendrycksTest-nutrition": {
      "acc": 0.2875816993464052,
      "acc_stderr": 0.02591780611714716,
      "acc_norm": 0.3758169934640523,
      "acc_norm_stderr": 0.02773283435336395
    },
    "hendrycksTest-professional_psychology": {
      "acc": 0.23039215686274508,
      "acc_stderr": 0.017035229258034044,
      "acc_norm": 0.25163398692810457,
      "acc_norm_stderr": 0.01755581809132226
    },
    "hendrycksTest-astronomy": {
      "acc": 0.18421052631578946,
      "acc_stderr": 0.0315469804508223,
      "acc_norm": 0.3092105263157895,
      "acc_norm_stderr": 0.03761070869867481
    },
    "sciq": {
      "acc": 0.822,
      "acc_stderr": 0.01210216767618359,
      "acc_norm": 0.729,
      "acc_norm_stderr": 0.014062601350986186
    },
    "hendrycksTest-high_school_psychology": {
      "acc": 0.21467889908256882,
      "acc_stderr": 0.017604304149256487,
      "acc_norm": 0.22201834862385322,
      "acc_norm_stderr": 0.01781884956479664
    },
    "hendrycksTest-formal_logic": {
      "acc": 0.2698412698412698,
      "acc_stderr": 0.03970158273235172,
      "acc_norm": 0.23809523809523808,
      "acc_norm_stderr": 0.03809523809523811
    },
    "hendrycksTest-high_school_computer_science": {
      "acc": 0.22,
      "acc_stderr": 0.0416333199893227,
      "acc_norm": 0.26,
      "acc_norm_stderr": 0.0440844002276808
    },
    "hendrycksTest-high_school_world_history": {
      "acc": 0.21518987341772153,
      "acc_stderr": 0.02675082699467619,
      "acc_norm": 0.25316455696202533,
      "acc_norm_stderr": 0.028304657943035286
    },
    "hendrycksTest-jurisprudence": {
      "acc": 0.23148148148148148,
      "acc_stderr": 0.04077494709252626,
      "acc_norm": 0.37962962962962965,
      "acc_norm_stderr": 0.04691521224077742
    },
    "hendrycksTest-management": {
      "acc": 0.17475728155339806,
      "acc_stderr": 0.037601780060266224,
      "acc_norm": 0.2621359223300971,
      "acc_norm_stderr": 0.04354631077260597
    },
    "wsc": {
      "acc": 0.625,
      "acc_stderr": 0.04770204856076104
    },
    "hendrycksTest-global_facts": {
      "acc": 0.19,
      "acc_stderr": 0.03942772444036625,
      "acc_norm": 0.2,
      "acc_norm_stderr": 0.04020151261036846
    },
    "hendrycksTest-high_school_chemistry": {
      "acc": 0.22660098522167488,
      "acc_stderr": 0.02945486383529297,
      "acc_norm": 0.27586206896551724,
      "acc_norm_stderr": 0.031447125816782426
    },
    "lambada_openai": {
      "ppl": 10.048677926601718,
      "ppl_stderr": 0.3015104639456516,
      "acc": 0.5286241024645837,
      "acc_stderr": 0.006954553291373016
    },
    "hendrycksTest-high_school_mathematics": {
      "acc": 0.2,
      "acc_stderr": 0.02438843043398766,
      "acc_norm": 0.24444444444444444,
      "acc_norm_stderr": 0.02620276653465215
    },
    "hendrycksTest-human_sexuality": {
      "acc": 0.3053435114503817,
      "acc_stderr": 0.040393149787245605,
      "acc_norm": 0.3053435114503817,
      "acc_norm_stderr": 0.04039314978724561
    },
    "piqa": {
      "acc": 0.6702937976060935,
      "acc_stderr": 0.010968357083095152,
      "acc_norm": 0.6697497279651795,
      "acc_norm_stderr": 0.010972947133006292
    },
    "hendrycksTest-college_chemistry": {
      "acc": 0.28,
      "acc_stderr": 0.04512608598542127,
      "acc_norm": 0.32,
      "acc_norm_stderr": 0.04688261722621504
    },
    "hendrycksTest-philosophy": {
      "acc": 0.24758842443729903,
      "acc_stderr": 0.024513879973621963,
      "acc_norm": 0.3215434083601286,
      "acc_norm_stderr": 0.026527724079528872
    },
    "hendrycksTest-college_medicine": {
      "acc": 0.23699421965317918,
      "acc_stderr": 0.03242414757483098,
      "acc_norm": 0.2543352601156069,
      "acc_norm_stderr": 0.0332055644308557
    },
    "hendrycksTest-high_school_european_history": {
      "acc": 0.22424242424242424,
      "acc_stderr": 0.03256866661681102,
      "acc_norm": 0.2787878787878788,
      "acc_norm_stderr": 0.03501438706296781
    },
    "hendrycksTest-miscellaneous": {
      "acc": 0.26181353767560667,
      "acc_stderr": 0.015720838678445256,
      "acc_norm": 0.24904214559386972,
      "acc_norm_stderr": 0.015464676163395981
    },
    "logiqa": {
      "acc": 0.23348694316436253,
      "acc_stderr": 0.016593362460570887,
      "acc_norm": 0.27342549923195086,
      "acc_norm_stderr": 0.01748247454768128
    },
    "hendrycksTest-world_religions": {
      "acc": 0.2631578947368421,
      "acc_stderr": 0.033773102522091945,
      "acc_norm": 0.3567251461988304,
      "acc_norm_stderr": 0.03674013002860954
    },
    "arc_challenge": {
      "acc": 0.2090443686006826,
      "acc_stderr": 0.011882746987406444,
      "acc_norm": 0.2525597269624573,
      "acc_norm_stderr": 0.012696728980207706
    },
    "hendrycksTest-high_school_us_history": {
      "acc": 0.25980392156862747,
      "acc_stderr": 0.030778554678693264,
      "acc_norm": 0.3088235294117647,
      "acc_norm_stderr": 0.03242661719827218
    },
    "hendrycksTest-us_foreign_policy": {
      "acc": 0.34,
      "acc_stderr": 0.04760952285695235,
      "acc_norm": 0.36,
      "acc_norm_stderr": 0.04824181513244218
    },
    "hendrycksTest-professional_accounting": {
      "acc": 0.2695035460992908,
      "acc_stderr": 0.02646903681859063,
      "acc_norm": 0.24822695035460993,
      "acc_norm_stderr": 0.025770015644290396
    },
    "hendrycksTest-college_physics": {
      "acc": 0.19607843137254902,
      "acc_stderr": 0.039505818611799616,
      "acc_norm": 0.23529411764705882,
      "acc_norm_stderr": 0.04220773659171453
    },
    "hendrycksTest-sociology": {
      "acc": 0.29850746268656714,
      "acc_stderr": 0.03235743789355043,
      "acc_norm": 0.26865671641791045,
      "acc_norm_stderr": 0.03134328358208954
    },
    "hendrycksTest-high_school_macroeconomics": {
      "acc": 0.26666666666666666,
      "acc_stderr": 0.0224212736129237,
      "acc_norm": 0.25384615384615383,
      "acc_norm_stderr": 0.022066054378726257
    },
    "hendrycksTest-public_relations": {
      "acc": 0.23636363636363636,
      "acc_stderr": 0.04069306319721377,
      "acc_norm": 0.20909090909090908,
      "acc_norm_stderr": 0.03895091015724137
    },
    "hendrycksTest-high_school_geography": {
      "acc": 0.20202020202020202,
      "acc_stderr": 0.02860620428922987,
      "acc_norm": 0.2878787878787879,
      "acc_norm_stderr": 0.03225883512300992
    },
    "hendrycksTest-medical_genetics": {
      "acc": 0.26,
      "acc_stderr": 0.04408440022768078,
      "acc_norm": 0.32,
      "acc_norm_stderr": 0.046882617226215034
    },
    "hendrycksTest-business_ethics": {
      "acc": 0.33,
      "acc_stderr": 0.04725815626252604,
      "acc_norm": 0.27,
      "acc_norm_stderr": 0.04461960433384741
    },
    "winogrande": {
      "acc": 0.5295974743488555,
      "acc_stderr": 0.014027843827840092
    },
    "hendrycksTest-moral_scenarios": {
      "acc": 0.23798882681564246,