{
  "results": {
    "hendrycksTest-college_physics": {
      "acc": 0.21568627450980393,
      "acc_stderr": 0.04092563958237655,
      "acc_norm": 0.24509803921568626,
      "acc_norm_stderr": 0.04280105837364395
    },
    "hendrycksTest-sociology": {
      "acc": 0.30845771144278605,
      "acc_stderr": 0.03265819588512697,
      "acc_norm": 0.2736318407960199,
      "acc_norm_stderr": 0.031524391865554016
    },
    "piqa": {
      "acc": 0.675734494015234,
      "acc_stderr": 0.010921539041347988,
      "acc_norm": 0.6751904243743199,
      "acc_norm_stderr": 0.010926296238294044
    },
    "hendrycksTest-miscellaneous": {
      "acc": 0.2515964240102171,
      "acc_stderr": 0.015517322365529624,
      "acc_norm": 0.2681992337164751,
      "acc_norm_stderr": 0.015842430835269424
    },
    "arc_easy": {
      "acc": 0.5176767676767676,
      "acc_stderr": 0.010253369805698982,
      "acc_norm": 0.4511784511784512,
      "acc_norm_stderr": 0.010210757101073477
    },
    "hendrycksTest-electrical_engineering": {
      "acc": 0.32413793103448274,
      "acc_stderr": 0.03900432069185554,
      "acc_norm": 0.32413793103448274,
      "acc_norm_stderr": 0.03900432069185555
    },
    "hendrycksTest-high_school_geography": {
      "acc": 0.1919191919191919,
      "acc_stderr": 0.028057791672989017,
      "acc_norm": 0.2727272727272727,
      "acc_norm_stderr": 0.03173071239071724
    },
    "hendrycksTest-medical_genetics": {
      "acc": 0.29,
      "acc_stderr": 0.04560480215720684,
      "acc_norm": 0.32,
      "acc_norm_stderr": 0.046882617226215034
    },
    "wsc": {
      "acc": 0.6153846153846154,
      "acc_stderr": 0.0479366886807504
    },
    "hendrycksTest-professional_accounting": {
      "acc": 0.24113475177304963,
      "acc_stderr": 0.025518731049537762,
      "acc_norm": 0.24113475177304963,
      "acc_norm_stderr": 0.025518731049537766
    },
    "hendrycksTest-professional_law": {
      "acc": 0.26727509778357234,
      "acc_stderr": 0.011302607515637518,
      "acc_norm": 0.29986962190352023,
      "acc_norm_stderr": 0.011702660860193986
    },
    "hendrycksTest-anatomy": {
      "acc": 0.23703703703703705,
      "acc_stderr": 0.03673731683969506,
      "acc_norm": 0.23703703703703705,
      "acc_norm_stderr": 0.03673731683969506
    },
    "hendrycksTest-public_relations": {
      "acc": 0.3090909090909091,
      "acc_stderr": 0.044262946482000985,
      "acc_norm": 0.3,
      "acc_norm_stderr": 0.04389311454644287
    },
    "hendrycksTest-jurisprudence": {
      "acc": 0.2777777777777778,
      "acc_stderr": 0.043300437496507437,
      "acc_norm": 0.39814814814814814,
      "acc_norm_stderr": 0.04732332615978815
    },
    "sciq": {
      "acc": 0.813,
      "acc_stderr": 0.012336254828074125,
      "acc_norm": 0.72,
      "acc_norm_stderr": 0.014205696104091494
    },
    "hendrycksTest-high_school_mathematics": {
      "acc": 0.2074074074074074,
      "acc_stderr": 0.02472071319395217,
      "acc_norm": 0.26296296296296295,
      "acc_norm_stderr": 0.02684205787383371
    },
    "hendrycksTest-professional_psychology": {
      "acc": 0.24509803921568626,
      "acc_stderr": 0.017401816711427657,
      "acc_norm": 0.2761437908496732,
      "acc_norm_stderr": 0.018087276935663137
    },
    "hendrycksTest-high_school_us_history": {
      "acc": 0.29411764705882354,
      "acc_stderr": 0.03198001660115071,
      "acc_norm": 0.29411764705882354,
      "acc_norm_stderr": 0.03198001660115072
    },
    "arc_challenge": {
      "acc": 0.20819112627986347,
      "acc_stderr": 0.01186486611844807,
      "acc_norm": 0.24573378839590443,
      "acc_norm_stderr": 0.012581033453730106
    },
    "lambada_openai": {
      "ppl": 10.543870970356897,
      "ppl_stderr": 0.31345849593933656,
      "acc": 0.5243547448088492,
      "acc_stderr": 0.006957708960295878
    },
    "hendrycksTest-nutrition": {
      "acc": 0.2973856209150327,
      "acc_stderr": 0.02617390850671858,
      "acc_norm": 0.38562091503267976,
      "acc_norm_stderr": 0.02787074527829032
    },
    "hendrycksTest-high_school_world_history": {
      "acc": 0.2489451476793249,
      "acc_stderr": 0.028146970599422644,
      "acc_norm": 0.28270042194092826,
      "acc_norm_stderr": 0.029312814153955924
    },
    "hendrycksTest-moral_scenarios": {
      "acc": 0.23798882681564246,
      "acc_stderr": 0.014242630070574915,
      "acc_norm": 0.2770949720670391,
      "acc_norm_stderr": 0.01496877243581215
    },
    "hendrycksTest-prehistory": {
      "acc": 0.24074074074074073,
      "acc_stderr": 0.023788583551658537,
      "acc_norm": 0.19135802469135801,
      "acc_norm_stderr": 0.02188770461339616
    },
    "hendrycksTest-philosophy": {
      "acc": 0.21221864951768488,
      "acc_stderr": 0.023222756797435122,
      "acc_norm": 0.28938906752411575,
      "acc_norm_stderr": 0.025755865922632935
    },
    "hendrycksTest-computer_security": {
      "acc": 0.37,
      "acc_stderr": 0.048523658709391,
      "acc_norm": 0.35,
      "acc_norm_stderr": 0.0479372485441102
    },
    "hendrycksTest-college_chemistry": {
      "acc": 0.22,
      "acc_stderr": 0.04163331998932269,
      "acc_norm": 0.3,
      "acc_norm_stderr": 0.046056618647183814
    },
    "hendrycksTest-moral_disputes": {
      "acc": 0.2398843930635838,
      "acc_stderr": 0.02298959254312357,
      "acc_norm": 0.3092485549132948,
      "acc_norm_stderr": 0.024883140570071755
    },
    "hendrycksTest-elementary_mathematics": {
      "acc": 0.21428571428571427,
      "acc_stderr": 0.02113285918275444,
      "acc_norm": 0.23544973544973544,
      "acc_norm_stderr": 0.02185150982203172
    },
    "hendrycksTest-abstract_algebra": {
      "acc": 0.23,
      "acc_stderr": 0.042295258468165065,
      "acc_norm": 0.22,
      "acc_norm_stderr": 0.0416333199893227
    },
    "hendrycksTest-high_school_european_history": {
      "acc": 0.23030303030303031,
      "acc_stderr": 0.03287666758603489,
      "acc_norm": 0.24242424242424243,
      "acc_norm_stderr": 0.033464098810559534
    },
    "hendrycksTest-world_religions": {
      "acc": 0.28654970760233917,
      "acc_stderr": 0.034678266857038266,
      "acc_norm": 0.2982456140350877,
      "acc_norm_stderr": 0.03508771929824565
    },
    "hendrycksTest-human_sexuality": {
      "acc": 0.2900763358778626,
      "acc_stderr": 0.03980066246467766,
      "acc_norm": 0.2900763358778626,
      "acc_norm_stderr": 0.03980066246467766
    },
    "hendrycksTest-college_biology": {
      "acc": 0.2361111111111111,
      "acc_stderr": 0.03551446610810826,
      "acc_norm": 0.22916666666666666,
      "acc_norm_stderr": 0.035146974678623884
    },
    "hendrycksTest-high_school_psychology": {
      "acc": 0.1963302752293578,
      "acc_stderr": 0.017030719339154357,
      "acc_norm": 0.22752293577981653,
      "acc_norm_stderr": 0.017974463578776502
    },
    "hendrycksTest-virology": {
      "acc": 0.3192771084337349,
      "acc_stderr": 0.0362933532994786,
      "acc_norm": 0.3192771084337349,
      "acc_norm_stderr": 0.03629335329947859
    },
    "hendrycksTest-global_facts": {
      "acc": 0.12,
      "acc_stderr": 0.03265986323710905,
      "acc_norm": 0.11,
      "acc_norm_stderr": 0.03144660377352203
    },
    "hendrycksTest-high_school_chemistry": {
      "acc": 0.1921182266009852,
      "acc_stderr": 0.02771931570961478,
      "acc_norm": 0.2413793103448276,
      "acc_norm_stderr": 0.030108330718011625
    },
    "hendrycksTest-college_mathematics": {
      "acc": 0.21,
      "acc_stderr": 0.040936018074033256,
      "acc_norm": 0.32,
      "acc_norm_stderr": 0.04688261722621504
    },
    "hendrycksTest-high_school_statistics": {
      "acc": 0.23148148148148148,
      "acc_stderr": 0.028765111718046937,
      "acc_norm": 0.2962962962962963,
      "acc_norm_stderr": 0.031141447823536037
    },
    "hendrycksTest-human_aging": {
      "acc": 0.30493273542600896,
      "acc_stderr": 0.030898610882477515,
      "acc_norm": 0.27802690582959644,