{
  "results": {
    "hendrycksTest-human_aging": {
      "acc": 0.29596412556053814,
      "acc_stderr": 0.030636591348699817,
      "acc_norm": 0.2600896860986547,
      "acc_norm_stderr": 0.029442495585857494
    },
    "hendrycksTest-international_law": {
      "acc": 0.17355371900826447,
      "acc_stderr": 0.0345727283691767,
      "acc_norm": 0.4462809917355372,
      "acc_norm_stderr": 0.0453793517794788
    },
    "hendrycksTest-security_studies": {
      "acc": 0.3836734693877551,
      "acc_stderr": 0.03113088039623595,
      "acc_norm": 0.2612244897959184,
      "acc_norm_stderr": 0.028123429335142783
    },
    "hendrycksTest-high_school_us_history": {
      "acc": 0.29411764705882354,
      "acc_stderr": 0.03198001660115071,
      "acc_norm": 0.3137254901960784,
      "acc_norm_stderr": 0.03256685484460388
    },
    "lambada_openai": {
      "ppl": 10.123666371453803,
      "ppl_stderr": 0.30126783567841237,
      "acc": 0.5325053366970697,
      "acc_stderr": 0.00695124160965522
    },
    "hendrycksTest-high_school_psychology": {
      "acc": 0.21651376146788992,
      "acc_stderr": 0.017658710594443138,
      "acc_norm": 0.22935779816513763,
      "acc_norm_stderr": 0.018025349724618684
    },
    "hendrycksTest-sociology": {
      "acc": 0.34328358208955223,
      "acc_stderr": 0.03357379665433431,
      "acc_norm": 0.3034825870646766,
      "acc_norm_stderr": 0.03251006816458618
    },
    "hendrycksTest-miscellaneous": {
      "acc": 0.2681992337164751,
      "acc_stderr": 0.015842430835269435,
      "acc_norm": 0.2541507024265645,
      "acc_norm_stderr": 0.015569254692045778
    },
    "hendrycksTest-us_foreign_policy": {
      "acc": 0.32,
      "acc_stderr": 0.046882617226215034,
      "acc_norm": 0.34,
      "acc_norm_stderr": 0.04760952285695235
    },
    "hendrycksTest-anatomy": {
      "acc": 0.25925925925925924,
      "acc_stderr": 0.037857144650666544,
      "acc_norm": 0.2518518518518518,
      "acc_norm_stderr": 0.03749850709174022
    },
    "hendrycksTest-moral_disputes": {
      "acc": 0.28034682080924855,
      "acc_stderr": 0.02418242749657762,
      "acc_norm": 0.315028901734104,
      "acc_norm_stderr": 0.025009313790069716
    },
    "hendrycksTest-high_school_world_history": {
      "acc": 0.21518987341772153,
      "acc_stderr": 0.02675082699467619,
      "acc_norm": 0.24050632911392406,
      "acc_norm_stderr": 0.027820781981149675
    },
    "hendrycksTest-electrical_engineering": {
      "acc": 0.32413793103448274,
      "acc_stderr": 0.03900432069185553,
      "acc_norm": 0.3310344827586207,
      "acc_norm_stderr": 0.039215453124671215
    },
    "hendrycksTest-nutrition": {
      "acc": 0.29411764705882354,
      "acc_stderr": 0.02609016250427904,
      "acc_norm": 0.39215686274509803,
      "acc_norm_stderr": 0.027956046165424516
    },
    "hendrycksTest-college_biology": {
      "acc": 0.2569444444444444,
      "acc_stderr": 0.03653946969442099,
      "acc_norm": 0.25,
      "acc_norm_stderr": 0.03621034121889507
    },
    "hendrycksTest-high_school_computer_science": {
      "acc": 0.24,
      "acc_stderr": 0.04292346959909284,
      "acc_norm": 0.26,
      "acc_norm_stderr": 0.0440844002276808
    },
    "hendrycksTest-high_school_european_history": {
      "acc": 0.23030303030303031,
      "acc_stderr": 0.03287666758603488,
      "acc_norm": 0.296969696969697,
      "acc_norm_stderr": 0.03567969772268048
    },
    "hendrycksTest-college_chemistry": {
      "acc": 0.27,
      "acc_stderr": 0.044619604333847394,
      "acc_norm": 0.32,
      "acc_norm_stderr": 0.04688261722621504
    },
    "hendrycksTest-professional_medicine": {
      "acc": 0.23897058823529413,
      "acc_stderr": 0.02590528064489301,
      "acc_norm": 0.24632352941176472,
      "acc_norm_stderr": 0.02617343857052
    },
    "hendrycksTest-professional_psychology": {
      "acc": 0.2434640522875817,
      "acc_stderr": 0.017362473762146627,
      "acc_norm": 0.25980392156862747,
      "acc_norm_stderr": 0.017740899509177788
    },
    "hendrycksTest-high_school_physics": {
      "acc": 0.2185430463576159,
      "acc_stderr": 0.033742355504256936,
      "acc_norm": 0.24503311258278146,
      "acc_norm_stderr": 0.03511807571804725
    },
    "hendrycksTest-philosophy": {
      "acc": 0.2379421221864952,
      "acc_stderr": 0.024185150647818707,
      "acc_norm": 0.3054662379421222,
      "acc_norm_stderr": 0.026160584450140488
    },
    "wsc": {
      "acc": 0.4230769230769231,
      "acc_stderr": 0.04867993747918684
    },
    "hendrycksTest-prehistory": {
      "acc": 0.25617283950617287,
      "acc_stderr": 0.0242885336377261,
      "acc_norm": 0.23765432098765432,
      "acc_norm_stderr": 0.023683591837008557
    },
    "hendrycksTest-high_school_chemistry": {
      "acc": 0.22167487684729065,
      "acc_stderr": 0.029225575892489596,
      "acc_norm": 0.30049261083743845,
      "acc_norm_stderr": 0.032257994762334846
    },
    "hendrycksTest-astronomy": {
      "acc": 0.19736842105263158,
      "acc_stderr": 0.03238981601699397,
      "acc_norm": 0.3157894736842105,
      "acc_norm_stderr": 0.037827289808654706
    },
    "winogrande": {
      "acc": 0.5359116022099447,
      "acc_stderr": 0.014016193433958305
    },
    "hendrycksTest-marketing": {
      "acc": 0.2863247863247863,
      "acc_stderr": 0.02961432369045665,
      "acc_norm": 0.3034188034188034,
      "acc_norm_stderr": 0.030118210106942662
    },
    "hendrycksTest-human_sexuality": {
      "acc": 0.31297709923664124,
      "acc_stderr": 0.04066962905677698,
      "acc_norm": 0.31297709923664124,
      "acc_norm_stderr": 0.04066962905677697
    },
    "hendrycksTest-professional_accounting": {
      "acc": 0.2624113475177305,
      "acc_stderr": 0.026244920349843007,
      "acc_norm": 0.25177304964539005,
      "acc_norm_stderr": 0.025892151156709405
    },
    "piqa": {
      "acc": 0.6806311207834603,
      "acc_stderr": 0.010877964076613731,
      "acc_norm": 0.6730141458106638,
      "acc_norm_stderr": 0.010945157126978227
    },
    "logiqa": {
      "acc": 0.2012288786482335,
      "acc_stderr": 0.015725325827428218,
      "acc_norm": 0.2872503840245776,
      "acc_norm_stderr": 0.017747701948846593
    },
    "hendrycksTest-high_school_statistics": {
      "acc": 0.16203703703703703,
      "acc_stderr": 0.02513045365226846,
      "acc_norm": 0.2824074074074074,
      "acc_norm_stderr": 0.030701372111510934
    },
    "hendrycksTest-high_school_government_and_politics": {
      "acc": 0.22279792746113988,
      "acc_stderr": 0.03003114797764154,
      "acc_norm": 0.2538860103626943,
      "acc_norm_stderr": 0.03141024780565319
    },
    "hendrycksTest-moral_scenarios": {
      "acc": 0.23798882681564246,
      "acc_stderr": 0.014242630070574915,
      "acc_norm": 0.24022346368715083,
      "acc_norm_stderr": 0.014288343803925293
    },
    "hendrycksTest-college_mathematics": {
      "acc": 0.22,
      "acc_stderr": 0.041633319989322695,
      "acc_norm": 0.34,
      "acc_norm_stderr": 0.04760952285695235
    },
    "hendrycksTest-world_religions": {
      "acc": 0.29239766081871343,
      "acc_stderr": 0.03488647713457923,
      "acc_norm": 0.38596491228070173,
      "acc_norm_stderr": 0.03733756969066165
    },
    "hendrycksTest-clinical_knowledge": {
      "acc": 0.2792452830188679,
      "acc_stderr": 0.027611163402399715,
      "acc_norm": 0.32075471698113206,
      "acc_norm_stderr": 0.028727502957880267
    },
    "hendrycksTest-abstract_algebra": {
      "acc": 0.24,
      "acc_stderr": 0.04292346959909283,
      "acc_norm": 0.27,
      "acc_norm_stderr": 0.044619604333847394
    },
    "arc_challenge": {
      "acc": 0.2022184300341297,
      "acc_stderr": 0.011737454431872105,
      "acc_norm": 0.25597269624573377,
      "acc_norm_stderr": 0.01275301324124452
    },
    "sciq": {
      "acc": 0.819,
      "acc_stderr": 0.01218143617917791,
      "acc_norm": 0.733,
      "acc_norm_stderr": 0.013996674851796282
    },