{
  "results": {
    "hendrycksTest-high_school_psychology": {
      "acc": 0.24220183486238533,
      "acc_stderr": 0.01836817630659862,
      "acc_norm": 0.25137614678899084,
      "acc_norm_stderr": 0.018599206360287415
    },
    "sciq": {
      "acc": 0.832,
      "acc_stderr": 0.011828605831454267,
      "acc_norm": 0.76,
      "acc_norm_stderr": 0.01351231225892084
    },
    "hendrycksTest-formal_logic": {
      "acc": 0.25396825396825395,
      "acc_stderr": 0.03893259610604671,
      "acc_norm": 0.25396825396825395,
      "acc_norm_stderr": 0.038932596106046755
    },
    "hendrycksTest-college_computer_science": {
      "acc": 0.27,
      "acc_stderr": 0.04461960433384741,
      "acc_norm": 0.27,
      "acc_norm_stderr": 0.04461960433384741
    },
    "hendrycksTest-medical_genetics": {
      "acc": 0.32,
      "acc_stderr": 0.04688261722621504,
      "acc_norm": 0.43,
      "acc_norm_stderr": 0.049756985195624284
    },
    "hendrycksTest-astronomy": {
      "acc": 0.23026315789473684,
      "acc_stderr": 0.03426059424403165,
      "acc_norm": 0.32894736842105265,
      "acc_norm_stderr": 0.03823428969926605
    },
    "hendrycksTest-high_school_geography": {
      "acc": 0.25252525252525254,
      "acc_stderr": 0.030954055470365897,
      "acc_norm": 0.30303030303030304,
      "acc_norm_stderr": 0.032742879140268674
    },
    "lambada_openai": {
      "ppl": 7.1735453844348775,
      "ppl_stderr": 0.1913190028225961,
      "acc": 0.5763632835241607,
      "acc_stderr": 0.0068842561762075295
    },
    "hendrycksTest-public_relations": {
      "acc": 0.3090909090909091,
      "acc_stderr": 0.044262946482000985,
      "acc_norm": 0.19090909090909092,
      "acc_norm_stderr": 0.03764425585984925
    },
    "hendrycksTest-conceptual_physics": {
      "acc": 0.25957446808510637,
      "acc_stderr": 0.02865917937429232,
      "acc_norm": 0.20425531914893616,
      "acc_norm_stderr": 0.02635515841334942
    },
    "hendrycksTest-machine_learning": {
      "acc": 0.26785714285714285,
      "acc_stderr": 0.04203277291467764,
      "acc_norm": 0.25892857142857145,
      "acc_norm_stderr": 0.04157751539865629
    },
    "hendrycksTest-professional_medicine": {
      "acc": 0.22058823529411764,
      "acc_stderr": 0.02518778666022727,
      "acc_norm": 0.23897058823529413,
      "acc_norm_stderr": 0.025905280644893
    },
    "piqa": {
      "acc": 0.7105549510337323,
      "acc_stderr": 0.010581014740675597,
      "acc_norm": 0.7154515778019587,
      "acc_norm_stderr": 0.01052721846413062
    },
    "hendrycksTest-high_school_microeconomics": {
      "acc": 0.25630252100840334,
      "acc_stderr": 0.02835962087053395,
      "acc_norm": 0.31512605042016806,
      "acc_norm_stderr": 0.030176808288974337
    },
    "hendrycksTest-high_school_physics": {
      "acc": 0.1986754966887417,
      "acc_stderr": 0.03257847384436776,
      "acc_norm": 0.23178807947019867,
      "acc_norm_stderr": 0.03445406271987054
    },
    "hendrycksTest-security_studies": {
      "acc": 0.3224489795918367,
      "acc_stderr": 0.02992310056368391,
      "acc_norm": 0.3142857142857143,
      "acc_norm_stderr": 0.029719329422417475
    },
    "hendrycksTest-college_mathematics": {
      "acc": 0.22,
      "acc_stderr": 0.041633319989322695,
      "acc_norm": 0.31,
      "acc_norm_stderr": 0.04648231987117316
    },
    "hendrycksTest-high_school_computer_science": {
      "acc": 0.23,
      "acc_stderr": 0.04229525846816508,
      "acc_norm": 0.26,
      "acc_norm_stderr": 0.04408440022768081
    },
    "hendrycksTest-professional_psychology": {
      "acc": 0.27124183006535946,
      "acc_stderr": 0.017986615304030305,
      "acc_norm": 0.26633986928104575,
      "acc_norm_stderr": 0.01788318813466719
    },
    "hendrycksTest-business_ethics": {
      "acc": 0.32,
      "acc_stderr": 0.046882617226215034,
      "acc_norm": 0.29,
      "acc_norm_stderr": 0.04560480215720684
    },
    "hendrycksTest-high_school_macroeconomics": {
      "acc": 0.2512820512820513,
      "acc_stderr": 0.021992016662370547,
      "acc_norm": 0.26666666666666666,
      "acc_norm_stderr": 0.022421273612923707
    },
    "hendrycksTest-virology": {
      "acc": 0.3192771084337349,
      "acc_stderr": 0.03629335329947861,
      "acc_norm": 0.30120481927710846,
      "acc_norm_stderr": 0.0357160923005348
    },
    "hendrycksTest-world_religions": {
      "acc": 0.3216374269005848,
      "acc_stderr": 0.03582529442573122,
      "acc_norm": 0.40350877192982454,
      "acc_norm_stderr": 0.03762738699917056
    },
    "hendrycksTest-computer_security": {
      "acc": 0.25,
      "acc_stderr": 0.04351941398892446,
      "acc_norm": 0.34,
      "acc_norm_stderr": 0.04760952285695235
    },
    "hendrycksTest-electrical_engineering": {
      "acc": 0.3586206896551724,
      "acc_stderr": 0.03996629574876719,
      "acc_norm": 0.2620689655172414,
      "acc_norm_stderr": 0.036646663372252565
    },
    "hendrycksTest-high_school_mathematics": {
      "acc": 0.2074074074074074,
      "acc_stderr": 0.024720713193952165,
      "acc_norm": 0.25555555555555554,
      "acc_norm_stderr": 0.02659393910184406
    },
    "hendrycksTest-logical_fallacies": {
      "acc": 0.2331288343558282,
      "acc_stderr": 0.03322015795776741,
      "acc_norm": 0.3067484662576687,
      "acc_norm_stderr": 0.036230899157241474
    },
    "arc_easy": {
      "acc": 0.5820707070707071,
      "acc_stderr": 0.010120628211017876,
      "acc_norm": 0.5252525252525253,
      "acc_norm_stderr": 0.01024669004258385
    },
    "hendrycksTest-human_sexuality": {
      "acc": 0.3511450381679389,
      "acc_stderr": 0.04186445163013751,
      "acc_norm": 0.3053435114503817,
      "acc_norm_stderr": 0.04039314978724561
    },
    "wsc": {
      "acc": 0.36538461538461536,
      "acc_stderr": 0.0474473339327792
    },
    "arc_challenge": {
      "acc": 0.24829351535836178,
      "acc_stderr": 0.012624912868089758,
      "acc_norm": 0.2901023890784983,
      "acc_norm_stderr": 0.013261573677520764
    },
    "hendrycksTest-professional_law": {
      "acc": 0.26597131681877445,
      "acc_stderr": 0.011285033165551277,
      "acc_norm": 0.2985658409387223,
      "acc_norm_stderr": 0.011688060141794222
    },
    "hendrycksTest-international_law": {
      "acc": 0.17355371900826447,
      "acc_stderr": 0.0345727283691767,
      "acc_norm": 0.4793388429752066,
      "acc_norm_stderr": 0.04560456086387235
    },
    "hendrycksTest-marketing": {
      "acc": 0.31196581196581197,
      "acc_stderr": 0.03035152732334496,
      "acc_norm": 0.3162393162393162,
      "acc_norm_stderr": 0.03046365674734025
    },
    "hendrycksTest-high_school_world_history": {
      "acc": 0.25316455696202533,
      "acc_stderr": 0.02830465794303529,
      "acc_norm": 0.25738396624472576,
      "acc_norm_stderr": 0.0284588209914603
    },
    "hendrycksTest-high_school_biology": {
      "acc": 0.21935483870967742,
      "acc_stderr": 0.0235407993587233,
      "acc_norm": 0.25806451612903225,
      "acc_norm_stderr": 0.024892469172462833
    },
    "hendrycksTest-nutrition": {
      "acc": 0.3006535947712418,
      "acc_stderr": 0.026256053835718964,
      "acc_norm": 0.369281045751634,
      "acc_norm_stderr": 0.027634176689602656
    },
    "hendrycksTest-philosophy": {
      "acc": 0.2540192926045016,
      "acc_stderr": 0.02472386150477169,
      "acc_norm": 0.3183279742765273,
      "acc_norm_stderr": 0.026457225067811025
    },
    "hendrycksTest-prehistory": {
      "acc": 0.28703703703703703,
      "acc_stderr": 0.025171041915309684,
      "acc_norm": 0.24074074074074073,
      "acc_norm_stderr": 0.02378858355165854
    },
    "hendrycksTest-college_chemistry": {
      "acc": 0.22,
      "acc_stderr": 0.04163331998932269,
      "acc_norm": 0.32,
      "acc_norm_stderr": 0.046882617226215034
    },
    "hendrycksTest-miscellaneous": {
      "acc": 0.27458492975734355,
      "acc_stderr": 0.015959829933084035,
      "acc_norm": 0.2681992337164751,