{
  "results": {
    "hendrycksTest-virology": {
      "acc": 0.3253012048192771,
      "acc_stderr": 0.03647168523683227,
      "acc_norm": 0.2891566265060241,
      "acc_norm_stderr": 0.03529486801511116
    },
    "hendrycksTest-high_school_world_history": {
      "acc": 0.2742616033755274,
      "acc_stderr": 0.029041333510598042,
      "acc_norm": 0.32489451476793246,
      "acc_norm_stderr": 0.030486039389105307
    },
    "hendrycksTest-high_school_macroeconomics": {
      "acc": 0.258974358974359,
      "acc_stderr": 0.022211106810061672,
      "acc_norm": 0.27692307692307694,
      "acc_norm_stderr": 0.022688042352424994
    },
    "hendrycksTest-moral_disputes": {
      "acc": 0.2658959537572254,
      "acc_stderr": 0.023786203255508283,
      "acc_norm": 0.34971098265895956,
      "acc_norm_stderr": 0.025674281456531018
    },
    "hendrycksTest-college_medicine": {
      "acc": 0.2254335260115607,
      "acc_stderr": 0.03186209851641144,
      "acc_norm": 0.30057803468208094,
      "acc_norm_stderr": 0.0349610148119118
    },
    "hendrycksTest-sociology": {
      "acc": 0.3283582089552239,
      "acc_stderr": 0.033206858897443244,
      "acc_norm": 0.25870646766169153,
      "acc_norm_stderr": 0.030965903123573026
    },
    "hendrycksTest-high_school_european_history": {
      "acc": 0.2606060606060606,
      "acc_stderr": 0.03427743175816524,
      "acc_norm": 0.3212121212121212,
      "acc_norm_stderr": 0.03646204963253812
    },
    "hendrycksTest-electrical_engineering": {
      "acc": 0.3103448275862069,
      "acc_stderr": 0.03855289616378948,
      "acc_norm": 0.2896551724137931,
      "acc_norm_stderr": 0.03780019230438013
    },
    "hendrycksTest-high_school_physics": {
      "acc": 0.2119205298013245,
      "acc_stderr": 0.033367670865679766,
      "acc_norm": 0.2582781456953642,
      "acc_norm_stderr": 0.035737053147634576
    },
    "hendrycksTest-management": {
      "acc": 0.23300970873786409,
      "acc_stderr": 0.041858325989283136,
      "acc_norm": 0.3300970873786408,
      "acc_norm_stderr": 0.04656147110012352
    },
    "hendrycksTest-high_school_geography": {
      "acc": 0.23232323232323232,
      "acc_stderr": 0.030088629490217487,
      "acc_norm": 0.26262626262626265,
      "acc_norm_stderr": 0.031353050095330855
    },
    "hendrycksTest-professional_accounting": {
      "acc": 0.26595744680851063,
      "acc_stderr": 0.026358065698880585,
      "acc_norm": 0.2765957446808511,
      "acc_norm_stderr": 0.026684564340461004
    },
    "hendrycksTest-jurisprudence": {
      "acc": 0.26851851851851855,
      "acc_stderr": 0.04284467968052192,
      "acc_norm": 0.4074074074074074,
      "acc_norm_stderr": 0.047500773411999854
    },
    "hendrycksTest-elementary_mathematics": {
      "acc": 0.28835978835978837,
      "acc_stderr": 0.0233306540545359,
      "acc_norm": 0.29365079365079366,
      "acc_norm_stderr": 0.02345603738398203
    },
    "hendrycksTest-high_school_psychology": {
      "acc": 0.24036697247706423,
      "acc_stderr": 0.01832060732096407,
      "acc_norm": 0.24403669724770644,
      "acc_norm_stderr": 0.018415286351416413
    },
    "hendrycksTest-professional_psychology": {
      "acc": 0.2647058823529412,
      "acc_stderr": 0.01784808957491322,
      "acc_norm": 0.27450980392156865,
      "acc_norm_stderr": 0.0180540274588152
    },
    "sciq": {
      "acc": 0.909,
      "acc_stderr": 0.00909954953840026,
      "acc_norm": 0.852,
      "acc_norm_stderr": 0.01123486636423525
    },
    "hendrycksTest-college_chemistry": {
      "acc": 0.31,
      "acc_stderr": 0.04648231987117316,
      "acc_norm": 0.34,
      "acc_norm_stderr": 0.04760952285695235
    },
    "hendrycksTest-medical_genetics": {
      "acc": 0.33,
      "acc_stderr": 0.047258156262526045,
      "acc_norm": 0.38,
      "acc_norm_stderr": 0.048783173121456316
    },
    "hendrycksTest-human_aging": {
      "acc": 0.3094170403587444,
      "acc_stderr": 0.031024411740572206,
      "acc_norm": 0.23318385650224216,
      "acc_norm_stderr": 0.028380391147094716
    },
    "hendrycksTest-human_sexuality": {
      "acc": 0.4198473282442748,
      "acc_stderr": 0.043285772152629715,
      "acc_norm": 0.32061068702290074,
      "acc_norm_stderr": 0.04093329229834278
    },
    "hendrycksTest-logical_fallacies": {
      "acc": 0.22699386503067484,
      "acc_stderr": 0.032910995786157686,
      "acc_norm": 0.294478527607362,
      "acc_norm_stderr": 0.03581165790474082
    },
    "hendrycksTest-clinical_knowledge": {
      "acc": 0.2339622641509434,
      "acc_stderr": 0.026055296901152915,
      "acc_norm": 0.33584905660377357,
      "acc_norm_stderr": 0.029067220146644823
    },
    "hendrycksTest-conceptual_physics": {
      "acc": 0.3148936170212766,
      "acc_stderr": 0.030363582197238174,
      "acc_norm": 0.2,
      "acc_norm_stderr": 0.026148818018424506
    },
    "hendrycksTest-professional_medicine": {
      "acc": 0.29044117647058826,
      "acc_stderr": 0.027576468622740533,
      "acc_norm": 0.2610294117647059,
      "acc_norm_stderr": 0.02667925227010312
    },
    "hendrycksTest-computer_security": {
      "acc": 0.28,
      "acc_stderr": 0.045126085985421276,
      "acc_norm": 0.36,
      "acc_norm_stderr": 0.04824181513244218
    },
    "winogrande": {
      "acc": 0.6211523283346487,
      "acc_stderr": 0.013633724603180323
    },
    "hendrycksTest-college_mathematics": {
      "acc": 0.24,
      "acc_stderr": 0.04292346959909284,
      "acc_norm": 0.34,
      "acc_norm_stderr": 0.04760952285695235
    },
    "hendrycksTest-nutrition": {
      "acc": 0.3235294117647059,
      "acc_stderr": 0.026787453111906535,
      "acc_norm": 0.4019607843137255,
      "acc_norm_stderr": 0.028074158947600663
    },
    "hendrycksTest-college_physics": {
      "acc": 0.2647058823529412,
      "acc_stderr": 0.04389869956808779,
      "acc_norm": 0.30392156862745096,
      "acc_norm_stderr": 0.045766654032077636
    },
    "hendrycksTest-international_law": {
      "acc": 0.19834710743801653,
      "acc_stderr": 0.036401182719909456,
      "acc_norm": 0.47107438016528924,
      "acc_norm_stderr": 0.04556710331269498
    },
    "arc_easy": {
      "acc": 0.6797138047138047,
      "acc_stderr": 0.00957415266873942,
      "acc_norm": 0.6296296296296297,
      "acc_norm_stderr": 0.009908978578665751
    },
    "hendrycksTest-astronomy": {
      "acc": 0.28289473684210525,
      "acc_stderr": 0.03665349695640767,
      "acc_norm": 0.34868421052631576,
      "acc_norm_stderr": 0.0387813988879761
    },
    "hendrycksTest-high_school_mathematics": {
      "acc": 0.25925925925925924,
      "acc_stderr": 0.026719240783712152,
      "acc_norm": 0.2851851851851852,
      "acc_norm_stderr": 0.02752859921034049
    },
    "hendrycksTest-college_biology": {
      "acc": 0.2569444444444444,
      "acc_stderr": 0.03653946969442099,
      "acc_norm": 0.2708333333333333,
      "acc_norm_stderr": 0.03716177437566017
    },
    "hendrycksTest-high_school_biology": {
      "acc": 0.24516129032258063,
      "acc_stderr": 0.024472243840895525,
      "acc_norm": 0.2967741935483871,
      "acc_norm_stderr": 0.02598850079241189
    },
    "hendrycksTest-machine_learning": {
      "acc": 0.24107142857142858,
      "acc_stderr": 0.04059867246952686,
      "acc_norm": 0.22321428571428573,
      "acc_norm_stderr": 0.039523019677025116
    },
    "hendrycksTest-econometrics": {
      "acc": 0.24561403508771928,
      "acc_stderr": 0.040493392977481404,
      "acc_norm": 0.21929824561403508,
      "acc_norm_stderr": 0.03892431106518753
    },
    "wsc": {
      "acc": 0.5480769230769231,
      "acc_stderr": 0.049038186969314335
    },
    "lambada_openai": {
      "ppl": 4.2289851994989425,
      "ppl_stderr": 0.09129702464070673,
      "acc": 0.6844556568988939,
      "acc_stderr": 0.006474629636371579
    },
    "hendrycksTest-high_school_government_and_politics": {
      "acc": 0.23834196891191708,
      "acc_stderr": 0.030748905363909892,