{
  "results": {
    "hendrycksTest-anatomy": {
      "acc": 0.28888888888888886,
      "acc_stderr": 0.0391545063041425,
      "acc_norm": 0.26666666666666666,
      "acc_norm_stderr": 0.038201699145179055
    },
    "hendrycksTest-elementary_mathematics": {
      "acc": 0.2724867724867725,
      "acc_stderr": 0.022930973071633356,
      "acc_norm": 0.30687830687830686,
      "acc_norm_stderr": 0.023752928712112147
    },
    "hendrycksTest-global_facts": {
      "acc": 0.31,
      "acc_stderr": 0.04648231987117316,
      "acc_norm": 0.3,
      "acc_norm_stderr": 0.046056618647183814
    },
    "hendrycksTest-high_school_macroeconomics": {
      "acc": 0.25384615384615383,
      "acc_stderr": 0.022066054378726253,
      "acc_norm": 0.2692307692307692,
      "acc_norm_stderr": 0.02248938979365483
    },
    "hendrycksTest-high_school_statistics": {
      "acc": 0.2222222222222222,
      "acc_stderr": 0.02835321286686346,
      "acc_norm": 0.30092592592592593,
      "acc_norm_stderr": 0.03128039084329882
    },
    "hendrycksTest-high_school_world_history": {
      "acc": 0.2742616033755274,
      "acc_stderr": 0.029041333510598025,
      "acc_norm": 0.2616033755274262,
      "acc_norm_stderr": 0.028609516716994934
    },
    "hendrycksTest-high_school_psychology": {
      "acc": 0.26238532110091745,
      "acc_stderr": 0.018861885021534738,
      "acc_norm": 0.24770642201834864,
      "acc_norm_stderr": 0.018508143602547808
    },
    "hendrycksTest-college_biology": {
      "acc": 0.18055555555555555,
      "acc_stderr": 0.032166008088022675,
      "acc_norm": 0.22916666666666666,
      "acc_norm_stderr": 0.035146974678623884
    },
    "hendrycksTest-high_school_european_history": {
      "acc": 0.2606060606060606,
      "acc_stderr": 0.03427743175816525,
      "acc_norm": 0.30303030303030304,
      "acc_norm_stderr": 0.03588624800091707
    },
    "arc_challenge": {
      "acc": 0.3148464163822526,
      "acc_stderr": 0.013572657703084948,
      "acc_norm": 0.3506825938566553,
      "acc_norm_stderr": 0.013944635930726092
    },
    "hendrycksTest-public_relations": {
      "acc": 0.33636363636363636,
      "acc_stderr": 0.04525393596302506,
      "acc_norm": 0.23636363636363636,
      "acc_norm_stderr": 0.04069306319721378
    },
    "hendrycksTest-world_religions": {
      "acc": 0.30409356725146197,
      "acc_stderr": 0.03528211258245231,
      "acc_norm": 0.3567251461988304,
      "acc_norm_stderr": 0.03674013002860954
    },
    "hendrycksTest-conceptual_physics": {
      "acc": 0.26382978723404255,
      "acc_stderr": 0.02880998985410295,
      "acc_norm": 0.20425531914893616,
      "acc_norm_stderr": 0.02635515841334942
    },
    "hendrycksTest-high_school_biology": {
      "acc": 0.25806451612903225,
      "acc_stderr": 0.024892469172462836,
      "acc_norm": 0.27741935483870966,
      "acc_norm_stderr": 0.025470196835900055
    },
    "hendrycksTest-college_chemistry": {
      "acc": 0.28,
      "acc_stderr": 0.04512608598542126,
      "acc_norm": 0.35,
      "acc_norm_stderr": 0.0479372485441102
    },
    "hendrycksTest-electrical_engineering": {
      "acc": 0.3310344827586207,
      "acc_stderr": 0.03921545312467122,
      "acc_norm": 0.3103448275862069,
      "acc_norm_stderr": 0.03855289616378948
    },
    "hendrycksTest-management": {
      "acc": 0.30097087378640774,
      "acc_stderr": 0.045416094465039476,
      "acc_norm": 0.33980582524271846,
      "acc_norm_stderr": 0.046897659372781335
    },
    "hendrycksTest-marketing": {
      "acc": 0.3418803418803419,
      "acc_stderr": 0.03107502852650776,
      "acc_norm": 0.3418803418803419,
      "acc_norm_stderr": 0.03107502852650776
    },
    "hendrycksTest-sociology": {
      "acc": 0.2835820895522388,
      "acc_stderr": 0.031871875379197966,
      "acc_norm": 0.25870646766169153,
      "acc_norm_stderr": 0.030965903123573026
    },
    "hendrycksTest-logical_fallacies": {
      "acc": 0.22699386503067484,
      "acc_stderr": 0.032910995786157686,
      "acc_norm": 0.2822085889570552,
      "acc_norm_stderr": 0.03536117886664743
    },
    "hendrycksTest-high_school_mathematics": {
      "acc": 0.2518518518518518,
      "acc_stderr": 0.026466117538959916,
      "acc_norm": 0.3111111111111111,
      "acc_norm_stderr": 0.028226446749683515
    },
    "hendrycksTest-human_aging": {
      "acc": 0.28699551569506726,
      "acc_stderr": 0.03036037971029195,
      "acc_norm": 0.21524663677130046,
      "acc_norm_stderr": 0.027584066602208263
    },
    "hendrycksTest-college_physics": {
      "acc": 0.23529411764705882,
      "acc_stderr": 0.04220773659171451,
      "acc_norm": 0.24509803921568626,
      "acc_norm_stderr": 0.04280105837364395
    },
    "hendrycksTest-college_computer_science": {
      "acc": 0.29,
      "acc_stderr": 0.045604802157206845,
      "acc_norm": 0.25,
      "acc_norm_stderr": 0.04351941398892446
    },
    "hendrycksTest-philosophy": {
      "acc": 0.24115755627009647,
      "acc_stderr": 0.024296594034763426,
      "acc_norm": 0.31511254019292606,
      "acc_norm_stderr": 0.026385273703464485
    },
    "hendrycksTest-professional_medicine": {
      "acc": 0.29411764705882354,
      "acc_stderr": 0.027678468642144714,
      "acc_norm": 0.26838235294117646,
      "acc_norm_stderr": 0.026917481224377232
    },
    "hendrycksTest-college_medicine": {
      "acc": 0.24855491329479767,
      "acc_stderr": 0.03295304696818318,
      "acc_norm": 0.3179190751445087,
      "acc_norm_stderr": 0.03550683989165582
    },
    "hendrycksTest-high_school_chemistry": {
      "acc": 0.23645320197044334,
      "acc_stderr": 0.029896114291733552,
      "acc_norm": 0.29064039408866993,
      "acc_norm_stderr": 0.0319474007226554
    },
    "hendrycksTest-miscellaneous": {
      "acc": 0.27330779054916987,
      "acc_stderr": 0.01593668106262856,
      "acc_norm": 0.26053639846743293,
      "acc_norm_stderr": 0.01569600856380709
    },
    "hendrycksTest-moral_scenarios": {
      "acc": 0.23910614525139665,
      "acc_stderr": 0.014265554192331144,
      "acc_norm": 0.27262569832402234,
      "acc_norm_stderr": 0.014893391735249588
    },
    "hendrycksTest-professional_psychology": {
      "acc": 0.27450980392156865,
      "acc_stderr": 0.018054027458815205,
      "acc_norm": 0.2679738562091503,
      "acc_norm_stderr": 0.017917974069594726
    },
    "hendrycksTest-security_studies": {
      "acc": 0.3877551020408163,
      "acc_stderr": 0.031192230726795656,
      "acc_norm": 0.3224489795918367,
      "acc_norm_stderr": 0.029923100563683906
    },
    "wsc": {
      "acc": 0.3557692307692308,
      "acc_stderr": 0.04717221961050337
    },
    "lambada_openai": {
      "ppl": 4.553091985312814,
      "ppl_stderr": 0.10156359920545976,
      "acc": 0.6677663496992043,
      "acc_stderr": 0.006562149900578278
    },
    "hendrycksTest-international_law": {
      "acc": 0.2231404958677686,
      "acc_stderr": 0.03800754475228733,
      "acc_norm": 0.4793388429752066,
      "acc_norm_stderr": 0.04560456086387235
    },
    "hendrycksTest-nutrition": {
      "acc": 0.3627450980392157,
      "acc_stderr": 0.027530078447110324,
      "acc_norm": 0.4019607843137255,
      "acc_norm_stderr": 0.02807415894760066
    },
    "piqa": {
      "acc": 0.7453754080522307,
      "acc_stderr": 0.010164432237060487,
      "acc_norm": 0.7676822633297062,
      "acc_norm_stderr": 0.009853201384168243
    },
    "hendrycksTest-high_school_physics": {
      "acc": 0.2781456953642384,
      "acc_stderr": 0.03658603262763743,
      "acc_norm": 0.271523178807947,
      "acc_norm_stderr": 0.03631329803969653
    },
    "hendrycksTest-clinical_knowledge": {
      "acc": 0.26037735849056604,
      "acc_stderr": 0.02700876609070809,
      "acc_norm": 0.33962264150943394,
      "acc_norm_stderr": 0.02914690474779834
    },
    "hendrycksTest-astronomy": {
      "acc": 0.28289473684210525,
      "acc_stderr": 0.03665349695640767,
      "acc_norm": 0.35526315789473684,