{
  "results": {
    "piqa": {
      "acc": 0.7475516866158868,
      "acc_stderr": 0.010135665547362364,
      "acc_norm": 0.7600652883569097,
      "acc_norm_stderr": 0.009963625892809545
    },
    "hendrycksTest-marketing": {
      "acc": 0.2863247863247863,
      "acc_stderr": 0.02961432369045665,
      "acc_norm": 0.3247863247863248,
      "acc_norm_stderr": 0.030679022765498835
    },
    "hendrycksTest-virology": {
      "acc": 0.39156626506024095,
      "acc_stderr": 0.03799857454479636,
      "acc_norm": 0.3373493975903614,
      "acc_norm_stderr": 0.03680783690727581
    },
    "hendrycksTest-us_foreign_policy": {
      "acc": 0.34,
      "acc_stderr": 0.047609522856952365,
      "acc_norm": 0.38,
      "acc_norm_stderr": 0.048783173121456316
    },
    "hendrycksTest-high_school_statistics": {
      "acc": 0.2638888888888889,
      "acc_stderr": 0.030058202704309846,
      "acc_norm": 0.3425925925925926,
      "acc_norm_stderr": 0.03236585252602158
    },
    "hendrycksTest-high_school_physics": {
      "acc": 0.2185430463576159,
      "acc_stderr": 0.033742355504256936,
      "acc_norm": 0.23841059602649006,
      "acc_norm_stderr": 0.03479185572599659
    },
    "hendrycksTest-management": {
      "acc": 0.27184466019417475,
      "acc_stderr": 0.044052680241409216,
      "acc_norm": 0.32038834951456313,
      "acc_norm_stderr": 0.04620284082280039
    },
    "hendrycksTest-human_aging": {
      "acc": 0.336322869955157,
      "acc_stderr": 0.03170882426845501,
      "acc_norm": 0.242152466367713,
      "acc_norm_stderr": 0.028751392398694755
    },
    "hendrycksTest-elementary_mathematics": {
      "acc": 0.2830687830687831,
      "acc_stderr": 0.023201392938194978,
      "acc_norm": 0.291005291005291,
      "acc_norm_stderr": 0.023393826500484865
    },
    "hendrycksTest-high_school_government_and_politics": {
      "acc": 0.24352331606217617,
      "acc_stderr": 0.03097543638684542,
      "acc_norm": 0.23316062176165803,
      "acc_norm_stderr": 0.03051611137147602
    },
    "hendrycksTest-global_facts": {
      "acc": 0.24,
      "acc_stderr": 0.042923469599092816,
      "acc_norm": 0.21,
      "acc_norm_stderr": 0.040936018074033256
    },
    "hendrycksTest-abstract_algebra": {
      "acc": 0.19,
      "acc_stderr": 0.03942772444036623,
      "acc_norm": 0.23,
      "acc_norm_stderr": 0.04229525846816505
    },
    "hendrycksTest-astronomy": {
      "acc": 0.25,
      "acc_stderr": 0.03523807393012047,
      "acc_norm": 0.32894736842105265,
      "acc_norm_stderr": 0.038234289699266046
    },
    "hendrycksTest-formal_logic": {
      "acc": 0.2619047619047619,
      "acc_stderr": 0.039325376803928724,
      "acc_norm": 0.2777777777777778,
      "acc_norm_stderr": 0.040061680838488774
    },
    "hendrycksTest-moral_scenarios": {
      "acc": 0.2670391061452514,
      "acc_stderr": 0.014796502622562555,
      "acc_norm": 0.27262569832402234,
      "acc_norm_stderr": 0.014893391735249588
    },
    "hendrycksTest-college_medicine": {
      "acc": 0.2658959537572254,
      "acc_stderr": 0.0336876293225943,
      "acc_norm": 0.26011560693641617,
      "acc_norm_stderr": 0.03345036916788991
    },
    "hendrycksTest-high_school_biology": {
      "acc": 0.27741935483870966,
      "acc_stderr": 0.025470196835900055,
      "acc_norm": 0.2967741935483871,
      "acc_norm_stderr": 0.02598850079241189
    },
    "hendrycksTest-high_school_psychology": {
      "acc": 0.25321100917431194,
      "acc_stderr": 0.018644073041375053,
      "acc_norm": 0.25137614678899084,
      "acc_norm_stderr": 0.018599206360287415
    },
    "hendrycksTest-world_religions": {
      "acc": 0.34502923976608185,
      "acc_stderr": 0.03645981377388807,
      "acc_norm": 0.4327485380116959,
      "acc_norm_stderr": 0.03799978644370608
    },
    "winogrande": {
      "acc": 0.6037884767166535,
      "acc_stderr": 0.013746404157154954
    },
    "hendrycksTest-medical_genetics": {
      "acc": 0.31,
      "acc_stderr": 0.04648231987117316,
      "acc_norm": 0.4,
      "acc_norm_stderr": 0.049236596391733084
    },
    "hendrycksTest-human_sexuality": {
      "acc": 0.3893129770992366,
      "acc_stderr": 0.04276486542814591,
      "acc_norm": 0.3053435114503817,
      "acc_norm_stderr": 0.0403931497872456
    },
    "hendrycksTest-professional_accounting": {
      "acc": 0.2553191489361702,
      "acc_stderr": 0.026011992930902016,
      "acc_norm": 0.26595744680851063,
      "acc_norm_stderr": 0.026358065698880585
    },
    "logiqa": {
      "acc": 0.24270353302611367,
      "acc_stderr": 0.016815676206479523,
      "acc_norm": 0.30261136712749614,
      "acc_norm_stderr": 0.018018696598158846
    },
    "hendrycksTest-electrical_engineering": {
      "acc": 0.31724137931034485,
      "acc_stderr": 0.038783523721386215,
      "acc_norm": 0.296551724137931,
      "acc_norm_stderr": 0.03806142687309994
    },
    "lambada_openai": {
      "ppl": 4.64780797330914,
      "ppl_stderr": 0.10536549847526262,
      "acc": 0.6724238307781875,
      "acc_stderr": 0.006538675291605716
    },
    "hendrycksTest-high_school_us_history": {
      "acc": 0.29411764705882354,
      "acc_stderr": 0.031980016601150706,
      "acc_norm": 0.29901960784313725,
      "acc_norm_stderr": 0.03213325717373616
    },
    "hendrycksTest-philosophy": {
      "acc": 0.24437299035369775,
      "acc_stderr": 0.024406162094668903,
      "acc_norm": 0.31511254019292606,
      "acc_norm_stderr": 0.026385273703464496
    },
    "hendrycksTest-econometrics": {
      "acc": 0.23684210526315788,
      "acc_stderr": 0.03999423879281336,
      "acc_norm": 0.23684210526315788,
      "acc_norm_stderr": 0.03999423879281336
    },
    "hendrycksTest-logical_fallacies": {
      "acc": 0.22699386503067484,
      "acc_stderr": 0.0329109957861577,
      "acc_norm": 0.2883435582822086,
      "acc_norm_stderr": 0.035590395316173425
    },
    "hendrycksTest-moral_disputes": {
      "acc": 0.26878612716763006,
      "acc_stderr": 0.023868003262500114,
      "acc_norm": 0.3468208092485549,
      "acc_norm_stderr": 0.025624723994030457
    },
    "hendrycksTest-high_school_chemistry": {
      "acc": 0.2512315270935961,
      "acc_stderr": 0.030516530732694433,
      "acc_norm": 0.33497536945812806,
      "acc_norm_stderr": 0.033208527423483104
    },
    "hendrycksTest-computer_security": {
      "acc": 0.21,
      "acc_stderr": 0.040936018074033256,
      "acc_norm": 0.3,
      "acc_norm_stderr": 0.046056618647183814
    },
    "hendrycksTest-jurisprudence": {
      "acc": 0.2777777777777778,
      "acc_stderr": 0.043300437496507437,
      "acc_norm": 0.3888888888888889,
      "acc_norm_stderr": 0.0471282125742677
    },
    "hendrycksTest-machine_learning": {
      "acc": 0.22321428571428573,
      "acc_stderr": 0.039523019677025116,
      "acc_norm": 0.22321428571428573,
      "acc_norm_stderr": 0.039523019677025116
    },
    "hendrycksTest-security_studies": {
      "acc": 0.37551020408163266,
      "acc_stderr": 0.031001209039894843,
      "acc_norm": 0.3020408163265306,
      "acc_norm_stderr": 0.029393609319879815
    },
    "hendrycksTest-professional_psychology": {
      "acc": 0.28431372549019607,
      "acc_stderr": 0.018249024411207668,
      "acc_norm": 0.26633986928104575,
      "acc_norm_stderr": 0.01788318813466719
    },
    "hendrycksTest-high_school_european_history": {
      "acc": 0.2545454545454545,
      "acc_stderr": 0.03401506715249039,
      "acc_norm": 0.30303030303030304,
      "acc_norm_stderr": 0.03588624800091709
    },
    "hendrycksTest-professional_medicine": {
      "acc": 0.2647058823529412,
      "acc_stderr": 0.026799562024887674,
      "acc_norm": 0.26838235294117646,
      "acc_norm_stderr": 0.02691748122437723
    },
    "wsc": {
      "acc": 0.36538461538461536,
      "acc_stderr": 0.0474473339327792
    },
    "sciq": {
      "acc": 0.906,
      "acc_stderr": 0.009233052000787736,
      "acc_norm": 0.846,
      "acc_norm_stderr": 0.011419913065098701
    },