{
  "results": {
    "hendrycksTest-anatomy": {
      "acc": 0.2518518518518518,
      "acc_stderr": 0.03749850709174021,
      "acc_norm": 0.2518518518518518,
      "acc_norm_stderr": 0.03749850709174022
    },
    "arc_challenge": {
      "acc": 0.2781569965870307,
      "acc_stderr": 0.013094469919538802,
      "acc_norm": 0.3148464163822526,
      "acc_norm_stderr": 0.01357265770308495
    },
    "hendrycksTest-high_school_computer_science": {
      "acc": 0.2,
      "acc_stderr": 0.04020151261036843,
      "acc_norm": 0.3,
      "acc_norm_stderr": 0.046056618647183814
    },
    "hendrycksTest-machine_learning": {
      "acc": 0.26785714285714285,
      "acc_stderr": 0.04203277291467764,
      "acc_norm": 0.22321428571428573,
      "acc_norm_stderr": 0.039523019677025116
    },
    "hendrycksTest-prehistory": {
      "acc": 0.24074074074074073,
      "acc_stderr": 0.023788583551658537,
      "acc_norm": 0.21296296296296297,
      "acc_norm_stderr": 0.022779719088733393
    },
    "hendrycksTest-formal_logic": {
      "acc": 0.2777777777777778,
      "acc_stderr": 0.04006168083848876,
      "acc_norm": 0.25396825396825395,
      "acc_norm_stderr": 0.03893259610604674
    },
    "hendrycksTest-human_sexuality": {
      "acc": 0.3969465648854962,
      "acc_stderr": 0.04291135671009224,
      "acc_norm": 0.31297709923664124,
      "acc_norm_stderr": 0.04066962905677698
    },
    "hendrycksTest-jurisprudence": {
      "acc": 0.24074074074074073,
      "acc_stderr": 0.0413311944024384,
      "acc_norm": 0.42592592592592593,
      "acc_norm_stderr": 0.0478034362693679
    },
    "hendrycksTest-logical_fallacies": {
      "acc": 0.25766871165644173,
      "acc_stderr": 0.03436150827846917,
      "acc_norm": 0.2883435582822086,
      "acc_norm_stderr": 0.03559039531617342
    },
    "hendrycksTest-professional_medicine": {
      "acc": 0.21323529411764705,
      "acc_stderr": 0.024880971512294257,
      "acc_norm": 0.23161764705882354,
      "acc_norm_stderr": 0.025626533803777562
    },
    "hendrycksTest-sociology": {
      "acc": 0.26865671641791045,
      "acc_stderr": 0.03134328358208954,
      "acc_norm": 0.24875621890547264,
      "acc_norm_stderr": 0.030567675938916707
    },
    "hendrycksTest-global_facts": {
      "acc": 0.25,
      "acc_stderr": 0.04351941398892446,
      "acc_norm": 0.22,
      "acc_norm_stderr": 0.04163331998932269
    },
    "hendrycksTest-abstract_algebra": {
      "acc": 0.26,
      "acc_stderr": 0.04408440022768078,
      "acc_norm": 0.24,
      "acc_norm_stderr": 0.04292346959909283
    },
    "piqa": {
      "acc": 0.7236126224156693,
      "acc_stderr": 0.010434162388275605,
      "acc_norm": 0.7290533188248096,
      "acc_norm_stderr": 0.010369718937426844
    },
    "hendrycksTest-high_school_government_and_politics": {
      "acc": 0.20725388601036268,
      "acc_stderr": 0.02925282329180363,
      "acc_norm": 0.22279792746113988,
      "acc_norm_stderr": 0.030031147977641538
    },
    "hendrycksTest-nutrition": {
      "acc": 0.3137254901960784,
      "acc_stderr": 0.026568921015457166,
      "acc_norm": 0.38235294117647056,
      "acc_norm_stderr": 0.02782610930728369
    },
    "hendrycksTest-human_aging": {
      "acc": 0.30493273542600896,
      "acc_stderr": 0.030898610882477515,
      "acc_norm": 0.2062780269058296,
      "acc_norm_stderr": 0.027157150479563824
    },
    "hendrycksTest-college_chemistry": {
      "acc": 0.21,
      "acc_stderr": 0.040936018074033256,
      "acc_norm": 0.28,
      "acc_norm_stderr": 0.045126085985421276
    },
    "hendrycksTest-high_school_biology": {
      "acc": 0.2,
      "acc_stderr": 0.022755204959542936,
      "acc_norm": 0.27419354838709675,
      "acc_norm_stderr": 0.025378139970885196
    },
    "hendrycksTest-college_physics": {
      "acc": 0.24509803921568626,
      "acc_stderr": 0.042801058373643966,
      "acc_norm": 0.23529411764705882,
      "acc_norm_stderr": 0.04220773659171453
    },
    "hendrycksTest-public_relations": {
      "acc": 0.3,
      "acc_stderr": 0.04389311454644286,
      "acc_norm": 0.21818181818181817,
      "acc_norm_stderr": 0.03955932861795833
    },
    "hendrycksTest-security_studies": {
      "acc": 0.3510204081632653,
      "acc_stderr": 0.030555316755573644,
      "acc_norm": 0.30612244897959184,
      "acc_norm_stderr": 0.029504896454595964
    },
    "hendrycksTest-high_school_geography": {
      "acc": 0.23232323232323232,
      "acc_stderr": 0.030088629490217487,
      "acc_norm": 0.29797979797979796,
      "acc_norm_stderr": 0.03258630383836556
    },
    "hendrycksTest-moral_scenarios": {
      "acc": 0.23798882681564246,
      "acc_stderr": 0.014242630070574915,
      "acc_norm": 0.27262569832402234,
      "acc_norm_stderr": 0.014893391735249588
    },
    "hendrycksTest-high_school_european_history": {
      "acc": 0.24242424242424243,
      "acc_stderr": 0.03346409881055953,
      "acc_norm": 0.30303030303030304,
      "acc_norm_stderr": 0.03588624800091707
    },
    "hendrycksTest-astronomy": {
      "acc": 0.25,
      "acc_stderr": 0.03523807393012047,
      "acc_norm": 0.3881578947368421,
      "acc_norm_stderr": 0.03965842097512744
    },
    "hendrycksTest-management": {
      "acc": 0.2621359223300971,
      "acc_stderr": 0.04354631077260595,
      "acc_norm": 0.2815533980582524,
      "acc_norm_stderr": 0.04453254836326469
    },
    "hendrycksTest-marketing": {
      "acc": 0.3076923076923077,
      "acc_stderr": 0.0302363899421731,
      "acc_norm": 0.2863247863247863,
      "acc_norm_stderr": 0.02961432369045665
    },
    "hendrycksTest-medical_genetics": {
      "acc": 0.3,
      "acc_stderr": 0.046056618647183814,
      "acc_norm": 0.33,
      "acc_norm_stderr": 0.047258156262526045
    },
    "hendrycksTest-high_school_microeconomics": {
      "acc": 0.23529411764705882,
      "acc_stderr": 0.027553614467863818,
      "acc_norm": 0.3235294117647059,
      "acc_norm_stderr": 0.030388353551886845
    },
    "winogrande": {
      "acc": 0.5927387529597474,
      "acc_stderr": 0.013808654122417852
    },
    "hendrycksTest-high_school_world_history": {
      "acc": 0.2616033755274262,
      "acc_stderr": 0.028609516716994934,
      "acc_norm": 0.3037974683544304,
      "acc_norm_stderr": 0.029936696387138608
    },
    "hendrycksTest-philosophy": {
      "acc": 0.2347266881028939,
      "acc_stderr": 0.024071805887677048,
      "acc_norm": 0.2958199356913183,
      "acc_norm_stderr": 0.025922371788818784
    },
    "hendrycksTest-professional_psychology": {
      "acc": 0.28104575163398693,
      "acc_stderr": 0.01818521895431809,
      "acc_norm": 0.2630718954248366,
      "acc_norm_stderr": 0.01781267654232065
    },
    "hendrycksTest-high_school_macroeconomics": {
      "acc": 0.24871794871794872,
      "acc_stderr": 0.0219169577092138,
      "acc_norm": 0.2743589743589744,
      "acc_norm_stderr": 0.022622765767493214
    },
    "hendrycksTest-conceptual_physics": {
      "acc": 0.25957446808510637,
      "acc_stderr": 0.028659179374292323,
      "acc_norm": 0.18723404255319148,
      "acc_norm_stderr": 0.025501588341883586
    },
    "hendrycksTest-college_computer_science": {
      "acc": 0.25,
      "acc_stderr": 0.04351941398892446,
      "acc_norm": 0.29,
      "acc_norm_stderr": 0.045604802157206845
    },
    "hendrycksTest-virology": {
      "acc": 0.3674698795180723,
      "acc_stderr": 0.03753267402120574,
      "acc_norm": 0.3192771084337349,
      "acc_norm_stderr": 0.03629335329947859
    },
    "hendrycksTest-college_medicine": {
      "acc": 0.2023121387283237,
      "acc_stderr": 0.03063114553919882,
      "acc_norm": 0.27167630057803466,
      "acc_norm_stderr": 0.03391750322321661
    },
    "hendrycksTest-professional_law": {
      "acc": 0.2646675358539765,
      "acc_stderr": 0.011267332992845528,
      "acc_norm": 0.2842242503259452,
      "acc_norm_stderr": 0.01151988059651607
    },
    "hendrycksTest-international_law": {
      "acc": 0.2231404958677686,