{
  "results": {
    "hendrycksTest-high_school_macroeconomics": {
      "acc": 0.24102564102564103,
      "acc_stderr": 0.02168554666533319,
      "acc_norm": 0.24871794871794872,
      "acc_norm_stderr": 0.0219169577092138
    },
    "hendrycksTest-high_school_european_history": {
      "acc": 0.24242424242424243,
      "acc_stderr": 0.03346409881055953,
      "acc_norm": 0.32727272727272727,
      "acc_norm_stderr": 0.03663974994391242
    },
    "hendrycksTest-jurisprudence": {
      "acc": 0.2222222222222222,
      "acc_stderr": 0.0401910747255735,
      "acc_norm": 0.3611111111111111,
      "acc_norm_stderr": 0.04643454608906274
    },
    "hendrycksTest-college_medicine": {
      "acc": 0.2254335260115607,
      "acc_stderr": 0.031862098516411454,
      "acc_norm": 0.2658959537572254,
      "acc_norm_stderr": 0.03368762932259429
    },
    "hendrycksTest-professional_accounting": {
      "acc": 0.2695035460992908,
      "acc_stderr": 0.026469036818590627,
      "acc_norm": 0.2765957446808511,
      "acc_norm_stderr": 0.026684564340461
    },
    "hendrycksTest-college_physics": {
      "acc": 0.22549019607843138,
      "acc_stderr": 0.041583075330832865,
      "acc_norm": 0.29411764705882354,
      "acc_norm_stderr": 0.04533838195929775
    },
    "hendrycksTest-computer_security": {
      "acc": 0.24,
      "acc_stderr": 0.04292346959909282,
      "acc_norm": 0.28,
      "acc_norm_stderr": 0.04512608598542127
    },
    "hendrycksTest-elementary_mathematics": {
      "acc": 0.25396825396825395,
      "acc_stderr": 0.022418042891113946,
      "acc_norm": 0.25925925925925924,
      "acc_norm_stderr": 0.02256989707491843
    },
    "hendrycksTest-college_mathematics": {
      "acc": 0.19,
      "acc_stderr": 0.03942772444036623,
      "acc_norm": 0.21,
      "acc_norm_stderr": 0.040936018074033256
    },
    "arc_easy": {
      "acc": 0.39015151515151514,
      "acc_stderr": 0.010009118166667398,
      "acc_norm": 0.3573232323232323,
      "acc_norm_stderr": 0.009833205612463118
    },
    "hendrycksTest-formal_logic": {
      "acc": 0.2857142857142857,
      "acc_stderr": 0.04040610178208841,
      "acc_norm": 0.24603174603174602,
      "acc_norm_stderr": 0.03852273364924316
    },
    "hendrycksTest-high_school_biology": {
      "acc": 0.27741935483870966,
      "acc_stderr": 0.025470196835900055,
      "acc_norm": 0.3032258064516129,
      "acc_norm_stderr": 0.026148685930671746
    },
    "hendrycksTest-high_school_chemistry": {
      "acc": 0.1724137931034483,
      "acc_stderr": 0.026577672183036596,
      "acc_norm": 0.31527093596059114,
      "acc_norm_stderr": 0.03269080871970186
    },
    "piqa": {
      "acc": 0.5946681175190425,
      "acc_stderr": 0.011454816387346764,
      "acc_norm": 0.5854189336235038,
      "acc_norm_stderr": 0.011494326682255156
    },
    "hendrycksTest-international_law": {
      "acc": 0.1322314049586777,
      "acc_stderr": 0.030922788320445805,
      "acc_norm": 0.39669421487603307,
      "acc_norm_stderr": 0.044658697805310094
    },
    "hendrycksTest-management": {
      "acc": 0.23300970873786409,
      "acc_stderr": 0.04185832598928313,
      "acc_norm": 0.2621359223300971,
      "acc_norm_stderr": 0.04354631077260595
    },
    "hendrycksTest-miscellaneous": {
      "acc": 0.2515964240102171,
      "acc_stderr": 0.01551732236552961,
      "acc_norm": 0.2503192848020434,
      "acc_norm_stderr": 0.01549108895149459
    },
    "hendrycksTest-moral_disputes": {
      "acc": 0.2658959537572254,
      "acc_stderr": 0.02378620325550828,
      "acc_norm": 0.2861271676300578,
      "acc_norm_stderr": 0.02433214677913413
    },
    "hendrycksTest-high_school_government_and_politics": {
      "acc": 0.25906735751295334,
      "acc_stderr": 0.0316187791793541,
      "acc_norm": 0.25906735751295334,
      "acc_norm_stderr": 0.0316187791793541
    },
    "hendrycksTest-machine_learning": {
      "acc": 0.30357142857142855,
      "acc_stderr": 0.04364226155841044,
      "acc_norm": 0.33035714285714285,
      "acc_norm_stderr": 0.04464285714285713
    },
    "hendrycksTest-philosophy": {
      "acc": 0.1832797427652733,
      "acc_stderr": 0.021974198848265812,
      "acc_norm": 0.2829581993569132,
      "acc_norm_stderr": 0.025583062489984827
    },
    "hendrycksTest-abstract_algebra": {
      "acc": 0.19,
      "acc_stderr": 0.03942772444036625,
      "acc_norm": 0.28,
      "acc_norm_stderr": 0.04512608598542127
    },
    "hendrycksTest-professional_psychology": {
      "acc": 0.27941176470588236,
      "acc_stderr": 0.01815287105153882,
      "acc_norm": 0.2549019607843137,
      "acc_norm_stderr": 0.017630827375148383
    },
    "hendrycksTest-conceptual_physics": {
      "acc": 0.25957446808510637,
      "acc_stderr": 0.028659179374292316,
      "acc_norm": 0.2170212765957447,
      "acc_norm_stderr": 0.026947483121496224
    },
    "hendrycksTest-high_school_psychology": {
      "acc": 0.26972477064220185,
      "acc_stderr": 0.019028486711115452,
      "acc_norm": 0.26972477064220185,
      "acc_norm_stderr": 0.01902848671111545
    },
    "hendrycksTest-security_studies": {
      "acc": 0.363265306122449,
      "acc_stderr": 0.030789051139030802,
      "acc_norm": 0.27346938775510204,
      "acc_norm_stderr": 0.02853556033712844
    },
    "arc_challenge": {
      "acc": 0.17064846416382254,
      "acc_stderr": 0.010993654168413733,
      "acc_norm": 0.2090443686006826,
      "acc_norm_stderr": 0.011882746987406453
    },
    "hendrycksTest-global_facts": {
      "acc": 0.25,
      "acc_stderr": 0.04351941398892446,
      "acc_norm": 0.23,
      "acc_norm_stderr": 0.04229525846816508
    },
    "hendrycksTest-professional_law": {
      "acc": 0.24902216427640156,
      "acc_stderr": 0.01104489226404077,
      "acc_norm": 0.2737940026075619,
      "acc_norm_stderr": 0.011388612167979388
    },
    "hendrycksTest-anatomy": {
      "acc": 0.24444444444444444,
      "acc_stderr": 0.03712537833614866,
      "acc_norm": 0.2518518518518518,
      "acc_norm_stderr": 0.03749850709174022
    },
    "hendrycksTest-human_aging": {
      "acc": 0.25112107623318386,
      "acc_stderr": 0.029105220833224598,
      "acc_norm": 0.21973094170403587,
      "acc_norm_stderr": 0.027790177064383595
    },
    "hendrycksTest-econometrics": {
      "acc": 0.2894736842105263,
      "acc_stderr": 0.04266339443159394,
      "acc_norm": 0.24561403508771928,
      "acc_norm_stderr": 0.04049339297748141
    },
    "hendrycksTest-business_ethics": {
      "acc": 0.41,
      "acc_stderr": 0.04943110704237102,
      "acc_norm": 0.34,
      "acc_norm_stderr": 0.04760952285695235
    },
    "hendrycksTest-human_sexuality": {
      "acc": 0.2824427480916031,
      "acc_stderr": 0.03948406125768361,
      "acc_norm": 0.2900763358778626,
      "acc_norm_stderr": 0.03980066246467766
    },
    "hendrycksTest-professional_medicine": {
      "acc": 0.25735294117647056,
      "acc_stderr": 0.026556519470041503,
      "acc_norm": 0.2536764705882353,
      "acc_norm_stderr": 0.026431329870789534
    },
    "hendrycksTest-prehistory": {
      "acc": 0.2654320987654321,
      "acc_stderr": 0.024569223600460845,
      "acc_norm": 0.23148148148148148,
      "acc_norm_stderr": 0.023468429832451152
    },
    "hendrycksTest-marketing": {
      "acc": 0.26495726495726496,
      "acc_stderr": 0.028911208802749486,
      "acc_norm": 0.32051282051282054,
      "acc_norm_stderr": 0.03057281131029961
    },
    "hendrycksTest-high_school_world_history": {
      "acc": 0.21940928270042195,
      "acc_stderr": 0.026939106581553945,
      "acc_norm": 0.2616033755274262,
      "acc_norm_stderr": 0.028609516716994934
    },
    "hendrycksTest-medical_genetics": {
      "acc": 0.21,
      "acc_stderr": 0.04093601807403326,
      "acc_norm": 0.35,
      "acc_norm_stderr": 0.0479372485441102
    },
    "hendrycksTest-us_foreign_policy": {
      "acc": 0.19,
      "acc_stderr": 0.039427724440366234,
      "acc_norm": 0.3,