{
  "results": {
    "hendrycksTest-college_computer_science": {
      "acc": 0.22,
      "acc_stderr": 0.041633319989322695,
      "acc_norm": 0.23,
      "acc_norm_stderr": 0.04229525846816505
    },
    "hendrycksTest-professional_accounting": {
      "acc": 0.2375886524822695,
      "acc_stderr": 0.025389512552729906,
      "acc_norm": 0.25886524822695034,
      "acc_norm_stderr": 0.026129572527180848
    },
    "hendrycksTest-high_school_european_history": {
      "acc": 0.2545454545454545,
      "acc_stderr": 0.03401506715249039,
      "acc_norm": 0.2727272727272727,
      "acc_norm_stderr": 0.03477691162163659
    },
    "hendrycksTest-miscellaneous": {
      "acc": 0.26053639846743293,
      "acc_stderr": 0.015696008563807082,
      "acc_norm": 0.24393358876117496,
      "acc_norm_stderr": 0.015357212665829461
    },
    "hendrycksTest-high_school_microeconomics": {
      "acc": 0.226890756302521,
      "acc_stderr": 0.027205371538279472,
      "acc_norm": 0.3403361344537815,
      "acc_norm_stderr": 0.030778057422931673
    },
    "hendrycksTest-prehistory": {
      "acc": 0.2839506172839506,
      "acc_stderr": 0.02508947852376513,
      "acc_norm": 0.24074074074074073,
      "acc_norm_stderr": 0.023788583551658544
    },
    "lambada_openai": {
      "ppl": 133.43660528404354,
      "ppl_stderr": 5.6421256100302415,
      "acc": 0.20298855035901417,
      "acc_stderr": 0.00560376770544071
    },
    "piqa": {
      "acc": 0.5930359085963003,
      "acc_stderr": 0.011462093919190166,
      "acc_norm": 0.5903155603917302,
      "acc_norm_stderr": 0.01147393200718761
    },
    "hendrycksTest-high_school_statistics": {
      "acc": 0.2222222222222222,
      "acc_stderr": 0.028353212866863445,
      "acc_norm": 0.27314814814814814,
      "acc_norm_stderr": 0.03038805130167812
    },
    "hendrycksTest-astronomy": {
      "acc": 0.21710526315789475,
      "acc_stderr": 0.033550453048829226,
      "acc_norm": 0.34868421052631576,
      "acc_norm_stderr": 0.0387813988879761
    },
    "hendrycksTest-medical_genetics": {
      "acc": 0.22,
      "acc_stderr": 0.04163331998932269,
      "acc_norm": 0.35,
      "acc_norm_stderr": 0.04793724854411019
    },
    "hendrycksTest-marketing": {
      "acc": 0.28205128205128205,
      "acc_stderr": 0.029480360549541194,
      "acc_norm": 0.32051282051282054,
      "acc_norm_stderr": 0.030572811310299607
    },
    "hendrycksTest-us_foreign_policy": {
      "acc": 0.23,
      "acc_stderr": 0.04229525846816505,
      "acc_norm": 0.32,
      "acc_norm_stderr": 0.046882617226215034
    },
    "hendrycksTest-high_school_physics": {
      "acc": 0.23841059602649006,
      "acc_stderr": 0.0347918557259966,
      "acc_norm": 0.24503311258278146,
      "acc_norm_stderr": 0.035118075718047245
    },
    "hendrycksTest-electrical_engineering": {
      "acc": 0.2896551724137931,
      "acc_stderr": 0.03780019230438014,
      "acc_norm": 0.296551724137931,
      "acc_norm_stderr": 0.03806142687309993
    },
    "hendrycksTest-high_school_us_history": {
      "acc": 0.24019607843137256,
      "acc_stderr": 0.02998373305591361,
      "acc_norm": 0.2647058823529412,
      "acc_norm_stderr": 0.030964517926923403
    },
    "hendrycksTest-abstract_algebra": {
      "acc": 0.23,
      "acc_stderr": 0.04229525846816508,
      "acc_norm": 0.27,
      "acc_norm_stderr": 0.044619604333847415
    },
    "hendrycksTest-human_sexuality": {
      "acc": 0.22900763358778625,
      "acc_stderr": 0.036853466317118506,
      "acc_norm": 0.24427480916030533,
      "acc_norm_stderr": 0.03768335959728744
    },
    "hendrycksTest-security_studies": {
      "acc": 0.30612244897959184,
      "acc_stderr": 0.02950489645459596,
      "acc_norm": 0.24081632653061225,
      "acc_norm_stderr": 0.02737294220178816
    },
    "hendrycksTest-public_relations": {
      "acc": 0.3,
      "acc_stderr": 0.04389311454644287,
      "acc_norm": 0.2,
      "acc_norm_stderr": 0.03831305140884603
    },
    "hendrycksTest-high_school_government_and_politics": {
      "acc": 0.3005181347150259,
      "acc_stderr": 0.033088185944157494,
      "acc_norm": 0.2694300518134715,
      "acc_norm_stderr": 0.03201867122877794
    },
    "hendrycksTest-high_school_world_history": {
      "acc": 0.26582278481012656,
      "acc_stderr": 0.02875679962965833,
      "acc_norm": 0.2869198312236287,
      "acc_norm_stderr": 0.029443773022594693
    },
    "hendrycksTest-high_school_biology": {
      "acc": 0.25483870967741934,
      "acc_stderr": 0.02479011845933221,
      "acc_norm": 0.2967741935483871,
      "acc_norm_stderr": 0.025988500792411887
    },
    "hendrycksTest-high_school_chemistry": {
      "acc": 0.15270935960591134,
      "acc_stderr": 0.025308904539380627,
      "acc_norm": 0.2660098522167488,
      "acc_norm_stderr": 0.03108982600293752
    },
    "hendrycksTest-clinical_knowledge": {
      "acc": 0.22641509433962265,
      "acc_stderr": 0.02575755989310677,
      "acc_norm": 0.3018867924528302,
      "acc_norm_stderr": 0.028254200344438662
    },
    "hendrycksTest-professional_law": {
      "acc": 0.23402868318122555,
      "acc_stderr": 0.010813585552659684,
      "acc_norm": 0.2620599739243807,
      "acc_norm_stderr": 0.011231552795890394
    },
    "hendrycksTest-international_law": {
      "acc": 0.18181818181818182,
      "acc_stderr": 0.035208939510976534,
      "acc_norm": 0.4380165289256198,
      "acc_norm_stderr": 0.045291468044357915
    },
    "arc_easy": {
      "acc": 0.3632154882154882,
      "acc_stderr": 0.009868397136118794,
      "acc_norm": 0.3472222222222222,
      "acc_norm_stderr": 0.009769101679700918
    },
    "hendrycksTest-computer_security": {
      "acc": 0.22,
      "acc_stderr": 0.041633319989322695,
      "acc_norm": 0.26,
      "acc_norm_stderr": 0.0440844002276808
    },
    "logiqa": {
      "acc": 0.21505376344086022,
      "acc_stderr": 0.01611524086412917,
      "acc_norm": 0.2764976958525346,
      "acc_norm_stderr": 0.017543209075825194
    },
    "hendrycksTest-professional_psychology": {
      "acc": 0.24183006535947713,
      "acc_stderr": 0.017322789207784326,
      "acc_norm": 0.25326797385620914,
      "acc_norm_stderr": 0.01759348689536683
    },
    "hendrycksTest-moral_scenarios": {
      "acc": 0.24134078212290502,
      "acc_stderr": 0.014310999547961443,
      "acc_norm": 0.26033519553072626,
      "acc_norm_stderr": 0.014676252009319473
    },
    "hendrycksTest-philosophy": {
      "acc": 0.2090032154340836,
      "acc_stderr": 0.023093140398374224,
      "acc_norm": 0.2733118971061093,
      "acc_norm_stderr": 0.02531176597542612
    },
    "hendrycksTest-moral_disputes": {
      "acc": 0.2630057803468208,
      "acc_stderr": 0.023703099525258155,
      "acc_norm": 0.30057803468208094,
      "acc_norm_stderr": 0.0246853168672578
    },
    "hendrycksTest-college_medicine": {
      "acc": 0.26011560693641617,
      "acc_stderr": 0.03345036916788991,
      "acc_norm": 0.2774566473988439,
      "acc_norm_stderr": 0.03414014007044036
    },
    "hendrycksTest-logical_fallacies": {
      "acc": 0.2085889570552147,
      "acc_stderr": 0.031921934489347235,
      "acc_norm": 0.2883435582822086,
      "acc_norm_stderr": 0.03559039531617342
    },
    "hendrycksTest-college_biology": {
      "acc": 0.25,
      "acc_stderr": 0.03621034121889507,
      "acc_norm": 0.2361111111111111,
      "acc_norm_stderr": 0.03551446610810826
    },
    "hendrycksTest-management": {
      "acc": 0.22330097087378642,
      "acc_stderr": 0.04123553189891431,
      "acc_norm": 0.2912621359223301,
      "acc_norm_stderr": 0.04498676320572921
    },
    "hendrycksTest-high_school_psychology": {
      "acc": 0.26605504587155965,
      "acc_stderr": 0.018946022322225604,
      "acc_norm": 0.23853211009174313,
      "acc_norm_stderr": 0.01827257581023187
    },
    "sciq": {
      "acc": 0.611,
      "acc_stderr": 0.01542455564730849,
      "acc_norm": 0.551,
      "acc_norm_stderr": 0.015736792768752023
    },