{
  "results": {
    "hendrycksTest-high_school_biology": {
      "acc": 0.25483870967741934,
      "acc_stderr": 0.02479011845933221,
      "acc_norm": 0.2806451612903226,
      "acc_norm_stderr": 0.025560604721022895
    },
    "hendrycksTest-econometrics": {
      "acc": 0.2719298245614035,
      "acc_stderr": 0.04185774424022056,
      "acc_norm": 0.2631578947368421,
      "acc_norm_stderr": 0.0414243971948936
    },
    "sciq": {
      "acc": 0.591,
      "acc_stderr": 0.015555094373257944,
      "acc_norm": 0.516,
      "acc_norm_stderr": 0.015811198373114878
    },
    "hendrycksTest-college_computer_science": {
      "acc": 0.22,
      "acc_stderr": 0.04163331998932269,
      "acc_norm": 0.19,
      "acc_norm_stderr": 0.03942772444036623
    },
    "logiqa": {
      "acc": 0.22734254992319508,
      "acc_stderr": 0.01643906767511774,
      "acc_norm": 0.28110599078341014,
      "acc_norm_stderr": 0.017632374626460005
    },
    "hendrycksTest-high_school_us_history": {
      "acc": 0.22549019607843138,
      "acc_stderr": 0.02933116229425172,
      "acc_norm": 0.25980392156862747,
      "acc_norm_stderr": 0.03077855467869327
    },
    "hendrycksTest-conceptual_physics": {
      "acc": 0.23829787234042554,
      "acc_stderr": 0.027851252973889778,
      "acc_norm": 0.2127659574468085,
      "acc_norm_stderr": 0.026754391348039766
    },
    "hendrycksTest-anatomy": {
      "acc": 0.28888888888888886,
      "acc_stderr": 0.03915450630414251,
      "acc_norm": 0.25925925925925924,
      "acc_norm_stderr": 0.03785714465066655
    },
    "hendrycksTest-high_school_macroeconomics": {
      "acc": 0.22564102564102564,
      "acc_stderr": 0.02119363252514853,
      "acc_norm": 0.24615384615384617,
      "acc_norm_stderr": 0.02184086699042308
    },
    "piqa": {
      "acc": 0.5794341675734495,
      "acc_stderr": 0.011517665611282774,
      "acc_norm": 0.5837867247007617,
      "acc_norm_stderr": 0.011500864675166568
    },
    "arc_easy": {
      "acc": 0.351010101010101,
      "acc_stderr": 0.009793703885101047,
      "acc_norm": 0.33585858585858586,
      "acc_norm_stderr": 0.009691180932083493
    },
    "hendrycksTest-high_school_chemistry": {
      "acc": 0.15270935960591134,
      "acc_stderr": 0.025308904539380644,
      "acc_norm": 0.28078817733990147,
      "acc_norm_stderr": 0.031618563353586086
    },
    "winogrande": {
      "acc": 0.510655090765588,
      "acc_stderr": 0.014049294536290396
    },
    "hendrycksTest-high_school_mathematics": {
      "acc": 0.16296296296296298,
      "acc_stderr": 0.022518561997682648,
      "acc_norm": 0.24444444444444444,
      "acc_norm_stderr": 0.02620276653465215
    },
    "hendrycksTest-virology": {
      "acc": 0.2710843373493976,
      "acc_stderr": 0.03460579907553028,
      "acc_norm": 0.22289156626506024,
      "acc_norm_stderr": 0.03240004825594689
    },
    "hendrycksTest-machine_learning": {
      "acc": 0.26785714285714285,
      "acc_stderr": 0.04203277291467762,
      "acc_norm": 0.25,
      "acc_norm_stderr": 0.04109974682633932
    },
    "hendrycksTest-astronomy": {
      "acc": 0.23026315789473684,
      "acc_stderr": 0.03426059424403165,
      "acc_norm": 0.32894736842105265,
      "acc_norm_stderr": 0.03823428969926605
    },
    "hendrycksTest-prehistory": {
      "acc": 0.26851851851851855,
      "acc_stderr": 0.024659685185967273,
      "acc_norm": 0.22839506172839505,
      "acc_norm_stderr": 0.023358211840626267
    },
    "hendrycksTest-sociology": {
      "acc": 0.2736318407960199,
      "acc_stderr": 0.03152439186555405,
      "acc_norm": 0.29850746268656714,
      "acc_norm_stderr": 0.032357437893550424
    },
    "hendrycksTest-high_school_computer_science": {
      "acc": 0.3,
      "acc_stderr": 0.046056618647183814,
      "acc_norm": 0.29,
      "acc_norm_stderr": 0.04560480215720683
    },
    "wsc": {
      "acc": 0.36538461538461536,
      "acc_stderr": 0.0474473339327792
    },
    "hendrycksTest-professional_psychology": {
      "acc": 0.2434640522875817,
      "acc_stderr": 0.017362473762146634,
      "acc_norm": 0.25,
      "acc_norm_stderr": 0.01751781884501444
    },
    "hendrycksTest-philosophy": {
      "acc": 0.19935691318327975,
      "acc_stderr": 0.022691033780549656,
      "acc_norm": 0.2861736334405145,
      "acc_norm_stderr": 0.02567025924218894
    },
    "hendrycksTest-human_sexuality": {
      "acc": 0.26717557251908397,
      "acc_stderr": 0.03880848301082394,
      "acc_norm": 0.25190839694656486,
      "acc_norm_stderr": 0.03807387116306086
    },
    "hendrycksTest-medical_genetics": {
      "acc": 0.25,
      "acc_stderr": 0.04351941398892446,
      "acc_norm": 0.34,
      "acc_norm_stderr": 0.04760952285695235
    },
    "hendrycksTest-miscellaneous": {
      "acc": 0.26053639846743293,
      "acc_stderr": 0.01569600856380708,
      "acc_norm": 0.25287356321839083,
      "acc_norm_stderr": 0.015543377313719681
    },
    "hendrycksTest-jurisprudence": {
      "acc": 0.24074074074074073,
      "acc_stderr": 0.0413311944024384,
      "acc_norm": 0.35185185185185186,
      "acc_norm_stderr": 0.04616631111801713
    },
    "hendrycksTest-management": {
      "acc": 0.21359223300970873,
      "acc_stderr": 0.040580420156460344,
      "acc_norm": 0.2524271844660194,
      "acc_norm_stderr": 0.04301250399690877
    },
    "hendrycksTest-security_studies": {
      "acc": 0.2693877551020408,
      "acc_stderr": 0.02840125202902294,
      "acc_norm": 0.22040816326530613,
      "acc_norm_stderr": 0.026537045312145277
    },
    "hendrycksTest-high_school_geography": {
      "acc": 0.25252525252525254,
      "acc_stderr": 0.030954055470365904,
      "acc_norm": 0.25757575757575757,
      "acc_norm_stderr": 0.031156269519646836
    },
    "hendrycksTest-marketing": {
      "acc": 0.2222222222222222,
      "acc_stderr": 0.027236013946196708,
      "acc_norm": 0.2606837606837607,
      "acc_norm_stderr": 0.028760348956523414
    },
    "hendrycksTest-college_biology": {
      "acc": 0.2916666666666667,
      "acc_stderr": 0.03800968060554859,
      "acc_norm": 0.2708333333333333,
      "acc_norm_stderr": 0.037161774375660185
    },
    "hendrycksTest-clinical_knowledge": {
      "acc": 0.2339622641509434,
      "acc_stderr": 0.02605529690115292,
      "acc_norm": 0.27169811320754716,
      "acc_norm_stderr": 0.027377706624670713
    },
    "hendrycksTest-college_medicine": {
      "acc": 0.26011560693641617,
      "acc_stderr": 0.033450369167889904,
      "acc_norm": 0.2774566473988439,
      "acc_norm_stderr": 0.034140140070440354
    },
    "hendrycksTest-moral_scenarios": {
      "acc": 0.24692737430167597,
      "acc_stderr": 0.014422292204808835,
      "acc_norm": 0.25139664804469275,
      "acc_norm_stderr": 0.014508979453553972
    },
    "hendrycksTest-us_foreign_policy": {
      "acc": 0.25,
      "acc_stderr": 0.04351941398892446,
      "acc_norm": 0.28,
      "acc_norm_stderr": 0.04512608598542127
    },
    "hendrycksTest-high_school_physics": {
      "acc": 0.23178807947019867,
      "acc_stderr": 0.03445406271987053,
      "acc_norm": 0.23178807947019867,
      "acc_norm_stderr": 0.03445406271987054
    },
    "arc_challenge": {
      "acc": 0.17918088737201365,
      "acc_stderr": 0.011207045216615674,
      "acc_norm": 0.21160409556313994,
      "acc_norm_stderr": 0.011935916358632857
    },
    "hendrycksTest-college_physics": {
      "acc": 0.19607843137254902,
      "acc_stderr": 0.03950581861179963,
      "acc_norm": 0.28431372549019607,
      "acc_norm_stderr": 0.04488482852329017
    },
    "hendrycksTest-formal_logic": {
      "acc": 0.2698412698412698,
      "acc_stderr": 0.039701582732351706,
      "acc_norm": 0.21428571428571427,
      "acc_norm_stderr": 0.03670066451047181
    },
    "hendrycksTest-moral_disputes": {
      "acc": 0.21098265895953758,
      "acc_stderr": 0.021966309947043135,
      "acc_norm": 0.3063583815028902,
      "acc_norm_stderr": 0.02481835012943659
    },