{
  "results": {
    "hendrycksTest-anatomy": {
      "acc": 0.2222222222222222,
      "acc_stderr": 0.035914440841969694,
      "acc_norm": 0.25925925925925924,
      "acc_norm_stderr": 0.03785714465066655
    },
    "hendrycksTest-high_school_chemistry": {
      "acc": 0.20689655172413793,
      "acc_stderr": 0.028501378167893946,
      "acc_norm": 0.2315270935960591,
      "acc_norm_stderr": 0.029678333141444455
    },
    "hendrycksTest-miscellaneous": {
      "acc": 0.24010217113665389,
      "acc_stderr": 0.015274685213734191,
      "acc_norm": 0.2503192848020434,
      "acc_norm_stderr": 0.015491088951494578
    },
    "hendrycksTest-high_school_mathematics": {
      "acc": 0.1962962962962963,
      "acc_stderr": 0.024217421327417155,
      "acc_norm": 0.22962962962962963,
      "acc_norm_stderr": 0.02564410863926762
    },
    "hendrycksTest-professional_law": {
      "acc": 0.2522816166883963,
      "acc_stderr": 0.011092789056875243,
      "acc_norm": 0.27640156453715775,
      "acc_norm_stderr": 0.011422153194553577
    },
    "hendrycksTest-college_physics": {
      "acc": 0.23529411764705882,
      "acc_stderr": 0.04220773659171452,
      "acc_norm": 0.23529411764705882,
      "acc_norm_stderr": 0.042207736591714534
    },
    "hendrycksTest-virology": {
      "acc": 0.2289156626506024,
      "acc_stderr": 0.03270745277352477,
      "acc_norm": 0.21686746987951808,
      "acc_norm_stderr": 0.03208284450356365
    },
    "arc_easy": {
      "acc": 0.37037037037037035,
      "acc_stderr": 0.009908978578665757,
      "acc_norm": 0.3514309764309764,
      "acc_norm_stderr": 0.00979639558281772
    },
    "hendrycksTest-high_school_computer_science": {
      "acc": 0.21,
      "acc_stderr": 0.040936018074033256,
      "acc_norm": 0.29,
      "acc_norm_stderr": 0.045604802157206845
    },
    "hendrycksTest-high_school_macroeconomics": {
      "acc": 0.24102564102564103,
      "acc_stderr": 0.021685546665333184,
      "acc_norm": 0.2923076923076923,
      "acc_norm_stderr": 0.023060438380857733
    },
    "hendrycksTest-logical_fallacies": {
      "acc": 0.26380368098159507,
      "acc_stderr": 0.03462419931615623,
      "acc_norm": 0.31901840490797545,
      "acc_norm_stderr": 0.03661997551073836
    },
    "hendrycksTest-world_religions": {
      "acc": 0.23391812865497075,
      "acc_stderr": 0.03246721765117825,
      "acc_norm": 0.24561403508771928,
      "acc_norm_stderr": 0.03301405946987249
    },
    "hendrycksTest-high_school_psychology": {
      "acc": 0.26972477064220185,
      "acc_stderr": 0.01902848671111545,
      "acc_norm": 0.26788990825688075,
      "acc_norm_stderr": 0.018987462257978652
    },
    "hendrycksTest-professional_psychology": {
      "acc": 0.23529411764705882,
      "acc_stderr": 0.01716058723504634,
      "acc_norm": 0.2565359477124183,
      "acc_norm_stderr": 0.01766784161237899
    },
    "hendrycksTest-human_aging": {
      "acc": 0.27802690582959644,
      "acc_stderr": 0.030069584874494047,
      "acc_norm": 0.242152466367713,
      "acc_norm_stderr": 0.028751392398694755
    },
    "logiqa": {
      "acc": 0.23348694316436253,
      "acc_stderr": 0.016593362460570887,
      "acc_norm": 0.27342549923195086,
      "acc_norm_stderr": 0.01748247454768128
    },
    "hendrycksTest-professional_medicine": {
      "acc": 0.22794117647058823,
      "acc_stderr": 0.025483081468029804,
      "acc_norm": 0.25,
      "acc_norm_stderr": 0.026303648393696036
    },
    "hendrycksTest-public_relations": {
      "acc": 0.2727272727272727,
      "acc_stderr": 0.04265792110940588,
      "acc_norm": 0.18181818181818182,
      "acc_norm_stderr": 0.036942843353378
    },
    "hendrycksTest-philosophy": {
      "acc": 0.21221864951768488,
      "acc_stderr": 0.02322275679743511,
      "acc_norm": 0.2733118971061093,
      "acc_norm_stderr": 0.02531176597542612
    },
    "hendrycksTest-high_school_statistics": {
      "acc": 0.24074074074074073,
      "acc_stderr": 0.0291575221846056,
      "acc_norm": 0.27314814814814814,
      "acc_norm_stderr": 0.03038805130167812
    },
    "hendrycksTest-astronomy": {
      "acc": 0.3026315789473684,
      "acc_stderr": 0.03738520676119667,
      "acc_norm": 0.3881578947368421,
      "acc_norm_stderr": 0.03965842097512744
    },
    "hendrycksTest-elementary_mathematics": {
      "acc": 0.2328042328042328,
      "acc_stderr": 0.02176596167215452,
      "acc_norm": 0.23544973544973544,
      "acc_norm_stderr": 0.021851509822031722
    },
    "hendrycksTest-human_sexuality": {
      "acc": 0.29770992366412213,
      "acc_stderr": 0.040103589424622034,
      "acc_norm": 0.3282442748091603,
      "acc_norm_stderr": 0.04118438565806298
    },
    "hendrycksTest-high_school_government_and_politics": {
      "acc": 0.26424870466321243,
      "acc_stderr": 0.03182155050916647,
      "acc_norm": 0.27979274611398963,
      "acc_norm_stderr": 0.03239637046735703
    },
    "hendrycksTest-moral_disputes": {
      "acc": 0.23410404624277456,
      "acc_stderr": 0.022797110278071138,
      "acc_norm": 0.2832369942196532,
      "acc_norm_stderr": 0.024257901705323378
    },
    "hendrycksTest-security_studies": {
      "acc": 0.3551020408163265,
      "acc_stderr": 0.030635655150387634,
      "acc_norm": 0.2571428571428571,
      "acc_norm_stderr": 0.027979823538744543
    },
    "hendrycksTest-computer_security": {
      "acc": 0.17,
      "acc_stderr": 0.03775251680686371,
      "acc_norm": 0.26,
      "acc_norm_stderr": 0.04408440022768078
    },
    "hendrycksTest-college_chemistry": {
      "acc": 0.26,
      "acc_stderr": 0.044084400227680794,
      "acc_norm": 0.29,
      "acc_norm_stderr": 0.04560480215720684
    },
    "hendrycksTest-clinical_knowledge": {
      "acc": 0.2037735849056604,
      "acc_stderr": 0.024790784501775402,
      "acc_norm": 0.3018867924528302,
      "acc_norm_stderr": 0.02825420034443866
    },
    "sciq": {
      "acc": 0.591,
      "acc_stderr": 0.015555094373257942,
      "acc_norm": 0.548,
      "acc_norm_stderr": 0.015746235865880677
    },
    "hendrycksTest-formal_logic": {
      "acc": 0.30952380952380953,
      "acc_stderr": 0.04134913018303316,
      "acc_norm": 0.2857142857142857,
      "acc_norm_stderr": 0.040406101782088394
    },
    "hendrycksTest-prehistory": {
      "acc": 0.3055555555555556,
      "acc_stderr": 0.025630824975621344,
      "acc_norm": 0.22839506172839505,
      "acc_norm_stderr": 0.023358211840626267
    },
    "hendrycksTest-global_facts": {
      "acc": 0.18,
      "acc_stderr": 0.038612291966536934,
      "acc_norm": 0.17,
      "acc_norm_stderr": 0.0377525168068637
    },
    "hendrycksTest-machine_learning": {
      "acc": 0.3392857142857143,
      "acc_stderr": 0.0449394906861354,
      "acc_norm": 0.29464285714285715,
      "acc_norm_stderr": 0.0432704093257873
    },
    "winogrande": {
      "acc": 0.48539857932123126,
      "acc_stderr": 0.01404649238327584
    },
    "hendrycksTest-sociology": {
      "acc": 0.2885572139303483,
      "acc_stderr": 0.03203841040213319,
      "acc_norm": 0.29850746268656714,
      "acc_norm_stderr": 0.03235743789355042
    },
    "hendrycksTest-college_mathematics": {
      "acc": 0.18,
      "acc_stderr": 0.03861229196653696,
      "acc_norm": 0.23,
      "acc_norm_stderr": 0.04229525846816505
    },
    "hendrycksTest-nutrition": {
      "acc": 0.27124183006535946,
      "acc_stderr": 0.02545775669666787,
      "acc_norm": 0.3431372549019608,
      "acc_norm_stderr": 0.02718449890994162
    },
    "hendrycksTest-high_school_microeconomics": {
      "acc": 0.21008403361344538,
      "acc_stderr": 0.026461398717471874,
      "acc_norm": 0.31512605042016806,
      "acc_norm_stderr": 0.030176808288974337
    },
    "hendrycksTest-marketing": {
      "acc": 0.28205128205128205,
      "acc_stderr": 0.029480360549541194,
      "acc_norm": 0.3076923076923077,
      "acc_norm_stderr": 0.030236389942173102
    },
    "hendrycksTest-jurisprudence": {
      "acc": 0.24074074074074073,