{
  "results": {
    "hendrycksTest-econometrics": {
      "acc": 0.24561403508771928,
      "acc_stderr": 0.04049339297748142,
      "acc_norm": 0.2631578947368421,
      "acc_norm_stderr": 0.04142439719489362
    },
    "hendrycksTest-high_school_european_history": {
      "acc": 0.2787878787878788,
      "acc_stderr": 0.03501438706296781,
      "acc_norm": 0.2909090909090909,
      "acc_norm_stderr": 0.03546563019624336
    },
    "lambada_openai": {
      "ppl": 152.48869074706033,
      "ppl_stderr": 6.509442493769625,
      "acc": 0.1738792936153697,
      "acc_stderr": 0.005280289818944126
    },
    "hendrycksTest-clinical_knowledge": {
      "acc": 0.24150943396226415,
      "acc_stderr": 0.026341480371118352,
      "acc_norm": 0.3169811320754717,
      "acc_norm_stderr": 0.028637235639800918
    },
    "hendrycksTest-high_school_microeconomics": {
      "acc": 0.2605042016806723,
      "acc_stderr": 0.02851025151234195,
      "acc_norm": 0.3319327731092437,
      "acc_norm_stderr": 0.030588697013783663
    },
    "hendrycksTest-global_facts": {
      "acc": 0.23,
      "acc_stderr": 0.04229525846816506,
      "acc_norm": 0.2,
      "acc_norm_stderr": 0.04020151261036846
    },
    "hendrycksTest-high_school_psychology": {
      "acc": 0.27155963302752295,
      "acc_stderr": 0.01906909836319144,
      "acc_norm": 0.26055045871559634,
      "acc_norm_stderr": 0.01881918203485007
    },
    "hendrycksTest-philosophy": {
      "acc": 0.2057877813504823,
      "acc_stderr": 0.022961339906764248,
      "acc_norm": 0.26688102893890675,
      "acc_norm_stderr": 0.025122637608816646
    },
    "hendrycksTest-business_ethics": {
      "acc": 0.33,
      "acc_stderr": 0.04725815626252604,
      "acc_norm": 0.26,
      "acc_norm_stderr": 0.0440844002276808
    },
    "hendrycksTest-professional_law": {
      "acc": 0.2516297262059974,
      "acc_stderr": 0.01108327628044191,
      "acc_norm": 0.28552803129074317,
      "acc_norm_stderr": 0.011535751586665673
    },
    "hendrycksTest-computer_security": {
      "acc": 0.22,
      "acc_stderr": 0.0416333199893227,
      "acc_norm": 0.28,
      "acc_norm_stderr": 0.045126085985421276
    },
    "hendrycksTest-professional_psychology": {
      "acc": 0.238562091503268,
      "acc_stderr": 0.0172423858287796,
      "acc_norm": 0.2696078431372549,
      "acc_norm_stderr": 0.017952449196987862
    },
    "hendrycksTest-conceptual_physics": {
      "acc": 0.25957446808510637,
      "acc_stderr": 0.028659179374292312,
      "acc_norm": 0.19574468085106383,
      "acc_norm_stderr": 0.025937853139977148
    },
    "hendrycksTest-high_school_government_and_politics": {
      "acc": 0.21761658031088082,
      "acc_stderr": 0.02977866303775296,
      "acc_norm": 0.26424870466321243,
      "acc_norm_stderr": 0.031821550509166456
    },
    "hendrycksTest-us_foreign_policy": {
      "acc": 0.26,
      "acc_stderr": 0.04408440022768077,
      "acc_norm": 0.26,
      "acc_norm_stderr": 0.04408440022768078
    },
    "hendrycksTest-high_school_chemistry": {
      "acc": 0.18226600985221675,
      "acc_stderr": 0.02716334085964515,
      "acc_norm": 0.2561576354679803,
      "acc_norm_stderr": 0.030712730070982592
    },
    "hendrycksTest-high_school_biology": {
      "acc": 0.23870967741935484,
      "acc_stderr": 0.02425107126220884,
      "acc_norm": 0.2903225806451613,
      "acc_norm_stderr": 0.025822106119415898
    },
    "hendrycksTest-high_school_geography": {
      "acc": 0.2474747474747475,
      "acc_stderr": 0.03074630074212451,
      "acc_norm": 0.3282828282828283,
      "acc_norm_stderr": 0.03345678422756777
    },
    "hendrycksTest-college_chemistry": {
      "acc": 0.35,
      "acc_stderr": 0.047937248544110196,
      "acc_norm": 0.36,
      "acc_norm_stderr": 0.04824181513244218
    },
    "hendrycksTest-security_studies": {
      "acc": 0.3346938775510204,
      "acc_stderr": 0.030209235226242307,
      "acc_norm": 0.27346938775510204,
      "acc_norm_stderr": 0.028535560337128438
    },
    "hendrycksTest-high_school_physics": {
      "acc": 0.2185430463576159,
      "acc_stderr": 0.033742355504256936,
      "acc_norm": 0.23178807947019867,
      "acc_norm_stderr": 0.034454062719870546
    },
    "hendrycksTest-college_biology": {
      "acc": 0.25,
      "acc_stderr": 0.03621034121889507,
      "acc_norm": 0.22916666666666666,
      "acc_norm_stderr": 0.035146974678623884
    },
    "hendrycksTest-electrical_engineering": {
      "acc": 0.2482758620689655,
      "acc_stderr": 0.03600105692727773,
      "acc_norm": 0.2620689655172414,
      "acc_norm_stderr": 0.036646663372252565
    },
    "hendrycksTest-prehistory": {
      "acc": 0.2623456790123457,
      "acc_stderr": 0.024477222856135114,
      "acc_norm": 0.23765432098765432,
      "acc_norm_stderr": 0.023683591837008557
    },
    "hendrycksTest-world_religions": {
      "acc": 0.25146198830409355,
      "acc_stderr": 0.033275044238468436,
      "acc_norm": 0.25146198830409355,
      "acc_norm_stderr": 0.033275044238468436
    },
    "hendrycksTest-college_computer_science": {
      "acc": 0.25,
      "acc_stderr": 0.04351941398892446,
      "acc_norm": 0.23,
      "acc_norm_stderr": 0.042295258468165065
    },
    "hendrycksTest-international_law": {
      "acc": 0.2066115702479339,
      "acc_stderr": 0.036959801280988226,
      "acc_norm": 0.4132231404958678,
      "acc_norm_stderr": 0.04495087843548408
    },
    "hendrycksTest-high_school_world_history": {
      "acc": 0.23628691983122363,
      "acc_stderr": 0.02765215314415927,
      "acc_norm": 0.26582278481012656,
      "acc_norm_stderr": 0.028756799629658332
    },
    "wsc": {
      "acc": 0.36538461538461536,
      "acc_stderr": 0.0474473339327792
    },
    "hendrycksTest-high_school_mathematics": {
      "acc": 0.1814814814814815,
      "acc_stderr": 0.023499264669407292,
      "acc_norm": 0.26666666666666666,
      "acc_norm_stderr": 0.026962424325073838
    },
    "hendrycksTest-human_sexuality": {
      "acc": 0.2824427480916031,
      "acc_stderr": 0.03948406125768361,
      "acc_norm": 0.2595419847328244,
      "acc_norm_stderr": 0.03844876139785271
    },
    "hendrycksTest-marketing": {
      "acc": 0.24786324786324787,
      "acc_stderr": 0.028286324075564407,
      "acc_norm": 0.2948717948717949,
      "acc_norm_stderr": 0.02987257770889115
    },
    "hendrycksTest-elementary_mathematics": {
      "acc": 0.2751322751322751,
      "acc_stderr": 0.023000086859068666,
      "acc_norm": 0.25396825396825395,
      "acc_norm_stderr": 0.02241804289111395
    },
    "hendrycksTest-high_school_statistics": {
      "acc": 0.25925925925925924,
      "acc_stderr": 0.02988691054762696,
      "acc_norm": 0.2777777777777778,
      "acc_norm_stderr": 0.030546745264953185
    },
    "hendrycksTest-sociology": {
      "acc": 0.25870646766169153,
      "acc_stderr": 0.03096590312357304,
      "acc_norm": 0.24378109452736318,
      "acc_norm_stderr": 0.030360490154014652
    },
    "hendrycksTest-college_physics": {
      "acc": 0.21568627450980393,
      "acc_stderr": 0.04092563958237656,
      "acc_norm": 0.2549019607843137,
      "acc_norm_stderr": 0.04336432707993176
    },
    "hendrycksTest-college_mathematics": {
      "acc": 0.19,
      "acc_stderr": 0.039427724440366234,
      "acc_norm": 0.24,
      "acc_norm_stderr": 0.042923469599092816
    },
    "arc_challenge": {
      "acc": 0.17320819112627986,
      "acc_stderr": 0.011058694183280341,
      "acc_norm": 0.21331058020477817,
      "acc_norm_stderr": 0.011970971742326334
    },
    "logiqa": {
      "acc": 0.22427035330261136,
      "acc_stderr": 0.01636004334826551,
      "acc_norm": 0.2672811059907834,
      "acc_norm_stderr": 0.0173578586224101
    },
    "hendrycksTest-astronomy": {
      "acc": 0.2565789473684211,
      "acc_stderr": 0.03554180368025689,
      "acc_norm": 0.39473684210526316,
      "acc_norm_stderr": 0.039777499346220734
    },
    "hendrycksTest-high_school_computer_science": {
      "acc": 0.26,