{
  "results": {
    "hendrycksTest-high_school_government_and_politics": {
      "acc": 0.23316062176165803,
      "acc_stderr": 0.030516111371476008,
      "acc_norm": 0.26424870466321243,
      "acc_norm_stderr": 0.03182155050916646
    },
    "hendrycksTest-miscellaneous": {
      "acc": 0.24393358876117496,
      "acc_stderr": 0.015357212665829496,
      "acc_norm": 0.24265644955300128,
      "acc_norm_stderr": 0.01532988894089986
    },
    "hendrycksTest-moral_disputes": {
      "acc": 0.26011560693641617,
      "acc_stderr": 0.023618678310069356,
      "acc_norm": 0.2976878612716763,
      "acc_norm_stderr": 0.024617055388677003
    },
    "hendrycksTest-high_school_physics": {
      "acc": 0.2185430463576159,
      "acc_stderr": 0.03374235550425694,
      "acc_norm": 0.2251655629139073,
      "acc_norm_stderr": 0.03410435282008937
    },
    "hendrycksTest-conceptual_physics": {
      "acc": 0.251063829787234,
      "acc_stderr": 0.028346963777162452,
      "acc_norm": 0.2127659574468085,
      "acc_norm_stderr": 0.02675439134803975
    },
    "hendrycksTest-electrical_engineering": {
      "acc": 0.2827586206896552,
      "acc_stderr": 0.03752833958003337,
      "acc_norm": 0.32413793103448274,
      "acc_norm_stderr": 0.03900432069185554
    },
    "hendrycksTest-security_studies": {
      "acc": 0.3346938775510204,
      "acc_stderr": 0.030209235226242307,
      "acc_norm": 0.23265306122448978,
      "acc_norm_stderr": 0.027049257915896182
    },
    "hendrycksTest-public_relations": {
      "acc": 0.23636363636363636,
      "acc_stderr": 0.040693063197213775,
      "acc_norm": 0.19090909090909092,
      "acc_norm_stderr": 0.03764425585984925
    },
    "hendrycksTest-college_computer_science": {
      "acc": 0.22,
      "acc_stderr": 0.041633319989322695,
      "acc_norm": 0.22,
      "acc_norm_stderr": 0.041633319989322695
    },
    "hendrycksTest-management": {
      "acc": 0.24271844660194175,
      "acc_stderr": 0.042450224863844956,
      "acc_norm": 0.24271844660194175,
      "acc_norm_stderr": 0.04245022486384495
    },
    "hendrycksTest-philosophy": {
      "acc": 0.21543408360128619,
      "acc_stderr": 0.02335022547547142,
      "acc_norm": 0.2861736334405145,
      "acc_norm_stderr": 0.025670259242188947
    },
    "arc_easy": {
      "acc": 0.38215488215488214,
      "acc_stderr": 0.009970747281292418,
      "acc_norm": 0.34595959595959597,
      "acc_norm_stderr": 0.009760749624427514
    },
    "hendrycksTest-astronomy": {
      "acc": 0.23026315789473684,
      "acc_stderr": 0.034260594244031654,
      "acc_norm": 0.3815789473684211,
      "acc_norm_stderr": 0.03953173377749194
    },
    "hendrycksTest-high_school_computer_science": {
      "acc": 0.26,
      "acc_stderr": 0.0440844002276808,
      "acc_norm": 0.28,
      "acc_norm_stderr": 0.04512608598542128
    },
    "hendrycksTest-high_school_world_history": {
      "acc": 0.22362869198312235,
      "acc_stderr": 0.027123298205229972,
      "acc_norm": 0.3206751054852321,
      "acc_norm_stderr": 0.030381931949990407
    },
    "hendrycksTest-medical_genetics": {
      "acc": 0.27,
      "acc_stderr": 0.0446196043338474,
      "acc_norm": 0.33,
      "acc_norm_stderr": 0.047258156262526045
    },
    "hendrycksTest-business_ethics": {
      "acc": 0.32,
      "acc_stderr": 0.04688261722621505,
      "acc_norm": 0.28,
      "acc_norm_stderr": 0.04512608598542128
    },
    "hendrycksTest-international_law": {
      "acc": 0.1487603305785124,
      "acc_stderr": 0.03248470083807193,
      "acc_norm": 0.4380165289256198,
      "acc_norm_stderr": 0.04529146804435791
    },
    "hendrycksTest-high_school_chemistry": {
      "acc": 0.22660098522167488,
      "acc_stderr": 0.02945486383529298,
      "acc_norm": 0.33004926108374383,
      "acc_norm_stderr": 0.033085304262282574
    },
    "hendrycksTest-high_school_microeconomics": {
      "acc": 0.2773109243697479,
      "acc_stderr": 0.02907937453948001,
      "acc_norm": 0.3277310924369748,
      "acc_norm_stderr": 0.030489911417673227
    },
    "hendrycksTest-college_medicine": {
      "acc": 0.2254335260115607,
      "acc_stderr": 0.031862098516411454,
      "acc_norm": 0.27167630057803466,
      "acc_norm_stderr": 0.03391750322321661
    },
    "hendrycksTest-prehistory": {
      "acc": 0.2716049382716049,
      "acc_stderr": 0.024748624490537368,
      "acc_norm": 0.21296296296296297,
      "acc_norm_stderr": 0.0227797190887334
    },
    "hendrycksTest-elementary_mathematics": {
      "acc": 0.25132275132275134,
      "acc_stderr": 0.022340482339643898,
      "acc_norm": 0.25925925925925924,
      "acc_norm_stderr": 0.022569897074918424
    },
    "hendrycksTest-world_religions": {
      "acc": 0.21637426900584794,
      "acc_stderr": 0.031581495393387324,
      "acc_norm": 0.23976608187134502,
      "acc_norm_stderr": 0.03274485211946956
    },
    "hendrycksTest-econometrics": {
      "acc": 0.20175438596491227,
      "acc_stderr": 0.03775205013583638,
      "acc_norm": 0.21052631578947367,
      "acc_norm_stderr": 0.03835153954399421
    },
    "lambada_openai": {
      "ppl": 152.7241716701096,
      "ppl_stderr": 6.683638966901629,
      "acc": 0.1905686008150592,
      "acc_stderr": 0.005471769183417297
    },
    "hendrycksTest-high_school_geography": {
      "acc": 0.2727272727272727,
      "acc_stderr": 0.03173071239071724,
      "acc_norm": 0.2828282828282828,
      "acc_norm_stderr": 0.032087795587867514
    },
    "hendrycksTest-professional_psychology": {
      "acc": 0.25163398692810457,
      "acc_stderr": 0.01755581809132226,
      "acc_norm": 0.24836601307189543,
      "acc_norm_stderr": 0.017479487001364764
    },
    "piqa": {
      "acc": 0.5995647442872688,
      "acc_stderr": 0.011432194883562317,
      "acc_norm": 0.5875952121871599,
      "acc_norm_stderr": 0.011485407152743139
    },
    "hendrycksTest-high_school_mathematics": {
      "acc": 0.2111111111111111,
      "acc_stderr": 0.02488211685765508,
      "acc_norm": 0.26296296296296295,
      "acc_norm_stderr": 0.026842057873833706
    },
    "hendrycksTest-marketing": {
      "acc": 0.2777777777777778,
      "acc_stderr": 0.029343114798094472,
      "acc_norm": 0.3247863247863248,
      "acc_norm_stderr": 0.03067902276549883
    },
    "hendrycksTest-virology": {
      "acc": 0.22289156626506024,
      "acc_stderr": 0.032400048255946876,
      "acc_norm": 0.21686746987951808,
      "acc_norm_stderr": 0.032082844503563655
    },
    "hendrycksTest-human_sexuality": {
      "acc": 0.3282442748091603,
      "acc_stderr": 0.04118438565806298,
      "acc_norm": 0.24427480916030533,
      "acc_norm_stderr": 0.03768335959728744
    },
    "hendrycksTest-us_foreign_policy": {
      "acc": 0.28,
      "acc_stderr": 0.04512608598542127,
      "acc_norm": 0.33,
      "acc_norm_stderr": 0.047258156262526045
    },
    "hendrycksTest-human_aging": {
      "acc": 0.3094170403587444,
      "acc_stderr": 0.031024411740572223,
      "acc_norm": 0.242152466367713,
      "acc_norm_stderr": 0.028751392398694755
    },
    "hendrycksTest-college_biology": {
      "acc": 0.2638888888888889,
      "acc_stderr": 0.03685651095897532,
      "acc_norm": 0.2638888888888889,
      "acc_norm_stderr": 0.03685651095897532
    },
    "hendrycksTest-moral_scenarios": {
      "acc": 0.25921787709497207,
      "acc_stderr": 0.014655780837497726,
      "acc_norm": 0.2636871508379888,
      "acc_norm_stderr": 0.014736926383761973
    },
    "winogrande": {
      "acc": 0.5146014206787688,
      "acc_stderr": 0.014046492383275835
    },
    "hendrycksTest-sociology": {
      "acc": 0.263681592039801,
      "acc_stderr": 0.03115715086935557,
      "acc_norm": 0.2736318407960199,
      "acc_norm_stderr": 0.031524391865554
    },
    "hendrycksTest-abstract_algebra": {
      "acc": 0.2,
      "acc_stderr": 0.040201512610368466,
      "acc_norm": 0.28,
      "acc_norm_stderr": 0.04512608598542127
    },