{
  "results": {
    "lambada_openai": {
      "ppl": 4.246599063925067,
      "ppl_stderr": 0.09247940480749454,
      "acc": 0.6825150397826509,
      "acc_stderr": 0.006485295423198024
    },
    "hendrycksTest-philosophy": {
      "acc": 0.24437299035369775,
      "acc_stderr": 0.024406162094668893,
      "acc_norm": 0.31511254019292606,
      "acc_norm_stderr": 0.02638527370346449
    },
    "hendrycksTest-public_relations": {
      "acc": 0.2636363636363636,
      "acc_stderr": 0.04220224692971987,
      "acc_norm": 0.22727272727272727,
      "acc_norm_stderr": 0.04013964554072773
    },
    "hendrycksTest-human_aging": {
      "acc": 0.32286995515695066,
      "acc_stderr": 0.03138147637575499,
      "acc_norm": 0.23318385650224216,
      "acc_norm_stderr": 0.028380391147094716
    },
    "hendrycksTest-marketing": {
      "acc": 0.3076923076923077,
      "acc_stderr": 0.030236389942173092,
      "acc_norm": 0.3034188034188034,
      "acc_norm_stderr": 0.030118210106942656
    },
    "hendrycksTest-moral_disputes": {
      "acc": 0.2630057803468208,
      "acc_stderr": 0.023703099525258165,
      "acc_norm": 0.34104046242774566,
      "acc_norm_stderr": 0.02552247463212161
    },
    "arc_challenge": {
      "acc": 0.33276450511945393,
      "acc_stderr": 0.013769863046192305,
      "acc_norm": 0.35238907849829354,
      "acc_norm_stderr": 0.013960142600598687
    },
    "hendrycksTest-high_school_biology": {
      "acc": 0.2645161290322581,
      "acc_stderr": 0.025091892378859275,
      "acc_norm": 0.2806451612903226,
      "acc_norm_stderr": 0.025560604721022895
    },
    "hendrycksTest-high_school_chemistry": {
      "acc": 0.1921182266009852,
      "acc_stderr": 0.027719315709614775,
      "acc_norm": 0.33497536945812806,
      "acc_norm_stderr": 0.033208527423483104
    },
    "hendrycksTest-college_biology": {
      "acc": 0.2222222222222222,
      "acc_stderr": 0.034765901043041336,
      "acc_norm": 0.25,
      "acc_norm_stderr": 0.03621034121889507
    },
    "hendrycksTest-college_chemistry": {
      "acc": 0.28,
      "acc_stderr": 0.04512608598542127,
      "acc_norm": 0.32,
      "acc_norm_stderr": 0.046882617226215034
    },
    "hendrycksTest-high_school_physics": {
      "acc": 0.2251655629139073,
      "acc_stderr": 0.03410435282008937,
      "acc_norm": 0.25165562913907286,
      "acc_norm_stderr": 0.035433042343899844
    },
    "hendrycksTest-professional_medicine": {
      "acc": 0.2867647058823529,
      "acc_stderr": 0.027472274473233818,
      "acc_norm": 0.27205882352941174,
      "acc_norm_stderr": 0.02703304115168146
    },
    "hendrycksTest-clinical_knowledge": {
      "acc": 0.2490566037735849,
      "acc_stderr": 0.02661648298050171,
      "acc_norm": 0.3471698113207547,
      "acc_norm_stderr": 0.029300101705549652
    },
    "hendrycksTest-high_school_statistics": {
      "acc": 0.25925925925925924,
      "acc_stderr": 0.02988691054762696,
      "acc_norm": 0.3055555555555556,
      "acc_norm_stderr": 0.031415546294025445
    },
    "hendrycksTest-professional_law": {
      "acc": 0.26727509778357234,
      "acc_stderr": 0.011302607515637522,
      "acc_norm": 0.28748370273794005,
      "acc_norm_stderr": 0.0115593373557085
    },
    "hendrycksTest-electrical_engineering": {
      "acc": 0.2827586206896552,
      "acc_stderr": 0.037528339580033376,
      "acc_norm": 0.2827586206896552,
      "acc_norm_stderr": 0.037528339580033376
    },
    "hendrycksTest-high_school_psychology": {
      "acc": 0.23853211009174313,
      "acc_stderr": 0.018272575810231863,
      "acc_norm": 0.25137614678899084,
      "acc_norm_stderr": 0.018599206360287415
    },
    "sciq": {
      "acc": 0.915,
      "acc_stderr": 0.008823426366942309,
      "acc_norm": 0.85,
      "acc_norm_stderr": 0.011297239823409296
    },
    "hendrycksTest-international_law": {
      "acc": 0.19834710743801653,
      "acc_stderr": 0.036401182719909456,
      "acc_norm": 0.47107438016528924,
      "acc_norm_stderr": 0.04556710331269498
    },
    "hendrycksTest-college_mathematics": {
      "acc": 0.2,
      "acc_stderr": 0.040201512610368445,
      "acc_norm": 0.34,
      "acc_norm_stderr": 0.04760952285695235
    },
    "hendrycksTest-college_physics": {
      "acc": 0.22549019607843138,
      "acc_stderr": 0.041583075330832865,
      "acc_norm": 0.2549019607843137,
      "acc_norm_stderr": 0.04336432707993177
    },
    "hendrycksTest-computer_security": {
      "acc": 0.22,
      "acc_stderr": 0.041633319989322695,
      "acc_norm": 0.36,
      "acc_norm_stderr": 0.04824181513244218
    },
    "hendrycksTest-formal_logic": {
      "acc": 0.2857142857142857,
      "acc_stderr": 0.0404061017820884,
      "acc_norm": 0.2777777777777778,
      "acc_norm_stderr": 0.04006168083848878
    },
    "hendrycksTest-econometrics": {
      "acc": 0.24561403508771928,
      "acc_stderr": 0.0404933929774814,
      "acc_norm": 0.20175438596491227,
      "acc_norm_stderr": 0.03775205013583638
    },
    "hendrycksTest-us_foreign_policy": {
      "acc": 0.37,
      "acc_stderr": 0.04852365870939099,
      "acc_norm": 0.42,
      "acc_norm_stderr": 0.049604496374885836
    },
    "hendrycksTest-high_school_european_history": {
      "acc": 0.24848484848484848,
      "acc_stderr": 0.03374402644139406,
      "acc_norm": 0.3090909090909091,
      "acc_norm_stderr": 0.03608541011573967
    },
    "hendrycksTest-high_school_world_history": {
      "acc": 0.2616033755274262,
      "acc_stderr": 0.028609516716994934,
      "acc_norm": 0.3037974683544304,
      "acc_norm_stderr": 0.02993669638713861
    },
    "hendrycksTest-elementary_mathematics": {
      "acc": 0.2751322751322751,
      "acc_stderr": 0.023000086859068642,
      "acc_norm": 0.2698412698412698,
      "acc_norm_stderr": 0.022860838309232072
    },
    "hendrycksTest-abstract_algebra": {
      "acc": 0.15,
      "acc_stderr": 0.035887028128263686,
      "acc_norm": 0.19,
      "acc_norm_stderr": 0.039427724440366234
    },
    "hendrycksTest-jurisprudence": {
      "acc": 0.25925925925925924,
      "acc_stderr": 0.042365112580946336,
      "acc_norm": 0.3888888888888889,
      "acc_norm_stderr": 0.0471282125742677
    },
    "hendrycksTest-college_medicine": {
      "acc": 0.23121387283236994,
      "acc_stderr": 0.032147373020294696,
      "acc_norm": 0.27167630057803466,
      "acc_norm_stderr": 0.0339175032232166
    },
    "hendrycksTest-security_studies": {
      "acc": 0.35918367346938773,
      "acc_stderr": 0.030713560455108493,
      "acc_norm": 0.27346938775510204,
      "acc_norm_stderr": 0.02853556033712844
    },
    "logiqa": {
      "acc": 0.20890937019969277,
      "acc_stderr": 0.01594539939642391,
      "acc_norm": 0.28417818740399386,
      "acc_norm_stderr": 0.017690542680190765
    },
    "wsc": {
      "acc": 0.36538461538461536,
      "acc_stderr": 0.0474473339327792
    },
    "hendrycksTest-high_school_us_history": {
      "acc": 0.29411764705882354,
      "acc_stderr": 0.031980016601150726,
      "acc_norm": 0.28921568627450983,
      "acc_norm_stderr": 0.031822318676475544
    },
    "hendrycksTest-management": {
      "acc": 0.22330097087378642,
      "acc_stderr": 0.04123553189891431,
      "acc_norm": 0.30097087378640774,
      "acc_norm_stderr": 0.045416094465039455
    },
    "hendrycksTest-moral_scenarios": {
      "acc": 0.24804469273743016,
      "acc_stderr": 0.014444157808261426,
      "acc_norm": 0.27262569832402234,
      "acc_norm_stderr": 0.014893391735249588
    },
    "hendrycksTest-prehistory": {
      "acc": 0.25925925925925924,
      "acc_stderr": 0.02438366553103545,
      "acc_norm": 0.2191358024691358,
      "acc_norm_stderr": 0.023016705640262203
    },
    "hendrycksTest-machine_learning": {
      "acc": 0.1875,
      "acc_stderr": 0.0370468111477387,
      "acc_norm": 0.23214285714285715,
      "acc_norm_stderr": 0.040073418097558065
    },
    "arc_easy": {
      "acc": 0.6872895622895623,
      "acc_stderr": 0.009512819491443735,