{
  "results": {
    "hendrycksTest-college_computer_science": {
      "acc": 0.3,
      "acc_stderr": 0.046056618647183814,
      "acc_norm": 0.3,
      "acc_norm_stderr": 0.046056618647183814
    },
    "hendrycksTest-college_medicine": {
      "acc": 0.26011560693641617,
      "acc_stderr": 0.033450369167889904,
      "acc_norm": 0.2543352601156069,
      "acc_norm_stderr": 0.0332055644308557
    },
    "hendrycksTest-us_foreign_policy": {
      "acc": 0.31,
      "acc_stderr": 0.04648231987117316,
      "acc_norm": 0.35,
      "acc_norm_stderr": 0.0479372485441102
    },
    "hendrycksTest-high_school_european_history": {
      "acc": 0.21818181818181817,
      "acc_stderr": 0.03225078108306289,
      "acc_norm": 0.3212121212121212,
      "acc_norm_stderr": 0.03646204963253812
    },
    "hendrycksTest-professional_medicine": {
      "acc": 0.22426470588235295,
      "acc_stderr": 0.025336848563332386,
      "acc_norm": 0.2610294117647059,
      "acc_norm_stderr": 0.026679252270103135
    },
    "hendrycksTest-college_chemistry": {
      "acc": 0.28,
      "acc_stderr": 0.045126085985421276,
      "acc_norm": 0.32,
      "acc_norm_stderr": 0.046882617226215034
    },
    "hendrycksTest-moral_disputes": {
      "acc": 0.2861271676300578,
      "acc_stderr": 0.02433214677913413,
      "acc_norm": 0.32947976878612717,
      "acc_norm_stderr": 0.025305258131879713
    },
    "hendrycksTest-astronomy": {
      "acc": 0.19736842105263158,
      "acc_stderr": 0.03238981601699397,
      "acc_norm": 0.28289473684210525,
      "acc_norm_stderr": 0.03665349695640767
    },
    "hendrycksTest-college_mathematics": {
      "acc": 0.25,
      "acc_stderr": 0.04351941398892446,
      "acc_norm": 0.34,
      "acc_norm_stderr": 0.04760952285695235
    },
    "hendrycksTest-human_sexuality": {
      "acc": 0.31297709923664124,
      "acc_stderr": 0.04066962905677698,
      "acc_norm": 0.2900763358778626,
      "acc_norm_stderr": 0.03980066246467765
    },
    "hendrycksTest-logical_fallacies": {
      "acc": 0.20245398773006135,
      "acc_stderr": 0.031570650789119026,
      "acc_norm": 0.3128834355828221,
      "acc_norm_stderr": 0.03642914578292405
    },
    "hendrycksTest-security_studies": {
      "acc": 0.3469387755102041,
      "acc_stderr": 0.0304725260267265,
      "acc_norm": 0.2530612244897959,
      "acc_norm_stderr": 0.027833023871399683
    },
    "hendrycksTest-medical_genetics": {
      "acc": 0.28,
      "acc_stderr": 0.04512608598542127,
      "acc_norm": 0.33,
      "acc_norm_stderr": 0.047258156262526045
    },
    "hendrycksTest-management": {
      "acc": 0.22330097087378642,
      "acc_stderr": 0.04123553189891431,
      "acc_norm": 0.23300970873786409,
      "acc_norm_stderr": 0.04185832598928315
    },
    "hendrycksTest-sociology": {
      "acc": 0.31840796019900497,
      "acc_stderr": 0.03294118479054095,
      "acc_norm": 0.2736318407960199,
      "acc_norm_stderr": 0.03152439186555402
    },
    "hendrycksTest-virology": {
      "acc": 0.3373493975903614,
      "acc_stderr": 0.03680783690727581,
      "acc_norm": 0.3192771084337349,
      "acc_norm_stderr": 0.036293353299478595
    },
    "hendrycksTest-college_biology": {
      "acc": 0.24305555555555555,
      "acc_stderr": 0.0358687928008034,
      "acc_norm": 0.2569444444444444,
      "acc_norm_stderr": 0.03653946969442099
    },
    "lambada_openai": {
      "ppl": 10.28383796231738,
      "ppl_stderr": 0.3140365650589007,
      "acc": 0.530758781292451,
      "acc_stderr": 0.006952784103387315
    },
    "hendrycksTest-high_school_physics": {
      "acc": 0.2251655629139073,
      "acc_stderr": 0.03410435282008936,
      "acc_norm": 0.2185430463576159,
      "acc_norm_stderr": 0.03374235550425694
    },
    "hendrycksTest-formal_logic": {
      "acc": 0.2857142857142857,
      "acc_stderr": 0.04040610178208841,
      "acc_norm": 0.23809523809523808,
      "acc_norm_stderr": 0.038095238095238106
    },
    "hendrycksTest-jurisprudence": {
      "acc": 0.26851851851851855,
      "acc_stderr": 0.04284467968052191,
      "acc_norm": 0.4074074074074074,
      "acc_norm_stderr": 0.04750077341199986
    },
    "winogrande": {
      "acc": 0.5303867403314917,
      "acc_stderr": 0.014026510839428751
    },
    "hendrycksTest-high_school_government_and_politics": {
      "acc": 0.22279792746113988,
      "acc_stderr": 0.03003114797764154,
      "acc_norm": 0.24870466321243523,
      "acc_norm_stderr": 0.031195840877700286
    },
    "hendrycksTest-high_school_biology": {
      "acc": 0.24516129032258063,
      "acc_stderr": 0.024472243840895507,
      "acc_norm": 0.2870967741935484,
      "acc_norm_stderr": 0.02573654274559453
    },
    "sciq": {
      "acc": 0.837,
      "acc_stderr": 0.011686212712746835,
      "acc_norm": 0.754,
      "acc_norm_stderr": 0.013626065817750641
    },
    "hendrycksTest-anatomy": {
      "acc": 0.25925925925925924,
      "acc_stderr": 0.037857144650666544,
      "acc_norm": 0.2222222222222222,
      "acc_norm_stderr": 0.035914440841969694
    },
    "hendrycksTest-clinical_knowledge": {
      "acc": 0.27547169811320754,
      "acc_stderr": 0.02749566368372407,
      "acc_norm": 0.3169811320754717,
      "acc_norm_stderr": 0.028637235639800925
    },
    "hendrycksTest-college_physics": {
      "acc": 0.23529411764705882,
      "acc_stderr": 0.04220773659171452,
      "acc_norm": 0.27450980392156865,
      "acc_norm_stderr": 0.04440521906179327
    },
    "hendrycksTest-high_school_world_history": {
      "acc": 0.2109704641350211,
      "acc_stderr": 0.02655837250266192,
      "acc_norm": 0.22784810126582278,
      "acc_norm_stderr": 0.02730348459906943
    },
    "hendrycksTest-world_religions": {
      "acc": 0.29239766081871343,
      "acc_stderr": 0.03488647713457922,
      "acc_norm": 0.3684210526315789,
      "acc_norm_stderr": 0.036996580176568775
    },
    "hendrycksTest-electrical_engineering": {
      "acc": 0.2896551724137931,
      "acc_stderr": 0.03780019230438014,
      "acc_norm": 0.3310344827586207,
      "acc_norm_stderr": 0.039215453124671215
    },
    "hendrycksTest-conceptual_physics": {
      "acc": 0.2553191489361702,
      "acc_stderr": 0.028504856470514203,
      "acc_norm": 0.2297872340425532,
      "acc_norm_stderr": 0.02750175294441242
    },
    "hendrycksTest-econometrics": {
      "acc": 0.22807017543859648,
      "acc_stderr": 0.03947152782669415,
      "acc_norm": 0.22807017543859648,
      "acc_norm_stderr": 0.03947152782669415
    },
    "hendrycksTest-high_school_us_history": {
      "acc": 0.2647058823529412,
      "acc_stderr": 0.030964517926923403,
      "acc_norm": 0.27941176470588236,
      "acc_norm_stderr": 0.031493281045079556
    },
    "arc_challenge": {
      "acc": 0.21416382252559726,
      "acc_stderr": 0.011988383205966508,
      "acc_norm": 0.25853242320819114,
      "acc_norm_stderr": 0.012794553754288679
    },
    "wsc": {
      "acc": 0.5673076923076923,
      "acc_stderr": 0.048818036870061955
    },
    "hendrycksTest-high_school_mathematics": {
      "acc": 0.17407407407407408,
      "acc_stderr": 0.02311859603355185,
      "acc_norm": 0.23333333333333334,
      "acc_norm_stderr": 0.025787874220959312
    },
    "hendrycksTest-high_school_geography": {
      "acc": 0.20202020202020202,
      "acc_stderr": 0.028606204289229872,
      "acc_norm": 0.2676767676767677,
      "acc_norm_stderr": 0.03154449888270285
    },
    "hendrycksTest-high_school_chemistry": {
      "acc": 0.18719211822660098,
      "acc_stderr": 0.027444924966882618,
      "acc_norm": 0.26108374384236455,
      "acc_norm_stderr": 0.030903796952114475
    },
    "hendrycksTest-high_school_macroeconomics": {
      "acc": 0.2743589743589744,
      "acc_stderr": 0.02262276576749322,
      "acc_norm": 0.26666666666666666,
      "acc_norm_stderr": 0.022421273612923707
    },
    "hendrycksTest-high_school_statistics": {
      "acc": 0.18055555555555555,
      "acc_stderr": 0.02623287897149166,
      "acc_norm": 0.2824074074074074,