{
  "results": {
    "hendrycksTest-anatomy": {
      "acc": 0.2962962962962963,
      "acc_stderr": 0.03944624162501117,
      "acc_norm": 0.28888888888888886,
      "acc_norm_stderr": 0.0391545063041425
    },
    "hendrycksTest-astronomy": {
      "acc": 0.25,
      "acc_stderr": 0.03523807393012047,
      "acc_norm": 0.39473684210526316,
      "acc_norm_stderr": 0.039777499346220734
    },
    "hendrycksTest-high_school_biology": {
      "acc": 0.2645161290322581,
      "acc_stderr": 0.025091892378859275,
      "acc_norm": 0.3096774193548387,
      "acc_norm_stderr": 0.026302774983517418
    },
    "hendrycksTest-high_school_world_history": {
      "acc": 0.25316455696202533,
      "acc_stderr": 0.028304657943035303,
      "acc_norm": 0.270042194092827,
      "acc_norm_stderr": 0.028900721906293426
    },
    "winogrande": {
      "acc": 0.5130228887134964,
      "acc_stderr": 0.014047718393997667
    },
    "hendrycksTest-high_school_mathematics": {
      "acc": 0.16666666666666666,
      "acc_stderr": 0.02272257846455052,
      "acc_norm": 0.22962962962962963,
      "acc_norm_stderr": 0.025644108639267645
    },
    "hendrycksTest-high_school_statistics": {
      "acc": 0.25925925925925924,
      "acc_stderr": 0.02988691054762697,
      "acc_norm": 0.27314814814814814,
      "acc_norm_stderr": 0.030388051301678116
    },
    "hendrycksTest-sociology": {
      "acc": 0.26865671641791045,
      "acc_stderr": 0.031343283582089536,
      "acc_norm": 0.23383084577114427,
      "acc_norm_stderr": 0.02992941540834839
    },
    "hendrycksTest-elementary_mathematics": {
      "acc": 0.25396825396825395,
      "acc_stderr": 0.022418042891113946,
      "acc_norm": 0.24338624338624337,
      "acc_norm_stderr": 0.022101128787415415
    },
    "hendrycksTest-formal_logic": {
      "acc": 0.2777777777777778,
      "acc_stderr": 0.04006168083848876,
      "acc_norm": 0.20634920634920634,
      "acc_norm_stderr": 0.03619604524124252
    },
    "lambada_openai": {
      "ppl": 144.87565723358736,
      "ppl_stderr": 6.142410389850906,
      "acc": 0.17581991073161266,
      "acc_stderr": 0.005303433892159967
    },
    "hendrycksTest-high_school_government_and_politics": {
      "acc": 0.24352331606217617,
      "acc_stderr": 0.030975436386845426,
      "acc_norm": 0.27979274611398963,
      "acc_norm_stderr": 0.03239637046735703
    },
    "hendrycksTest-college_medicine": {
      "acc": 0.23699421965317918,
      "acc_stderr": 0.03242414757483098,
      "acc_norm": 0.28901734104046245,
      "acc_norm_stderr": 0.03456425745087
    },
    "piqa": {
      "acc": 0.5968443960826986,
      "acc_stderr": 0.011444908701768742,
      "acc_norm": 0.5919477693144722,
      "acc_norm_stderr": 0.011466872778651256
    },
    "hendrycksTest-high_school_psychology": {
      "acc": 0.27889908256880735,
      "acc_stderr": 0.019227468876463514,
      "acc_norm": 0.27706422018348625,
      "acc_norm_stderr": 0.019188482590169538
    },
    "hendrycksTest-conceptual_physics": {
      "acc": 0.23829787234042554,
      "acc_stderr": 0.027851252973889754,
      "acc_norm": 0.19148936170212766,
      "acc_norm_stderr": 0.025722149992637812
    },
    "hendrycksTest-machine_learning": {
      "acc": 0.3125,
      "acc_stderr": 0.043994650575715215,
      "acc_norm": 0.2857142857142857,
      "acc_norm_stderr": 0.042878587513404544
    },
    "hendrycksTest-public_relations": {
      "acc": 0.2909090909090909,
      "acc_stderr": 0.04350271442923243,
      "acc_norm": 0.24545454545454545,
      "acc_norm_stderr": 0.041220665028782834
    },
    "hendrycksTest-prehistory": {
      "acc": 0.2623456790123457,
      "acc_stderr": 0.024477222856135114,
      "acc_norm": 0.2222222222222222,
      "acc_norm_stderr": 0.023132376234543346
    },
    "hendrycksTest-econometrics": {
      "acc": 0.2807017543859649,
      "acc_stderr": 0.042270544512322004,
      "acc_norm": 0.23684210526315788,
      "acc_norm_stderr": 0.03999423879281336
    },
    "hendrycksTest-philosophy": {
      "acc": 0.19614147909967847,
      "acc_stderr": 0.022552447780478033,
      "acc_norm": 0.2990353697749196,
      "acc_norm_stderr": 0.026003301117885128
    },
    "hendrycksTest-high_school_physics": {
      "acc": 0.17218543046357615,
      "acc_stderr": 0.030826136961962375,
      "acc_norm": 0.2119205298013245,
      "acc_norm_stderr": 0.03336767086567977
    },
    "arc_challenge": {
      "acc": 0.16467576791808874,
      "acc_stderr": 0.010838369209479233,
      "acc_norm": 0.20819112627986347,
      "acc_norm_stderr": 0.011864866118448064
    },
    "hendrycksTest-high_school_microeconomics": {
      "acc": 0.25210084033613445,
      "acc_stderr": 0.028205545033277726,
      "acc_norm": 0.3235294117647059,
      "acc_norm_stderr": 0.030388353551886838
    },
    "hendrycksTest-management": {
      "acc": 0.2621359223300971,
      "acc_stderr": 0.04354631077260594,
      "acc_norm": 0.27184466019417475,
      "acc_norm_stderr": 0.044052680241409216
    },
    "hendrycksTest-moral_scenarios": {
      "acc": 0.2435754189944134,
      "acc_stderr": 0.014355911964767867,
      "acc_norm": 0.25139664804469275,
      "acc_norm_stderr": 0.014508979453553988
    },
    "hendrycksTest-security_studies": {
      "acc": 0.3551020408163265,
      "acc_stderr": 0.030635655150387634,
      "acc_norm": 0.3020408163265306,
      "acc_norm_stderr": 0.029393609319879815
    },
    "hendrycksTest-global_facts": {
      "acc": 0.19,
      "acc_stderr": 0.03942772444036625,
      "acc_norm": 0.15,
      "acc_norm_stderr": 0.0358870281282637
    },
    "hendrycksTest-college_computer_science": {
      "acc": 0.23,
      "acc_stderr": 0.04229525846816506,
      "acc_norm": 0.25,
      "acc_norm_stderr": 0.04351941398892446
    },
    "hendrycksTest-high_school_geography": {
      "acc": 0.30303030303030304,
      "acc_stderr": 0.03274287914026866,
      "acc_norm": 0.3282828282828283,
      "acc_norm_stderr": 0.03345678422756777
    },
    "hendrycksTest-high_school_european_history": {
      "acc": 0.24848484848484848,
      "acc_stderr": 0.033744026441394036,
      "acc_norm": 0.34545454545454546,
      "acc_norm_stderr": 0.03713158067481912
    },
    "hendrycksTest-international_law": {
      "acc": 0.17355371900826447,
      "acc_stderr": 0.03457272836917671,
      "acc_norm": 0.4049586776859504,
      "acc_norm_stderr": 0.0448113775594247
    },
    "wsc": {
      "acc": 0.36538461538461536,
      "acc_stderr": 0.0474473339327792
    },
    "hendrycksTest-business_ethics": {
      "acc": 0.29,
      "acc_stderr": 0.045604802157206845,
      "acc_norm": 0.24,
      "acc_norm_stderr": 0.042923469599092816
    },
    "hendrycksTest-professional_psychology": {
      "acc": 0.2434640522875817,
      "acc_stderr": 0.01736247376214663,
      "acc_norm": 0.2581699346405229,
      "acc_norm_stderr": 0.017704531653250078
    },
    "hendrycksTest-human_aging": {
      "acc": 0.26905829596412556,
      "acc_stderr": 0.029763779406874972,
      "acc_norm": 0.23766816143497757,
      "acc_norm_stderr": 0.028568079464714263
    },
    "hendrycksTest-electrical_engineering": {
      "acc": 0.3103448275862069,
      "acc_stderr": 0.03855289616378948,
      "acc_norm": 0.2827586206896552,
      "acc_norm_stderr": 0.037528339580033376
    },
    "hendrycksTest-professional_law": {
      "acc": 0.24185136897001303,
      "acc_stderr": 0.01093655081382707,
      "acc_norm": 0.273142112125163,
      "acc_norm_stderr": 0.011380150567830417
    },
    "hendrycksTest-abstract_algebra": {
      "acc": 0.17,
      "acc_stderr": 0.03775251680686371,
      "acc_norm": 0.24,
      "acc_norm_stderr": 0.04292346959909284
    },
    "hendrycksTest-college_physics": {
      "acc": 0.24509803921568626,
      "acc_stderr": 0.042801058373643966,
      "acc_norm": 0.27450980392156865,
      "acc_norm_stderr": 0.044405219061793275
    },
    "hendrycksTest-marketing": {
      "acc": 0.25213675213675213,
      "acc_stderr": 0.02844796547623102,