{
  "results": {
    "hendrycksTest-business_ethics": {
      "acc": 0.39,
      "acc_stderr": 0.04902071300001974,
      "acc_norm": 0.37,
      "acc_norm_stderr": 0.04852365870939099
    },
    "hendrycksTest-college_chemistry": {
      "acc": 0.3,
      "acc_stderr": 0.046056618647183814,
      "acc_norm": 0.33,
      "acc_norm_stderr": 0.04725815626252605
    },
    "lambada_openai": {
      "ppl": 267.71896640683684,
      "ppl_stderr": 11.218155477322625,
      "acc": 0.1449640985833495,
      "acc_stderr": 0.004904948792028154
    },
    "hendrycksTest-professional_medicine": {
      "acc": 0.2977941176470588,
      "acc_stderr": 0.02777829870154544,
      "acc_norm": 0.29044117647058826,
      "acc_norm_stderr": 0.02757646862274052
    },
    "logiqa": {
      "acc": 0.22887864823348694,
      "acc_stderr": 0.01647810727631329,
      "acc_norm": 0.25499231950844853,
      "acc_norm_stderr": 0.01709571410527982
    },
    "hendrycksTest-logical_fallacies": {
      "acc": 0.2331288343558282,
      "acc_stderr": 0.033220157957767414,
      "acc_norm": 0.294478527607362,
      "acc_norm_stderr": 0.03581165790474082
    },
    "hendrycksTest-marketing": {
      "acc": 0.2264957264957265,
      "acc_stderr": 0.027421007295392926,
      "acc_norm": 0.2264957264957265,
      "acc_norm_stderr": 0.027421007295392933
    },
    "hendrycksTest-moral_scenarios": {
      "acc": 0.23687150837988827,
      "acc_stderr": 0.014219570788103991,
      "acc_norm": 0.2335195530726257,
      "acc_norm_stderr": 0.014149575348976276
    },
    "hendrycksTest-us_foreign_policy": {
      "acc": 0.21,
      "acc_stderr": 0.040936018074033256,
      "acc_norm": 0.28,
      "acc_norm_stderr": 0.04512608598542127
    },
    "hendrycksTest-professional_accounting": {
      "acc": 0.2978723404255319,
      "acc_stderr": 0.02728160834446941,
      "acc_norm": 0.25886524822695034,
      "acc_norm_stderr": 0.026129572527180848
    },
    "hendrycksTest-college_biology": {
      "acc": 0.2708333333333333,
      "acc_stderr": 0.037161774375660164,
      "acc_norm": 0.24305555555555555,
      "acc_norm_stderr": 0.03586879280080341
    },
    "hendrycksTest-high_school_world_history": {
      "acc": 0.21940928270042195,
      "acc_stderr": 0.026939106581553945,
      "acc_norm": 0.270042194092827,
      "acc_norm_stderr": 0.028900721906293426
    },
    "hendrycksTest-high_school_government_and_politics": {
      "acc": 0.23316062176165803,
      "acc_stderr": 0.030516111371476008,
      "acc_norm": 0.2538860103626943,
      "acc_norm_stderr": 0.03141024780565318
    },
    "hendrycksTest-high_school_macroeconomics": {
      "acc": 0.24871794871794872,
      "acc_stderr": 0.0219169577092138,
      "acc_norm": 0.29743589743589743,
      "acc_norm_stderr": 0.023177408131465946
    },
    "hendrycksTest-high_school_geography": {
      "acc": 0.2676767676767677,
      "acc_stderr": 0.031544498882702866,
      "acc_norm": 0.3181818181818182,
      "acc_norm_stderr": 0.03318477333845331
    },
    "hendrycksTest-public_relations": {
      "acc": 0.2818181818181818,
      "acc_stderr": 0.043091187099464606,
      "acc_norm": 0.21818181818181817,
      "acc_norm_stderr": 0.039559328617958335
    },
    "hendrycksTest-electrical_engineering": {
      "acc": 0.22758620689655173,
      "acc_stderr": 0.03493950380131184,
      "acc_norm": 0.2413793103448276,
      "acc_norm_stderr": 0.03565998174135302
    },
    "arc_challenge": {
      "acc": 0.1757679180887372,
      "acc_stderr": 0.011122850863120483,
      "acc_norm": 0.21245733788395904,
      "acc_norm_stderr": 0.011953482906582954
    },
    "hendrycksTest-high_school_european_history": {
      "acc": 0.21212121212121213,
      "acc_stderr": 0.031922715695483,
      "acc_norm": 0.3090909090909091,
      "acc_norm_stderr": 0.036085410115739666
    },
    "hendrycksTest-miscellaneous": {
      "acc": 0.2413793103448276,
      "acc_stderr": 0.015302380123542072,
      "acc_norm": 0.2388250319284802,
      "acc_norm_stderr": 0.015246803197398687
    },
    "winogrande": {
      "acc": 0.5272296764009471,
      "acc_stderr": 0.014031631629827696
    },
    "hendrycksTest-anatomy": {
      "acc": 0.2222222222222222,
      "acc_stderr": 0.035914440841969694,
      "acc_norm": 0.2518518518518518,
      "acc_norm_stderr": 0.037498507091740234
    },
    "hendrycksTest-virology": {
      "acc": 0.22289156626506024,
      "acc_stderr": 0.03240004825594686,
      "acc_norm": 0.22289156626506024,
      "acc_norm_stderr": 0.03240004825594688
    },
    "hendrycksTest-prehistory": {
      "acc": 0.24691358024691357,
      "acc_stderr": 0.023993501709042103,
      "acc_norm": 0.2037037037037037,
      "acc_norm_stderr": 0.02240967454730418
    },
    "hendrycksTest-philosophy": {
      "acc": 0.2540192926045016,
      "acc_stderr": 0.02472386150477169,
      "acc_norm": 0.3183279742765273,
      "acc_norm_stderr": 0.026457225067811025
    },
    "hendrycksTest-moral_disputes": {
      "acc": 0.23699421965317918,
      "acc_stderr": 0.02289408248992599,
      "acc_norm": 0.29190751445086704,
      "acc_norm_stderr": 0.024476994076247326
    },
    "hendrycksTest-college_computer_science": {
      "acc": 0.27,
      "acc_stderr": 0.0446196043338474,
      "acc_norm": 0.27,
      "acc_norm_stderr": 0.044619604333847394
    },
    "hendrycksTest-high_school_psychology": {
      "acc": 0.29908256880733947,
      "acc_stderr": 0.019630417285415175,
      "acc_norm": 0.27155963302752295,
      "acc_norm_stderr": 0.019069098363191445
    },
    "hendrycksTest-machine_learning": {
      "acc": 0.22321428571428573,
      "acc_stderr": 0.039523019677025116,
      "acc_norm": 0.14285714285714285,
      "acc_norm_stderr": 0.033213611069662655
    },
    "hendrycksTest-formal_logic": {
      "acc": 0.24603174603174602,
      "acc_stderr": 0.03852273364924316,
      "acc_norm": 0.2698412698412698,
      "acc_norm_stderr": 0.03970158273235172
    },
    "hendrycksTest-sociology": {
      "acc": 0.26865671641791045,
      "acc_stderr": 0.031343283582089536,
      "acc_norm": 0.29850746268656714,
      "acc_norm_stderr": 0.03235743789355043
    },
    "hendrycksTest-astronomy": {
      "acc": 0.23684210526315788,
      "acc_stderr": 0.03459777606810535,
      "acc_norm": 0.3684210526315789,
      "acc_norm_stderr": 0.039255233810529325
    },
    "sciq": {
      "acc": 0.67,
      "acc_stderr": 0.014876872027456736,
      "acc_norm": 0.658,
      "acc_norm_stderr": 0.01500870618212173
    },
    "hendrycksTest-conceptual_physics": {
      "acc": 0.251063829787234,
      "acc_stderr": 0.028346963777162452,
      "acc_norm": 0.225531914893617,
      "acc_norm_stderr": 0.027321078417387533
    },
    "hendrycksTest-security_studies": {
      "acc": 0.3795918367346939,
      "acc_stderr": 0.031067211262872475,
      "acc_norm": 0.27346938775510204,
      "acc_norm_stderr": 0.028535560337128438
    },
    "hendrycksTest-abstract_algebra": {
      "acc": 0.15,
      "acc_stderr": 0.0358870281282637,
      "acc_norm": 0.24,
      "acc_norm_stderr": 0.04292346959909283
    },
    "hendrycksTest-high_school_chemistry": {
      "acc": 0.21674876847290642,
      "acc_stderr": 0.028990331252516235,
      "acc_norm": 0.2413793103448276,
      "acc_norm_stderr": 0.030108330718011625
    },
    "hendrycksTest-econometrics": {
      "acc": 0.2894736842105263,
      "acc_stderr": 0.04266339443159394,
      "acc_norm": 0.2807017543859649,
      "acc_norm_stderr": 0.042270544512322004
    },
    "wsc": {
      "acc": 0.36538461538461536,
      "acc_stderr": 0.0474473339327792
    },
    "hendrycksTest-world_religions": {
      "acc": 0.2222222222222222,
      "acc_stderr": 0.03188578017686398,
      "acc_norm": 0.25146198830409355,
      "acc_norm_stderr": 0.033275044238468436
    },
    "hendrycksTest-international_law": {
      "acc": 0.1322314049586777,
      "acc_stderr": 0.03092278832044582,
      "acc_norm": 0.34710743801652894,
      "acc_norm_stderr": 0.04345724570292534
    },