{
  "results": {
    "hendrycksTest-econometrics": {
      "acc": 0.24561403508771928,
      "acc_stderr": 0.04049339297748142,
      "acc_norm": 0.24561403508771928,
      "acc_norm_stderr": 0.04049339297748142
    },
    "hendrycksTest-high_school_geography": {
      "acc": 0.3484848484848485,
      "acc_stderr": 0.033948539651564025,
      "acc_norm": 0.3333333333333333,
      "acc_norm_stderr": 0.03358618145732523
    },
    "hendrycksTest-miscellaneous": {
      "acc": 0.33205619412515963,
      "acc_stderr": 0.01684117465529572,
      "acc_norm": 0.3333333333333333,
      "acc_norm_stderr": 0.01685739124747255
    },
    "hendrycksTest-astronomy": {
      "acc": 0.2565789473684211,
      "acc_stderr": 0.0355418036802569,
      "acc_norm": 0.2631578947368421,
      "acc_norm_stderr": 0.03583496176361063
    },
    "hendrycksTest-college_biology": {
      "acc": 0.2986111111111111,
      "acc_stderr": 0.03827052357950756,
      "acc_norm": 0.2777777777777778,
      "acc_norm_stderr": 0.037455547914624576
    },
    "hendrycksTest-electrical_engineering": {
      "acc": 0.30344827586206896,
      "acc_stderr": 0.038312260488503336,
      "acc_norm": 0.3103448275862069,
      "acc_norm_stderr": 0.038552896163789464
    },
    "hendrycksTest-philosophy": {
      "acc": 0.2861736334405145,
      "acc_stderr": 0.02567025924218895,
      "acc_norm": 0.33440514469453375,
      "acc_norm_stderr": 0.02679542232789395
    },
    "hendrycksTest-high_school_world_history": {
      "acc": 0.25316455696202533,
      "acc_stderr": 0.0283046579430353,
      "acc_norm": 0.2869198312236287,
      "acc_norm_stderr": 0.029443773022594693
    },
    "hendrycksTest-logical_fallacies": {
      "acc": 0.2822085889570552,
      "acc_stderr": 0.03536117886664742,
      "acc_norm": 0.2883435582822086,
      "acc_norm_stderr": 0.035590395316173425
    },
    "hendrycksTest-international_law": {
      "acc": 0.2809917355371901,
      "acc_stderr": 0.04103203830514512,
      "acc_norm": 0.34710743801652894,
      "acc_norm_stderr": 0.043457245702925355
    },
    "hendrycksTest-prehistory": {
      "acc": 0.2716049382716049,
      "acc_stderr": 0.024748624490537375,
      "acc_norm": 0.2839506172839506,
      "acc_norm_stderr": 0.02508947852376513
    },
    "hendrycksTest-machine_learning": {
      "acc": 0.2767857142857143,
      "acc_stderr": 0.042466243366976256,
      "acc_norm": 0.23214285714285715,
      "acc_norm_stderr": 0.04007341809755805
    },
    "arc_challenge": {
      "acc": 0.35494880546075086,
      "acc_stderr": 0.013983036904094095,
      "acc_norm": 0.3924914675767918,
      "acc_norm_stderr": 0.014269634635670707
    },
    "hendrycksTest-public_relations": {
      "acc": 0.34545454545454546,
      "acc_stderr": 0.04554619617541054,
      "acc_norm": 0.3090909090909091,
      "acc_norm_stderr": 0.044262946482000985
    },
    "hendrycksTest-human_sexuality": {
      "acc": 0.3893129770992366,
      "acc_stderr": 0.04276486542814591,
      "acc_norm": 0.35877862595419846,
      "acc_norm_stderr": 0.04206739313864908
    },
    "piqa": {
      "acc": 0.7546245919477693,
      "acc_stderr": 0.010039831320422394,
      "acc_norm": 0.7693144722524483,
      "acc_norm_stderr": 0.009828959550983098
    },
    "hendrycksTest-high_school_government_and_politics": {
      "acc": 0.27461139896373055,
      "acc_stderr": 0.03221024508041156,
      "acc_norm": 0.3005181347150259,
      "acc_norm_stderr": 0.03308818594415751
    },
    "hendrycksTest-high_school_physics": {
      "acc": 0.32450331125827814,
      "acc_stderr": 0.03822746937658753,
      "acc_norm": 0.304635761589404,
      "acc_norm_stderr": 0.037579499229433426
    },
    "hendrycksTest-marketing": {
      "acc": 0.32051282051282054,
      "acc_stderr": 0.030572811310299607,
      "acc_norm": 0.3504273504273504,
      "acc_norm_stderr": 0.03125610824421881
    },
    "hendrycksTest-sociology": {
      "acc": 0.30845771144278605,
      "acc_stderr": 0.03265819588512697,
      "acc_norm": 0.31840796019900497,
      "acc_norm_stderr": 0.03294118479054096
    },
    "hendrycksTest-high_school_microeconomics": {
      "acc": 0.3067226890756303,
      "acc_stderr": 0.029953823891887048,
      "acc_norm": 0.35294117647058826,
      "acc_norm_stderr": 0.031041941304059278
    },
    "hendrycksTest-college_medicine": {
      "acc": 0.3872832369942196,
      "acc_stderr": 0.03714325906302065,
      "acc_norm": 0.37572254335260113,
      "acc_norm_stderr": 0.03692820767264867
    },
    "hendrycksTest-abstract_algebra": {
      "acc": 0.18,
      "acc_stderr": 0.03861229196653695,
      "acc_norm": 0.2,
      "acc_norm_stderr": 0.040201512610368445
    },
    "hendrycksTest-high_school_computer_science": {
      "acc": 0.31,
      "acc_stderr": 0.04648231987117316,
      "acc_norm": 0.28,
      "acc_norm_stderr": 0.04512608598542128
    },
    "hendrycksTest-jurisprudence": {
      "acc": 0.3425925925925926,
      "acc_stderr": 0.045879047413018105,
      "acc_norm": 0.3055555555555556,
      "acc_norm_stderr": 0.044531975073749834
    },
    "hendrycksTest-anatomy": {
      "acc": 0.22962962962962963,
      "acc_stderr": 0.03633384414073462,
      "acc_norm": 0.2222222222222222,
      "acc_norm_stderr": 0.035914440841969694
    },
    "hendrycksTest-college_computer_science": {
      "acc": 0.37,
      "acc_stderr": 0.048523658709391,
      "acc_norm": 0.35,
      "acc_norm_stderr": 0.047937248544110196
    },
    "lambada_openai": {
      "ppl": 5.106129647464803,
      "ppl_stderr": 0.11690374223258095,
      "acc": 0.6458373762856588,
      "acc_stderr": 0.006663079937558081
    },
    "hendrycksTest-us_foreign_policy": {
      "acc": 0.3,
      "acc_stderr": 0.046056618647183814,
      "acc_norm": 0.36,
      "acc_norm_stderr": 0.04824181513244218
    },
    "logiqa": {
      "acc": 0.24731182795698925,
      "acc_stderr": 0.016922842446712393,
      "acc_norm": 0.25806451612903225,
      "acc_norm_stderr": 0.017162894755127063
    },
    "hendrycksTest-formal_logic": {
      "acc": 0.3253968253968254,
      "acc_stderr": 0.041905964388711366,
      "acc_norm": 0.29365079365079366,
      "acc_norm_stderr": 0.040735243221471255
    },
    "hendrycksTest-security_studies": {
      "acc": 0.27346938775510204,
      "acc_stderr": 0.028535560337128448,
      "acc_norm": 0.22857142857142856,
      "acc_norm_stderr": 0.02688214492230774
    },
    "hendrycksTest-professional_accounting": {
      "acc": 0.29432624113475175,
      "acc_stderr": 0.0271871270115038,
      "acc_norm": 0.29432624113475175,
      "acc_norm_stderr": 0.02718712701150379
    },
    "hendrycksTest-medical_genetics": {
      "acc": 0.38,
      "acc_stderr": 0.048783173121456316,
      "acc_norm": 0.41,
      "acc_norm_stderr": 0.049431107042371025
    },
    "hendrycksTest-management": {
      "acc": 0.32038834951456313,
      "acc_stderr": 0.0462028408228004,
      "acc_norm": 0.36893203883495146,
      "acc_norm_stderr": 0.04777615181156739
    },
    "wsc": {
      "acc": 0.36538461538461536,
      "acc_stderr": 0.0474473339327792
    },
    "hendrycksTest-high_school_chemistry": {
      "acc": 0.26108374384236455,
      "acc_stderr": 0.030903796952114482,
      "acc_norm": 0.3497536945812808,
      "acc_norm_stderr": 0.03355400904969565
    },
    "hendrycksTest-elementary_mathematics": {
      "acc": 0.3201058201058201,
      "acc_stderr": 0.024026846392873502,
      "acc_norm": 0.30158730158730157,
      "acc_norm_stderr": 0.02363697599610179
    },
    "hendrycksTest-high_school_biology": {
      "acc": 0.2967741935483871,
      "acc_stderr": 0.025988500792411894,
      "acc_norm": 0.31290322580645163,
      "acc_norm_stderr": 0.026377567028645858
    },
    "hendrycksTest-high_school_psychology": {
      "acc": 0.3394495412844037,
      "acc_stderr": 0.02030210934266234,
      "acc_norm": 0.3339449541284404,
      "acc_norm_stderr": 0.020220554196736407
    },
    "hendrycksTest-global_facts": {
      "acc": 0.27,