{
  "results": {
    "hendrycksTest-anatomy": {
      "acc": 0.1925925925925926,
      "acc_stderr": 0.03406542058502651,
      "acc_norm": 0.18518518518518517,
      "acc_norm_stderr": 0.0335567721631314
    },
    "hendrycksTest-clinical_knowledge": {
      "acc": 0.2679245283018868,
      "acc_stderr": 0.027257260322494845,
      "acc_norm": 0.30943396226415093,
      "acc_norm_stderr": 0.028450154794118627
    },
    "hendrycksTest-computer_security": {
      "acc": 0.3,
      "acc_stderr": 0.046056618647183814,
      "acc_norm": 0.31,
      "acc_norm_stderr": 0.046482319871173156
    },
    "hendrycksTest-logical_fallacies": {
      "acc": 0.22699386503067484,
      "acc_stderr": 0.0329109957861577,
      "acc_norm": 0.26380368098159507,
      "acc_norm_stderr": 0.03462419931615624
    },
    "hendrycksTest-sociology": {
      "acc": 0.26865671641791045,
      "acc_stderr": 0.031343283582089536,
      "acc_norm": 0.27860696517412936,
      "acc_norm_stderr": 0.031700561834973086
    },
    "hendrycksTest-college_chemistry": {
      "acc": 0.27,
      "acc_stderr": 0.0446196043338474,
      "acc_norm": 0.29,
      "acc_norm_stderr": 0.04560480215720684
    },
    "hendrycksTest-high_school_us_history": {
      "acc": 0.2647058823529412,
      "acc_stderr": 0.0309645179269234,
      "acc_norm": 0.2549019607843137,
      "acc_norm_stderr": 0.030587591351604236
    },
    "sciq": {
      "acc": 0.897,
      "acc_stderr": 0.009616833339695789,
      "acc_norm": 0.883,
      "acc_norm_stderr": 0.010169287802713329
    },
    "wsc": {
      "acc": 0.36538461538461536,
      "acc_stderr": 0.0474473339327792
    },
    "arc_challenge": {
      "acc": 0.21928327645051193,
      "acc_stderr": 0.012091245787615725,
      "acc_norm": 0.2619453924914676,
      "acc_norm_stderr": 0.012849054826858112
    },
    "hendrycksTest-jurisprudence": {
      "acc": 0.3055555555555556,
      "acc_stderr": 0.04453197507374983,
      "acc_norm": 0.3425925925925926,
      "acc_norm_stderr": 0.045879047413018084
    },
    "hendrycksTest-high_school_biology": {
      "acc": 0.24516129032258063,
      "acc_stderr": 0.024472243840895535,
      "acc_norm": 0.2645161290322581,
      "acc_norm_stderr": 0.025091892378859275
    },
    "hendrycksTest-abstract_algebra": {
      "acc": 0.21,
      "acc_stderr": 0.040936018074033256,
      "acc_norm": 0.24,
      "acc_norm_stderr": 0.042923469599092816
    },
    "hendrycksTest-human_aging": {
      "acc": 0.3004484304932735,
      "acc_stderr": 0.03076935200822914,
      "acc_norm": 0.29596412556053814,
      "acc_norm_stderr": 0.030636591348699813
    },
    "hendrycksTest-college_physics": {
      "acc": 0.20588235294117646,
      "acc_stderr": 0.04023382273617746,
      "acc_norm": 0.23529411764705882,
      "acc_norm_stderr": 0.042207736591714534
    },
    "arc_easy": {
      "acc": 0.563973063973064,
      "acc_stderr": 0.010175459582759743,
      "acc_norm": 0.54503367003367,
      "acc_norm_stderr": 0.010218084454602594
    },
    "hendrycksTest-prehistory": {
      "acc": 0.24382716049382716,
      "acc_stderr": 0.023891879541959607,
      "acc_norm": 0.22839506172839505,
      "acc_norm_stderr": 0.023358211840626267
    },
    "hendrycksTest-high_school_computer_science": {
      "acc": 0.2,
      "acc_stderr": 0.04020151261036843,
      "acc_norm": 0.23,
      "acc_norm_stderr": 0.04229525846816505
    },
    "hendrycksTest-high_school_macroeconomics": {
      "acc": 0.23333333333333334,
      "acc_stderr": 0.021444547301560483,
      "acc_norm": 0.26153846153846155,
      "acc_norm_stderr": 0.022282141204204423
    },
    "hendrycksTest-professional_accounting": {
      "acc": 0.2978723404255319,
      "acc_stderr": 0.027281608344469414,
      "acc_norm": 0.29432624113475175,
      "acc_norm_stderr": 0.027187127011503786
    },
    "hendrycksTest-global_facts": {
      "acc": 0.21,
      "acc_stderr": 0.040936018074033256,
      "acc_norm": 0.2,
      "acc_norm_stderr": 0.04020151261036846
    },
    "hendrycksTest-international_law": {
      "acc": 0.2644628099173554,
      "acc_stderr": 0.04026187527591204,
      "acc_norm": 0.371900826446281,
      "acc_norm_stderr": 0.04412015806624503
    },
    "hendrycksTest-college_biology": {
      "acc": 0.2638888888888889,
      "acc_stderr": 0.03685651095897532,
      "acc_norm": 0.2152777777777778,
      "acc_norm_stderr": 0.03437079344106135
    },
    "hendrycksTest-elementary_mathematics": {
      "acc": 0.24867724867724866,
      "acc_stderr": 0.022261817692400168,
      "acc_norm": 0.25925925925925924,
      "acc_norm_stderr": 0.022569897074918403
    },
    "hendrycksTest-college_mathematics": {
      "acc": 0.23,
      "acc_stderr": 0.042295258468165044,
      "acc_norm": 0.27,
      "acc_norm_stderr": 0.0446196043338474
    },
    "hendrycksTest-high_school_world_history": {
      "acc": 0.23628691983122363,
      "acc_stderr": 0.027652153144159277,
      "acc_norm": 0.2489451476793249,
      "acc_norm_stderr": 0.028146970599422644
    },
    "hendrycksTest-high_school_mathematics": {
      "acc": 0.27037037037037037,
      "acc_stderr": 0.027080372815145668,
      "acc_norm": 0.2740740740740741,
      "acc_norm_stderr": 0.027195934804085622
    },
    "hendrycksTest-philosophy": {
      "acc": 0.2572347266881029,
      "acc_stderr": 0.024826171289250888,
      "acc_norm": 0.2829581993569132,
      "acc_norm_stderr": 0.025583062489984824
    },
    "hendrycksTest-professional_psychology": {
      "acc": 0.2679738562091503,
      "acc_stderr": 0.017917974069594726,
      "acc_norm": 0.2549019607843137,
      "acc_norm_stderr": 0.017630827375148383
    },
    "lambada_openai": {
      "ppl": 12.819975405561864,
      "ppl_stderr": 0.3697770826663661,
      "acc": 0.4511934795264894,
      "acc_stderr": 0.006932711241852051
    },
    "hendrycksTest-moral_disputes": {
      "acc": 0.27167630057803466,
      "acc_stderr": 0.023948512905468365,
      "acc_norm": 0.3063583815028902,
      "acc_norm_stderr": 0.02481835012943658
    },
    "hendrycksTest-high_school_geography": {
      "acc": 0.21212121212121213,
      "acc_stderr": 0.029126522834586815,
      "acc_norm": 0.23232323232323232,
      "acc_norm_stderr": 0.030088629490217487
    },
    "hendrycksTest-management": {
      "acc": 0.24271844660194175,
      "acc_stderr": 0.04245022486384495,
      "acc_norm": 0.22330097087378642,
      "acc_norm_stderr": 0.04123553189891431
    },
    "hendrycksTest-nutrition": {
      "acc": 0.25163398692810457,
      "acc_stderr": 0.024848018263875195,
      "acc_norm": 0.2973856209150327,
      "acc_norm_stderr": 0.02617390850671858
    },
    "hendrycksTest-moral_scenarios": {
      "acc": 0.2335195530726257,
      "acc_stderr": 0.01414957534897628,
      "acc_norm": 0.23798882681564246,
      "acc_norm_stderr": 0.014242630070574901
    },
    "hendrycksTest-high_school_microeconomics": {
      "acc": 0.23949579831932774,
      "acc_stderr": 0.027722065493361262,
      "acc_norm": 0.29831932773109243,
      "acc_norm_stderr": 0.029719142876342863
    },
    "hendrycksTest-professional_medicine": {
      "acc": 0.22058823529411764,
      "acc_stderr": 0.025187786660227272,
      "acc_norm": 0.22058823529411764,
      "acc_norm_stderr": 0.025187786660227272
    },
    "hendrycksTest-security_studies": {
      "acc": 0.24489795918367346,
      "acc_stderr": 0.027529637440174927,
      "acc_norm": 0.22857142857142856,
      "acc_norm_stderr": 0.02688214492230774
    },
    "hendrycksTest-astronomy": {
      "acc": 0.18421052631578946,
      "acc_stderr": 0.0315469804508223,
      "acc_norm": 0.19078947368421054,
      "acc_norm_stderr": 0.031975658210324984
    },
    "hendrycksTest-electrical_engineering": {
      "acc": 0.2413793103448276,
      "acc_stderr": 0.03565998174135302,
      "acc_norm": 0.25517241379310346,
      "acc_norm_stderr": 0.03632984052707842
    },
    "piqa": {
      "acc": 0.6958650707290533,
      "acc_stderr": 0.010733493335721322,