{
  "results": {
    "wsc": {
      "acc": 0.36538461538461536,
      "acc_stderr": 0.0474473339327792
    },
    "hendrycksTest-high_school_statistics": {
      "acc": 0.2824074074074074,
      "acc_stderr": 0.030701372111510937,
      "acc_norm": 0.2962962962962963,
      "acc_norm_stderr": 0.03114144782353603
    },
    "hendrycksTest-human_sexuality": {
      "acc": 0.366412213740458,
      "acc_stderr": 0.04225875451969638,
      "acc_norm": 0.3282442748091603,
      "acc_norm_stderr": 0.04118438565806298
    },
    "hendrycksTest-anatomy": {
      "acc": 0.3333333333333333,
      "acc_stderr": 0.04072314811876837,
      "acc_norm": 0.2962962962962963,
      "acc_norm_stderr": 0.03944624162501116
    },
    "hendrycksTest-marketing": {
      "acc": 0.358974358974359,
      "acc_stderr": 0.03142616993791923,
      "acc_norm": 0.3504273504273504,
      "acc_norm_stderr": 0.03125610824421881
    },
    "hendrycksTest-high_school_government_and_politics": {
      "acc": 0.2694300518134715,
      "acc_stderr": 0.03201867122877794,
      "acc_norm": 0.27461139896373055,
      "acc_norm_stderr": 0.03221024508041156
    },
    "hendrycksTest-college_computer_science": {
      "acc": 0.32,
      "acc_stderr": 0.046882617226215034,
      "acc_norm": 0.33,
      "acc_norm_stderr": 0.047258156262526045
    },
    "hendrycksTest-jurisprudence": {
      "acc": 0.2962962962962963,
      "acc_stderr": 0.04414343666854933,
      "acc_norm": 0.39814814814814814,
      "acc_norm_stderr": 0.04732332615978815
    },
    "hendrycksTest-professional_medicine": {
      "acc": 0.3382352941176471,
      "acc_stderr": 0.028739328513983576,
      "acc_norm": 0.3272058823529412,
      "acc_norm_stderr": 0.02850145286039656
    },
    "hendrycksTest-miscellaneous": {
      "acc": 0.28735632183908044,
      "acc_stderr": 0.0161824107306827,
      "acc_norm": 0.2950191570881226,
      "acc_norm_stderr": 0.01630836377293272
    },
    "hendrycksTest-world_religions": {
      "acc": 0.34502923976608185,
      "acc_stderr": 0.03645981377388807,
      "acc_norm": 0.38011695906432746,
      "acc_norm_stderr": 0.037229657413855394
    },
    "hendrycksTest-high_school_mathematics": {
      "acc": 0.2740740740740741,
      "acc_stderr": 0.027195934804085622,
      "acc_norm": 0.3111111111111111,
      "acc_norm_stderr": 0.028226446749683515
    },
    "hendrycksTest-sociology": {
      "acc": 0.2537313432835821,
      "acc_stderr": 0.030769444967296014,
      "acc_norm": 0.2537313432835821,
      "acc_norm_stderr": 0.030769444967296018
    },
    "hendrycksTest-moral_scenarios": {
      "acc": 0.26145251396648045,
      "acc_stderr": 0.014696599650364553,
      "acc_norm": 0.2659217877094972,
      "acc_norm_stderr": 0.014776765066438892
    },
    "hendrycksTest-high_school_macroeconomics": {
      "acc": 0.24358974358974358,
      "acc_stderr": 0.02176373368417391,
      "acc_norm": 0.26153846153846155,
      "acc_norm_stderr": 0.022282141204204426
    },
    "hendrycksTest-professional_psychology": {
      "acc": 0.28431372549019607,
      "acc_stderr": 0.018249024411207657,
      "acc_norm": 0.2973856209150327,
      "acc_norm_stderr": 0.01849259653639695
    },
    "sciq": {
      "acc": 0.942,
      "acc_stderr": 0.007395315455792961,
      "acc_norm": 0.952,
      "acc_norm_stderr": 0.006763264133666681
    },
    "logiqa": {
      "acc": 0.250384024577573,
      "acc_stderr": 0.016992843055190023,
      "acc_norm": 0.29493087557603687,
      "acc_norm_stderr": 0.017886249734104378
    },
    "hendrycksTest-abstract_algebra": {
      "acc": 0.19,
      "acc_stderr": 0.039427724440366234,
      "acc_norm": 0.27,
      "acc_norm_stderr": 0.044619604333847394
    },
    "hendrycksTest-high_school_computer_science": {
      "acc": 0.23,
      "acc_stderr": 0.04229525846816505,
      "acc_norm": 0.3,
      "acc_norm_stderr": 0.046056618647183814
    },
    "hendrycksTest-logical_fallacies": {
      "acc": 0.25153374233128833,
      "acc_stderr": 0.03408997886857529,
      "acc_norm": 0.25153374233128833,
      "acc_norm_stderr": 0.03408997886857529
    },
    "hendrycksTest-college_physics": {
      "acc": 0.23529411764705882,
      "acc_stderr": 0.04220773659171452,
      "acc_norm": 0.28431372549019607,
      "acc_norm_stderr": 0.04488482852329017
    },
    "lambada_openai": {
      "ppl": 5.798560680725537,
      "ppl_stderr": 0.13906136231748784,
      "acc": 0.6188627983698817,
      "acc_stderr": 0.006766279471108967
    },
    "hendrycksTest-global_facts": {
      "acc": 0.25,
      "acc_stderr": 0.04351941398892446,
      "acc_norm": 0.26,
      "acc_norm_stderr": 0.04408440022768078
    },
    "arc_easy": {
      "acc": 0.6851851851851852,
      "acc_stderr": 0.009530150430975605,
      "acc_norm": 0.6893939393939394,
      "acc_norm_stderr": 0.009495260551195608
    },
    "hendrycksTest-high_school_us_history": {
      "acc": 0.27450980392156865,
      "acc_stderr": 0.03132179803083291,
      "acc_norm": 0.2696078431372549,
      "acc_norm_stderr": 0.03114557065948678
    },
    "hendrycksTest-nutrition": {
      "acc": 0.2973856209150327,
      "acc_stderr": 0.02617390850671858,
      "acc_norm": 0.3790849673202614,
      "acc_norm_stderr": 0.02778014120702333
    },
    "hendrycksTest-us_foreign_policy": {
      "acc": 0.29,
      "acc_stderr": 0.045604802157206845,
      "acc_norm": 0.32,
      "acc_norm_stderr": 0.04688261722621504
    },
    "hendrycksTest-medical_genetics": {
      "acc": 0.26,
      "acc_stderr": 0.04408440022768079,
      "acc_norm": 0.31,
      "acc_norm_stderr": 0.04648231987117316
    },
    "hendrycksTest-philosophy": {
      "acc": 0.29260450160771706,
      "acc_stderr": 0.02583989833487798,
      "acc_norm": 0.2765273311897106,
      "acc_norm_stderr": 0.025403832978179608
    },
    "hendrycksTest-astronomy": {
      "acc": 0.28289473684210525,
      "acc_stderr": 0.03665349695640767,
      "acc_norm": 0.3092105263157895,
      "acc_norm_stderr": 0.037610708698674805
    },
    "hendrycksTest-college_mathematics": {
      "acc": 0.2,
      "acc_stderr": 0.040201512610368445,
      "acc_norm": 0.26,
      "acc_norm_stderr": 0.04408440022768079
    },
    "hendrycksTest-machine_learning": {
      "acc": 0.20535714285714285,
      "acc_stderr": 0.03834241021419073,
      "acc_norm": 0.19642857142857142,
      "acc_norm_stderr": 0.03770970049347018
    },
    "hendrycksTest-college_medicine": {
      "acc": 0.2658959537572254,
      "acc_stderr": 0.033687629322594295,
      "acc_norm": 0.27167630057803466,
      "acc_norm_stderr": 0.033917503223216613
    },
    "hendrycksTest-econometrics": {
      "acc": 0.2719298245614035,
      "acc_stderr": 0.04185774424022056,
      "acc_norm": 0.2894736842105263,
      "acc_norm_stderr": 0.04266339443159394
    },
    "hendrycksTest-high_school_biology": {
      "acc": 0.27741935483870966,
      "acc_stderr": 0.025470196835900055,
      "acc_norm": 0.2870967741935484,
      "acc_norm_stderr": 0.025736542745594528
    },
    "hendrycksTest-high_school_european_history": {
      "acc": 0.2909090909090909,
      "acc_stderr": 0.03546563019624335,
      "acc_norm": 0.3212121212121212,
      "acc_norm_stderr": 0.03646204963253813
    },
    "hendrycksTest-international_law": {
      "acc": 0.32231404958677684,
      "acc_stderr": 0.04266416363352167,
      "acc_norm": 0.39669421487603307,
      "acc_norm_stderr": 0.044658697805310094
    },
    "piqa": {
      "acc": 0.7480957562568009,
      "acc_stderr": 0.010128421335088683,
      "acc_norm": 0.7546245919477693,
      "acc_norm_stderr": 0.010039831320422387
    },
    "hendrycksTest-formal_logic": {
      "acc": 0.31746031746031744,
      "acc_stderr": 0.04163453031302859,
      "acc_norm": 0.30952380952380953,
      "acc_norm_stderr": 0.041349130183033156
    },
    "hendrycksTest-professional_accounting": {
      "acc": 0.24468085106382978,
      "acc_stderr": 0.025645553622266736,
      "acc_norm": 0.23404255319148937,