{
  "results": {
    "hendrycksTest-high_school_us_history": {
      "acc": 0.29411764705882354,
      "acc_stderr": 0.031980016601150726,
      "acc_norm": 0.28431372549019607,
      "acc_norm_stderr": 0.03166009679399813
    },
    "hendrycksTest-college_medicine": {
      "acc": 0.21965317919075145,
      "acc_stderr": 0.031568093627031744,
      "acc_norm": 0.24277456647398843,
      "acc_norm_stderr": 0.0326926380614177
    },
    "hendrycksTest-jurisprudence": {
      "acc": 0.2777777777777778,
      "acc_stderr": 0.04330043749650741,
      "acc_norm": 0.3333333333333333,
      "acc_norm_stderr": 0.04557239513497752
    },
    "hendrycksTest-sociology": {
      "acc": 0.26865671641791045,
      "acc_stderr": 0.03134328358208954,
      "acc_norm": 0.2736318407960199,
      "acc_norm_stderr": 0.03152439186555401
    },
    "hendrycksTest-moral_scenarios": {
      "acc": 0.23128491620111732,
      "acc_stderr": 0.01410222362315257,
      "acc_norm": 0.23016759776536314,
      "acc_norm_stderr": 0.014078339253425803
    },
    "hendrycksTest-computer_security": {
      "acc": 0.32,
      "acc_stderr": 0.046882617226215034,
      "acc_norm": 0.39,
      "acc_norm_stderr": 0.04902071300001975
    },
    "lambada_openai": {
      "ppl": 16.419993544564868,
      "ppl_stderr": 0.5160118676201979,
      "acc": 0.4261595187269552,
      "acc_stderr": 0.0068895960716536305
    },
    "hendrycksTest-college_chemistry": {
      "acc": 0.27,
      "acc_stderr": 0.04461960433384739,
      "acc_norm": 0.3,
      "acc_norm_stderr": 0.046056618647183814
    },
    "hendrycksTest-elementary_mathematics": {
      "acc": 0.2275132275132275,
      "acc_stderr": 0.021591269407823795,
      "acc_norm": 0.2275132275132275,
      "acc_norm_stderr": 0.021591269407823792
    },
    "hendrycksTest-high_school_macroeconomics": {
      "acc": 0.2358974358974359,
      "acc_stderr": 0.021525965407408726,
      "acc_norm": 0.2512820512820513,
      "acc_norm_stderr": 0.021992016662370547
    },
    "hendrycksTest-business_ethics": {
      "acc": 0.31,
      "acc_stderr": 0.04648231987117316,
      "acc_norm": 0.32,
      "acc_norm_stderr": 0.04688261722621504
    },
    "hendrycksTest-high_school_world_history": {
      "acc": 0.24472573839662448,
      "acc_stderr": 0.027985699387036416,
      "acc_norm": 0.2616033755274262,
      "acc_norm_stderr": 0.028609516716994934
    },
    "hendrycksTest-international_law": {
      "acc": 0.2066115702479339,
      "acc_stderr": 0.03695980128098824,
      "acc_norm": 0.34710743801652894,
      "acc_norm_stderr": 0.04345724570292535
    },
    "sciq": {
      "acc": 0.874,
      "acc_stderr": 0.010499249222408046,
      "acc_norm": 0.871,
      "acc_norm_stderr": 0.010605256784796584
    },
    "hendrycksTest-college_mathematics": {
      "acc": 0.26,
      "acc_stderr": 0.04408440022768079,
      "acc_norm": 0.27,
      "acc_norm_stderr": 0.044619604333847394
    },
    "hendrycksTest-abstract_algebra": {
      "acc": 0.15,
      "acc_stderr": 0.035887028128263686,
      "acc_norm": 0.17,
      "acc_norm_stderr": 0.03775251680686371
    },
    "hendrycksTest-high_school_statistics": {
      "acc": 0.21296296296296297,
      "acc_stderr": 0.02792096314799366,
      "acc_norm": 0.2638888888888889,
      "acc_norm_stderr": 0.030058202704309846
    },
    "hendrycksTest-formal_logic": {
      "acc": 0.2857142857142857,
      "acc_stderr": 0.04040610178208841,
      "acc_norm": 0.2619047619047619,
      "acc_norm_stderr": 0.03932537680392869
    },
    "hendrycksTest-high_school_psychology": {
      "acc": 0.20917431192660552,
      "acc_stderr": 0.017437937173343233,
      "acc_norm": 0.1981651376146789,
      "acc_norm_stderr": 0.01709057380421789
    },
    "hendrycksTest-conceptual_physics": {
      "acc": 0.2553191489361702,
      "acc_stderr": 0.028504856470514206,
      "acc_norm": 0.22127659574468084,
      "acc_norm_stderr": 0.02713634960242406
    },
    "hendrycksTest-security_studies": {
      "acc": 0.24897959183673468,
      "acc_stderr": 0.027682979522960238,
      "acc_norm": 0.24489795918367346,
      "acc_norm_stderr": 0.027529637440174917
    },
    "hendrycksTest-college_biology": {
      "acc": 0.2569444444444444,
      "acc_stderr": 0.03653946969442099,
      "acc_norm": 0.2569444444444444,
      "acc_norm_stderr": 0.03653946969442099
    },
    "hendrycksTest-public_relations": {
      "acc": 0.23636363636363636,
      "acc_stderr": 0.04069306319721378,
      "acc_norm": 0.21818181818181817,
      "acc_norm_stderr": 0.03955932861795833
    },
    "hendrycksTest-anatomy": {
      "acc": 0.24444444444444444,
      "acc_stderr": 0.03712537833614866,
      "acc_norm": 0.24444444444444444,
      "acc_norm_stderr": 0.03712537833614866
    },
    "hendrycksTest-nutrition": {
      "acc": 0.27124183006535946,
      "acc_stderr": 0.02545775669666786,
      "acc_norm": 0.3137254901960784,
      "acc_norm_stderr": 0.026568921015457152
    },
    "hendrycksTest-machine_learning": {
      "acc": 0.22321428571428573,
      "acc_stderr": 0.039523019677025116,
      "acc_norm": 0.21428571428571427,
      "acc_norm_stderr": 0.03894641120044793
    },
    "hendrycksTest-world_religions": {
      "acc": 0.3216374269005848,
      "acc_stderr": 0.03582529442573122,
      "acc_norm": 0.3157894736842105,
      "acc_norm_stderr": 0.035650796707083106
    },
    "hendrycksTest-high_school_computer_science": {
      "acc": 0.23,
      "acc_stderr": 0.04229525846816505,
      "acc_norm": 0.32,
      "acc_norm_stderr": 0.046882617226215034
    },
    "hendrycksTest-logical_fallacies": {
      "acc": 0.2147239263803681,
      "acc_stderr": 0.03226219377286774,
      "acc_norm": 0.26380368098159507,
      "acc_norm_stderr": 0.03462419931615623
    },
    "hendrycksTest-human_aging": {
      "acc": 0.3094170403587444,
      "acc_stderr": 0.03102441174057221,
      "acc_norm": 0.32286995515695066,
      "acc_norm_stderr": 0.03138147637575498
    },
    "hendrycksTest-college_computer_science": {
      "acc": 0.29,
      "acc_stderr": 0.045604802157206845,
      "acc_norm": 0.26,
      "acc_norm_stderr": 0.044084400227680794
    },
    "hendrycksTest-astronomy": {
      "acc": 0.20394736842105263,
      "acc_stderr": 0.032790004063100515,
      "acc_norm": 0.27631578947368424,
      "acc_norm_stderr": 0.03639057569952925
    },
    "piqa": {
      "acc": 0.6556039173014145,
      "acc_stderr": 0.011086521237125621,
      "acc_norm": 0.6659412404787813,
      "acc_norm_stderr": 0.011004613886336735
    },
    "hendrycksTest-high_school_mathematics": {
      "acc": 0.24074074074074073,
      "acc_stderr": 0.02606715922227579,
      "acc_norm": 0.26666666666666666,
      "acc_norm_stderr": 0.02696242432507382
    },
    "hendrycksTest-professional_law": {
      "acc": 0.2529335071707953,
      "acc_stderr": 0.01110226871383999,
      "acc_norm": 0.27509778357235987,
      "acc_norm_stderr": 0.011405443620996925
    },
    "hendrycksTest-econometrics": {
      "acc": 0.21929824561403508,
      "acc_stderr": 0.03892431106518754,
      "acc_norm": 0.23684210526315788,
      "acc_norm_stderr": 0.03999423879281336
    },
    "hendrycksTest-high_school_microeconomics": {
      "acc": 0.19747899159663865,
      "acc_stderr": 0.025859164122051463,
      "acc_norm": 0.25630252100840334,
      "acc_norm_stderr": 0.02835962087053395
    },
    "hendrycksTest-high_school_european_history": {
      "acc": 0.24848484848484848,
      "acc_stderr": 0.03374402644139404,
      "acc_norm": 0.26666666666666666,
      "acc_norm_stderr": 0.034531318018854146
    },
    "hendrycksTest-medical_genetics": {
      "acc": 0.33,
      "acc_stderr": 0.04725815626252604,
      "acc_norm": 0.36,
      "acc_norm_stderr": 0.048241815132442176
    },
    "hendrycksTest-us_foreign_policy": {
      "acc": 0.29,
      "acc_stderr": 0.04560480215720684,
      "acc_norm": 0.29,
      "acc_norm_stderr": 0.045604802157206845
    },