{
  "results": {
    "wsc": {
      "acc": 0.36538461538461536,
      "acc_stderr": 0.0474473339327792
    },
    "hendrycksTest-public_relations": {
      "acc": 0.2545454545454545,
      "acc_stderr": 0.041723430387053825,
      "acc_norm": 0.2,
      "acc_norm_stderr": 0.03831305140884603
    },
    "hendrycksTest-management": {
      "acc": 0.23300970873786409,
      "acc_stderr": 0.04185832598928315,
      "acc_norm": 0.2815533980582524,
      "acc_norm_stderr": 0.04453254836326467
    },
    "hendrycksTest-moral_disputes": {
      "acc": 0.2658959537572254,
      "acc_stderr": 0.023786203255508277,
      "acc_norm": 0.3063583815028902,
      "acc_norm_stderr": 0.024818350129436593
    },
    "hendrycksTest-moral_scenarios": {
      "acc": 0.24581005586592178,
      "acc_stderr": 0.01440029642922562,
      "acc_norm": 0.2435754189944134,
      "acc_norm_stderr": 0.014355911964767867
    },
    "hendrycksTest-college_medicine": {
      "acc": 0.23699421965317918,
      "acc_stderr": 0.03242414757483098,
      "acc_norm": 0.27167630057803466,
      "acc_norm_stderr": 0.0339175032232166
    },
    "hendrycksTest-college_physics": {
      "acc": 0.22549019607843138,
      "acc_stderr": 0.041583075330832865,
      "acc_norm": 0.28431372549019607,
      "acc_norm_stderr": 0.04488482852329017
    },
    "hendrycksTest-high_school_biology": {
      "acc": 0.24516129032258063,
      "acc_stderr": 0.02447224384089552,
      "acc_norm": 0.3032258064516129,
      "acc_norm_stderr": 0.02614868593067174
    },
    "hendrycksTest-anatomy": {
      "acc": 0.1925925925925926,
      "acc_stderr": 0.03406542058502651,
      "acc_norm": 0.23703703703703705,
      "acc_norm_stderr": 0.03673731683969506
    },
    "hendrycksTest-miscellaneous": {
      "acc": 0.2388250319284802,
      "acc_stderr": 0.015246803197398693,
      "acc_norm": 0.25287356321839083,
      "acc_norm_stderr": 0.015543377313719681
    },
    "hendrycksTest-electrical_engineering": {
      "acc": 0.2482758620689655,
      "acc_stderr": 0.03600105692727773,
      "acc_norm": 0.3103448275862069,
      "acc_norm_stderr": 0.03855289616378948
    },
    "piqa": {
      "acc": 0.5908596300326442,
      "acc_stderr": 0.011471593460443325,
      "acc_norm": 0.5979325353645266,
      "acc_norm_stderr": 0.011439867127267531
    },
    "winogrande": {
      "acc": 0.526440410418311,
      "acc_stderr": 0.014032823874407227
    },
    "sciq": {
      "acc": 0.597,
      "acc_stderr": 0.015518757419066533,
      "acc_norm": 0.586,
      "acc_norm_stderr": 0.015583544104177515
    },
    "hendrycksTest-sociology": {
      "acc": 0.3034825870646766,
      "acc_stderr": 0.03251006816458619,
      "acc_norm": 0.2835820895522388,
      "acc_norm_stderr": 0.03187187537919797
    },
    "hendrycksTest-human_aging": {
      "acc": 0.26905829596412556,
      "acc_stderr": 0.02976377940687496,
      "acc_norm": 0.23766816143497757,
      "acc_norm_stderr": 0.028568079464714267
    },
    "hendrycksTest-prehistory": {
      "acc": 0.24382716049382716,
      "acc_stderr": 0.02389187954195961,
      "acc_norm": 0.22530864197530864,
      "acc_norm_stderr": 0.02324620264781975
    },
    "hendrycksTest-college_chemistry": {
      "acc": 0.29,
      "acc_stderr": 0.04560480215720684,
      "acc_norm": 0.29,
      "acc_norm_stderr": 0.04560480215720684
    },
    "hendrycksTest-abstract_algebra": {
      "acc": 0.23,
      "acc_stderr": 0.042295258468165044,
      "acc_norm": 0.3,
      "acc_norm_stderr": 0.046056618647183814
    },
    "hendrycksTest-global_facts": {
      "acc": 0.31,
      "acc_stderr": 0.04648231987117316,
      "acc_norm": 0.33,
      "acc_norm_stderr": 0.04725815626252604
    },
    "hendrycksTest-college_biology": {
      "acc": 0.2152777777777778,
      "acc_stderr": 0.034370793441061344,
      "acc_norm": 0.2361111111111111,
      "acc_norm_stderr": 0.03551446610810826
    },
    "hendrycksTest-jurisprudence": {
      "acc": 0.21296296296296297,
      "acc_stderr": 0.039578354719809805,
      "acc_norm": 0.3333333333333333,
      "acc_norm_stderr": 0.04557239513497751
    },
    "hendrycksTest-medical_genetics": {
      "acc": 0.28,
      "acc_stderr": 0.045126085985421276,
      "acc_norm": 0.26,
      "acc_norm_stderr": 0.04408440022768078
    },
    "hendrycksTest-professional_medicine": {
      "acc": 0.36764705882352944,
      "acc_stderr": 0.029289413409403203,
      "acc_norm": 0.3713235294117647,
      "acc_norm_stderr": 0.02934980313976587
    },
    "hendrycksTest-high_school_computer_science": {
      "acc": 0.2,
      "acc_stderr": 0.040201512610368445,
      "acc_norm": 0.27,
      "acc_norm_stderr": 0.044619604333847415
    },
    "hendrycksTest-college_mathematics": {
      "acc": 0.23,
      "acc_stderr": 0.042295258468165044,
      "acc_norm": 0.31,
      "acc_norm_stderr": 0.04648231987117316
    },
    "hendrycksTest-high_school_geography": {
      "acc": 0.29292929292929293,
      "acc_stderr": 0.03242497958178818,
      "acc_norm": 0.32323232323232326,
      "acc_norm_stderr": 0.033322999210706444
    },
    "hendrycksTest-machine_learning": {
      "acc": 0.25892857142857145,
      "acc_stderr": 0.04157751539865629,
      "acc_norm": 0.22321428571428573,
      "acc_norm_stderr": 0.03952301967702511
    },
    "hendrycksTest-virology": {
      "acc": 0.23493975903614459,
      "acc_stderr": 0.03300533186128922,
      "acc_norm": 0.21686746987951808,
      "acc_norm_stderr": 0.032082844503563655
    },
    "hendrycksTest-logical_fallacies": {
      "acc": 0.2147239263803681,
      "acc_stderr": 0.032262193772867744,
      "acc_norm": 0.26993865030674846,
      "acc_norm_stderr": 0.03487825168497892
    },
    "hendrycksTest-business_ethics": {
      "acc": 0.3,
      "acc_stderr": 0.046056618647183814,
      "acc_norm": 0.35,
      "acc_norm_stderr": 0.0479372485441102
    },
    "hendrycksTest-high_school_european_history": {
      "acc": 0.23030303030303031,
      "acc_stderr": 0.03287666758603489,
      "acc_norm": 0.32727272727272727,
      "acc_norm_stderr": 0.03663974994391242
    },
    "hendrycksTest-college_computer_science": {
      "acc": 0.28,
      "acc_stderr": 0.04512608598542128,
      "acc_norm": 0.26,
      "acc_norm_stderr": 0.0440844002276808
    },
    "hendrycksTest-high_school_world_history": {
      "acc": 0.189873417721519,
      "acc_stderr": 0.025530100460233504,
      "acc_norm": 0.2742616033755274,
      "acc_norm_stderr": 0.029041333510598046
    },
    "hendrycksTest-elementary_mathematics": {
      "acc": 0.21428571428571427,
      "acc_stderr": 0.021132859182754433,
      "acc_norm": 0.21957671957671956,
      "acc_norm_stderr": 0.02132001859977037
    },
    "hendrycksTest-formal_logic": {
      "acc": 0.29365079365079366,
      "acc_stderr": 0.04073524322147127,
      "acc_norm": 0.30158730158730157,
      "acc_norm_stderr": 0.04104947269903394
    },
    "arc_challenge": {
      "acc": 0.17235494880546076,
      "acc_stderr": 0.011037113093461295,
      "acc_norm": 0.21160409556313994,
      "acc_norm_stderr": 0.011935916358632856
    },
    "hendrycksTest-high_school_physics": {
      "acc": 0.2847682119205298,
      "acc_stderr": 0.03684881521389023,
      "acc_norm": 0.3443708609271523,
      "acc_norm_stderr": 0.038796870240733264
    },
    "hendrycksTest-high_school_us_history": {
      "acc": 0.25980392156862747,
      "acc_stderr": 0.03077855467869326,
      "acc_norm": 0.29411764705882354,
      "acc_norm_stderr": 0.0319800166011507
    },
    "hendrycksTest-high_school_psychology": {
      "acc": 0.30091743119266057,
      "acc_stderr": 0.019664751366802114,
      "acc_norm": 0.26605504587155965,
      "acc_norm_stderr": 0.018946022322225586
    },
    "hendrycksTest-professional_psychology": {
      "acc": 0.25163398692810457,
      "acc_stderr": 0.017555818091322277,
      "acc_norm": 0.26143790849673204,
      "acc_norm_stderr": 0.017776947157528037
    },