{
  "results": {
    "hendrycksTest-moral_scenarios": {
      "acc": 0.23016759776536314,
      "acc_stderr": 0.0140783392534258,
      "acc_norm": 0.22793296089385476,
      "acc_norm_stderr": 0.014030149950805098
    },
    "hendrycksTest-public_relations": {
      "acc": 0.23636363636363636,
      "acc_stderr": 0.04069306319721378,
      "acc_norm": 0.22727272727272727,
      "acc_norm_stderr": 0.040139645540727714
    },
    "hendrycksTest-anatomy": {
      "acc": 0.22962962962962963,
      "acc_stderr": 0.03633384414073465,
      "acc_norm": 0.2518518518518518,
      "acc_norm_stderr": 0.03749850709174023
    },
    "hendrycksTest-global_facts": {
      "acc": 0.2,
      "acc_stderr": 0.040201512610368466,
      "acc_norm": 0.22,
      "acc_norm_stderr": 0.04163331998932269
    },
    "hendrycksTest-college_medicine": {
      "acc": 0.31213872832369943,
      "acc_stderr": 0.035331333893236574,
      "acc_norm": 0.3179190751445087,
      "acc_norm_stderr": 0.035506839891655824
    },
    "hendrycksTest-professional_accounting": {
      "acc": 0.31560283687943264,
      "acc_stderr": 0.027724989449509314,
      "acc_norm": 0.30851063829787234,
      "acc_norm_stderr": 0.027553366165101362
    },
    "wsc": {
      "acc": 0.36538461538461536,
      "acc_stderr": 0.0474473339327792
    },
    "winogrande": {
      "acc": 0.5067087608524072,
      "acc_stderr": 0.014051220692330356
    },
    "hendrycksTest-world_religions": {
      "acc": 0.2573099415204678,
      "acc_stderr": 0.03352799844161865,
      "acc_norm": 0.30409356725146197,
      "acc_norm_stderr": 0.03528211258245233
    },
    "hendrycksTest-marketing": {
      "acc": 0.21367521367521367,
      "acc_stderr": 0.02685345037700915,
      "acc_norm": 0.2264957264957265,
      "acc_norm_stderr": 0.027421007295392923
    },
    "hendrycksTest-miscellaneous": {
      "acc": 0.23371647509578544,
      "acc_stderr": 0.015133383278988851,
      "acc_norm": 0.227330779054917,
      "acc_norm_stderr": 0.014987270640946019
    },
    "hendrycksTest-us_foreign_policy": {
      "acc": 0.24,
      "acc_stderr": 0.04292346959909283,
      "acc_norm": 0.25,
      "acc_norm_stderr": 0.04351941398892446
    },
    "hendrycksTest-abstract_algebra": {
      "acc": 0.18,
      "acc_stderr": 0.038612291966536934,
      "acc_norm": 0.27,
      "acc_norm_stderr": 0.04461960433384741
    },
    "hendrycksTest-formal_logic": {
      "acc": 0.3333333333333333,
      "acc_stderr": 0.042163702135578345,
      "acc_norm": 0.3253968253968254,
      "acc_norm_stderr": 0.041905964388711366
    },
    "hendrycksTest-college_physics": {
      "acc": 0.29411764705882354,
      "acc_stderr": 0.04533838195929775,
      "acc_norm": 0.30392156862745096,
      "acc_norm_stderr": 0.045766654032077636
    },
    "hendrycksTest-high_school_biology": {
      "acc": 0.25806451612903225,
      "acc_stderr": 0.024892469172462843,
      "acc_norm": 0.3193548387096774,
      "acc_norm_stderr": 0.02652270967466777
    },
    "hendrycksTest-high_school_european_history": {
      "acc": 0.18181818181818182,
      "acc_stderr": 0.030117688929503582,
      "acc_norm": 0.2787878787878788,
      "acc_norm_stderr": 0.035014387062967806
    },
    "hendrycksTest-international_law": {
      "acc": 0.1322314049586777,
      "acc_stderr": 0.0309227883204458,
      "acc_norm": 0.32231404958677684,
      "acc_norm_stderr": 0.04266416363352167
    },
    "hendrycksTest-management": {
      "acc": 0.3106796116504854,
      "acc_stderr": 0.0458212416016155,
      "acc_norm": 0.36893203883495146,
      "acc_norm_stderr": 0.047776151811567386
    },
    "hendrycksTest-electrical_engineering": {
      "acc": 0.2896551724137931,
      "acc_stderr": 0.03780019230438014,
      "acc_norm": 0.2827586206896552,
      "acc_norm_stderr": 0.037528339580033376
    },
    "hendrycksTest-high_school_government_and_politics": {
      "acc": 0.19170984455958548,
      "acc_stderr": 0.028408953626245268,
      "acc_norm": 0.24870466321243523,
      "acc_norm_stderr": 0.031195840877700293
    },
    "logiqa": {
      "acc": 0.23963133640552994,
      "acc_stderr": 0.016742766935101433,
      "acc_norm": 0.2749615975422427,
      "acc_norm_stderr": 0.017512971782225207
    },
    "hendrycksTest-high_school_mathematics": {
      "acc": 0.25555555555555554,
      "acc_stderr": 0.02659393910184408,
      "acc_norm": 0.28888888888888886,
      "acc_norm_stderr": 0.027634907264178544
    },
    "hendrycksTest-high_school_psychology": {
      "acc": 0.30458715596330277,
      "acc_stderr": 0.019732299420354038,
      "acc_norm": 0.27522935779816515,
      "acc_norm_stderr": 0.0191490937431552
    },
    "sciq": {
      "acc": 0.687,
      "acc_stderr": 0.014671272822977886,
      "acc_norm": 0.635,
      "acc_norm_stderr": 0.015231776226264909
    },
    "hendrycksTest-business_ethics": {
      "acc": 0.3,
      "acc_stderr": 0.046056618647183814,
      "acc_norm": 0.28,
      "acc_norm_stderr": 0.045126085985421276
    },
    "hendrycksTest-machine_learning": {
      "acc": 0.17857142857142858,
      "acc_stderr": 0.036352091215778065,
      "acc_norm": 0.17857142857142858,
      "acc_norm_stderr": 0.036352091215778065
    },
    "hendrycksTest-medical_genetics": {
      "acc": 0.21,
      "acc_stderr": 0.040936018074033256,
      "acc_norm": 0.31,
      "acc_norm_stderr": 0.04648231987117316
    },
    "hendrycksTest-sociology": {
      "acc": 0.3034825870646766,
      "acc_stderr": 0.03251006816458619,
      "acc_norm": 0.3383084577114428,
      "acc_norm_stderr": 0.03345563070339192
    },
    "hendrycksTest-computer_security": {
      "acc": 0.18,
      "acc_stderr": 0.03861229196653697,
      "acc_norm": 0.26,
      "acc_norm_stderr": 0.04408440022768078
    },
    "hendrycksTest-human_sexuality": {
      "acc": 0.33587786259541985,
      "acc_stderr": 0.04142313771996663,
      "acc_norm": 0.2900763358778626,
      "acc_norm_stderr": 0.03980066246467766
    },
    "arc_challenge": {
      "acc": 0.17491467576791808,
      "acc_stderr": 0.011101562501828225,
      "acc_norm": 0.20819112627986347,
      "acc_norm_stderr": 0.011864866118448066
    },
    "hendrycksTest-human_aging": {
      "acc": 0.2645739910313901,
      "acc_stderr": 0.02960510321703832,
      "acc_norm": 0.2242152466367713,
      "acc_norm_stderr": 0.027991534258519524
    },
    "hendrycksTest-high_school_computer_science": {
      "acc": 0.18,
      "acc_stderr": 0.03861229196653697,
      "acc_norm": 0.24,
      "acc_norm_stderr": 0.04292346959909284
    },
    "hendrycksTest-high_school_physics": {
      "acc": 0.2119205298013245,
      "acc_stderr": 0.03336767086567978,
      "acc_norm": 0.2582781456953642,
      "acc_norm_stderr": 0.035737053147634576
    },
    "hendrycksTest-logical_fallacies": {
      "acc": 0.22699386503067484,
      "acc_stderr": 0.03291099578615769,
      "acc_norm": 0.26993865030674846,
      "acc_norm_stderr": 0.034878251684978906
    },
    "hendrycksTest-college_chemistry": {
      "acc": 0.4,
      "acc_stderr": 0.049236596391733084,
      "acc_norm": 0.39,
      "acc_norm_stderr": 0.04902071300001975
    },
    "hendrycksTest-college_computer_science": {
      "acc": 0.3,
      "acc_stderr": 0.046056618647183814,
      "acc_norm": 0.26,
      "acc_norm_stderr": 0.04408440022768078
    },
    "hendrycksTest-econometrics": {
      "acc": 0.2719298245614035,
      "acc_stderr": 0.04185774424022056,
      "acc_norm": 0.24561403508771928,
      "acc_norm_stderr": 0.04049339297748141
    },
    "hendrycksTest-nutrition": {
      "acc": 0.28431372549019607,
      "acc_stderr": 0.025829163272757468,
      "acc_norm": 0.35947712418300654,
      "acc_norm_stderr": 0.027475969910660952
    },
    "hendrycksTest-security_studies": {
      "acc": 0.31020408163265306,
      "acc_stderr": 0.029613459872484378,
      "acc_norm": 0.27346938775510204,
      "acc_norm_stderr": 0.028535560337128438
    },
    "hendrycksTest-conceptual_physics": {
      "acc": 0.2553191489361702,