{
  "results": {
    "arc_challenge": {
      "acc": 0.189419795221843,
      "acc_stderr": 0.011450705115910769,
      "acc_norm": 0.23464163822525597,
      "acc_norm_stderr": 0.012383873560768673
    },
    "hendrycksTest-professional_accounting": {
      "acc": 0.2765957446808511,
      "acc_stderr": 0.02668456434046101,
      "acc_norm": 0.2624113475177305,
      "acc_norm_stderr": 0.026244920349843007
    },
    "hendrycksTest-sociology": {
      "acc": 0.3333333333333333,
      "acc_stderr": 0.033333333333333326,
      "acc_norm": 0.3283582089552239,
      "acc_norm_stderr": 0.033206858897443244
    },
    "hendrycksTest-high_school_macroeconomics": {
      "acc": 0.2717948717948718,
      "acc_stderr": 0.022556551010132347,
      "acc_norm": 0.30256410256410254,
      "acc_norm_stderr": 0.023290888053772715
    },
    "wsc": {
      "acc": 0.36538461538461536,
      "acc_stderr": 0.0474473339327792
    },
    "hendrycksTest-high_school_biology": {
      "acc": 0.25806451612903225,
      "acc_stderr": 0.024892469172462833,
      "acc_norm": 0.3193548387096774,
      "acc_norm_stderr": 0.026522709674667765
    },
    "hendrycksTest-high_school_psychology": {
      "acc": 0.30642201834862387,
      "acc_stderr": 0.019765517220458523,
      "acc_norm": 0.28623853211009176,
      "acc_norm_stderr": 0.019379436628919965
    },
    "hendrycksTest-elementary_mathematics": {
      "acc": 0.23809523809523808,
      "acc_stderr": 0.021935878081184756,
      "acc_norm": 0.24603174603174602,
      "acc_norm_stderr": 0.02218203720294837
    },
    "hendrycksTest-high_school_us_history": {
      "acc": 0.31862745098039214,
      "acc_stderr": 0.032702871814820816,
      "acc_norm": 0.2647058823529412,
      "acc_norm_stderr": 0.0309645179269234
    },
    "hendrycksTest-college_mathematics": {
      "acc": 0.19,
      "acc_stderr": 0.03942772444036622,
      "acc_norm": 0.24,
      "acc_norm_stderr": 0.04292346959909282
    },
    "hendrycksTest-human_sexuality": {
      "acc": 0.31297709923664124,
      "acc_stderr": 0.04066962905677698,
      "acc_norm": 0.2824427480916031,
      "acc_norm_stderr": 0.03948406125768361
    },
    "hendrycksTest-medical_genetics": {
      "acc": 0.24,
      "acc_stderr": 0.042923469599092816,
      "acc_norm": 0.29,
      "acc_norm_stderr": 0.045604802157206845
    },
    "logiqa": {
      "acc": 0.2304147465437788,
      "acc_stderr": 0.016516834820590964,
      "acc_norm": 0.2565284178187404,
      "acc_norm_stderr": 0.017129443327887562
    },
    "hendrycksTest-high_school_chemistry": {
      "acc": 0.22167487684729065,
      "acc_stderr": 0.029225575892489596,
      "acc_norm": 0.2512315270935961,
      "acc_norm_stderr": 0.030516530732694436
    },
    "hendrycksTest-high_school_computer_science": {
      "acc": 0.21,
      "acc_stderr": 0.04093601807403326,
      "acc_norm": 0.26,
      "acc_norm_stderr": 0.044084400227680794
    },
    "hendrycksTest-computer_security": {
      "acc": 0.21,
      "acc_stderr": 0.04093601807403326,
      "acc_norm": 0.24,
      "acc_norm_stderr": 0.04292346959909282
    },
    "hendrycksTest-jurisprudence": {
      "acc": 0.25925925925925924,
      "acc_stderr": 0.042365112580946315,
      "acc_norm": 0.3148148148148148,
      "acc_norm_stderr": 0.04489931073591311
    },
    "winogrande": {
      "acc": 0.4925019731649566,
      "acc_stderr": 0.014050905521228587
    },
    "piqa": {
      "acc": 0.6131664853101197,
      "acc_stderr": 0.011363095931902848,
      "acc_norm": 0.6294885745375408,
      "acc_norm_stderr": 0.011267826475447665
    },
    "hendrycksTest-high_school_statistics": {
      "acc": 0.32407407407407407,
      "acc_stderr": 0.03191923445686186,
      "acc_norm": 0.3287037037037037,
      "acc_norm_stderr": 0.03203614084670058
    },
    "hendrycksTest-professional_psychology": {
      "acc": 0.26633986928104575,
      "acc_stderr": 0.01788318813466721,
      "acc_norm": 0.25980392156862747,
      "acc_norm_stderr": 0.017740899509177795
    },
    "hendrycksTest-international_law": {
      "acc": 0.1322314049586777,
      "acc_stderr": 0.030922788320445784,
      "acc_norm": 0.32231404958677684,
      "acc_norm_stderr": 0.04266416363352168
    },
    "hendrycksTest-us_foreign_policy": {
      "acc": 0.3,
      "acc_stderr": 0.04605661864718381,
      "acc_norm": 0.31,
      "acc_norm_stderr": 0.04648231987117316
    },
    "hendrycksTest-college_chemistry": {
      "acc": 0.36,
      "acc_stderr": 0.048241815132442176,
      "acc_norm": 0.37,
      "acc_norm_stderr": 0.04852365870939099
    },
    "hendrycksTest-virology": {
      "acc": 0.25903614457831325,
      "acc_stderr": 0.03410646614071857,
      "acc_norm": 0.2469879518072289,
      "acc_norm_stderr": 0.03357351982064536
    },
    "hendrycksTest-management": {
      "acc": 0.3300970873786408,
      "acc_stderr": 0.046561471100123486,
      "acc_norm": 0.30097087378640774,
      "acc_norm_stderr": 0.04541609446503948
    },
    "hendrycksTest-abstract_algebra": {
      "acc": 0.24,
      "acc_stderr": 0.04292346959909282,
      "acc_norm": 0.28,
      "acc_norm_stderr": 0.04512608598542128
    },
    "hendrycksTest-astronomy": {
      "acc": 0.24342105263157895,
      "acc_stderr": 0.034923496688842384,
      "acc_norm": 0.3026315789473684,
      "acc_norm_stderr": 0.037385206761196686
    },
    "hendrycksTest-college_medicine": {
      "acc": 0.3063583815028902,
      "acc_stderr": 0.03514942551267437,
      "acc_norm": 0.32947976878612717,
      "acc_norm_stderr": 0.03583901754736411
    },
    "hendrycksTest-electrical_engineering": {
      "acc": 0.2413793103448276,
      "acc_stderr": 0.03565998174135302,
      "acc_norm": 0.2827586206896552,
      "acc_norm_stderr": 0.037528339580033376
    },
    "hendrycksTest-moral_disputes": {
      "acc": 0.1994219653179191,
      "acc_stderr": 0.021511900654252538,
      "acc_norm": 0.26011560693641617,
      "acc_norm_stderr": 0.023618678310069356
    },
    "lambada_openai": {
      "ppl": 73.78454667152337,
      "ppl_stderr": 2.800000293028385,
      "acc": 0.23365030079565302,
      "acc_stderr": 0.005895338420148105
    },
    "hendrycksTest-clinical_knowledge": {
      "acc": 0.2943396226415094,
      "acc_stderr": 0.028049186315695245,
      "acc_norm": 0.32452830188679244,
      "acc_norm_stderr": 0.028815615713432118
    },
    "hendrycksTest-formal_logic": {
      "acc": 0.2222222222222222,
      "acc_stderr": 0.037184890068181146,
      "acc_norm": 0.23015873015873015,
      "acc_norm_stderr": 0.03764950879790606
    },
    "hendrycksTest-high_school_mathematics": {
      "acc": 0.24814814814814815,
      "acc_stderr": 0.0263357394040558,
      "acc_norm": 0.27037037037037037,
      "acc_norm_stderr": 0.027080372815145665
    },
    "hendrycksTest-high_school_world_history": {
      "acc": 0.2109704641350211,
      "acc_stderr": 0.02655837250266192,
      "acc_norm": 0.21518987341772153,
      "acc_norm_stderr": 0.026750826994676152
    },
    "hendrycksTest-professional_law": {
      "acc": 0.25945241199478486,
      "acc_stderr": 0.011195262076350309,
      "acc_norm": 0.2770534550195567,
      "acc_norm_stderr": 0.011430462443719681
    },
    "hendrycksTest-college_biology": {
      "acc": 0.2777777777777778,
      "acc_stderr": 0.03745554791462457,
      "acc_norm": 0.3263888888888889,
      "acc_norm_stderr": 0.03921067198982266
    },
    "hendrycksTest-logical_fallacies": {
      "acc": 0.25766871165644173,
      "acc_stderr": 0.03436150827846917,
      "acc_norm": 0.3006134969325153,
      "acc_norm_stderr": 0.03602511318806771
    },
    "arc_easy": {
      "acc": 0.44276094276094274,
      "acc_stderr": 0.010192333348394473,
      "acc_norm": 0.4095117845117845,
      "acc_norm_stderr": 0.010090368160990059
    },
    "hendrycksTest-high_school_european_history": {
      "acc": 0.2606060606060606,
      "acc_stderr": 0.03427743175816524,
      "acc_norm": 0.2787878787878788,
      "acc_norm_stderr": 0.0350143870629678
    },