{
  "results": {
    "hendrycksTest-high_school_macroeconomics": {
      "acc": 0.2358974358974359,
      "acc_stderr": 0.021525965407408726,
      "acc_norm": 0.25384615384615383,
      "acc_norm_stderr": 0.022066054378726257
    },
    "hendrycksTest-high_school_us_history": {
      "acc": 0.29901960784313725,
      "acc_stderr": 0.03213325717373617,
      "acc_norm": 0.27941176470588236,
      "acc_norm_stderr": 0.031493281045079556
    },
    "logiqa": {
      "acc": 0.24270353302611367,
      "acc_stderr": 0.01681567620647953,
      "acc_norm": 0.27956989247311825,
      "acc_norm_stderr": 0.017602909186822453
    },
    "hendrycksTest-security_studies": {
      "acc": 0.27755102040816326,
      "acc_stderr": 0.028666857790274648,
      "acc_norm": 0.2571428571428571,
      "acc_norm_stderr": 0.02797982353874455
    },
    "hendrycksTest-anatomy": {
      "acc": 0.22962962962962963,
      "acc_stderr": 0.03633384414073465,
      "acc_norm": 0.21481481481481482,
      "acc_norm_stderr": 0.03547854198560824
    },
    "hendrycksTest-computer_security": {
      "acc": 0.26,
      "acc_stderr": 0.04408440022768078,
      "acc_norm": 0.29,
      "acc_norm_stderr": 0.04560480215720684
    },
    "hendrycksTest-logical_fallacies": {
      "acc": 0.2147239263803681,
      "acc_stderr": 0.032262193772867744,
      "acc_norm": 0.2085889570552147,
      "acc_norm_stderr": 0.03192193448934724
    },
    "piqa": {
      "acc": 0.6300326441784548,
      "acc_stderr": 0.01126441522341528,
      "acc_norm": 0.6218715995647442,
      "acc_norm_stderr": 0.011313980666854533
    },
    "hendrycksTest-miscellaneous": {
      "acc": 0.2541507024265645,
      "acc_stderr": 0.01556925469204578,
      "acc_norm": 0.26436781609195403,
      "acc_norm_stderr": 0.015769984840690518
    },
    "hendrycksTest-high_school_microeconomics": {
      "acc": 0.2605042016806723,
      "acc_stderr": 0.028510251512341923,
      "acc_norm": 0.3445378151260504,
      "acc_norm_stderr": 0.030868682604121633
    },
    "hendrycksTest-us_foreign_policy": {
      "acc": 0.29,
      "acc_stderr": 0.045604802157206845,
      "acc_norm": 0.3,
      "acc_norm_stderr": 0.046056618647183814
    },
    "hendrycksTest-management": {
      "acc": 0.22330097087378642,
      "acc_stderr": 0.04123553189891431,
      "acc_norm": 0.23300970873786409,
      "acc_norm_stderr": 0.041858325989283136
    },
    "hendrycksTest-high_school_computer_science": {
      "acc": 0.23,
      "acc_stderr": 0.04229525846816506,
      "acc_norm": 0.26,
      "acc_norm_stderr": 0.0440844002276808
    },
    "hendrycksTest-virology": {
      "acc": 0.2710843373493976,
      "acc_stderr": 0.03460579907553027,
      "acc_norm": 0.30120481927710846,
      "acc_norm_stderr": 0.0357160923005348
    },
    "hendrycksTest-astronomy": {
      "acc": 0.17763157894736842,
      "acc_stderr": 0.031103182383123387,
      "acc_norm": 0.2631578947368421,
      "acc_norm_stderr": 0.035834961763610625
    },
    "hendrycksTest-high_school_european_history": {
      "acc": 0.2727272727272727,
      "acc_stderr": 0.03477691162163659,
      "acc_norm": 0.3939393939393939,
      "acc_norm_stderr": 0.03815494308688929
    },
    "hendrycksTest-college_biology": {
      "acc": 0.2777777777777778,
      "acc_stderr": 0.03745554791462457,
      "acc_norm": 0.2638888888888889,
      "acc_norm_stderr": 0.03685651095897532
    },
    "hendrycksTest-abstract_algebra": {
      "acc": 0.22,
      "acc_stderr": 0.04163331998932269,
      "acc_norm": 0.28,
      "acc_norm_stderr": 0.045126085985421276
    },
    "hendrycksTest-human_aging": {
      "acc": 0.3273542600896861,
      "acc_stderr": 0.03149384670994131,
      "acc_norm": 0.2825112107623318,
      "acc_norm_stderr": 0.030216831011508773
    },
    "hendrycksTest-machine_learning": {
      "acc": 0.375,
      "acc_stderr": 0.04595091388086298,
      "acc_norm": 0.30357142857142855,
      "acc_norm_stderr": 0.04364226155841044
    },
    "hendrycksTest-professional_accounting": {
      "acc": 0.2765957446808511,
      "acc_stderr": 0.026684564340461004,
      "acc_norm": 0.24822695035460993,
      "acc_norm_stderr": 0.025770015644290382
    },
    "winogrande": {
      "acc": 0.5185477505919495,
      "acc_stderr": 0.014042813708888378
    },
    "hendrycksTest-jurisprudence": {
      "acc": 0.2222222222222222,
      "acc_stderr": 0.0401910747255735,
      "acc_norm": 0.28703703703703703,
      "acc_norm_stderr": 0.043733130409147614
    },
    "hendrycksTest-moral_disputes": {
      "acc": 0.23699421965317918,
      "acc_stderr": 0.02289408248992599,
      "acc_norm": 0.28034682080924855,
      "acc_norm_stderr": 0.02418242749657762
    },
    "hendrycksTest-econometrics": {
      "acc": 0.2807017543859649,
      "acc_stderr": 0.04227054451232199,
      "acc_norm": 0.2719298245614035,
      "acc_norm_stderr": 0.04185774424022056
    },
    "hendrycksTest-international_law": {
      "acc": 0.1487603305785124,
      "acc_stderr": 0.03248470083807194,
      "acc_norm": 0.2975206611570248,
      "acc_norm_stderr": 0.04173349148083499
    },
    "hendrycksTest-business_ethics": {
      "acc": 0.21,
      "acc_stderr": 0.040936018074033256,
      "acc_norm": 0.22,
      "acc_norm_stderr": 0.04163331998932268
    },
    "hendrycksTest-college_chemistry": {
      "acc": 0.27,
      "acc_stderr": 0.044619604333847394,
      "acc_norm": 0.29,
      "acc_norm_stderr": 0.045604802157206845
    },
    "hendrycksTest-professional_medicine": {
      "acc": 0.21691176470588236,
      "acc_stderr": 0.02503584522771127,
      "acc_norm": 0.23161764705882354,
      "acc_norm_stderr": 0.025626533803777562
    },
    "hendrycksTest-world_religions": {
      "acc": 0.28654970760233917,
      "acc_stderr": 0.03467826685703828,
      "acc_norm": 0.2807017543859649,
      "acc_norm_stderr": 0.03446296217088427
    },
    "hendrycksTest-high_school_statistics": {
      "acc": 0.3101851851851852,
      "acc_stderr": 0.03154696285656628,
      "acc_norm": 0.3333333333333333,
      "acc_norm_stderr": 0.0321495214780275
    },
    "hendrycksTest-electrical_engineering": {
      "acc": 0.2620689655172414,
      "acc_stderr": 0.036646663372252565,
      "acc_norm": 0.2689655172413793,
      "acc_norm_stderr": 0.03695183311650232
    },
    "hendrycksTest-high_school_chemistry": {
      "acc": 0.2315270935960591,
      "acc_stderr": 0.029678333141444444,
      "acc_norm": 0.22167487684729065,
      "acc_norm_stderr": 0.0292255758924896
    },
    "hendrycksTest-college_medicine": {
      "acc": 0.18497109826589594,
      "acc_stderr": 0.0296056239817712,
      "acc_norm": 0.24277456647398843,
      "acc_norm_stderr": 0.0326926380614177
    },
    "arc_easy": {
      "acc": 0.4537037037037037,
      "acc_stderr": 0.010215708295494131,
      "acc_norm": 0.4457070707070707,
      "acc_norm_stderr": 0.010199118183322992
    },
    "hendrycksTest-professional_psychology": {
      "acc": 0.2630718954248366,
      "acc_stderr": 0.01781267654232065,
      "acc_norm": 0.2565359477124183,
      "acc_norm_stderr": 0.01766784161237899
    },
    "arc_challenge": {
      "acc": 0.20392491467576793,
      "acc_stderr": 0.011774262478702259,
      "acc_norm": 0.22866894197952217,
      "acc_norm_stderr": 0.012272853582540802
    },
    "hendrycksTest-public_relations": {
      "acc": 0.2545454545454545,
      "acc_stderr": 0.04172343038705383,
      "acc_norm": 0.2818181818181818,
      "acc_norm_stderr": 0.043091187099464585
    },
    "hendrycksTest-clinical_knowledge": {
      "acc": 0.21509433962264152,
      "acc_stderr": 0.025288394502891366,
      "acc_norm": 0.2943396226415094,
      "acc_norm_stderr": 0.028049186315695248
    },
    "hendrycksTest-medical_genetics": {
      "acc": 0.25,
      "acc_stderr": 0.04351941398892446,
      "acc_norm": 0.28,
      "acc_norm_stderr": 0.045126085985421276
    },
    "hendrycksTest-high_school_geography": {
      "acc": 0.22727272727272727,
      "acc_stderr": 0.029857515673386414,