{
  "results": {
    "hendrycksTest-anatomy": {
      "acc": 0.25925925925925924,
      "acc_stderr": 0.037857144650666544,
      "acc_norm": 0.22962962962962963,
      "acc_norm_stderr": 0.036333844140734615
    },
    "hendrycksTest-professional_law": {
      "acc": 0.2457627118644068,
      "acc_stderr": 0.01099615663514269,
      "acc_norm": 0.2816166883963494,
      "acc_norm_stderr": 0.011487783272786697
    },
    "arc_easy": {
      "acc": 0.5938552188552189,
      "acc_stderr": 0.010077409815364062,
      "acc_norm": 0.5328282828282829,
      "acc_norm_stderr": 0.010237645778853869
    },
    "hendrycksTest-high_school_european_history": {
      "acc": 0.24242424242424243,
      "acc_stderr": 0.033464098810559534,
      "acc_norm": 0.2787878787878788,
      "acc_norm_stderr": 0.03501438706296781
    },
    "hendrycksTest-econometrics": {
      "acc": 0.3157894736842105,
      "acc_stderr": 0.04372748290278007,
      "acc_norm": 0.2719298245614035,
      "acc_norm_stderr": 0.04185774424022056
    },
    "hendrycksTest-virology": {
      "acc": 0.3373493975903614,
      "acc_stderr": 0.03680783690727581,
      "acc_norm": 0.28313253012048195,
      "acc_norm_stderr": 0.03507295431370518
    },
    "hendrycksTest-high_school_us_history": {
      "acc": 0.25,
      "acc_stderr": 0.03039153369274154,
      "acc_norm": 0.23039215686274508,
      "acc_norm_stderr": 0.029554292605695063
    },
    "hendrycksTest-high_school_microeconomics": {
      "acc": 0.2689075630252101,
      "acc_stderr": 0.028801392193631276,
      "acc_norm": 0.35714285714285715,
      "acc_norm_stderr": 0.031124619309328177
    },
    "hendrycksTest-high_school_biology": {
      "acc": 0.23870967741935484,
      "acc_stderr": 0.024251071262208837,
      "acc_norm": 0.2903225806451613,
      "acc_norm_stderr": 0.0258221061194159
    },
    "hendrycksTest-prehistory": {
      "acc": 0.26851851851851855,
      "acc_stderr": 0.024659685185967284,
      "acc_norm": 0.2191358024691358,
      "acc_norm_stderr": 0.023016705640262192
    },
    "wsc": {
      "acc": 0.375,
      "acc_stderr": 0.04770204856076104
    },
    "hendrycksTest-business_ethics": {
      "acc": 0.34,
      "acc_stderr": 0.04760952285695236,
      "acc_norm": 0.3,
      "acc_norm_stderr": 0.046056618647183814
    },
    "hendrycksTest-electrical_engineering": {
      "acc": 0.2827586206896552,
      "acc_stderr": 0.037528339580033376,
      "acc_norm": 0.30344827586206896,
      "acc_norm_stderr": 0.038312260488503336
    },
    "arc_challenge": {
      "acc": 0.27986348122866894,
      "acc_stderr": 0.013119040897725922,
      "acc_norm": 0.3037542662116041,
      "acc_norm_stderr": 0.013438909184778759
    },
    "hendrycksTest-high_school_world_history": {
      "acc": 0.25738396624472576,
      "acc_stderr": 0.0284588209914603,
      "acc_norm": 0.27848101265822783,
      "acc_norm_stderr": 0.02917868230484255
    },
    "hendrycksTest-high_school_computer_science": {
      "acc": 0.23,
      "acc_stderr": 0.04229525846816505,
      "acc_norm": 0.29,
      "acc_norm_stderr": 0.045604802157206845
    },
    "hendrycksTest-college_physics": {
      "acc": 0.23529411764705882,
      "acc_stderr": 0.04220773659171452,
      "acc_norm": 0.2549019607843137,
      "acc_norm_stderr": 0.043364327079931785
    },
    "hendrycksTest-professional_medicine": {
      "acc": 0.2426470588235294,
      "acc_stderr": 0.026040662474201257,
      "acc_norm": 0.2610294117647059,
      "acc_norm_stderr": 0.026679252270103128
    },
    "piqa": {
      "acc": 0.7078346028291621,
      "acc_stderr": 0.010610252174513661,
      "acc_norm": 0.7067464635473341,
      "acc_norm_stderr": 0.010621818421101931
    },
    "hendrycksTest-college_mathematics": {
      "acc": 0.26,
      "acc_stderr": 0.0440844002276808,
      "acc_norm": 0.39,
      "acc_norm_stderr": 0.04902071300001975
    },
    "logiqa": {
      "acc": 0.20583717357910905,
      "acc_stderr": 0.015858423219323892,
      "acc_norm": 0.29185867895545314,
      "acc_norm_stderr": 0.017831570553971925
    },
    "hendrycksTest-high_school_macroeconomics": {
      "acc": 0.2692307692307692,
      "acc_stderr": 0.022489389793654824,
      "acc_norm": 0.25384615384615383,
      "acc_norm_stderr": 0.022066054378726257
    },
    "hendrycksTest-management": {
      "acc": 0.1650485436893204,
      "acc_stderr": 0.03675668832233188,
      "acc_norm": 0.2524271844660194,
      "acc_norm_stderr": 0.04301250399690877
    },
    "hendrycksTest-jurisprudence": {
      "acc": 0.25925925925925924,
      "acc_stderr": 0.04236511258094632,
      "acc_norm": 0.4166666666666667,
      "acc_norm_stderr": 0.04766075165356461
    },
    "hendrycksTest-marketing": {
      "acc": 0.33760683760683763,
      "acc_stderr": 0.03098029699261856,
      "acc_norm": 0.3504273504273504,
      "acc_norm_stderr": 0.031256108244218817
    },
    "hendrycksTest-moral_scenarios": {
      "acc": 0.23687150837988827,
      "acc_stderr": 0.01421957078810399,
      "acc_norm": 0.27262569832402234,
      "acc_norm_stderr": 0.014893391735249588
    },
    "hendrycksTest-elementary_mathematics": {
      "acc": 0.23544973544973544,
      "acc_stderr": 0.021851509822031732,
      "acc_norm": 0.22486772486772486,
      "acc_norm_stderr": 0.021502096078229147
    },
    "hendrycksTest-conceptual_physics": {
      "acc": 0.225531914893617,
      "acc_stderr": 0.027321078417387536,
      "acc_norm": 0.20425531914893616,
      "acc_norm_stderr": 0.026355158413349417
    },
    "hendrycksTest-college_computer_science": {
      "acc": 0.22,
      "acc_stderr": 0.041633319989322695,
      "acc_norm": 0.24,
      "acc_norm_stderr": 0.04292346959909282
    },
    "hendrycksTest-abstract_algebra": {
      "acc": 0.21,
      "acc_stderr": 0.040936018074033256,
      "acc_norm": 0.27,
      "acc_norm_stderr": 0.0446196043338474
    },
    "hendrycksTest-nutrition": {
      "acc": 0.3137254901960784,
      "acc_stderr": 0.02656892101545716,
      "acc_norm": 0.37254901960784315,
      "acc_norm_stderr": 0.027684181883302884
    },
    "hendrycksTest-human_sexuality": {
      "acc": 0.33587786259541985,
      "acc_stderr": 0.041423137719966634,
      "acc_norm": 0.2748091603053435,
      "acc_norm_stderr": 0.03915345408847836
    },
    "hendrycksTest-miscellaneous": {
      "acc": 0.29757343550446996,
      "acc_stderr": 0.01634911191290943,
      "acc_norm": 0.2681992337164751,
      "acc_norm_stderr": 0.015842430835269445
    },
    "hendrycksTest-security_studies": {
      "acc": 0.27755102040816326,
      "acc_stderr": 0.028666857790274655,
      "acc_norm": 0.2571428571428571,
      "acc_norm_stderr": 0.02797982353874455
    },
    "hendrycksTest-college_chemistry": {
      "acc": 0.23,
      "acc_stderr": 0.042295258468165065,
      "acc_norm": 0.3,
      "acc_norm_stderr": 0.046056618647183814
    },
    "hendrycksTest-high_school_government_and_politics": {
      "acc": 0.22797927461139897,
      "acc_stderr": 0.03027690994517826,
      "acc_norm": 0.25906735751295334,
      "acc_norm_stderr": 0.031618779179354094
    },
    "hendrycksTest-astronomy": {
      "acc": 0.2894736842105263,
      "acc_stderr": 0.03690677986137283,
      "acc_norm": 0.34210526315789475,
      "acc_norm_stderr": 0.038607315993160925
    },
    "hendrycksTest-high_school_psychology": {
      "acc": 0.22935779816513763,
      "acc_stderr": 0.018025349724618684,
      "acc_norm": 0.23302752293577983,
      "acc_norm_stderr": 0.018125669180861496
    },
    "hendrycksTest-computer_security": {
      "acc": 0.26,
      "acc_stderr": 0.04408440022768079,
      "acc_norm": 0.34,
      "acc_norm_stderr": 0.04760952285695236
    },
    "hendrycksTest-machine_learning": {
      "acc": 0.2767857142857143,
      "acc_stderr": 0.042466243366976256,
      "acc_norm": 0.22321428571428573,
      "acc_norm_stderr": 0.039523019677025116
    },
    "hendrycksTest-international_law": {
      "acc": 0.23140495867768596,
      "acc_stderr": 0.03849856098794088,