{
  "results": {
    "hendrycksTest-miscellaneous": {
      "acc": 0.27586206896551724,
      "acc_stderr": 0.015982814774695625,
      "acc_norm": 0.2681992337164751,
      "acc_norm_stderr": 0.015842430835269424
    },
    "hendrycksTest-college_chemistry": {
      "acc": 0.23,
      "acc_stderr": 0.04229525846816507,
      "acc_norm": 0.27,
      "acc_norm_stderr": 0.044619604333847394
    },
    "hendrycksTest-high_school_european_history": {
      "acc": 0.23030303030303031,
      "acc_stderr": 0.03287666758603489,
      "acc_norm": 0.2545454545454545,
      "acc_norm_stderr": 0.03401506715249039
    },
    "hendrycksTest-high_school_geography": {
      "acc": 0.25757575757575757,
      "acc_stderr": 0.031156269519646836,
      "acc_norm": 0.2676767676767677,
      "acc_norm_stderr": 0.03154449888270286
    },
    "hendrycksTest-high_school_government_and_politics": {
      "acc": 0.2538860103626943,
      "acc_stderr": 0.03141024780565317,
      "acc_norm": 0.30569948186528495,
      "acc_norm_stderr": 0.033248379397581594
    },
    "hendrycksTest-high_school_physics": {
      "acc": 0.25165562913907286,
      "acc_stderr": 0.03543304234389984,
      "acc_norm": 0.25165562913907286,
      "acc_norm_stderr": 0.035433042343899844
    },
    "hendrycksTest-professional_psychology": {
      "acc": 0.2549019607843137,
      "acc_stderr": 0.017630827375148383,
      "acc_norm": 0.25980392156862747,
      "acc_norm_stderr": 0.01774089950917779
    },
    "hendrycksTest-college_medicine": {
      "acc": 0.26011560693641617,
      "acc_stderr": 0.03345036916788991,
      "acc_norm": 0.3179190751445087,
      "acc_norm_stderr": 0.03550683989165581
    },
    "hendrycksTest-marketing": {
      "acc": 0.32905982905982906,
      "acc_stderr": 0.03078232157768816,
      "acc_norm": 0.32051282051282054,
      "acc_norm_stderr": 0.030572811310299604
    },
    "hendrycksTest-computer_security": {
      "acc": 0.27,
      "acc_stderr": 0.04461960433384741,
      "acc_norm": 0.34,
      "acc_norm_stderr": 0.04760952285695236
    },
    "hendrycksTest-high_school_computer_science": {
      "acc": 0.23,
      "acc_stderr": 0.04229525846816508,
      "acc_norm": 0.23,
      "acc_norm_stderr": 0.04229525846816505
    },
    "hendrycksTest-conceptual_physics": {
      "acc": 0.23829787234042554,
      "acc_stderr": 0.027851252973889774,
      "acc_norm": 0.2170212765957447,
      "acc_norm_stderr": 0.026947483121496214
    },
    "winogrande": {
      "acc": 0.5445935280189423,
      "acc_stderr": 0.013996485037729798
    },
    "hendrycksTest-clinical_knowledge": {
      "acc": 0.25660377358490566,
      "acc_stderr": 0.02688064788905199,
      "acc_norm": 0.2830188679245283,
      "acc_norm_stderr": 0.0277242364927009
    },
    "hendrycksTest-us_foreign_policy": {
      "acc": 0.3,
      "acc_stderr": 0.046056618647183814,
      "acc_norm": 0.29,
      "acc_norm_stderr": 0.04560480215720684
    },
    "hendrycksTest-college_physics": {
      "acc": 0.3235294117647059,
      "acc_stderr": 0.046550104113196177,
      "acc_norm": 0.30392156862745096,
      "acc_norm_stderr": 0.045766654032077636
    },
    "hendrycksTest-econometrics": {
      "acc": 0.2631578947368421,
      "acc_stderr": 0.04142439719489362,
      "acc_norm": 0.22807017543859648,
      "acc_norm_stderr": 0.03947152782669415
    },
    "hendrycksTest-high_school_us_history": {
      "acc": 0.22549019607843138,
      "acc_stderr": 0.029331162294251763,
      "acc_norm": 0.27941176470588236,
      "acc_norm_stderr": 0.031493281045079556
    },
    "hendrycksTest-jurisprudence": {
      "acc": 0.2777777777777778,
      "acc_stderr": 0.043300437496507416,
      "acc_norm": 0.32407407407407407,
      "acc_norm_stderr": 0.04524596007030048
    },
    "piqa": {
      "acc": 0.6926006528835691,
      "acc_stderr": 0.010765602506939064,
      "acc_norm": 0.690968443960827,
      "acc_norm_stderr": 0.010781419464406979
    },
    "hendrycksTest-medical_genetics": {
      "acc": 0.27,
      "acc_stderr": 0.044619604333847394,
      "acc_norm": 0.29,
      "acc_norm_stderr": 0.045604802157206845
    },
    "hendrycksTest-professional_law": {
      "acc": 0.2646675358539765,
      "acc_stderr": 0.011267332992845533,
      "acc_norm": 0.2737940026075619,
      "acc_norm_stderr": 0.011388612167979388
    },
    "hendrycksTest-professional_medicine": {
      "acc": 0.23897058823529413,
      "acc_stderr": 0.025905280644893013,
      "acc_norm": 0.26838235294117646,
      "acc_norm_stderr": 0.026917481224377215
    },
    "hendrycksTest-security_studies": {
      "acc": 0.2163265306122449,
      "acc_stderr": 0.026358916334904024,
      "acc_norm": 0.19183673469387755,
      "acc_norm_stderr": 0.025206963154225395
    },
    "hendrycksTest-global_facts": {
      "acc": 0.27,
      "acc_stderr": 0.04461960433384739,
      "acc_norm": 0.27,
      "acc_norm_stderr": 0.04461960433384739
    },
    "hendrycksTest-philosophy": {
      "acc": 0.2604501607717042,
      "acc_stderr": 0.02492672322484554,
      "acc_norm": 0.2797427652733119,
      "acc_norm_stderr": 0.025494259350694905
    },
    "hendrycksTest-high_school_chemistry": {
      "acc": 0.19704433497536947,
      "acc_stderr": 0.02798672466673622,
      "acc_norm": 0.21674876847290642,
      "acc_norm_stderr": 0.028990331252516235
    },
    "logiqa": {
      "acc": 0.22427035330261136,
      "acc_stderr": 0.0163600433482655,
      "acc_norm": 0.261136712749616,
      "acc_norm_stderr": 0.017228970682408615
    },
    "hendrycksTest-high_school_biology": {
      "acc": 0.24516129032258063,
      "acc_stderr": 0.02447224384089553,
      "acc_norm": 0.27419354838709675,
      "acc_norm_stderr": 0.025378139970885203
    },
    "hendrycksTest-high_school_psychology": {
      "acc": 0.28256880733944956,
      "acc_stderr": 0.019304243497707152,
      "acc_norm": 0.27155963302752295,
      "acc_norm_stderr": 0.01906909836319143
    },
    "hendrycksTest-virology": {
      "acc": 0.3493975903614458,
      "acc_stderr": 0.03711725190740749,
      "acc_norm": 0.3313253012048193,
      "acc_norm_stderr": 0.036643147772880864
    },
    "hendrycksTest-high_school_microeconomics": {
      "acc": 0.23109243697478993,
      "acc_stderr": 0.02738140692786897,
      "acc_norm": 0.2857142857142857,
      "acc_norm_stderr": 0.029344572500634356
    },
    "lambada_openai": {
      "ppl": 10.697798956632521,
      "ppl_stderr": 0.2946387630965897,
      "acc": 0.4934989326605861,
      "acc_stderr": 0.006965388813864569
    },
    "arc_easy": {
      "acc": 0.5867003367003367,
      "acc_stderr": 0.010104361780747513,
      "acc_norm": 0.5715488215488216,
      "acc_norm_stderr": 0.010154195733990965
    },
    "hendrycksTest-high_school_mathematics": {
      "acc": 0.2111111111111111,
      "acc_stderr": 0.024882116857655085,
      "acc_norm": 0.2518518518518518,
      "acc_norm_stderr": 0.02646611753895991
    },
    "hendrycksTest-anatomy": {
      "acc": 0.22962962962962963,
      "acc_stderr": 0.03633384414073464,
      "acc_norm": 0.2,
      "acc_norm_stderr": 0.03455473702325436
    },
    "hendrycksTest-moral_disputes": {
      "acc": 0.2630057803468208,
      "acc_stderr": 0.02370309952525817,
      "acc_norm": 0.2947976878612717,
      "acc_norm_stderr": 0.024547617794803838
    },
    "hendrycksTest-prehistory": {
      "acc": 0.21604938271604937,
      "acc_stderr": 0.022899162918445813,
      "acc_norm": 0.21296296296296297,
      "acc_norm_stderr": 0.022779719088733396
    },
    "hendrycksTest-college_biology": {
      "acc": 0.2013888888888889,
      "acc_stderr": 0.033536474697138406,
      "acc_norm": 0.2013888888888889,
      "acc_norm_stderr": 0.033536474697138406
    },
    "hendrycksTest-elementary_mathematics": {
      "acc": 0.24074074074074073,
      "acc_stderr": 0.022019080012217886,
      "acc_norm": 0.25132275132275134,
      "acc_norm_stderr": 0.022340482339643895
    },
    "hendrycksTest-logical_fallacies": {
      "acc": 0.2331288343558282,