{
  "results": {
    "hendrycksTest-professional_psychology": {
      "acc": 0.2679738562091503,
      "acc_stderr": 0.017917974069594726,
      "acc_norm": 0.27941176470588236,
      "acc_norm_stderr": 0.018152871051538826
    },
    "hendrycksTest-international_law": {
      "acc": 0.256198347107438,
      "acc_stderr": 0.03984979653302871,
      "acc_norm": 0.3140495867768595,
      "acc_norm_stderr": 0.04236964753041017
    },
    "hendrycksTest-us_foreign_policy": {
      "acc": 0.28,
      "acc_stderr": 0.045126085985421276,
      "acc_norm": 0.25,
      "acc_norm_stderr": 0.04351941398892446
    },
    "hendrycksTest-virology": {
      "acc": 0.3192771084337349,
      "acc_stderr": 0.03629335329947859,
      "acc_norm": 0.30120481927710846,
      "acc_norm_stderr": 0.0357160923005348
    },
    "hendrycksTest-college_chemistry": {
      "acc": 0.23,
      "acc_stderr": 0.04229525846816508,
      "acc_norm": 0.3,
      "acc_norm_stderr": 0.046056618647183814
    },
    "hendrycksTest-medical_genetics": {
      "acc": 0.25,
      "acc_stderr": 0.04351941398892446,
      "acc_norm": 0.28,
      "acc_norm_stderr": 0.04512608598542127
    },
    "hendrycksTest-abstract_algebra": {
      "acc": 0.2,
      "acc_stderr": 0.04020151261036845,
      "acc_norm": 0.21,
      "acc_norm_stderr": 0.040936018074033256
    },
    "hendrycksTest-human_sexuality": {
      "acc": 0.3893129770992366,
      "acc_stderr": 0.04276486542814591,
      "acc_norm": 0.35877862595419846,
      "acc_norm_stderr": 0.04206739313864908
    },
    "hendrycksTest-college_biology": {
      "acc": 0.2569444444444444,
      "acc_stderr": 0.03653946969442099,
      "acc_norm": 0.2777777777777778,
      "acc_norm_stderr": 0.03745554791462457
    },
    "hendrycksTest-global_facts": {
      "acc": 0.26,
      "acc_stderr": 0.04408440022768081,
      "acc_norm": 0.23,
      "acc_norm_stderr": 0.04229525846816505
    },
    "hendrycksTest-clinical_knowledge": {
      "acc": 0.2641509433962264,
      "acc_stderr": 0.0271342916287417,
      "acc_norm": 0.33584905660377357,
      "acc_norm_stderr": 0.029067220146644826
    },
    "hendrycksTest-high_school_physics": {
      "acc": 0.23841059602649006,
      "acc_stderr": 0.03479185572599661,
      "acc_norm": 0.23841059602649006,
      "acc_norm_stderr": 0.0347918557259966
    },
    "hendrycksTest-electrical_engineering": {
      "acc": 0.23448275862068965,
      "acc_stderr": 0.035306258743465914,
      "acc_norm": 0.27586206896551724,
      "acc_norm_stderr": 0.037245636197746325
    },
    "hendrycksTest-formal_logic": {
      "acc": 0.29365079365079366,
      "acc_stderr": 0.04073524322147126,
      "acc_norm": 0.2698412698412698,
      "acc_norm_stderr": 0.03970158273235173
    },
    "lambada_openai": {
      "ppl": 7.468972003445208,
      "ppl_stderr": 0.18853169298042063,
      "acc": 0.5608383465942169,
      "acc_stderr": 0.0069142189603916375
    },
    "hendrycksTest-professional_law": {
      "acc": 0.2516297262059974,
      "acc_stderr": 0.011083276280441917,
      "acc_norm": 0.24837027379400262,
      "acc_norm_stderr": 0.011035212598034503
    },
    "wsc": {
      "acc": 0.36538461538461536,
      "acc_stderr": 0.0474473339327792
    },
    "hendrycksTest-conceptual_physics": {
      "acc": 0.2765957446808511,
      "acc_stderr": 0.029241883869628824,
      "acc_norm": 0.2127659574468085,
      "acc_norm_stderr": 0.026754391348039773
    },
    "piqa": {
      "acc": 0.7301414581066377,
      "acc_stderr": 0.010356595421852207,
      "acc_norm": 0.735038084874864,
      "acc_norm_stderr": 0.010296557993316042
    },
    "hendrycksTest-world_religions": {
      "acc": 0.3508771929824561,
      "acc_stderr": 0.03660298834049163,
      "acc_norm": 0.391812865497076,
      "acc_norm_stderr": 0.037439798259264
    },
    "hendrycksTest-high_school_macroeconomics": {
      "acc": 0.24871794871794872,
      "acc_stderr": 0.0219169577092138,
      "acc_norm": 0.2641025641025641,
      "acc_norm_stderr": 0.022352193737453268
    },
    "arc_challenge": {
      "acc": 0.2909556313993174,
      "acc_stderr": 0.013273077865907593,
      "acc_norm": 0.3225255972696246,
      "acc_norm_stderr": 0.013659980894277371
    },
    "hendrycksTest-high_school_mathematics": {
      "acc": 0.25555555555555554,
      "acc_stderr": 0.026593939101844065,
      "acc_norm": 0.2777777777777778,
      "acc_norm_stderr": 0.027309140588230172
    },
    "hendrycksTest-management": {
      "acc": 0.27184466019417475,
      "acc_stderr": 0.044052680241409216,
      "acc_norm": 0.2621359223300971,
      "acc_norm_stderr": 0.043546310772605956
    },
    "hendrycksTest-marketing": {
      "acc": 0.3803418803418803,
      "acc_stderr": 0.03180425204384099,
      "acc_norm": 0.36752136752136755,
      "acc_norm_stderr": 0.031585391577456365
    },
    "arc_easy": {
      "acc": 0.6401515151515151,
      "acc_stderr": 0.009848484848484843,
      "acc_norm": 0.6376262626262627,
      "acc_norm_stderr": 0.009863468202583771
    },
    "hendrycksTest-high_school_biology": {
      "acc": 0.24838709677419354,
      "acc_stderr": 0.024580028921481003,
      "acc_norm": 0.2806451612903226,
      "acc_norm_stderr": 0.025560604721022895
    },
    "hendrycksTest-astronomy": {
      "acc": 0.2236842105263158,
      "acc_stderr": 0.03391160934343603,
      "acc_norm": 0.2631578947368421,
      "acc_norm_stderr": 0.035834961763610625
    },
    "hendrycksTest-moral_scenarios": {
      "acc": 0.22905027932960895,
      "acc_stderr": 0.014054314935614572,
      "acc_norm": 0.23798882681564246,
      "acc_norm_stderr": 0.014242630070574906
    },
    "hendrycksTest-professional_medicine": {
      "acc": 0.2647058823529412,
      "acc_stderr": 0.026799562024887667,
      "acc_norm": 0.2610294117647059,
      "acc_norm_stderr": 0.026679252270103128
    },
    "winogrande": {
      "acc": 0.5872138910812944,
      "acc_stderr": 0.013837060648682096
    },
    "hendrycksTest-security_studies": {
      "acc": 0.2693877551020408,
      "acc_stderr": 0.02840125202902294,
      "acc_norm": 0.23673469387755103,
      "acc_norm_stderr": 0.027212835884073153
    },
    "hendrycksTest-high_school_european_history": {
      "acc": 0.24242424242424243,
      "acc_stderr": 0.033464098810559534,
      "acc_norm": 0.2909090909090909,
      "acc_norm_stderr": 0.03546563019624336
    },
    "logiqa": {
      "acc": 0.23195084485407066,
      "acc_stderr": 0.0165552524979259,
      "acc_norm": 0.25499231950844853,
      "acc_norm_stderr": 0.01709571410527983
    },
    "hendrycksTest-elementary_mathematics": {
      "acc": 0.24074074074074073,
      "acc_stderr": 0.022019080012217883,
      "acc_norm": 0.25396825396825395,
      "acc_norm_stderr": 0.022418042891113935
    },
    "hendrycksTest-high_school_us_history": {
      "acc": 0.27941176470588236,
      "acc_stderr": 0.031493281045079556,
      "acc_norm": 0.29411764705882354,
      "acc_norm_stderr": 0.03198001660115073
    },
    "hendrycksTest-nutrition": {
      "acc": 0.32679738562091504,
      "acc_stderr": 0.02685729466328143,
      "acc_norm": 0.3366013071895425,
      "acc_norm_stderr": 0.027057974624494382
    },
    "hendrycksTest-high_school_computer_science": {
      "acc": 0.31,
      "acc_stderr": 0.04648231987117316,
      "acc_norm": 0.29,
      "acc_norm_stderr": 0.04560480215720684
    },
    "hendrycksTest-high_school_psychology": {
      "acc": 0.28990825688073396,
      "acc_stderr": 0.019453066609201607,
      "acc_norm": 0.27522935779816515,
      "acc_norm_stderr": 0.019149093743155203
    },
    "hendrycksTest-human_aging": {
      "acc": 0.2645739910313901,
      "acc_stderr": 0.02960510321703833,
      "acc_norm": 0.24663677130044842,
      "acc_norm_stderr": 0.028930413120910874
    },
    "hendrycksTest-machine_learning": {
      "acc": 0.25,
      "acc_stderr": 0.04109974682633932,
      "acc_norm": 0.25892857142857145,
      "acc_norm_stderr": 0.04157751539865629
    },