{
  "results": {
    "hendrycksTest-sociology": {
      "acc": 0.3034825870646766,
      "acc_stderr": 0.03251006816458619,
      "acc_norm": 0.3283582089552239,
      "acc_norm_stderr": 0.033206858897443244
    },
    "hendrycksTest-security_studies": {
      "acc": 0.2816326530612245,
      "acc_stderr": 0.02879518557429129,
      "acc_norm": 0.24897959183673468,
      "acc_norm_stderr": 0.027682979522960234
    },
    "hendrycksTest-college_mathematics": {
      "acc": 0.27,
      "acc_stderr": 0.0446196043338474,
      "acc_norm": 0.27,
      "acc_norm_stderr": 0.044619604333847394
    },
    "hendrycksTest-clinical_knowledge": {
      "acc": 0.2528301886792453,
      "acc_stderr": 0.026749899771241238,
      "acc_norm": 0.3471698113207547,
      "acc_norm_stderr": 0.02930010170554965
    },
    "hendrycksTest-college_biology": {
      "acc": 0.24305555555555555,
      "acc_stderr": 0.03586879280080341,
      "acc_norm": 0.2361111111111111,
      "acc_norm_stderr": 0.03551446610810826
    },
    "hendrycksTest-management": {
      "acc": 0.3300970873786408,
      "acc_stderr": 0.046561471100123486,
      "acc_norm": 0.32038834951456313,
      "acc_norm_stderr": 0.046202840822800406
    },
    "hendrycksTest-high_school_european_history": {
      "acc": 0.23636363636363636,
      "acc_stderr": 0.033175059300091805,
      "acc_norm": 0.2787878787878788,
      "acc_norm_stderr": 0.03501438706296781
    },
    "hendrycksTest-professional_medicine": {
      "acc": 0.30514705882352944,
      "acc_stderr": 0.027971541370170598,
      "acc_norm": 0.31985294117647056,
      "acc_norm_stderr": 0.028332959514031218
    },
    "hendrycksTest-machine_learning": {
      "acc": 0.17857142857142858,
      "acc_stderr": 0.036352091215778065,
      "acc_norm": 0.16071428571428573,
      "acc_norm_stderr": 0.03485946096475741
    },
    "hendrycksTest-astronomy": {
      "acc": 0.23684210526315788,
      "acc_stderr": 0.03459777606810536,
      "acc_norm": 0.32894736842105265,
      "acc_norm_stderr": 0.038234289699266046
    },
    "arc_easy": {
      "acc": 0.43013468013468015,
      "acc_stderr": 0.010159130445178518,
      "acc_norm": 0.4006734006734007,
      "acc_norm_stderr": 0.01005530447425556
    },
    "winogrande": {
      "acc": 0.5059194948697711,
      "acc_stderr": 0.014051500838485807
    },
    "hendrycksTest-econometrics": {
      "acc": 0.2631578947368421,
      "acc_stderr": 0.0414243971948936,
      "acc_norm": 0.2543859649122807,
      "acc_norm_stderr": 0.0409698513984367
    },
    "hendrycksTest-high_school_government_and_politics": {
      "acc": 0.27461139896373055,
      "acc_stderr": 0.03221024508041156,
      "acc_norm": 0.2538860103626943,
      "acc_norm_stderr": 0.03141024780565319
    },
    "hendrycksTest-professional_law": {
      "acc": 0.24119947848761408,
      "acc_stderr": 0.010926496102034956,
      "acc_norm": 0.2796610169491525,
      "acc_norm_stderr": 0.011463397393861941
    },
    "hendrycksTest-high_school_microeconomics": {
      "acc": 0.2184873949579832,
      "acc_stderr": 0.02684151432295894,
      "acc_norm": 0.31512605042016806,
      "acc_norm_stderr": 0.03017680828897434
    },
    "hendrycksTest-business_ethics": {
      "acc": 0.32,
      "acc_stderr": 0.04688261722621504,
      "acc_norm": 0.3,
      "acc_norm_stderr": 0.046056618647183814
    },
    "hendrycksTest-high_school_mathematics": {
      "acc": 0.25555555555555554,
      "acc_stderr": 0.02659393910184405,
      "acc_norm": 0.3148148148148148,
      "acc_norm_stderr": 0.02831753349606647
    },
    "hendrycksTest-moral_disputes": {
      "acc": 0.25722543352601157,
      "acc_stderr": 0.02353292543104428,
      "acc_norm": 0.3092485549132948,
      "acc_norm_stderr": 0.024883140570071755
    },
    "hendrycksTest-high_school_physics": {
      "acc": 0.31125827814569534,
      "acc_stderr": 0.03780445850526733,
      "acc_norm": 0.2980132450331126,
      "acc_norm_stderr": 0.03734535676787198
    },
    "hendrycksTest-jurisprudence": {
      "acc": 0.25925925925925924,
      "acc_stderr": 0.04236511258094633,
      "acc_norm": 0.39814814814814814,
      "acc_norm_stderr": 0.04732332615978814
    },
    "hendrycksTest-college_computer_science": {
      "acc": 0.31,
      "acc_stderr": 0.04648231987117316,
      "acc_norm": 0.3,
      "acc_norm_stderr": 0.046056618647183814
    },
    "hendrycksTest-anatomy": {
      "acc": 0.26666666666666666,
      "acc_stderr": 0.038201699145179055,
      "acc_norm": 0.24444444444444444,
      "acc_norm_stderr": 0.037125378336148665
    },
    "hendrycksTest-college_medicine": {
      "acc": 0.24277456647398843,
      "acc_stderr": 0.0326926380614177,
      "acc_norm": 0.2832369942196532,
      "acc_norm_stderr": 0.03435568056047873
    },
    "hendrycksTest-high_school_us_history": {
      "acc": 0.24509803921568626,
      "acc_stderr": 0.030190282453501943,
      "acc_norm": 0.2549019607843137,
      "acc_norm_stderr": 0.03058759135160425
    },
    "hendrycksTest-human_aging": {
      "acc": 0.24663677130044842,
      "acc_stderr": 0.028930413120910888,
      "acc_norm": 0.21973094170403587,
      "acc_norm_stderr": 0.027790177064383595
    },
    "hendrycksTest-human_sexuality": {
      "acc": 0.37404580152671757,
      "acc_stderr": 0.042438692422305246,
      "acc_norm": 0.2900763358778626,
      "acc_norm_stderr": 0.03980066246467766
    },
    "hendrycksTest-miscellaneous": {
      "acc": 0.21583652618135377,
      "acc_stderr": 0.014711684386139935,
      "acc_norm": 0.23243933588761176,
      "acc_norm_stderr": 0.015104550008905704
    },
    "hendrycksTest-professional_accounting": {
      "acc": 0.3120567375886525,
      "acc_stderr": 0.027640120545169924,
      "acc_norm": 0.2695035460992908,
      "acc_norm_stderr": 0.026469036818590627
    },
    "hendrycksTest-high_school_geography": {
      "acc": 0.29292929292929293,
      "acc_stderr": 0.03242497958178815,
      "acc_norm": 0.30808080808080807,
      "acc_norm_stderr": 0.032894773300986155
    },
    "logiqa": {
      "acc": 0.23809523809523808,
      "acc_stderr": 0.016705867034419633,
      "acc_norm": 0.282642089093702,
      "acc_norm_stderr": 0.017661585370360618
    },
    "hendrycksTest-college_chemistry": {
      "acc": 0.23,
      "acc_stderr": 0.04229525846816505,
      "acc_norm": 0.26,
      "acc_norm_stderr": 0.044084400227680794
    },
    "hendrycksTest-international_law": {
      "acc": 0.17355371900826447,
      "acc_stderr": 0.03457272836917671,
      "acc_norm": 0.36363636363636365,
      "acc_norm_stderr": 0.043913262867240704
    },
    "arc_challenge": {
      "acc": 0.18600682593856654,
      "acc_stderr": 0.011370940183266738,
      "acc_norm": 0.24573378839590443,
      "acc_norm_stderr": 0.012581033453730107
    },
    "wsc": {
      "acc": 0.36538461538461536,
      "acc_stderr": 0.0474473339327792
    },
    "hendrycksTest-us_foreign_policy": {
      "acc": 0.27,
      "acc_stderr": 0.04461960433384741,
      "acc_norm": 0.23,
      "acc_norm_stderr": 0.04229525846816505
    },
    "hendrycksTest-high_school_chemistry": {
      "acc": 0.1921182266009852,
      "acc_stderr": 0.027719315709614775,
      "acc_norm": 0.2413793103448276,
      "acc_norm_stderr": 0.030108330718011625
    },
    "hendrycksTest-medical_genetics": {
      "acc": 0.25,
      "acc_stderr": 0.04351941398892446,
      "acc_norm": 0.36,
      "acc_norm_stderr": 0.048241815132442176
    },
    "hendrycksTest-moral_scenarios": {
      "acc": 0.23910614525139665,
      "acc_stderr": 0.01426555419233114,
      "acc_norm": 0.24581005586592178,
      "acc_norm_stderr": 0.014400296429225622
    },
    "hendrycksTest-high_school_computer_science": {
      "acc": 0.17,
      "acc_stderr": 0.03775251680686371,
      "acc_norm": 0.24,
      "acc_norm_stderr": 0.04292346959909283
    },
    "hendrycksTest-world_religions": {
      "acc": 0.24561403508771928,
      "acc_stderr": 0.03301405946987249,
      "acc_norm": 0.22807017543859648,