{
  "results": {
    "hendrycksTest-high_school_physics": {
      "acc": 0.25165562913907286,
      "acc_stderr": 0.035433042343899844,
      "acc_norm": 0.304635761589404,
      "acc_norm_stderr": 0.03757949922943343
    },
    "lambada_openai": {
      "ppl": 11.235339371990491,
      "ppl_stderr": 0.3157858880332782,
      "acc": 0.47254026780516206,
      "acc_stderr": 0.006955464515621091
    },
    "hendrycksTest-world_religions": {
      "acc": 0.30994152046783624,
      "acc_stderr": 0.035469769593931624,
      "acc_norm": 0.34502923976608185,
      "acc_norm_stderr": 0.036459813773888065
    },
    "hendrycksTest-high_school_computer_science": {
      "acc": 0.19,
      "acc_stderr": 0.039427724440366234,
      "acc_norm": 0.25,
      "acc_norm_stderr": 0.04351941398892446
    },
    "hendrycksTest-high_school_macroeconomics": {
      "acc": 0.2512820512820513,
      "acc_stderr": 0.02199201666237056,
      "acc_norm": 0.24358974358974358,
      "acc_norm_stderr": 0.02176373368417391
    },
    "hendrycksTest-electrical_engineering": {
      "acc": 0.21379310344827587,
      "acc_stderr": 0.03416520447747549,
      "acc_norm": 0.23448275862068965,
      "acc_norm_stderr": 0.035306258743465914
    },
    "hendrycksTest-philosophy": {
      "acc": 0.21864951768488747,
      "acc_stderr": 0.023475581417861106,
      "acc_norm": 0.26366559485530544,
      "acc_norm_stderr": 0.02502553850053234
    },
    "hendrycksTest-jurisprudence": {
      "acc": 0.25,
      "acc_stderr": 0.04186091791394607,
      "acc_norm": 0.3148148148148148,
      "acc_norm_stderr": 0.04489931073591312
    },
    "hendrycksTest-moral_disputes": {
      "acc": 0.2976878612716763,
      "acc_stderr": 0.024617055388677003,
      "acc_norm": 0.33236994219653176,
      "acc_norm_stderr": 0.025361168749688214
    },
    "arc_easy": {
      "acc": 0.57996632996633,
      "acc_stderr": 0.01012771883852932,
      "acc_norm": 0.577020202020202,
      "acc_norm_stderr": 0.010137328382209087
    },
    "hendrycksTest-international_law": {
      "acc": 0.256198347107438,
      "acc_stderr": 0.03984979653302871,
      "acc_norm": 0.36363636363636365,
      "acc_norm_stderr": 0.043913262867240704
    },
    "hendrycksTest-virology": {
      "acc": 0.30120481927710846,
      "acc_stderr": 0.0357160923005348,
      "acc_norm": 0.3373493975903614,
      "acc_norm_stderr": 0.03680783690727581
    },
    "hendrycksTest-college_biology": {
      "acc": 0.2638888888888889,
      "acc_stderr": 0.03685651095897532,
      "acc_norm": 0.25,
      "acc_norm_stderr": 0.03621034121889507
    },
    "hendrycksTest-high_school_mathematics": {
      "acc": 0.32222222222222224,
      "acc_stderr": 0.028493465091028593,
      "acc_norm": 0.32222222222222224,
      "acc_norm_stderr": 0.028493465091028593
    },
    "hendrycksTest-high_school_world_history": {
      "acc": 0.270042194092827,
      "acc_stderr": 0.028900721906293426,
      "acc_norm": 0.2911392405063291,
      "acc_norm_stderr": 0.02957160106575337
    },
    "hendrycksTest-high_school_chemistry": {
      "acc": 0.2019704433497537,
      "acc_stderr": 0.028247350122180277,
      "acc_norm": 0.23645320197044334,
      "acc_norm_stderr": 0.029896114291733552
    },
    "hendrycksTest-abstract_algebra": {
      "acc": 0.21,
      "acc_stderr": 0.040936018074033256,
      "acc_norm": 0.26,
      "acc_norm_stderr": 0.0440844002276808
    },
    "sciq": {
      "acc": 0.888,
      "acc_stderr": 0.009977753031397233,
      "acc_norm": 0.889,
      "acc_norm_stderr": 0.009938701010583726
    },
    "hendrycksTest-computer_security": {
      "acc": 0.3,
      "acc_stderr": 0.046056618647183814,
      "acc_norm": 0.29,
      "acc_norm_stderr": 0.045604802157206845
    },
    "wsc": {
      "acc": 0.36538461538461536,
      "acc_stderr": 0.0474473339327792
    },
    "hendrycksTest-medical_genetics": {
      "acc": 0.34,
      "acc_stderr": 0.04760952285695235,
      "acc_norm": 0.39,
      "acc_norm_stderr": 0.04902071300001975
    },
    "hendrycksTest-high_school_geography": {
      "acc": 0.20707070707070707,
      "acc_stderr": 0.028869778460267066,
      "acc_norm": 0.22727272727272727,
      "acc_norm_stderr": 0.0298575156733864
    },
    "hendrycksTest-professional_medicine": {
      "acc": 0.20220588235294118,
      "acc_stderr": 0.024398192986654924,
      "acc_norm": 0.22426470588235295,
      "acc_norm_stderr": 0.02533684856333237
    },
    "hendrycksTest-conceptual_physics": {
      "acc": 0.2680851063829787,
      "acc_stderr": 0.02895734278834235,
      "acc_norm": 0.2425531914893617,
      "acc_norm_stderr": 0.028020226271200217
    },
    "hendrycksTest-professional_accounting": {
      "acc": 0.3049645390070922,
      "acc_stderr": 0.027464708442022145,
      "acc_norm": 0.30851063829787234,
      "acc_norm_stderr": 0.02755336616510136
    },
    "hendrycksTest-astronomy": {
      "acc": 0.15789473684210525,
      "acc_stderr": 0.02967416752010144,
      "acc_norm": 0.21710526315789475,
      "acc_norm_stderr": 0.033550453048829226
    },
    "hendrycksTest-anatomy": {
      "acc": 0.23703703703703705,
      "acc_stderr": 0.03673731683969506,
      "acc_norm": 0.2222222222222222,
      "acc_norm_stderr": 0.03591444084196969
    },
    "hendrycksTest-management": {
      "acc": 0.30097087378640774,
      "acc_stderr": 0.04541609446503949,
      "acc_norm": 0.2524271844660194,
      "acc_norm_stderr": 0.04301250399690879
    },
    "hendrycksTest-professional_law": {
      "acc": 0.24445893089960888,
      "acc_stderr": 0.010976425013113907,
      "acc_norm": 0.258148631029987,
      "acc_norm_stderr": 0.011176923719313385
    },
    "hendrycksTest-elementary_mathematics": {
      "acc": 0.24867724867724866,
      "acc_stderr": 0.022261817692400175,
      "acc_norm": 0.25132275132275134,
      "acc_norm_stderr": 0.022340482339643895
    },
    "hendrycksTest-nutrition": {
      "acc": 0.30392156862745096,
      "acc_stderr": 0.026336613469046654,
      "acc_norm": 0.35294117647058826,
      "acc_norm_stderr": 0.027363593284684948
    },
    "hendrycksTest-security_studies": {
      "acc": 0.2816326530612245,
      "acc_stderr": 0.02879518557429129,
      "acc_norm": 0.23265306122448978,
      "acc_norm_stderr": 0.02704925791589618
    },
    "hendrycksTest-econometrics": {
      "acc": 0.19298245614035087,
      "acc_stderr": 0.037124548537213684,
      "acc_norm": 0.19298245614035087,
      "acc_norm_stderr": 0.037124548537213684
    },
    "hendrycksTest-high_school_microeconomics": {
      "acc": 0.24369747899159663,
      "acc_stderr": 0.027886828078380586,
      "acc_norm": 0.27310924369747897,
      "acc_norm_stderr": 0.028942004040998164
    },
    "winogrande": {
      "acc": 0.5090765588003157,
      "acc_stderr": 0.014050170094497707
    },
    "hendrycksTest-marketing": {
      "acc": 0.29914529914529914,
      "acc_stderr": 0.02999695185834948,
      "acc_norm": 0.3076923076923077,
      "acc_norm_stderr": 0.030236389942173102
    },
    "hendrycksTest-clinical_knowledge": {
      "acc": 0.30566037735849055,
      "acc_stderr": 0.02835329807332266,
      "acc_norm": 0.3433962264150943,
      "acc_norm_stderr": 0.02922452646912479
    },
    "piqa": {
      "acc": 0.6964091403699674,
      "acc_stderr": 0.010728079893076349,
      "acc_norm": 0.6969532100108814,
      "acc_norm_stderr": 0.010722648689531508
    },
    "logiqa": {
      "acc": 0.20583717357910905,
      "acc_stderr": 0.01585842321932389,
      "acc_norm": 0.2411674347158218,
      "acc_norm_stderr": 0.016779369344911064
    },
    "hendrycksTest-high_school_european_history": {
      "acc": 0.23030303030303031,
      "acc_stderr": 0.03287666758603488,
      "acc_norm": 0.3090909090909091,
      "acc_norm_stderr": 0.036085410115739666
    },
    "hendrycksTest-professional_psychology": {
      "acc": 0.2630718954248366,
      "acc_stderr": 0.017812676542320653,
      "acc_norm": 0.2696078431372549,
      "acc_norm_stderr": 0.017952449196987866
    },