{
  "results": {
    "hendrycksTest-medical_genetics": {
      "acc": 0.34,
      "acc_stderr": 0.047609522856952344,
      "acc_norm": 0.41,
      "acc_norm_stderr": 0.04943110704237102
    },
    "hendrycksTest-philosophy": {
      "acc": 0.33762057877813506,
      "acc_stderr": 0.02685882587948853,
      "acc_norm": 0.34726688102893893,
      "acc_norm_stderr": 0.027040745502307336
    },
    "hendrycksTest-prehistory": {
      "acc": 0.2654320987654321,
      "acc_stderr": 0.024569223600460856,
      "acc_norm": 0.26851851851851855,
      "acc_norm_stderr": 0.024659685185967284
    },
    "winogrande": {
      "acc": 0.648776637726914,
      "acc_stderr": 0.013415981370545135
    },
    "hendrycksTest-human_sexuality": {
      "acc": 0.33587786259541985,
      "acc_stderr": 0.041423137719966634,
      "acc_norm": 0.2900763358778626,
      "acc_norm_stderr": 0.03980066246467766
    },
    "hendrycksTest-high_school_us_history": {
      "acc": 0.27450980392156865,
      "acc_stderr": 0.031321798030832924,
      "acc_norm": 0.2647058823529412,
      "acc_norm_stderr": 0.03096451792692339
    },
    "lambada_openai": {
      "ppl": 4.638404389432458,
      "ppl_stderr": 0.10211622961278875,
      "acc": 0.6671841645643315,
      "acc_stderr": 0.006565033230659717
    },
    "hendrycksTest-high_school_statistics": {
      "acc": 0.23148148148148148,
      "acc_stderr": 0.028765111718046937,
      "acc_norm": 0.28703703703703703,
      "acc_norm_stderr": 0.03085199299325701
    },
    "hendrycksTest-econometrics": {
      "acc": 0.2543859649122807,
      "acc_stderr": 0.040969851398436716,
      "acc_norm": 0.23684210526315788,
      "acc_norm_stderr": 0.03999423879281336
    },
    "hendrycksTest-professional_medicine": {
      "acc": 0.3382352941176471,
      "acc_stderr": 0.028739328513983576,
      "acc_norm": 0.3602941176470588,
      "acc_norm_stderr": 0.029163128570670733
    },
    "hendrycksTest-global_facts": {
      "acc": 0.29,
      "acc_stderr": 0.04560480215720684,
      "acc_norm": 0.33,
      "acc_norm_stderr": 0.04725815626252604
    },
    "hendrycksTest-high_school_world_history": {
      "acc": 0.2742616033755274,
      "acc_stderr": 0.02904133351059804,
      "acc_norm": 0.3080168776371308,
      "acc_norm_stderr": 0.030052389335605695
    },
    "hendrycksTest-management": {
      "acc": 0.2524271844660194,
      "acc_stderr": 0.043012503996908764,
      "acc_norm": 0.27184466019417475,
      "acc_norm_stderr": 0.044052680241409216
    },
    "hendrycksTest-high_school_macroeconomics": {
      "acc": 0.26666666666666666,
      "acc_stderr": 0.02242127361292371,
      "acc_norm": 0.2641025641025641,
      "acc_norm_stderr": 0.02235219373745327
    },
    "hendrycksTest-professional_psychology": {
      "acc": 0.3022875816993464,
      "acc_stderr": 0.01857923271111387,
      "acc_norm": 0.30392156862745096,
      "acc_norm_stderr": 0.018607552131279834
    },
    "hendrycksTest-conceptual_physics": {
      "acc": 0.2978723404255319,
      "acc_stderr": 0.029896145682095462,
      "acc_norm": 0.2680851063829787,
      "acc_norm_stderr": 0.028957342788342347
    },
    "hendrycksTest-computer_security": {
      "acc": 0.26,
      "acc_stderr": 0.04408440022768078,
      "acc_norm": 0.25,
      "acc_norm_stderr": 0.04351941398892446
    },
    "hendrycksTest-high_school_chemistry": {
      "acc": 0.22660098522167488,
      "acc_stderr": 0.029454863835292982,
      "acc_norm": 0.2561576354679803,
      "acc_norm_stderr": 0.0307127300709826
    },
    "sciq": {
      "acc": 0.95,
      "acc_stderr": 0.00689547297489789,
      "acc_norm": 0.955,
      "acc_norm_stderr": 0.006558812241406104
    },
    "hendrycksTest-professional_accounting": {
      "acc": 0.28368794326241137,
      "acc_stderr": 0.02689170942834396,
      "acc_norm": 0.2765957446808511,
      "acc_norm_stderr": 0.026684564340460994
    },
    "hendrycksTest-high_school_computer_science": {
      "acc": 0.33,
      "acc_stderr": 0.04725815626252603,
      "acc_norm": 0.36,
      "acc_norm_stderr": 0.048241815132442176
    },
    "hendrycksTest-high_school_microeconomics": {
      "acc": 0.3025210084033613,
      "acc_stderr": 0.02983796238829193,
      "acc_norm": 0.33613445378151263,
      "acc_norm_stderr": 0.03068473711513536
    },
    "hendrycksTest-professional_law": {
      "acc": 0.2620599739243807,
      "acc_stderr": 0.011231552795890394,
      "acc_norm": 0.2646675358539765,
      "acc_norm_stderr": 0.01126733299284554
    },
    "hendrycksTest-high_school_physics": {
      "acc": 0.23178807947019867,
      "acc_stderr": 0.034454062719870546,
      "acc_norm": 0.2582781456953642,
      "acc_norm_stderr": 0.035737053147634576
    },
    "hendrycksTest-formal_logic": {
      "acc": 0.35714285714285715,
      "acc_stderr": 0.04285714285714281,
      "acc_norm": 0.3492063492063492,
      "acc_norm_stderr": 0.04263906892795132
    },
    "logiqa": {
      "acc": 0.21658986175115208,
      "acc_stderr": 0.0161568605831783,
      "acc_norm": 0.25806451612903225,
      "acc_norm_stderr": 0.017162894755127063
    },
    "hendrycksTest-high_school_psychology": {
      "acc": 0.30091743119266057,
      "acc_stderr": 0.019664751366802114,
      "acc_norm": 0.28073394495412846,
      "acc_norm_stderr": 0.019266055045871613
    },
    "hendrycksTest-high_school_mathematics": {
      "acc": 0.2777777777777778,
      "acc_stderr": 0.027309140588230182,
      "acc_norm": 0.3037037037037037,
      "acc_norm_stderr": 0.02803792996911499
    },
    "hendrycksTest-high_school_geography": {
      "acc": 0.2727272727272727,
      "acc_stderr": 0.03173071239071724,
      "acc_norm": 0.3484848484848485,
      "acc_norm_stderr": 0.033948539651564025
    },
    "hendrycksTest-marketing": {
      "acc": 0.3247863247863248,
      "acc_stderr": 0.030679022765498835,
      "acc_norm": 0.3418803418803419,
      "acc_norm_stderr": 0.031075028526507766
    },
    "hendrycksTest-moral_scenarios": {
      "acc": 0.25139664804469275,
      "acc_stderr": 0.014508979453553976,
      "acc_norm": 0.2547486033519553,
      "acc_norm_stderr": 0.014572650383409158
    },
    "hendrycksTest-electrical_engineering": {
      "acc": 0.3448275862068966,
      "acc_stderr": 0.03960933549451207,
      "acc_norm": 0.3586206896551724,
      "acc_norm_stderr": 0.039966295748767186
    },
    "hendrycksTest-logical_fallacies": {
      "acc": 0.2883435582822086,
      "acc_stderr": 0.035590395316173425,
      "acc_norm": 0.26380368098159507,
      "acc_norm_stderr": 0.034624199316156234
    },
    "hendrycksTest-college_biology": {
      "acc": 0.24305555555555555,
      "acc_stderr": 0.03586879280080343,
      "acc_norm": 0.24305555555555555,
      "acc_norm_stderr": 0.03586879280080342
    },
    "hendrycksTest-college_chemistry": {
      "acc": 0.24,
      "acc_stderr": 0.042923469599092816,
      "acc_norm": 0.21,
      "acc_norm_stderr": 0.040936018074033256
    },
    "hendrycksTest-clinical_knowledge": {
      "acc": 0.27169811320754716,
      "acc_stderr": 0.027377706624670713,
      "acc_norm": 0.3169811320754717,
      "acc_norm_stderr": 0.028637235639800928
    },
    "hendrycksTest-miscellaneous": {
      "acc": 0.37420178799489145,
      "acc_stderr": 0.01730480507225204,
      "acc_norm": 0.3652618135376756,
      "acc_norm_stderr": 0.017218530028838643
    },
    "hendrycksTest-security_studies": {
      "acc": 0.2571428571428571,
      "acc_stderr": 0.02797982353874455,
      "acc_norm": 0.20816326530612245,
      "acc_norm_stderr": 0.025991117672813296
    },
    "hendrycksTest-college_mathematics": {
      "acc": 0.24,
      "acc_stderr": 0.04292346959909282,
      "acc_norm": 0.26,
      "acc_norm_stderr": 0.0440844002276808
    },
    "hendrycksTest-high_school_biology": {
      "acc": 0.27419354838709675,
      "acc_stderr": 0.025378139970885196,
      "acc_norm": 0.267741935483871,
      "acc_norm_stderr": 0.02518900666021238
    },
    "hendrycksTest-abstract_algebra": {
      "acc": 0.25,