{
  "results": {
    "hendrycksTest-sociology": {
      "acc": 0.32338308457711445,
      "acc_stderr": 0.03307615947979033,
      "acc_norm": 0.3383084577114428,
      "acc_norm_stderr": 0.03345563070339193
    },
    "hendrycksTest-high_school_macroeconomics": {
      "acc": 0.2230769230769231,
      "acc_stderr": 0.021107730127243988,
      "acc_norm": 0.2692307692307692,
      "acc_norm_stderr": 0.022489389793654842
    },
    "hendrycksTest-college_computer_science": {
      "acc": 0.39,
      "acc_stderr": 0.04902071300001975,
      "acc_norm": 0.37,
      "acc_norm_stderr": 0.04852365870939099
    },
    "hendrycksTest-electrical_engineering": {
      "acc": 0.3448275862068966,
      "acc_stderr": 0.03960933549451208,
      "acc_norm": 0.32413793103448274,
      "acc_norm_stderr": 0.03900432069185555
    },
    "hendrycksTest-professional_law": {
      "acc": 0.2438070404172099,
      "acc_stderr": 0.010966507972178472,
      "acc_norm": 0.23533246414602346,
      "acc_norm_stderr": 0.010834432543912214
    },
    "hendrycksTest-high_school_government_and_politics": {
      "acc": 0.27979274611398963,
      "acc_stderr": 0.032396370467357015,
      "acc_norm": 0.31088082901554404,
      "acc_norm_stderr": 0.03340361906276588
    },
    "arc_easy": {
      "acc": 0.7024410774410774,
      "acc_stderr": 0.009381226721815543,
      "acc_norm": 0.7053872053872053,
      "acc_norm_stderr": 0.009354224395837095
    },
    "hendrycksTest-logical_fallacies": {
      "acc": 0.2822085889570552,
      "acc_stderr": 0.03536117886664743,
      "acc_norm": 0.27607361963190186,
      "acc_norm_stderr": 0.0351238528370505
    },
    "hendrycksTest-virology": {
      "acc": 0.3192771084337349,
      "acc_stderr": 0.0362933532994786,
      "acc_norm": 0.3072289156626506,
      "acc_norm_stderr": 0.03591566797824664
    },
    "hendrycksTest-high_school_biology": {
      "acc": 0.2903225806451613,
      "acc_stderr": 0.02582210611941589,
      "acc_norm": 0.3,
      "acc_norm_stderr": 0.026069362295335137
    },
    "hendrycksTest-high_school_mathematics": {
      "acc": 0.22962962962962963,
      "acc_stderr": 0.025644108639267624,
      "acc_norm": 0.2851851851851852,
      "acc_norm_stderr": 0.02752859921034049
    },
    "hendrycksTest-nutrition": {
      "acc": 0.3104575163398693,
      "acc_stderr": 0.026493033225145894,
      "acc_norm": 0.35947712418300654,
      "acc_norm_stderr": 0.027475969910660952
    },
    "hendrycksTest-high_school_geography": {
      "acc": 0.30303030303030304,
      "acc_stderr": 0.032742879140268674,
      "acc_norm": 0.32323232323232326,
      "acc_norm_stderr": 0.033322999210706444
    },
    "hendrycksTest-security_studies": {
      "acc": 0.27346938775510204,
      "acc_stderr": 0.028535560337128448,
      "acc_norm": 0.2,
      "acc_norm_stderr": 0.025607375986579157
    },
    "hendrycksTest-prehistory": {
      "acc": 0.2623456790123457,
      "acc_stderr": 0.024477222856135114,
      "acc_norm": 0.25925925925925924,
      "acc_norm_stderr": 0.024383665531035447
    },
    "hendrycksTest-college_biology": {
      "acc": 0.25,
      "acc_stderr": 0.03621034121889507,
      "acc_norm": 0.22916666666666666,
      "acc_norm_stderr": 0.035146974678623884
    },
    "hendrycksTest-college_chemistry": {
      "acc": 0.22,
      "acc_stderr": 0.04163331998932269,
      "acc_norm": 0.27,
      "acc_norm_stderr": 0.0446196043338474
    },
    "hendrycksTest-moral_scenarios": {
      "acc": 0.264804469273743,
      "acc_stderr": 0.014756906483260664,
      "acc_norm": 0.2860335195530726,
      "acc_norm_stderr": 0.015113972129062146
    },
    "hendrycksTest-professional_medicine": {
      "acc": 0.34191176470588236,
      "acc_stderr": 0.028814722422254184,
      "acc_norm": 0.34191176470588236,
      "acc_norm_stderr": 0.02881472242225418
    },
    "hendrycksTest-high_school_physics": {
      "acc": 0.26490066225165565,
      "acc_stderr": 0.036030385453603826,
      "acc_norm": 0.2913907284768212,
      "acc_norm_stderr": 0.03710185726119995
    },
    "logiqa": {
      "acc": 0.23195084485407066,
      "acc_stderr": 0.0165552524979259,
      "acc_norm": 0.261136712749616,
      "acc_norm_stderr": 0.017228970682408612
    },
    "hendrycksTest-human_sexuality": {
      "acc": 0.3435114503816794,
      "acc_stderr": 0.041649760719448786,
      "acc_norm": 0.32061068702290074,
      "acc_norm_stderr": 0.04093329229834278
    },
    "hendrycksTest-high_school_statistics": {
      "acc": 0.25925925925925924,
      "acc_stderr": 0.029886910547626964,
      "acc_norm": 0.25462962962962965,
      "acc_norm_stderr": 0.029711275860005344
    },
    "hendrycksTest-moral_disputes": {
      "acc": 0.31213872832369943,
      "acc_stderr": 0.02494679222527231,
      "acc_norm": 0.30057803468208094,
      "acc_norm_stderr": 0.024685316867257803
    },
    "hendrycksTest-college_physics": {
      "acc": 0.21568627450980393,
      "acc_stderr": 0.04092563958237654,
      "acc_norm": 0.3137254901960784,
      "acc_norm_stderr": 0.04617034827006718
    },
    "hendrycksTest-high_school_chemistry": {
      "acc": 0.22167487684729065,
      "acc_stderr": 0.029225575892489614,
      "acc_norm": 0.2857142857142857,
      "acc_norm_stderr": 0.031785297106427496
    },
    "hendrycksTest-high_school_us_history": {
      "acc": 0.25980392156862747,
      "acc_stderr": 0.03077855467869326,
      "acc_norm": 0.27941176470588236,
      "acc_norm_stderr": 0.031493281045079556
    },
    "piqa": {
      "acc": 0.749183895538629,
      "acc_stderr": 0.010113869547069044,
      "acc_norm": 0.7573449401523396,
      "acc_norm_stderr": 0.010002002569708693
    },
    "wsc": {
      "acc": 0.38461538461538464,
      "acc_stderr": 0.0479366886807504
    },
    "hendrycksTest-global_facts": {
      "acc": 0.3,
      "acc_stderr": 0.046056618647183814,
      "acc_norm": 0.32,
      "acc_norm_stderr": 0.04688261722621504
    },
    "hendrycksTest-marketing": {
      "acc": 0.34615384615384615,
      "acc_stderr": 0.0311669573672359,
      "acc_norm": 0.36324786324786323,
      "acc_norm_stderr": 0.03150712523091264
    },
    "arc_challenge": {
      "acc": 0.35665529010238906,
      "acc_stderr": 0.013998056902620199,
      "acc_norm": 0.3856655290102389,
      "acc_norm_stderr": 0.014224250973257175
    },
    "hendrycksTest-professional_accounting": {
      "acc": 0.2695035460992908,
      "acc_stderr": 0.026469036818590627,
      "acc_norm": 0.2695035460992908,
      "acc_norm_stderr": 0.026469036818590634
    },
    "hendrycksTest-econometrics": {
      "acc": 0.2543859649122807,
      "acc_stderr": 0.040969851398436716,
      "acc_norm": 0.2807017543859649,
      "acc_norm_stderr": 0.042270544512322004
    },
    "hendrycksTest-machine_learning": {
      "acc": 0.21428571428571427,
      "acc_stderr": 0.038946411200447915,
      "acc_norm": 0.23214285714285715,
      "acc_norm_stderr": 0.04007341809755806
    },
    "hendrycksTest-high_school_computer_science": {
      "acc": 0.3,
      "acc_stderr": 0.046056618647183814,
      "acc_norm": 0.36,
      "acc_norm_stderr": 0.04824181513244218
    },
    "hendrycksTest-international_law": {
      "acc": 0.2396694214876033,
      "acc_stderr": 0.03896878985070417,
      "acc_norm": 0.35537190082644626,
      "acc_norm_stderr": 0.04369236326573981
    },
    "hendrycksTest-management": {
      "acc": 0.22330097087378642,
      "acc_stderr": 0.04123553189891431,
      "acc_norm": 0.27184466019417475,
      "acc_norm_stderr": 0.044052680241409216
    },
    "hendrycksTest-clinical_knowledge": {
      "acc": 0.2792452830188679,
      "acc_stderr": 0.027611163402399715,
      "acc_norm": 0.3132075471698113,
      "acc_norm_stderr": 0.02854479331905533
    },
    "hendrycksTest-high_school_world_history": {
      "acc": 0.27848101265822783,
      "acc_stderr": 0.029178682304842562,
      "acc_norm": 0.2742616033755274,
      "acc_norm_stderr": 0.02904133351059804
    },