{
  "results": {
    "crows_pairs_french_physical_appearance": {
      "likelihood_difference": 4.297743055555555,
      "likelihood_difference_stderr": 0.5765310830217606,
      "pct_stereotype": 0.6111111111111112,
      "pct_stereotype_stderr": 0.057855371034784615
    },
    "crows_pairs_english_disability": {
      "likelihood_difference": 5.076923076923077,
      "likelihood_difference_stderr": 0.5793350272733503,
      "pct_stereotype": 0.6153846153846154,
      "pct_stereotype_stderr": 0.06081303192631498
    },
    "crows_pairs_french_autre": {
      "likelihood_difference": 2.0913461538461537,
      "likelihood_difference_stderr": 0.8144581736451278,
      "pct_stereotype": 0.23076923076923078,
      "pct_stereotype_stderr": 0.12162606385262997
    },
    "crows_pairs_french": {
      "likelihood_difference": 3.7349945960047704,
      "likelihood_difference_stderr": 0.0939644234373692,
      "pct_stereotype": 0.44364937388193204,
      "pct_stereotype_stderr": 0.012135487294344046
    },
    "crows_pairs_english_nationality": {
      "likelihood_difference": 3.392071759259259,
      "likelihood_difference_stderr": 0.23668380542688344,
      "pct_stereotype": 0.5046296296296297,
      "pct_stereotype_stderr": 0.03409825519163572
    },
    "crows_pairs_english_sexual_orientation": {
      "likelihood_difference": 5.018817204301075,
      "likelihood_difference_stderr": 0.49338074215684385,
      "pct_stereotype": 0.8064516129032258,
      "pct_stereotype_stderr": 0.041189832133487855
    },
    "crows_pairs_french_disability": {
      "likelihood_difference": 4.656723484848484,
      "likelihood_difference_stderr": 0.4468838850365766,
      "pct_stereotype": 0.5,
      "pct_stereotype_stderr": 0.06201736729460421
    },
    "crows_pairs_english_race_color": {
      "likelihood_difference": 3.243663877952756,
      "likelihood_difference_stderr": 0.15107381790416313,
      "pct_stereotype": 0.5039370078740157,
      "pct_stereotype_stderr": 0.02220509119300217
    },
    "crows_pairs_english_autre": {
      "likelihood_difference": 5.9303977272727275,
      "likelihood_difference_stderr": 1.9968962996316153,
      "pct_stereotype": 0.6363636363636364,
      "pct_stereotype_stderr": 0.15212000482437738
    },
    "crows_pairs_english_gender": {
      "likelihood_difference": 3.218896484375,
      "likelihood_difference_stderr": 0.1985257753013004,
      "pct_stereotype": 0.603125,
      "pct_stereotype_stderr": 0.02739272232337023
    },
    "crows_pairs_french_age": {
      "likelihood_difference": 3.438888888888889,
      "likelihood_difference_stderr": 0.34303100919526824,
      "pct_stereotype": 0.36666666666666664,
      "pct_stereotype_stderr": 0.051080705280321645
    },
    "crows_pairs_french_nationality": {
      "likelihood_difference": 4.291749011857707,
      "likelihood_difference_stderr": 0.23906986599728003,
      "pct_stereotype": 0.33201581027667987,
      "pct_stereotype_stderr": 0.029666219365474884
    },
    "crows_pairs_english_religion": {
      "likelihood_difference": 2.9767736486486487,
      "likelihood_difference_stderr": 0.30977323521342237,
      "pct_stereotype": 0.7207207207207207,
      "pct_stereotype_stderr": 0.04277662524881439
    },
    "crows_pairs_french_race_color": {
      "likelihood_difference": 3.6449728260869567,
      "likelihood_difference_stderr": 0.177500742108821,
      "pct_stereotype": 0.29130434782608694,
      "pct_stereotype_stderr": 0.021207868641041152
    },
    "crows_pairs_english_physical_appearance": {
      "likelihood_difference": 3.3062065972222223,
      "likelihood_difference_stderr": 0.31781063453557196,
      "pct_stereotype": 0.6527777777777778,
      "pct_stereotype_stderr": 0.056501146768529645
    },
    "crows_pairs_french_gender": {
      "likelihood_difference": 3.2627531152647977,
      "likelihood_difference_stderr": 0.2005866822473146,
      "pct_stereotype": 0.48598130841121495,
      "pct_stereotype_stderr": 0.027939861549302374
    },
    "crows_pairs_english": {
      "likelihood_difference": 3.4759615384615383,
      "likelihood_difference_stderr": 0.08723982247151076,
      "pct_stereotype": 0.5813953488372093,
      "pct_stereotype_stderr": 0.012050381439304616
    },
    "crows_pairs_french_socioeconomic": {
      "likelihood_difference": 3.729870854591837,
      "likelihood_difference_stderr": 0.2996079622635848,
      "pct_stereotype": 0.5561224489795918,
      "pct_stereotype_stderr": 0.035579471949536604
    },
    "crows_pairs_english_age": {
      "likelihood_difference": 3.024381868131868,
      "likelihood_difference_stderr": 0.3193188449108689,
      "pct_stereotype": 0.5714285714285714,
      "pct_stereotype_stderr": 0.05216405309573015
    },
    "crows_pairs_french_sexual_orientation": {
      "likelihood_difference": 4.032623626373627,
      "likelihood_difference_stderr": 0.3809690762556582,
      "pct_stereotype": 0.8021978021978022,
      "pct_stereotype_stderr": 0.04198895203196222
    },
    "crows_pairs_english_socioeconomic": {
      "likelihood_difference": 3.7526315789473683,
      "likelihood_difference_stderr": 0.22883229269438704,
      "pct_stereotype": 0.6105263157894737,
      "pct_stereotype_stderr": 0.035469931637371596
    },
    "crows_pairs_french_religion": {
      "likelihood_difference": 3.497826086956522,
      "likelihood_difference_stderr": 0.3782199749718604,
      "pct_stereotype": 0.6521739130434783,
      "pct_stereotype_stderr": 0.04460775443848501
    }
  },
  "versions": {
    "crows_pairs_french_physical_appearance": 0,
    "crows_pairs_english_disability": 0,
    "crows_pairs_french_autre": 0,
    "crows_pairs_french": 0,
    "crows_pairs_english_nationality": 0,
    "crows_pairs_english_sexual_orientation": 0,
    "crows_pairs_french_disability": 0,
    "crows_pairs_english_race_color": 0,
    "crows_pairs_english_autre": 0,
    "crows_pairs_english_gender": 0,
    "crows_pairs_french_age": 0,
    "crows_pairs_french_nationality": 0,
    "crows_pairs_english_religion": 0,
    "crows_pairs_french_race_color": 0,
    "crows_pairs_english_physical_appearance": 0,
    "crows_pairs_french_gender": 0,
    "crows_pairs_english": 0,
    "crows_pairs_french_socioeconomic": 0,
    "crows_pairs_english_age": 0,
    "crows_pairs_french_sexual_orientation": 0,
    "crows_pairs_english_socioeconomic": 0,
    "crows_pairs_french_religion": 0
  },
  "config": {
    "model": "hf-causal",
    "model_args": "pretrained=EleutherAI/pythia-v1.1-410m-deduped,revision=step140000",
    "num_fewshot": 0,
    "batch_size": 4,
    "device": "cuda:1",
    "no_cache": true,
    "limit": null,
    "bootstrap_iters": 100000,
    "description_dict": {}
  }
}