{
  "results": {
    "crows_pairs_french_nationality": {
      "likelihood_difference": 4.443799407114624,
      "likelihood_difference_stderr": 0.23551108442527713,
      "pct_stereotype": 0.33201581027667987,
      "pct_stereotype_stderr": 0.029666219365474887
    },
    "crows_pairs_french_sexual_orientation": {
      "likelihood_difference": 4.011332417582418,
      "likelihood_difference_stderr": 0.35773077255487357,
      "pct_stereotype": 0.8021978021978022,
      "pct_stereotype_stderr": 0.04198895203196222
    },
    "crows_pairs_english_physical_appearance": {
      "likelihood_difference": 3.306423611111111,
      "likelihood_difference_stderr": 0.3144899710524621,
      "pct_stereotype": 0.6388888888888888,
      "pct_stereotype_stderr": 0.05700381461700859
    },
    "crows_pairs_french": {
      "likelihood_difference": 3.852550126714371,
      "likelihood_difference_stderr": 0.09336156760158472,
      "pct_stereotype": 0.4418604651162791,
      "pct_stereotype_stderr": 0.012130451299814675
    },
    "crows_pairs_english_autre": {
      "likelihood_difference": 6.139204545454546,
      "likelihood_difference_stderr": 2.0310680147339246,
      "pct_stereotype": 0.6363636363636364,
      "pct_stereotype_stderr": 0.15212000482437738
    },
    "crows_pairs_english_gender": {
      "likelihood_difference": 3.187255859375,
      "likelihood_difference_stderr": 0.19944647195755683,
      "pct_stereotype": 0.60625,
      "pct_stereotype_stderr": 0.027355258158219264
    },
    "crows_pairs_english_socioeconomic": {
      "likelihood_difference": 3.840953947368421,
      "likelihood_difference_stderr": 0.23594462909933464,
      "pct_stereotype": 0.5947368421052631,
      "pct_stereotype_stderr": 0.03571084126496388
    },
    "crows_pairs_french_religion": {
      "likelihood_difference": 3.655163043478261,
      "likelihood_difference_stderr": 0.39229005931495764,
      "pct_stereotype": 0.6347826086956522,
      "pct_stereotype_stderr": 0.04509577025262067
    },
    "crows_pairs_english_disability": {
      "likelihood_difference": 5.027403846153846,
      "likelihood_difference_stderr": 0.567899642531274,
      "pct_stereotype": 0.6461538461538462,
      "pct_stereotype_stderr": 0.05977027026123099
    },
    "crows_pairs_french_race_color": {
      "likelihood_difference": 3.890828804347826,
      "likelihood_difference_stderr": 0.1795027543422463,
      "pct_stereotype": 0.2717391304347826,
      "pct_stereotype_stderr": 0.020764105918834222
    },
    "crows_pairs_english": {
      "likelihood_difference": 3.53601110614192,
      "likelihood_difference_stderr": 0.08882596138457186,
      "pct_stereotype": 0.6016696481812761,
      "pct_stereotype_stderr": 0.011958143055896406
    },
    "crows_pairs_english_race_color": {
      "likelihood_difference": 3.434301181102362,
      "likelihood_difference_stderr": 0.15730278514851695,
      "pct_stereotype": 0.562992125984252,
      "pct_stereotype_stderr": 0.022028849296085076
    },
    "crows_pairs_english_sexual_orientation": {
      "likelihood_difference": 4.808467741935484,
      "likelihood_difference_stderr": 0.519789135404337,
      "pct_stereotype": 0.7849462365591398,
      "pct_stereotype_stderr": 0.04283507835554756
    },
    "crows_pairs_french_disability": {
      "likelihood_difference": 4.7675189393939394,
      "likelihood_difference_stderr": 0.4337979865138333,
      "pct_stereotype": 0.5303030303030303,
      "pct_stereotype_stderr": 0.06190336468479955
    },
    "crows_pairs_french_age": {
      "likelihood_difference": 3.405902777777778,
      "likelihood_difference_stderr": 0.3297706874715464,
      "pct_stereotype": 0.3888888888888889,
      "pct_stereotype_stderr": 0.051674686932038624
    },
    "crows_pairs_french_physical_appearance": {
      "likelihood_difference": 4.286892361111111,
      "likelihood_difference_stderr": 0.5315898233029855,
      "pct_stereotype": 0.5833333333333334,
      "pct_stereotype_stderr": 0.05850912479161746
    },
    "crows_pairs_english_age": {
      "likelihood_difference": 3.2242445054945055,
      "likelihood_difference_stderr": 0.3138092967957838,
      "pct_stereotype": 0.6263736263736264,
      "pct_stereotype_stderr": 0.0509934316638677
    },
    "crows_pairs_french_autre": {
      "likelihood_difference": 2.3173076923076925,
      "likelihood_difference_stderr": 0.70680435252726,
      "pct_stereotype": 0.3076923076923077,
      "pct_stereotype_stderr": 0.13323467750529824
    },
    "crows_pairs_french_socioeconomic": {
      "likelihood_difference": 3.8740832270408165,
      "likelihood_difference_stderr": 0.30775451069601223,
      "pct_stereotype": 0.5051020408163265,
      "pct_stereotype_stderr": 0.03580387954767122
    },
    "crows_pairs_english_nationality": {
      "likelihood_difference": 3.4168836805555554,
      "likelihood_difference_stderr": 0.2397307976927788,
      "pct_stereotype": 0.5185185185185185,
      "pct_stereotype_stderr": 0.034076320938540516
    },
    "crows_pairs_english_religion": {
      "likelihood_difference": 2.923845720720721,
      "likelihood_difference_stderr": 0.30908311376069375,
      "pct_stereotype": 0.7117117117117117,
      "pct_stereotype_stderr": 0.04318860867532051
    },
    "crows_pairs_french_gender": {
      "likelihood_difference": 3.2461059190031154,
      "likelihood_difference_stderr": 0.19588290479755277,
      "pct_stereotype": 0.5327102803738317,
      "pct_stereotype_stderr": 0.027890972865217984
    }
  },
  "versions": {
    "crows_pairs_french_nationality": 0,
    "crows_pairs_french_sexual_orientation": 0,
    "crows_pairs_english_physical_appearance": 0,
    "crows_pairs_french": 0,
    "crows_pairs_english_autre": 0,
    "crows_pairs_english_gender": 0,
    "crows_pairs_english_socioeconomic": 0,
    "crows_pairs_french_religion": 0,
    "crows_pairs_english_disability": 0,
    "crows_pairs_french_race_color": 0,
    "crows_pairs_english": 0,
    "crows_pairs_english_race_color": 0,
    "crows_pairs_english_sexual_orientation": 0,
    "crows_pairs_french_disability": 0,
    "crows_pairs_french_age": 0,
    "crows_pairs_french_physical_appearance": 0,
    "crows_pairs_english_age": 0,
    "crows_pairs_french_autre": 0,
    "crows_pairs_french_socioeconomic": 0,
    "crows_pairs_english_nationality": 0,
    "crows_pairs_english_religion": 0,
    "crows_pairs_french_gender": 0
  },
  "config": {
    "model": "hf-causal",
    "model_args": "pretrained=EleutherAI/pythia-v1.1-410m-deduped,revision=step138000",
    "num_fewshot": 0,
    "batch_size": 4,
    "device": "cuda:0",
    "no_cache": true,
    "limit": null,
    "bootstrap_iters": 100000,
    "description_dict": {}
  }
}