{
    "results": {
        "wikitext": {
            "word_perplexity": 25.635229042018043,
            "byte_perplexity": 1.8342545252535867,
            "bits_per_byte": 0.8751938444090006
        },
        "lambada": {
            "ppl": 16.234427026062942,
            "ppl_stderr": 0.5127358992699832,
            "acc": 0.43528041917329713,
            "acc_stderr": 0.006907375433266108
        },
        "piqa": {
            "acc": 0.6675734494015234,
            "acc_stderr": 0.01099114155744559,
            "acc_norm": 0.6588683351468988,
            "acc_norm_stderr": 0.011061289443962714
        },
        "hellaswag": {
            "acc": 0.31955785700059747,
            "acc_stderr": 0.004653523038369384,
            "acc_norm": 0.37293367855008963,
            "acc_norm_stderr": 0.0048259637687722194
        },
        "winogrande": {
            "acc": 0.5146014206787688,
            "acc_stderr": 0.014046492383275835
        },
        "mathqa": {
            "acc": 0.22948073701842547,
            "acc_stderr": 0.00769777936094425,
            "acc_norm": 0.2271356783919598,
            "acc_norm_stderr": 0.007669991794420071
        },
        "pubmedqa": {
            "acc": 0.538,
            "acc_stderr": 0.015773547629015106
        },
        "arc_challenge": {
            "acc": 0.2030716723549488,
            "acc_stderr": 0.011755899303705582,
            "acc_norm": 0.2431740614334471,
            "acc_norm_stderr": 0.012536554144587092
        },
        "arc_easy": {
            "acc": 0.492003367003367,
            "acc_stderr": 0.010258471289841963,
            "acc_norm": 0.4364478114478115,
            "acc_norm_stderr": 0.010176569980111037
        },
        "headqa": {
            "acc": 0.2213712618526623,
            "acc_stderr": 0.007929965848916424,
            "acc_norm": 0.262217359591539,
            "acc_norm_stderr": 0.008401182486572938
        },
        "openbookqa": {
            "acc": 0.182,
            "acc_stderr": 0.01727277329773045,
            "acc_norm": 0.302,
            "acc_norm_stderr": 0.020553269174209188
        },
        "sciq": {
            "acc": 0.798,
            "acc_stderr": 0.01270265158765513,
            "acc_norm": 0.699,
            "acc_norm_stderr": 0.014512395033543148
        },
        "triviaqa": {
            "acc": 0.011756386458057103,
            "acc_stderr": 0.0010134427890765244
        }
    },
    "versions": {
        "wikitext": 1,
        "lambada": 0,
        "piqa": 0,
        "hellaswag": 0,
        "winogrande": 0,
        "mathqa": 0,
        "pubmedqa": 0,
        "arc_challenge": 0,
        "arc_easy": 0,
        "headqa": 0,
        "openbookqa": 0,
        "sciq": 0,
        "triviaqa": 0
    },
    "config": {
        "model": "neox",
        "model_args": {
            "distributed_backend": "nccl",
            "local_rank": 0,
            "rank": 0,
            "lazy_mpu_init": false,
            "short_seq_prob": 0.1,
            "eod_mask_loss": false,
            "adlr_autoresume": false,
            "adlr_autoresume_interval": 1000,
            "seed": 1234,
            "onnx_safe": false,
            "deepscale": false,
            "deepscale_config": null,
            "deepspeed_mpi": false,
            "user_script": "evaluate.py",
            "iteration": 7000,
            "do_train": null,
            "do_valid": null,
            "do_test": null,
            "global_num_gpus": 8,
            "text_gen_type": "unconditional",
            "temperature": 0.0,
            "top_p": 0.0,
            "top_k": 0,
            "return_logits": false,
            "maximum_tokens": 64,
            "sample_input_file": null,
            "sample_output_file": "samples.txt",
            "num_samples": 1,
            "recompute": false,
            "eval_results_prefix": "/fsx/igor/pythia/results/6.7B_deduped_new-global_step7000",
            "eval_tasks": [
                "wikitext",
                "lambada",
                "piqa",
                "hellaswag",
                "winogrande",
                "mathqa",
                "pubmedqa",
                "arc_challenge",
                "arc_easy",
                "headqa",
                "openbookqa",
                "sciq",
                "triviaqa"
            ],
            "use_wandb": true,
            "wandb_group": "jGUBtH7dXxSv9SdNA9NdMT_2x4u5az3",
            "wandb_team": null,
            "wandb_project": "neox",
            "wandb_host": "https://api.wandb.ai",
            "wandb_init_all_ranks": false,
            "git_hash": "846c42d",
            "log_dir": "/fsx/igor/pythia/logs",
            "tensorboard_dir": null,
            "log_interval": 10,
            "log_grad_pct_zeros": false,
            "log_param_norm": false,
            "log_grad_norm": false,
            "log_optimizer_states": false,
            "log_gradient_noise_scale": false,
            "gradient_noise_scale_n_batches": 5,
            "gradient_noise_scale_cpu_offload": false,
            "pipe_parallel_size": 1,
            "model_parallel_size": 2,
            "pipe_partition_method": "type:transformer|mlp",
            "world_size": 8,
            "is_pipe_parallel": true,
            "data_path": null,
            "train_data_paths": null,
            "test_data_paths": null,
            "valid_data_paths": null,
            "train_data_weights": null,
            "valid_data_weights": null,
            "test_data_weights": null,
            "weight_by_num_documents": false,
            "weighted_sampler_alpha": 0.3,
            "data_impl": "mmap",
            "mmap_warmup": false,
            "save": null,