{
    "results": {
        "wikitext": {
            "word_perplexity": 12.751858285641594,
            "byte_perplexity": 1.6097104624239396,
            "bits_per_byte": 0.6868012150542449
        },
        "lambada": {
            "ppl": 4.110314208468925,
            "ppl_stderr": 0.08837788283492809,
            "acc": 0.6962934213079759,
            "acc_stderr": 0.006406713723577174
        },
        "piqa": {
            "acc": 0.7562568008705114,
            "acc_stderr": 0.010017199471500619,
            "acc_norm": 0.7611534276387377,
            "acc_norm_stderr": 0.009948120385337485
        },
        "hellaswag": {
            "acc": 0.4879506074487154,
            "acc_stderr": 0.004988332289642083,
            "acc_norm": 0.6559450308703445,
            "acc_norm_stderr": 0.004740882120999973
        },
        "winogrande": {
            "acc": 0.6361483820047356,
            "acc_stderr": 0.013521488896883413
        },
        "mathqa": {
            "acc": 0.25996649916247905,
            "acc_stderr": 0.008029434758777937,
            "acc_norm": 0.2556113902847571,
            "acc_norm_stderr": 0.007985287397847441
        },
        "pubmedqa": {
            "acc": 0.661,
            "acc_stderr": 0.014976758771620344
        },
        "arc_challenge": {
            "acc": 0.3165529010238908,
            "acc_stderr": 0.013592431519068082,
            "acc_norm": 0.34982935153583616,
            "acc_norm_stderr": 0.013936809212158277
        },
        "arc_easy": {
            "acc": 0.6670875420875421,
            "acc_stderr": 0.009669958978395328,
            "acc_norm": 0.6144781144781145,
            "acc_norm_stderr": 0.009987250004629007
        },
        "headqa": {
            "acc": 0.24434719183078046,
            "acc_stderr": 0.00820748898715971,
            "acc_norm": 0.2884755652808169,
            "acc_norm_stderr": 0.008653561972443408
        },
        "openbookqa": {
            "acc": 0.262,
            "acc_stderr": 0.019684688820194716,
            "acc_norm": 0.36,
            "acc_norm_stderr": 0.021487751089720526
        },
        "sciq": {
            "acc": 0.905,
            "acc_stderr": 0.00927691010310332,
            "acc_norm": 0.848,
            "acc_norm_stderr": 0.011358918303475282
        },
        "triviaqa": {
            "acc": 0.15389375055246177,
            "acc_stderr": 0.003392760827661379
        }
    },
    "versions": {
        "wikitext": 1,
        "lambada": 0,
        "piqa": 0,
        "hellaswag": 0,
        "winogrande": 0,
        "mathqa": 0,
        "pubmedqa": 0,
        "arc_challenge": 0,
        "arc_easy": 0,
        "headqa": 0,
        "openbookqa": 0,
        "sciq": 0,
        "triviaqa": 0
    },
    "config": {
        "model": "neox",
        "model_args": {
            "distributed_backend": "nccl",
            "local_rank": 0,
            "rank": 0,
            "lazy_mpu_init": false,
            "short_seq_prob": 0.1,
            "eod_mask_loss": false,
            "adlr_autoresume": false,
            "adlr_autoresume_interval": 1000,
            "seed": 1234,
            "onnx_safe": false,
            "deepscale": false,
            "deepscale_config": null,
            "deepspeed_mpi": false,
            "user_script": "evaluate.py",
            "iteration": 131000,
            "do_train": null,
            "do_valid": null,
            "do_test": null,
            "global_num_gpus": 8,
            "text_gen_type": "unconditional",
            "temperature": 0.0,
            "top_p": 0.0,
            "top_k": 0,
            "return_logits": false,
            "maximum_tokens": 64,
            "sample_input_file": null,
            "sample_output_file": "samples.txt",
            "num_samples": 1,
            "recompute": false,
            "eval_results_prefix": "/fsx/igor/pythia/results/6.7B_deduped_new-global_step131000",
            "eval_tasks": [
                "wikitext",
                "lambada",
                "piqa",
                "hellaswag",
                "winogrande",
                "mathqa",
                "pubmedqa",
                "arc_challenge",
                "arc_easy",
                "headqa",
                "openbookqa",
                "sciq",
                "triviaqa"
            ],
            "use_wandb": true,
            "wandb_group": "mqivgo5hZoreY2RiyJHhrv_1avoofon",
            "wandb_team": null,
            "wandb_project": "neox",
            "wandb_host": "https://api.wandb.ai",
            "wandb_init_all_ranks": false,
            "git_hash": "846c42d",
            "log_dir": "/fsx/igor/pythia/logs",
            "tensorboard_dir": null,
            "log_interval": 10,
            "log_grad_pct_zeros": false,
            "log_param_norm": false,
            "log_grad_norm": false,
            "log_optimizer_states": false,
            "log_gradient_noise_scale": false,
            "gradient_noise_scale_n_batches": 5,
            "gradient_noise_scale_cpu_offload": false,
            "pipe_parallel_size": 1,
            "model_parallel_size": 2,
            "pipe_partition_method": "type:transformer|mlp",
            "world_size": 8,
            "is_pipe_parallel": true,
            "data_path": null,
            "train_data_paths": null,
            "test_data_paths": null,
            "valid_data_paths": null,
            "train_data_weights": null,
            "valid_data_weights": null,
            "test_data_weights": null,
            "weight_by_num_documents": false,
            "weighted_sampler_alpha": 0.3,
            "data_impl": "mmap",
            "mmap_warmup": false,
            "save": null,