{
    "results": {
        "wikitext": {
            "word_perplexity": 18.53496247256626,
            "byte_perplexity": 1.7263179580741106,
            "bits_per_byte": 0.7876982086016238
        },
        "lambada": {
            "ppl": 7.954908001548491,
            "ppl_stderr": 0.21301566410730793,
            "acc": 0.5600620997477198,
            "acc_stderr": 0.0069155361169837785
        },
        "piqa": {
            "acc": 0.7034820457018498,
            "acc_stderr": 0.010656078922661153,
            "acc_norm": 0.7029379760609358,
            "acc_norm_stderr": 0.01066172540481478
        },
        "hellaswag": {
            "acc": 0.39095797649870545,
            "acc_stderr": 0.004869677330801295,
            "acc_norm": 0.4924317864967138,
            "acc_norm_stderr": 0.0049892097707432284
        },
        "winogrande": {
            "acc": 0.5445935280189423,
            "acc_stderr": 0.01399648503772979
        },
        "mathqa": {
            "acc": 0.24623115577889448,
            "acc_stderr": 0.007886624866001847,
            "acc_norm": 0.24690117252931323,
            "acc_norm_stderr": 0.00789383696575243
        },
        "pubmedqa": {
            "acc": 0.554,
            "acc_stderr": 0.015726771166750357
        },
        "arc_challenge": {
            "acc": 0.25597269624573377,
            "acc_stderr": 0.012753013241244527,
            "acc_norm": 0.28071672354948807,
            "acc_norm_stderr": 0.013131238126975578
        },
        "arc_easy": {
            "acc": 0.5808080808080808,
            "acc_stderr": 0.010124905282491194,
            "acc_norm": 0.5273569023569024,
            "acc_norm_stderr": 0.010244415164390527
        },
        "headqa": {
            "acc": 0.21772428884026257,
            "acc_stderr": 0.007882769827707258,
            "acc_norm": 0.2658643326039387,
            "acc_norm_stderr": 0.008438469468197722
        },
        "openbookqa": {
            "acc": 0.232,
            "acc_stderr": 0.018896193591952045,
            "acc_norm": 0.324,
            "acc_norm_stderr": 0.020950557312477455
        },
        "sciq": {
            "acc": 0.864,
            "acc_stderr": 0.01084535023047299,
            "acc_norm": 0.789,
            "acc_norm_stderr": 0.012909130321042092
        },
        "triviaqa": {
            "acc": 0.04976575620967029,
            "acc_stderr": 0.002044612182774057
        }
    },
    "versions": {
        "wikitext": 1,
        "lambada": 0,
        "piqa": 0,
        "hellaswag": 0,
        "winogrande": 0,
        "mathqa": 0,
        "pubmedqa": 0,
        "arc_challenge": 0,
        "arc_easy": 0,
        "headqa": 0,
        "openbookqa": 0,
        "sciq": 0,
        "triviaqa": 0
    },
    "config": {
        "model": "neox",
        "model_args": {
            "distributed_backend": "nccl",
            "local_rank": 0,
            "rank": 0,
            "lazy_mpu_init": false,
            "short_seq_prob": 0.1,
            "eod_mask_loss": false,
            "adlr_autoresume": false,
            "adlr_autoresume_interval": 1000,
            "seed": 1234,
            "onnx_safe": false,
            "deepscale": false,
            "deepscale_config": null,
            "deepspeed_mpi": false,
            "user_script": "evaluate.py",
            "iteration": 21000,
            "do_train": null,
            "do_valid": null,
            "do_test": null,
            "global_num_gpus": 8,
            "text_gen_type": "unconditional",
            "temperature": 0.0,
            "top_p": 0.0,
            "top_k": 0,
            "return_logits": false,
            "maximum_tokens": 64,
            "sample_input_file": null,
            "sample_output_file": "samples.txt",
            "num_samples": 1,
            "recompute": false,
            "eval_results_prefix": "/fsx/igor/pythia/results/6.7B_deduped_new-global_step21000",
            "eval_tasks": [
                "wikitext",
                "lambada",
                "piqa",
                "hellaswag",
                "winogrande",
                "mathqa",
                "pubmedqa",
                "arc_challenge",
                "arc_easy",
                "headqa",
                "openbookqa",
                "sciq",
                "triviaqa"
            ],
            "use_wandb": true,
            "wandb_group": "ByGdSB2Yszysc55a9fHMHK_zh81v2nh",
            "wandb_team": null,
            "wandb_project": "neox",
            "wandb_host": "https://api.wandb.ai",
            "wandb_init_all_ranks": false,
            "git_hash": "846c42d",
            "log_dir": "/fsx/igor/pythia/logs",
            "tensorboard_dir": null,
            "log_interval": 10,
            "log_grad_pct_zeros": false,
            "log_param_norm": false,
            "log_grad_norm": false,
            "log_optimizer_states": false,
            "log_gradient_noise_scale": false,
            "gradient_noise_scale_n_batches": 5,
            "gradient_noise_scale_cpu_offload": false,
            "pipe_parallel_size": 1,
            "model_parallel_size": 2,
            "pipe_partition_method": "type:transformer|mlp",
            "world_size": 8,
            "is_pipe_parallel": true,
            "data_path": null,
            "train_data_paths": null,
            "test_data_paths": null,
            "valid_data_paths": null,
            "train_data_weights": null,
            "valid_data_weights": null,
            "test_data_weights": null,
            "weight_by_num_documents": false,
            "weighted_sampler_alpha": 0.3,
            "data_impl": "mmap",
            "mmap_warmup": false,
            "save": null,