{
  "results": {
    "hendrycksTest-high_school_biology": {
      "acc": 0.24838709677419354,
      "acc_stderr": 0.024580028921481,
      "acc_norm": 0.2806451612903226,
      "acc_norm_stderr": 0.02556060472102289
    },
    "hendrycksTest-computer_security": {
      "acc": 0.27,
      "acc_stderr": 0.044619604333847394,
      "acc_norm": 0.31,
      "acc_norm_stderr": 0.04648231987117316
    },
    "hendrycksTest-virology": {
      "acc": 0.27710843373493976,
      "acc_stderr": 0.034843315926805875,
      "acc_norm": 0.27710843373493976,
      "acc_norm_stderr": 0.034843315926805875
    },
    "hendrycksTest-machine_learning": {
      "acc": 0.25,
      "acc_stderr": 0.04109974682633932,
      "acc_norm": 0.25,
      "acc_norm_stderr": 0.04109974682633932
    },
    "hendrycksTest-professional_law": {
      "acc": 0.24837027379400262,
      "acc_stderr": 0.011035212598034501,
      "acc_norm": 0.25097783572359844,
      "acc_norm_stderr": 0.011073730299187212
    },
    "hendrycksTest-moral_scenarios": {
      "acc": 0.25027932960893856,
      "acc_stderr": 0.01448750085285042,
      "acc_norm": 0.2558659217877095,
      "acc_norm_stderr": 0.014593620923210746
    },
    "hendrycksTest-high_school_computer_science": {
      "acc": 0.23,
      "acc_stderr": 0.04229525846816505,
      "acc_norm": 0.22,
      "acc_norm_stderr": 0.0416333199893227
    },
    "hendrycksTest-high_school_statistics": {
      "acc": 0.30092592592592593,
      "acc_stderr": 0.031280390843298804,
      "acc_norm": 0.2916666666666667,
      "acc_norm_stderr": 0.030998666304560517
    },
    "hendrycksTest-nutrition": {
      "acc": 0.26143790849673204,
      "acc_stderr": 0.025160998214292456,
      "acc_norm": 0.31699346405228757,
      "acc_norm_stderr": 0.02664327847450875
    },
    "hendrycksTest-abstract_algebra": {
      "acc": 0.19,
      "acc_stderr": 0.039427724440366234,
      "acc_norm": 0.2,
      "acc_norm_stderr": 0.040201512610368445
    },
    "hendrycksTest-professional_accounting": {
      "acc": 0.29432624113475175,
      "acc_stderr": 0.027187127011503793,
      "acc_norm": 0.3049645390070922,
      "acc_norm_stderr": 0.027464708442022142
    },
    "arc_challenge": {
      "acc": 0.19965870307167236,
      "acc_stderr": 0.011681625756888685,
      "acc_norm": 0.23378839590443687,
      "acc_norm_stderr": 0.012368225378507115
    },
    "hendrycksTest-high_school_world_history": {
      "acc": 0.24472573839662448,
      "acc_stderr": 0.027985699387036423,
      "acc_norm": 0.28270042194092826,
      "acc_norm_stderr": 0.02931281415395592
    },
    "logiqa": {
      "acc": 0.22887864823348694,
      "acc_stderr": 0.016478107276313273,
      "acc_norm": 0.26574500768049153,
      "acc_norm_stderr": 0.017326040808935694
    },
    "hendrycksTest-us_foreign_policy": {
      "acc": 0.29,
      "acc_stderr": 0.04560480215720684,
      "acc_norm": 0.32,
      "acc_norm_stderr": 0.046882617226215034
    },
    "hendrycksTest-high_school_geography": {
      "acc": 0.2474747474747475,
      "acc_stderr": 0.030746300742124498,
      "acc_norm": 0.26262626262626265,
      "acc_norm_stderr": 0.031353050095330855
    },
    "hendrycksTest-international_law": {
      "acc": 0.19834710743801653,
      "acc_stderr": 0.03640118271990945,
      "acc_norm": 0.2644628099173554,
      "acc_norm_stderr": 0.040261875275912046
    },
    "arc_easy": {
      "acc": 0.4478114478114478,
      "acc_stderr": 0.010203742451111518,
      "acc_norm": 0.4313973063973064,
      "acc_norm_stderr": 0.010162752847747517
    },
    "hendrycksTest-high_school_chemistry": {
      "acc": 0.19704433497536947,
      "acc_stderr": 0.027986724666736212,
      "acc_norm": 0.2019704433497537,
      "acc_norm_stderr": 0.02824735012218027
    },
    "hendrycksTest-human_aging": {
      "acc": 0.29596412556053814,
      "acc_stderr": 0.030636591348699813,
      "acc_norm": 0.29596412556053814,
      "acc_norm_stderr": 0.030636591348699813
    },
    "hendrycksTest-philosophy": {
      "acc": 0.2604501607717042,
      "acc_stderr": 0.02492672322484554,
      "acc_norm": 0.27009646302250806,
      "acc_norm_stderr": 0.02521804037341062
    },
    "hendrycksTest-college_chemistry": {
      "acc": 0.3,
      "acc_stderr": 0.046056618647183814,
      "acc_norm": 0.33,
      "acc_norm_stderr": 0.04725815626252605
    },
    "hendrycksTest-marketing": {
      "acc": 0.3162393162393162,
      "acc_stderr": 0.030463656747340265,
      "acc_norm": 0.33760683760683763,
      "acc_norm_stderr": 0.030980296992618554
    },
    "hendrycksTest-professional_psychology": {
      "acc": 0.27941176470588236,
      "acc_stderr": 0.018152871051538805,
      "acc_norm": 0.25163398692810457,
      "acc_norm_stderr": 0.01755581809132227
    },
    "wsc": {
      "acc": 0.36538461538461536,
      "acc_stderr": 0.0474473339327792
    },
    "lambada_openai": {
      "ppl": 45.49859263423044,
      "ppl_stderr": 1.644925055876487,
      "acc": 0.29322724626431207,
      "acc_stderr": 0.006342407371956401
    },
    "hendrycksTest-moral_disputes": {
      "acc": 0.24566473988439305,
      "acc_stderr": 0.023176298203992016,
      "acc_norm": 0.2745664739884393,
      "acc_norm_stderr": 0.024027745155265016
    },
    "sciq": {
      "acc": 0.839,
      "acc_stderr": 0.011628164696727197,
      "acc_norm": 0.826,
      "acc_norm_stderr": 0.011994493230973418
    },
    "hendrycksTest-elementary_mathematics": {
      "acc": 0.26455026455026454,
      "acc_stderr": 0.02271746789770862,
      "acc_norm": 0.2671957671957672,
      "acc_norm_stderr": 0.02278967314577657
    },
    "hendrycksTest-high_school_government_and_politics": {
      "acc": 0.27461139896373055,
      "acc_stderr": 0.03221024508041156,
      "acc_norm": 0.2849740932642487,
      "acc_norm_stderr": 0.03257714077709659
    },
    "hendrycksTest-high_school_european_history": {
      "acc": 0.21818181818181817,
      "acc_stderr": 0.03225078108306289,
      "acc_norm": 0.34545454545454546,
      "acc_norm_stderr": 0.03713158067481913
    },
    "hendrycksTest-formal_logic": {
      "acc": 0.23015873015873015,
      "acc_stderr": 0.037649508797906066,
      "acc_norm": 0.23809523809523808,
      "acc_norm_stderr": 0.03809523809523811
    },
    "hendrycksTest-high_school_physics": {
      "acc": 0.31125827814569534,
      "acc_stderr": 0.03780445850526733,
      "acc_norm": 0.31125827814569534,
      "acc_norm_stderr": 0.03780445850526733
    },
    "winogrande": {
      "acc": 0.510655090765588,
      "acc_stderr": 0.014049294536290393
    },
    "hendrycksTest-security_studies": {
      "acc": 0.3346938775510204,
      "acc_stderr": 0.030209235226242307,
      "acc_norm": 0.27755102040816326,
      "acc_norm_stderr": 0.02866685779027465
    },
    "piqa": {
      "acc": 0.6338411316648531,
      "acc_stderr": 0.011240106070308453,
      "acc_norm": 0.6256800870511425,
      "acc_norm_stderr": 0.01129127680119499
    },
    "hendrycksTest-global_facts": {
      "acc": 0.23,
      "acc_stderr": 0.042295258468165044,
      "acc_norm": 0.23,
      "acc_norm_stderr": 0.04229525846816505
    },
    "hendrycksTest-logical_fallacies": {
      "acc": 0.22085889570552147,
      "acc_stderr": 0.03259177392742178,
      "acc_norm": 0.2822085889570552,
      "acc_norm_stderr": 0.03536117886664743
    },
    "hendrycksTest-medical_genetics": {
      "acc": 0.2,
      "acc_stderr": 0.04020151261036846,
      "acc_norm": 0.3,
      "acc_norm_stderr": 0.046056618647183814
    },
    "hendrycksTest-conceptual_physics": {
      "acc": 0.2425531914893617,
      "acc_stderr": 0.028020226271200217,
      "acc_norm": 0.23829787234042554,
      "acc_norm_stderr": 0.02785125297388977
    },
    "hendrycksTest-world_religions": {
      "acc": 0.29239766081871343,
      "acc_stderr": 0.03488647713457922,
      "acc_norm": 0.29239766081871343,
      "acc_norm_stderr": 0.03488647713457922
    },
    "hendrycksTest-college_mathematics": {
      "acc": 0.28,