{
  "results": {
    "hendrycksTest-logical_fallacies": {
      "acc": 0.2392638036809816,
      "acc_stderr": 0.033519538795212696,
      "acc_norm": 0.26993865030674846,
      "acc_norm_stderr": 0.034878251684978906
    },
    "hendrycksTest-virology": {
      "acc": 0.2469879518072289,
      "acc_stderr": 0.03357351982064537,
      "acc_norm": 0.26506024096385544,
      "acc_norm_stderr": 0.03436024037944967
    },
    "hendrycksTest-human_sexuality": {
      "acc": 0.3053435114503817,
      "acc_stderr": 0.04039314978724561,
      "acc_norm": 0.2900763358778626,
      "acc_norm_stderr": 0.03980066246467765
    },
    "hendrycksTest-philosophy": {
      "acc": 0.21864951768488747,
      "acc_stderr": 0.02347558141786111,
      "acc_norm": 0.26366559485530544,
      "acc_norm_stderr": 0.02502553850053234
    },
    "hendrycksTest-computer_security": {
      "acc": 0.24,
      "acc_stderr": 0.04292346959909284,
      "acc_norm": 0.27,
      "acc_norm_stderr": 0.0446196043338474
    },
    "hendrycksTest-college_mathematics": {
      "acc": 0.25,
      "acc_stderr": 0.04351941398892446,
      "acc_norm": 0.28,
      "acc_norm_stderr": 0.04512608598542127
    },
    "hendrycksTest-professional_psychology": {
      "acc": 0.25326797385620914,
      "acc_stderr": 0.017593486895366828,
      "acc_norm": 0.2647058823529412,
      "acc_norm_stderr": 0.01784808957491322
    },
    "hendrycksTest-nutrition": {
      "acc": 0.3137254901960784,
      "acc_stderr": 0.026568921015457166,
      "acc_norm": 0.3431372549019608,
      "acc_norm_stderr": 0.027184498909941613
    },
    "hendrycksTest-high_school_biology": {
      "acc": 0.2870967741935484,
      "acc_stderr": 0.025736542745594525,
      "acc_norm": 0.3419354838709677,
      "acc_norm_stderr": 0.02698528957655273
    },
    "hendrycksTest-high_school_physics": {
      "acc": 0.271523178807947,
      "acc_stderr": 0.03631329803969653,
      "acc_norm": 0.31125827814569534,
      "acc_norm_stderr": 0.03780445850526733
    },
    "hendrycksTest-miscellaneous": {
      "acc": 0.21711366538952745,
      "acc_stderr": 0.014743125394823298,
      "acc_norm": 0.2260536398467433,
      "acc_norm_stderr": 0.014957458504335835
    },
    "hendrycksTest-professional_law": {
      "acc": 0.25945241199478486,
      "acc_stderr": 0.011195262076350299,
      "acc_norm": 0.2737940026075619,
      "acc_norm_stderr": 0.011388612167979402
    },
    "hendrycksTest-college_physics": {
      "acc": 0.2647058823529412,
      "acc_stderr": 0.043898699568087785,
      "acc_norm": 0.27450980392156865,
      "acc_norm_stderr": 0.044405219061793254
    },
    "hendrycksTest-econometrics": {
      "acc": 0.2894736842105263,
      "acc_stderr": 0.04266339443159394,
      "acc_norm": 0.2719298245614035,
      "acc_norm_stderr": 0.04185774424022056
    },
    "hendrycksTest-us_foreign_policy": {
      "acc": 0.25,
      "acc_stderr": 0.04351941398892446,
      "acc_norm": 0.34,
      "acc_norm_stderr": 0.047609522856952365
    },
    "arc_challenge": {
      "acc": 0.1757679180887372,
      "acc_stderr": 0.011122850863120483,
      "acc_norm": 0.21075085324232082,
      "acc_norm_stderr": 0.0119182717548522
    },
    "hendrycksTest-world_religions": {
      "acc": 0.2222222222222222,
      "acc_stderr": 0.031885780176863984,
      "acc_norm": 0.23391812865497075,
      "acc_norm_stderr": 0.03246721765117825
    },
    "hendrycksTest-high_school_european_history": {
      "acc": 0.20606060606060606,
      "acc_stderr": 0.03158415324047711,
      "acc_norm": 0.26666666666666666,
      "acc_norm_stderr": 0.03453131801885415
    },
    "hendrycksTest-astronomy": {
      "acc": 0.24342105263157895,
      "acc_stderr": 0.034923496688842384,
      "acc_norm": 0.3355263157894737,
      "acc_norm_stderr": 0.03842498559395269
    },
    "hendrycksTest-high_school_chemistry": {
      "acc": 0.22167487684729065,
      "acc_stderr": 0.029225575892489593,
      "acc_norm": 0.26108374384236455,
      "acc_norm_stderr": 0.03090379695211447
    },
    "logiqa": {
      "acc": 0.2457757296466974,
      "acc_stderr": 0.016887410894296937,
      "acc_norm": 0.27956989247311825,
      "acc_norm_stderr": 0.01760290918682245
    },
    "hendrycksTest-security_studies": {
      "acc": 0.3551020408163265,
      "acc_stderr": 0.030635655150387634,
      "acc_norm": 0.2857142857142857,
      "acc_norm_stderr": 0.0289205832206756
    },
    "hendrycksTest-college_computer_science": {
      "acc": 0.34,
      "acc_stderr": 0.04760952285695235,
      "acc_norm": 0.33,
      "acc_norm_stderr": 0.04725815626252605
    },
    "hendrycksTest-conceptual_physics": {
      "acc": 0.2553191489361702,
      "acc_stderr": 0.028504856470514206,
      "acc_norm": 0.20425531914893616,
      "acc_norm_stderr": 0.026355158413349424
    },
    "hendrycksTest-international_law": {
      "acc": 0.1322314049586777,
      "acc_stderr": 0.03092278832044582,
      "acc_norm": 0.2975206611570248,
      "acc_norm_stderr": 0.04173349148083499
    },
    "hendrycksTest-moral_scenarios": {
      "acc": 0.24581005586592178,
      "acc_stderr": 0.014400296429225613,
      "acc_norm": 0.2536312849162011,
      "acc_norm_stderr": 0.01455155365936992
    },
    "piqa": {
      "acc": 0.5990206746463548,
      "acc_stderr": 0.011434766962108307,
      "acc_norm": 0.5903155603917302,
      "acc_norm_stderr": 0.01147393200718761
    },
    "hendrycksTest-jurisprudence": {
      "acc": 0.24074074074074073,
      "acc_stderr": 0.041331194402438376,
      "acc_norm": 0.3425925925925926,
      "acc_norm_stderr": 0.04587904741301812
    },
    "hendrycksTest-college_medicine": {
      "acc": 0.27167630057803466,
      "acc_stderr": 0.0339175032232166,
      "acc_norm": 0.3236994219653179,
      "acc_norm_stderr": 0.03567603799639169
    },
    "hendrycksTest-high_school_geography": {
      "acc": 0.3282828282828283,
      "acc_stderr": 0.03345678422756777,
      "acc_norm": 0.31313131313131315,
      "acc_norm_stderr": 0.03304205087813652
    },
    "hendrycksTest-high_school_computer_science": {
      "acc": 0.15,
      "acc_stderr": 0.03588702812826373,
      "acc_norm": 0.14,
      "acc_norm_stderr": 0.03487350880197769
    },
    "hendrycksTest-formal_logic": {
      "acc": 0.29365079365079366,
      "acc_stderr": 0.04073524322147126,
      "acc_norm": 0.3253968253968254,
      "acc_norm_stderr": 0.041905964388711366
    },
    "hendrycksTest-high_school_us_history": {
      "acc": 0.28921568627450983,
      "acc_stderr": 0.03182231867647553,
      "acc_norm": 0.23039215686274508,
      "acc_norm_stderr": 0.029554292605695066
    },
    "hendrycksTest-high_school_mathematics": {
      "acc": 0.27037037037037037,
      "acc_stderr": 0.027080372815145668,
      "acc_norm": 0.3111111111111111,
      "acc_norm_stderr": 0.028226446749683515
    },
    "hendrycksTest-human_aging": {
      "acc": 0.22869955156950672,
      "acc_stderr": 0.028188240046929203,
      "acc_norm": 0.17488789237668162,
      "acc_norm_stderr": 0.025495284626444965
    },
    "hendrycksTest-management": {
      "acc": 0.33980582524271846,
      "acc_stderr": 0.046897659372781356,
      "acc_norm": 0.32038834951456313,
      "acc_norm_stderr": 0.046202840822800406
    },
    "hendrycksTest-sociology": {
      "acc": 0.2935323383084577,
      "acc_stderr": 0.03220024104534205,
      "acc_norm": 0.2935323383084577,
      "acc_norm_stderr": 0.03220024104534205
    },
    "lambada_openai": {
      "ppl": 130.02204035651974,
      "ppl_stderr": 5.237438153085318,
      "acc": 0.19406171162429653,
      "acc_stderr": 0.0055097627164272306
    },
    "hendrycksTest-professional_accounting": {
      "acc": 0.30851063829787234,
      "acc_stderr": 0.027553366165101362,
      "acc_norm": 0.30851063829787234,
      "acc_norm_stderr": 0.027553366165101366
    },
    "hendrycksTest-moral_disputes": {
      "acc": 0.24855491329479767,
      "acc_stderr": 0.023267528432100174,
      "acc_norm": 0.26878612716763006,