{
  "results": {
    "arc_easy": {
      "acc": 0.5774410774410774,
      "acc_stderr": 0.010135978222981077,
      "acc_norm": 0.5542929292929293,
      "acc_norm_stderr": 0.010199118183322989
    },
    "hendrycksTest-us_foreign_policy": {
      "acc": 0.32,
      "acc_stderr": 0.046882617226215034,
      "acc_norm": 0.34,
      "acc_norm_stderr": 0.04760952285695236
    },
    "hendrycksTest-high_school_microeconomics": {
      "acc": 0.27310924369747897,
      "acc_stderr": 0.028942004040998167,
      "acc_norm": 0.28991596638655465,
      "acc_norm_stderr": 0.029472485833136084
    },
    "hendrycksTest-professional_law": {
      "acc": 0.2620599739243807,
      "acc_stderr": 0.011231552795890394,
      "acc_norm": 0.2666232073011734,
      "acc_norm_stderr": 0.011293836031612145
    },
    "hendrycksTest-machine_learning": {
      "acc": 0.17857142857142858,
      "acc_stderr": 0.03635209121577806,
      "acc_norm": 0.16964285714285715,
      "acc_norm_stderr": 0.0356236785009539
    },
    "hendrycksTest-global_facts": {
      "acc": 0.29,
      "acc_stderr": 0.04560480215720684,
      "acc_norm": 0.28,
      "acc_norm_stderr": 0.04512608598542127
    },
    "hendrycksTest-professional_accounting": {
      "acc": 0.2872340425531915,
      "acc_stderr": 0.026992199173064356,
      "acc_norm": 0.29432624113475175,
      "acc_norm_stderr": 0.02718712701150379
    },
    "hendrycksTest-college_medicine": {
      "acc": 0.1907514450867052,
      "acc_stderr": 0.029957851329869337,
      "acc_norm": 0.20809248554913296,
      "acc_norm_stderr": 0.030952890217749895
    },
    "hendrycksTest-marketing": {
      "acc": 0.29914529914529914,
      "acc_stderr": 0.029996951858349486,
      "acc_norm": 0.29914529914529914,
      "acc_norm_stderr": 0.029996951858349483
    },
    "hendrycksTest-econometrics": {
      "acc": 0.2543859649122807,
      "acc_stderr": 0.040969851398436716,
      "acc_norm": 0.21929824561403508,
      "acc_norm_stderr": 0.03892431106518753
    },
    "hendrycksTest-medical_genetics": {
      "acc": 0.23,
      "acc_stderr": 0.04229525846816507,
      "acc_norm": 0.3,
      "acc_norm_stderr": 0.046056618647183814
    },
    "hendrycksTest-clinical_knowledge": {
      "acc": 0.24528301886792453,
      "acc_stderr": 0.02648035717989569,
      "acc_norm": 0.2981132075471698,
      "acc_norm_stderr": 0.028152837942493864
    },
    "hendrycksTest-virology": {
      "acc": 0.39156626506024095,
      "acc_stderr": 0.03799857454479636,
      "acc_norm": 0.3795180722891566,
      "acc_norm_stderr": 0.037777988227480165
    },
    "hendrycksTest-world_religions": {
      "acc": 0.3391812865497076,
      "acc_stderr": 0.036310534964889056,
      "acc_norm": 0.3391812865497076,
      "acc_norm_stderr": 0.036310534964889056
    },
    "wsc": {
      "acc": 0.36538461538461536,
      "acc_stderr": 0.0474473339327792
    },
    "hendrycksTest-high_school_psychology": {
      "acc": 0.27522935779816515,
      "acc_stderr": 0.019149093743155196,
      "acc_norm": 0.25871559633027524,
      "acc_norm_stderr": 0.018776052319619624
    },
    "piqa": {
      "acc": 0.6942328618063112,
      "acc_stderr": 0.010749627366141629,
      "acc_norm": 0.6871599564744287,
      "acc_norm_stderr": 0.010817714425701095
    },
    "hendrycksTest-elementary_mathematics": {
      "acc": 0.24867724867724866,
      "acc_stderr": 0.02226181769240015,
      "acc_norm": 0.24074074074074073,
      "acc_norm_stderr": 0.022019080012217883
    },
    "hendrycksTest-high_school_physics": {
      "acc": 0.2913907284768212,
      "acc_stderr": 0.037101857261199946,
      "acc_norm": 0.32450331125827814,
      "acc_norm_stderr": 0.03822746937658753
    },
    "hendrycksTest-prehistory": {
      "acc": 0.23765432098765432,
      "acc_stderr": 0.023683591837008557,
      "acc_norm": 0.2222222222222222,
      "acc_norm_stderr": 0.023132376234543332
    },
    "hendrycksTest-moral_scenarios": {
      "acc": 0.27039106145251396,
      "acc_stderr": 0.014854993938010071,
      "acc_norm": 0.2759776536312849,
      "acc_norm_stderr": 0.014950103002475353
    },
    "hendrycksTest-public_relations": {
      "acc": 0.23636363636363636,
      "acc_stderr": 0.04069306319721376,
      "acc_norm": 0.19090909090909092,
      "acc_norm_stderr": 0.03764425585984927
    },
    "hendrycksTest-college_physics": {
      "acc": 0.21568627450980393,
      "acc_stderr": 0.04092563958237654,
      "acc_norm": 0.28431372549019607,
      "acc_norm_stderr": 0.04488482852329017
    },
    "hendrycksTest-management": {
      "acc": 0.2815533980582524,
      "acc_stderr": 0.04453254836326466,
      "acc_norm": 0.2524271844660194,
      "acc_norm_stderr": 0.04301250399690878
    },
    "hendrycksTest-professional_psychology": {
      "acc": 0.25980392156862747,
      "acc_stderr": 0.017740899509177795,
      "acc_norm": 0.27124183006535946,
      "acc_norm_stderr": 0.017986615304030312
    },
    "hendrycksTest-human_sexuality": {
      "acc": 0.37404580152671757,
      "acc_stderr": 0.04243869242230524,
      "acc_norm": 0.3435114503816794,
      "acc_norm_stderr": 0.04164976071944878
    },
    "hendrycksTest-moral_disputes": {
      "acc": 0.24566473988439305,
      "acc_stderr": 0.023176298203992026,
      "acc_norm": 0.2543352601156069,
      "acc_norm_stderr": 0.02344582627654554
    },
    "hendrycksTest-high_school_government_and_politics": {
      "acc": 0.27461139896373055,
      "acc_stderr": 0.032210245080411544,
      "acc_norm": 0.2849740932642487,
      "acc_norm_stderr": 0.03257714077709661
    },
    "hendrycksTest-high_school_statistics": {
      "acc": 0.25925925925925924,
      "acc_stderr": 0.02988691054762697,
      "acc_norm": 0.2916666666666667,
      "acc_norm_stderr": 0.03099866630456052
    },
    "hendrycksTest-high_school_world_history": {
      "acc": 0.25316455696202533,
      "acc_stderr": 0.028304657943035293,
      "acc_norm": 0.26582278481012656,
      "acc_norm_stderr": 0.02875679962965834
    },
    "hendrycksTest-high_school_computer_science": {
      "acc": 0.22,
      "acc_stderr": 0.0416333199893227,
      "acc_norm": 0.27,
      "acc_norm_stderr": 0.044619604333847415
    },
    "hendrycksTest-jurisprudence": {
      "acc": 0.2777777777777778,
      "acc_stderr": 0.04330043749650744,
      "acc_norm": 0.3148148148148148,
      "acc_norm_stderr": 0.04489931073591312
    },
    "hendrycksTest-high_school_geography": {
      "acc": 0.22727272727272727,
      "acc_stderr": 0.02985751567338641,
      "acc_norm": 0.26262626262626265,
      "acc_norm_stderr": 0.03135305009533086
    },
    "hendrycksTest-nutrition": {
      "acc": 0.2549019607843137,
      "acc_stderr": 0.024954184324879912,
      "acc_norm": 0.30392156862745096,
      "acc_norm_stderr": 0.026336613469046644
    },
    "hendrycksTest-anatomy": {
      "acc": 0.1259259259259259,
      "acc_stderr": 0.028660205275955076,
      "acc_norm": 0.1259259259259259,
      "acc_norm_stderr": 0.028660205275955076
    },
    "hendrycksTest-high_school_us_history": {
      "acc": 0.22549019607843138,
      "acc_stderr": 0.029331162294251745,
      "acc_norm": 0.2549019607843137,
      "acc_norm_stderr": 0.030587591351604246
    },
    "hendrycksTest-college_mathematics": {
      "acc": 0.22,
      "acc_stderr": 0.041633319989322695,
      "acc_norm": 0.28,
      "acc_norm_stderr": 0.04512608598542127
    },
    "hendrycksTest-conceptual_physics": {
      "acc": 0.251063829787234,
      "acc_stderr": 0.028346963777162466,
      "acc_norm": 0.2127659574468085,
      "acc_norm_stderr": 0.02675439134803976
    },
    "logiqa": {
      "acc": 0.2304147465437788,
      "acc_stderr": 0.016516834820590964,
      "acc_norm": 0.261136712749616,
      "acc_norm_stderr": 0.017228970682408615
    },
    "hendrycksTest-sociology": {
      "acc": 0.27860696517412936,
      "acc_stderr": 0.031700561834973086,
      "acc_norm": 0.29850746268656714,
      "acc_norm_stderr": 0.03235743789355043
    },