{
  "results": {
    "hendrycksTest-professional_law": {
      "acc": 0.26597131681877445,
      "acc_stderr": 0.01128503316555127,
      "acc_norm": 0.2790091264667536,
      "acc_norm_stderr": 0.011455208832803529
    },
    "hendrycksTest-high_school_biology": {
      "acc": 0.27419354838709675,
      "acc_stderr": 0.02537813997088519,
      "acc_norm": 0.3161290322580645,
      "acc_norm_stderr": 0.02645087448904277
    },
    "lambada_openai": {
      "ppl": 5.060378615577977,
      "ppl_stderr": 0.1155386596750153,
      "acc": 0.651853289346012,
      "acc_stderr": 0.006636943975418101
    },
    "hendrycksTest-conceptual_physics": {
      "acc": 0.2723404255319149,
      "acc_stderr": 0.029101290698386705,
      "acc_norm": 0.2765957446808511,
      "acc_norm_stderr": 0.02924188386962881
    },
    "hendrycksTest-machine_learning": {
      "acc": 0.21428571428571427,
      "acc_stderr": 0.03894641120044792,
      "acc_norm": 0.20535714285714285,
      "acc_norm_stderr": 0.03834241021419073
    },
    "hendrycksTest-computer_security": {
      "acc": 0.34,
      "acc_stderr": 0.047609522856952365,
      "acc_norm": 0.38,
      "acc_norm_stderr": 0.04878317312145633
    },
    "hendrycksTest-high_school_us_history": {
      "acc": 0.2549019607843137,
      "acc_stderr": 0.030587591351604243,
      "acc_norm": 0.2647058823529412,
      "acc_norm_stderr": 0.030964517926923393
    },
    "hendrycksTest-high_school_mathematics": {
      "acc": 0.24814814814814815,
      "acc_stderr": 0.0263357394040558,
      "acc_norm": 0.26296296296296295,
      "acc_norm_stderr": 0.02684205787383371
    },
    "hendrycksTest-college_medicine": {
      "acc": 0.3815028901734104,
      "acc_stderr": 0.037038511930995215,
      "acc_norm": 0.35260115606936415,
      "acc_norm_stderr": 0.03643037168958548
    },
    "hendrycksTest-high_school_computer_science": {
      "acc": 0.24,
      "acc_stderr": 0.042923469599092816,
      "acc_norm": 0.28,
      "acc_norm_stderr": 0.04512608598542128
    },
    "hendrycksTest-professional_accounting": {
      "acc": 0.2907801418439716,
      "acc_stderr": 0.027090664368353178,
      "acc_norm": 0.2872340425531915,
      "acc_norm_stderr": 0.026992199173064356
    },
    "hendrycksTest-security_studies": {
      "acc": 0.2938775510204082,
      "acc_stderr": 0.02916273841024977,
      "acc_norm": 0.2571428571428571,
      "acc_norm_stderr": 0.027979823538744543
    },
    "piqa": {
      "acc": 0.7546245919477693,
      "acc_stderr": 0.010039831320422396,
      "acc_norm": 0.763873775843308,
      "acc_norm_stderr": 0.00990896589055822
    },
    "hendrycksTest-abstract_algebra": {
      "acc": 0.15,
      "acc_stderr": 0.035887028128263714,
      "acc_norm": 0.21,
      "acc_norm_stderr": 0.040936018074033256
    },
    "arc_easy": {
      "acc": 0.6961279461279462,
      "acc_stderr": 0.009437524848293738,
      "acc_norm": 0.694023569023569,
      "acc_norm_stderr": 0.009455822036426623
    },
    "hendrycksTest-marketing": {
      "acc": 0.3333333333333333,
      "acc_stderr": 0.030882736974138653,
      "acc_norm": 0.36324786324786323,
      "acc_norm_stderr": 0.03150712523091264
    },
    "hendrycksTest-elementary_mathematics": {
      "acc": 0.291005291005291,
      "acc_stderr": 0.02339382650048486,
      "acc_norm": 0.2804232804232804,
      "acc_norm_stderr": 0.02313528797432563
    },
    "hendrycksTest-college_physics": {
      "acc": 0.20588235294117646,
      "acc_stderr": 0.040233822736177476,
      "acc_norm": 0.30392156862745096,
      "acc_norm_stderr": 0.045766654032077636
    },
    "hendrycksTest-human_aging": {
      "acc": 0.27802690582959644,
      "acc_stderr": 0.030069584874494043,
      "acc_norm": 0.26905829596412556,
      "acc_norm_stderr": 0.029763779406874972
    },
    "hendrycksTest-management": {
      "acc": 0.33980582524271846,
      "acc_stderr": 0.04689765937278135,
      "acc_norm": 0.3592233009708738,
      "acc_norm_stderr": 0.047504583990416925
    },
    "sciq": {
      "acc": 0.946,
      "acc_stderr": 0.007150883521295439,
      "acc_norm": 0.949,
      "acc_norm_stderr": 0.00696042006257141
    },
    "logiqa": {
      "acc": 0.2534562211981567,
      "acc_stderr": 0.01706170543978574,
      "acc_norm": 0.2642089093701997,
      "acc_norm_stderr": 0.01729395454974451
    },
    "hendrycksTest-high_school_world_history": {
      "acc": 0.24472573839662448,
      "acc_stderr": 0.027985699387036416,
      "acc_norm": 0.2489451476793249,
      "acc_norm_stderr": 0.028146970599422644
    },
    "hendrycksTest-high_school_geography": {
      "acc": 0.3333333333333333,
      "acc_stderr": 0.03358618145732523,
      "acc_norm": 0.36363636363636365,
      "acc_norm_stderr": 0.03427308652999935
    },
    "hendrycksTest-medical_genetics": {
      "acc": 0.37,
      "acc_stderr": 0.048523658709391,
      "acc_norm": 0.41,
      "acc_norm_stderr": 0.049431107042371025
    },
    "hendrycksTest-prehistory": {
      "acc": 0.3148148148148148,
      "acc_stderr": 0.02584224870090217,
      "acc_norm": 0.31790123456790126,
      "acc_norm_stderr": 0.02591006352824087
    },
    "hendrycksTest-college_mathematics": {
      "acc": 0.19,
      "acc_stderr": 0.03942772444036622,
      "acc_norm": 0.26,
      "acc_norm_stderr": 0.0440844002276808
    },
    "hendrycksTest-moral_disputes": {
      "acc": 0.2774566473988439,
      "acc_stderr": 0.024105712607754307,
      "acc_norm": 0.2745664739884393,
      "acc_norm_stderr": 0.02402774515526502
    },
    "hendrycksTest-high_school_government_and_politics": {
      "acc": 0.24352331606217617,
      "acc_stderr": 0.030975436386845436,
      "acc_norm": 0.2849740932642487,
      "acc_norm_stderr": 0.03257714077709661
    },
    "hendrycksTest-sociology": {
      "acc": 0.3283582089552239,
      "acc_stderr": 0.033206858897443244,
      "acc_norm": 0.2835820895522388,
      "acc_norm_stderr": 0.03187187537919797
    },
    "winogrande": {
      "acc": 0.6448303078137332,
      "acc_stderr": 0.013450047479569254
    },
    "hendrycksTest-college_biology": {
      "acc": 0.2847222222222222,
      "acc_stderr": 0.037738099906869355,
      "acc_norm": 0.24305555555555555,
      "acc_norm_stderr": 0.03586879280080341
    },
    "hendrycksTest-econometrics": {
      "acc": 0.2631578947368421,
      "acc_stderr": 0.04142439719489361,
      "acc_norm": 0.24561403508771928,
      "acc_norm_stderr": 0.04049339297748142
    },
    "hendrycksTest-high_school_macroeconomics": {
      "acc": 0.3076923076923077,
      "acc_stderr": 0.0234009289183105,
      "acc_norm": 0.2743589743589744,
      "acc_norm_stderr": 0.022622765767493214
    },
    "hendrycksTest-human_sexuality": {
      "acc": 0.3893129770992366,
      "acc_stderr": 0.04276486542814591,
      "acc_norm": 0.3969465648854962,
      "acc_norm_stderr": 0.04291135671009224
    },
    "hendrycksTest-high_school_european_history": {
      "acc": 0.2606060606060606,
      "acc_stderr": 0.034277431758165236,
      "acc_norm": 0.28484848484848485,
      "acc_norm_stderr": 0.035243908445117836
    },
    "hendrycksTest-logical_fallacies": {
      "acc": 0.2883435582822086,
      "acc_stderr": 0.035590395316173425,
      "acc_norm": 0.3006134969325153,
      "acc_norm_stderr": 0.0360251131880677
    },
    "hendrycksTest-international_law": {
      "acc": 0.2892561983471074,
      "acc_stderr": 0.04139112727635465,
      "acc_norm": 0.36363636363636365,
      "acc_norm_stderr": 0.043913262867240704
    },
    "hendrycksTest-miscellaneous": {
      "acc": 0.3243933588761175,
      "acc_stderr": 0.0167409290471627,
      "acc_norm": 0.32950191570881227,
      "acc_norm_stderr": 0.016808322261740456
    },
    "hendrycksTest-public_relations": {
      "acc": 0.2727272727272727,
      "acc_stderr": 0.04265792110940589,
      "acc_norm": 0.2909090909090909,
      "acc_norm_stderr": 0.04350271442923243
    },
    "hendrycksTest-high_school_psychology": {
      "acc": 0.3614678899082569,