{
  "results": {
    "crows_pairs_english_religion": {
      "likelihood_difference": 3.5218186936936937,
      "likelihood_difference_stderr": 0.305329033424722,
      "pct_stereotype": 0.7837837837837838,
      "pct_stereotype_stderr": 0.039250566187156444
    },
    "crows_pairs_english": {
      "likelihood_difference": 3.5126248509242695,
      "likelihood_difference_stderr": 0.08394161728680397,
      "pct_stereotype": 0.6028622540250447,
      "pct_stereotype_stderr": 0.011952056091200867
    },
    "crows_pairs_french": {
      "likelihood_difference": 3.574901237328563,
      "likelihood_difference_stderr": 0.08629263116636945,
      "pct_stereotype": 0.49672033392963627,
      "pct_stereotype_stderr": 0.012213036478213845
    },
    "crows_pairs_french_autre": {
      "likelihood_difference": 4.3076923076923075,
      "likelihood_difference_stderr": 0.9567785832337661,
      "pct_stereotype": 0.5384615384615384,
      "pct_stereotype_stderr": 0.14390989949130545
    },
    "crows_pairs_french_gender": {
      "likelihood_difference": 3.4481113707165107,
      "likelihood_difference_stderr": 0.18155400127979776,
      "pct_stereotype": 0.5295950155763239,
      "pct_stereotype_stderr": 0.027901844420051173
    },
    "lambada_openai": {
      "ppl": 6.006676709699858,
      "ppl_stderr": 0.1506798954728057,
      "acc": 0.620415292062876,
      "acc_stderr": 0.006760949214807669
    },
    "crows_pairs_english_physical_appearance": {
      "likelihood_difference": 3.9850260416666665,
      "likelihood_difference_stderr": 0.39896233124734065,
      "pct_stereotype": 0.7222222222222222,
      "pct_stereotype_stderr": 0.05315633121839994
    },
    "crows_pairs_english_gender": {
      "likelihood_difference": 2.7513671875,
      "likelihood_difference_stderr": 0.16515397468461473,
      "pct_stereotype": 0.60625,
      "pct_stereotype_stderr": 0.02735525815821926
    },
    "crows_pairs_english_age": {
      "likelihood_difference": 3.20467032967033,
      "likelihood_difference_stderr": 0.30341387213912596,
      "pct_stereotype": 0.6483516483516484,
      "pct_stereotype_stderr": 0.0503313231862789
    },
    "crows_pairs_french_nationality": {
      "likelihood_difference": 4.049530632411067,
      "likelihood_difference_stderr": 0.2173110684257716,
      "pct_stereotype": 0.33992094861660077,
      "pct_stereotype_stderr": 0.029839165252550367
    },
    "crows_pairs_french_race_color": {
      "likelihood_difference": 3.001358695652174,
      "likelihood_difference_stderr": 0.16521936503129755,
      "pct_stereotype": 0.3760869565217391,
      "pct_stereotype_stderr": 0.022609961637816086
    },
    "crows_pairs_french_disability": {
      "likelihood_difference": 4.575284090909091,
      "likelihood_difference_stderr": 0.4260499985325698,
      "pct_stereotype": 0.5606060606060606,
      "pct_stereotype_stderr": 0.06156009014560979
    },
    "crows_pairs_english_autre": {
      "likelihood_difference": 4.857954545454546,
      "likelihood_difference_stderr": 1.7963097610790666,
      "pct_stereotype": 0.7272727272727273,
      "pct_stereotype_stderr": 0.14083575804390605
    },
    "crows_pairs_english_sexual_orientation": {
      "likelihood_difference": 4.558467741935484,
      "likelihood_difference_stderr": 0.4719421041816662,
      "pct_stereotype": 0.7956989247311828,
      "pct_stereotype_stderr": 0.04203545939892302
    },
    "crows_pairs_english_socioeconomic": {
      "likelihood_difference": 3.897450657894737,
      "likelihood_difference_stderr": 0.23393981024918512,
      "pct_stereotype": 0.6789473684210526,
      "pct_stereotype_stderr": 0.03396059335824887
    },
    "crows_pairs_french_socioeconomic": {
      "likelihood_difference": 4.115513392857143,
      "likelihood_difference_stderr": 0.27109894322685907,
      "pct_stereotype": 0.673469387755102,
      "pct_stereotype_stderr": 0.03358176943703843
    },
    "crows_pairs_french_age": {
      "likelihood_difference": 3.303472222222222,
      "likelihood_difference_stderr": 0.30896101763135053,
      "pct_stereotype": 0.4666666666666667,
      "pct_stereotype_stderr": 0.05288198530254015
    },
    "crows_pairs_french_sexual_orientation": {
      "likelihood_difference": 4.366758241758242,
      "likelihood_difference_stderr": 0.40514337960154256,
      "pct_stereotype": 0.7472527472527473,
      "pct_stereotype_stderr": 0.04580951853732889
    },
    "crows_pairs_english_nationality": {
      "likelihood_difference": 3.4173177083333335,
      "likelihood_difference_stderr": 0.23728646523510855,
      "pct_stereotype": 0.5370370370370371,
      "pct_stereotype_stderr": 0.03400603625538272
    },
    "crows_pairs_french_religion": {
      "likelihood_difference": 3.264130434782609,
      "likelihood_difference_stderr": 0.33524919974279277,
      "pct_stereotype": 0.6521739130434783,
      "pct_stereotype_stderr": 0.044607754438485
    },
    "crows_pairs_french_physical_appearance": {
      "likelihood_difference": 3.4505208333333335,
      "likelihood_difference_stderr": 0.450282042404537,
      "pct_stereotype": 0.5972222222222222,
      "pct_stereotype_stderr": 0.05820650942569533
    },
    "crows_pairs_english_disability": {
      "likelihood_difference": 5.777403846153846,
      "likelihood_difference_stderr": 0.6260251162250606,
      "pct_stereotype": 0.6923076923076923,
      "pct_stereotype_stderr": 0.05769230769230768
    },
    "crows_pairs_english_race_color": {
      "likelihood_difference": 3.3645730807086616,
      "likelihood_difference_stderr": 0.1412233565005732,
      "pct_stereotype": 0.4862204724409449,
      "pct_stereotype_stderr": 0.022197345320790825
    }
  },
  "versions": {
    "crows_pairs_english_religion": 0,
    "crows_pairs_english": 0,
    "crows_pairs_french": 0,
    "crows_pairs_french_autre": 0,
    "crows_pairs_french_gender": 0,
    "lambada_openai": 0,
    "crows_pairs_english_physical_appearance": 0,
    "crows_pairs_english_gender": 0,
    "crows_pairs_english_age": 0,
    "crows_pairs_french_nationality": 0,
    "crows_pairs_french_race_color": 0,
    "crows_pairs_french_disability": 0,
    "crows_pairs_english_autre": 0,
    "crows_pairs_english_sexual_orientation": 0,
    "crows_pairs_english_socioeconomic": 0,
    "crows_pairs_french_socioeconomic": 0,
    "crows_pairs_french_age": 0,
    "crows_pairs_french_sexual_orientation": 0,
    "crows_pairs_english_nationality": 0,
    "crows_pairs_french_religion": 0,
    "crows_pairs_french_physical_appearance": 0,
    "crows_pairs_english_disability": 0,
    "crows_pairs_english_race_color": 0
  },
  "config": {
    "model": "hf-causal",
    "model_args": "pretrained=EleutherAI/pythia-v1.1-1.4b-deduped,revision=step123000",
    "num_fewshot": 0,
    "batch_size": 16,
    "device": "cuda:1",
    "no_cache": true,
    "limit": null,
    "bootstrap_iters": 100000,
    "description_dict": {}
  }
}