{
  "results": {
    "crows_pairs_english_religion": {
      "likelihood_difference": 3.4636824324324325,
      "likelihood_difference_stderr": 0.3257368905524343,
      "pct_stereotype": 0.7747747747747747,
      "pct_stereotype_stderr": 0.03982904640716733
    },
    "crows_pairs_french_nationality": {
      "likelihood_difference": 4.1164772727272725,
      "likelihood_difference_stderr": 0.22300197566239663,
      "pct_stereotype": 0.34782608695652173,
      "pct_stereotype_stderr": 0.030002850406189337
    },
    "crows_pairs_english": {
      "likelihood_difference": 3.5599657125819917,
      "likelihood_difference_stderr": 0.08394861725446334,
      "pct_stereotype": 0.614788312462731,
      "pct_stereotype_stderr": 0.011887089206792467
    },
    "crows_pairs_english_sexual_orientation": {
      "likelihood_difference": 4.651209677419355,
      "likelihood_difference_stderr": 0.4530448390153035,
      "pct_stereotype": 0.8602150537634409,
      "pct_stereotype_stderr": 0.036152622588464155
    },
    "crows_pairs_english_disability": {
      "likelihood_difference": 5.751442307692308,
      "likelihood_difference_stderr": 0.653437134554795,
      "pct_stereotype": 0.7384615384615385,
      "pct_stereotype_stderr": 0.05493406483494501
    },
    "crows_pairs_french_disability": {
      "likelihood_difference": 4.816761363636363,
      "likelihood_difference_stderr": 0.4414005105082207,
      "pct_stereotype": 0.5909090909090909,
      "pct_stereotype_stderr": 0.06098367211363066
    },
    "crows_pairs_english_physical_appearance": {
      "likelihood_difference": 4.112847222222222,
      "likelihood_difference_stderr": 0.40948448185424496,
      "pct_stereotype": 0.7361111111111112,
      "pct_stereotype_stderr": 0.05230618728513983
    },
    "crows_pairs_english_gender": {
      "likelihood_difference": 2.88642578125,
      "likelihood_difference_stderr": 0.15884676410083748,
      "pct_stereotype": 0.628125,
      "pct_stereotype_stderr": 0.02705990013900487
    },
    "crows_pairs_english_age": {
      "likelihood_difference": 3.2081043956043955,
      "likelihood_difference_stderr": 0.2881754106328923,
      "pct_stereotype": 0.6373626373626373,
      "pct_stereotype_stderr": 0.05067669921031868
    },
    "crows_pairs_english_autre": {
      "likelihood_difference": 5.380681818181818,
      "likelihood_difference_stderr": 1.8602679682614731,
      "pct_stereotype": 0.5454545454545454,
      "pct_stereotype_stderr": 0.1574591643244434
    },
    "crows_pairs_english_nationality": {
      "likelihood_difference": 3.41015625,
      "likelihood_difference_stderr": 0.23716630815493994,
      "pct_stereotype": 0.5324074074074074,
      "pct_stereotype_stderr": 0.03402801581358966
    },
    "crows_pairs_french_sexual_orientation": {
      "likelihood_difference": 4.002403846153846,
      "likelihood_difference_stderr": 0.3835721600498951,
      "pct_stereotype": 0.7362637362637363,
      "pct_stereotype_stderr": 0.046449428524973954
    },
    "crows_pairs_french_autre": {
      "likelihood_difference": 3.9639423076923075,
      "likelihood_difference_stderr": 1.1210246611866568,
      "pct_stereotype": 0.5384615384615384,
      "pct_stereotype_stderr": 0.14390989949130545
    },
    "crows_pairs_french_socioeconomic": {
      "likelihood_difference": 4.3100685586734695,
      "likelihood_difference_stderr": 0.2802416329168373,
      "pct_stereotype": 0.6836734693877551,
      "pct_stereotype_stderr": 0.033302348931020034
    },
    "crows_pairs_french_religion": {
      "likelihood_difference": 3.237228260869565,
      "likelihood_difference_stderr": 0.3647787211370824,
      "pct_stereotype": 0.6608695652173913,
      "pct_stereotype_stderr": 0.044339300118198144
    },
    "lambada_openai": {
      "ppl": 5.928466685153342,
      "ppl_stderr": 0.14872646995264416,
      "acc": 0.6252668348534834,
      "acc_stderr": 0.00674381790869203
    },
    "crows_pairs_french": {
      "likelihood_difference": 3.6272407945736433,
      "likelihood_difference_stderr": 0.08832349788816285,
      "pct_stereotype": 0.48181276088252833,
      "pct_stereotype_stderr": 0.012205216819921413
    },
    "crows_pairs_english_race_color": {
      "likelihood_difference": 3.3673720472440944,
      "likelihood_difference_stderr": 0.1421265224049319,
      "pct_stereotype": 0.49606299212598426,
      "pct_stereotype_stderr": 0.02220509119300217
    },
    "crows_pairs_english_socioeconomic": {
      "likelihood_difference": 4.005592105263158,
      "likelihood_difference_stderr": 0.23428554729120477,
      "pct_stereotype": 0.6947368421052632,
      "pct_stereotype_stderr": 0.03349781342677419
    },
    "crows_pairs_french_physical_appearance": {
      "likelihood_difference": 3.3546006944444446,
      "likelihood_difference_stderr": 0.43827704916816707,
      "pct_stereotype": 0.5833333333333334,
      "pct_stereotype_stderr": 0.05850912479161746
    },
    "crows_pairs_french_age": {
      "likelihood_difference": 3.359027777777778,
      "likelihood_difference_stderr": 0.33273048117517817,
      "pct_stereotype": 0.4444444444444444,
      "pct_stereotype_stderr": 0.05267171812666418
    },
    "crows_pairs_french_gender": {
      "likelihood_difference": 3.4560455607476634,
      "likelihood_difference_stderr": 0.19385959788922597,
      "pct_stereotype": 0.5046728971962616,
      "pct_stereotype_stderr": 0.02794962902436013
    },
    "crows_pairs_french_race_color": {
      "likelihood_difference": 3.1249320652173913,
      "likelihood_difference_stderr": 0.1632786869302368,
      "pct_stereotype": 0.33260869565217394,
      "pct_stereotype_stderr": 0.021991291167381893
    }
  },
  "versions": {
    "crows_pairs_english_religion": 0,
    "crows_pairs_french_nationality": 0,
    "crows_pairs_english": 0,
    "crows_pairs_english_sexual_orientation": 0,
    "crows_pairs_english_disability": 0,
    "crows_pairs_french_disability": 0,
    "crows_pairs_english_physical_appearance": 0,
    "crows_pairs_english_gender": 0,
    "crows_pairs_english_age": 0,
    "crows_pairs_english_autre": 0,
    "crows_pairs_english_nationality": 0,
    "crows_pairs_french_sexual_orientation": 0,
    "crows_pairs_french_autre": 0,
    "crows_pairs_french_socioeconomic": 0,
    "crows_pairs_french_religion": 0,
    "lambada_openai": 0,
    "crows_pairs_french": 0,
    "crows_pairs_english_race_color": 0,
    "crows_pairs_english_socioeconomic": 0,
    "crows_pairs_french_physical_appearance": 0,
    "crows_pairs_french_age": 0,
    "crows_pairs_french_gender": 0,
    "crows_pairs_french_race_color": 0
  },
  "config": {
    "model": "hf-causal",
    "model_args": "pretrained=EleutherAI/pythia-v1.1-1.4b-deduped,revision=step142000",
    "num_fewshot": 0,
    "batch_size": 4,
    "device": "cuda:7",
    "no_cache": true,
    "limit": null,
    "bootstrap_iters": 100000,
    "description_dict": {}
  }
}