{
  "results": {
    "crows_pairs_french_autre": {
      "likelihood_difference": 4.127403846153846,
      "likelihood_difference_stderr": 1.1246575196428255,
      "pct_stereotype": 0.5384615384615384,
      "pct_stereotype_stderr": 0.14390989949130545
    },
    "crows_pairs_french_nationality": {
      "likelihood_difference": 3.9610918972332017,
      "likelihood_difference_stderr": 0.22297974163269954,
      "pct_stereotype": 0.3715415019762846,
      "pct_stereotype_stderr": 0.030439793183749016
    },
    "crows_pairs_french_religion": {
      "likelihood_difference": 3.090217391304348,
      "likelihood_difference_stderr": 0.3595372638056486,
      "pct_stereotype": 0.6608695652173913,
      "pct_stereotype_stderr": 0.04433930011819815
    },
    "crows_pairs_french_physical_appearance": {
      "likelihood_difference": 3.5069444444444446,
      "likelihood_difference_stderr": 0.4653108966502156,
      "pct_stereotype": 0.6111111111111112,
      "pct_stereotype_stderr": 0.057855371034784615
    },
    "crows_pairs_french_race_color": {
      "likelihood_difference": 3.040421195652174,
      "likelihood_difference_stderr": 0.1645942223847493,
      "pct_stereotype": 0.30217391304347824,
      "pct_stereotype_stderr": 0.021433630616234402
    },
    "crows_pairs_english_nationality": {
      "likelihood_difference": 3.4250578703703702,
      "likelihood_difference_stderr": 0.23343020160269765,
      "pct_stereotype": 0.5324074074074074,
      "pct_stereotype_stderr": 0.03402801581358966
    },
    "crows_pairs_english": {
      "likelihood_difference": 3.497978160405486,
      "likelihood_difference_stderr": 0.08400444883282157,
      "pct_stereotype": 0.6153846153846154,
      "pct_stereotype_stderr": 0.011883644084951283
    },
    "crows_pairs_english_autre": {
      "likelihood_difference": 5.184659090909091,
      "likelihood_difference_stderr": 1.8062315907437858,
      "pct_stereotype": 0.5454545454545454,
      "pct_stereotype_stderr": 0.1574591643244434
    },
    "crows_pairs_english_race_color": {
      "likelihood_difference": 3.331908218503937,
      "likelihood_difference_stderr": 0.14259564207852676,
      "pct_stereotype": 0.5177165354330708,
      "pct_stereotype_stderr": 0.022191835500120258
    },
    "crows_pairs_english_religion": {
      "likelihood_difference": 3.551097972972973,
      "likelihood_difference_stderr": 0.32139339882130546,
      "pct_stereotype": 0.8018018018018018,
      "pct_stereotype_stderr": 0.03800905064816031
    },
    "crows_pairs_french": {
      "likelihood_difference": 3.6193863670244486,
      "likelihood_difference_stderr": 0.08862576638508081,
      "pct_stereotype": 0.4806201550387597,
      "pct_stereotype_stderr": 0.01220412166793378
    },
    "crows_pairs_french_sexual_orientation": {
      "likelihood_difference": 5.225961538461538,
      "likelihood_difference_stderr": 0.4170611333653945,
      "pct_stereotype": 0.7912087912087912,
      "pct_stereotype_stderr": 0.042843052065094304
    },
    "crows_pairs_french_gender": {
      "likelihood_difference": 3.493331386292835,
      "likelihood_difference_stderr": 0.18744566595559103,
      "pct_stereotype": 0.5171339563862928,
      "pct_stereotype_stderr": 0.02793443369853731
    },
    "crows_pairs_french_age": {
      "likelihood_difference": 3.153125,
      "likelihood_difference_stderr": 0.3159076264554489,
      "pct_stereotype": 0.45555555555555555,
      "pct_stereotype_stderr": 0.05279009646630345
    },
    "crows_pairs_english_sexual_orientation": {
      "likelihood_difference": 4.399193548387097,
      "likelihood_difference_stderr": 0.4569513358961699,
      "pct_stereotype": 0.8279569892473119,
      "pct_stereotype_stderr": 0.039348528120618634
    },
    "lambada_openai": {
      "ppl": 6.3482693695551085,
      "ppl_stderr": 0.16056908921579421,
      "acc": 0.6085775276537939,
      "acc_stderr": 0.0067997493858037395
    },
    "crows_pairs_english_physical_appearance": {
      "likelihood_difference": 4.047309027777778,
      "likelihood_difference_stderr": 0.4047456304130956,
      "pct_stereotype": 0.7083333333333334,
      "pct_stereotype_stderr": 0.05394274771736147
    },
    "crows_pairs_english_gender": {
      "likelihood_difference": 2.739892578125,
      "likelihood_difference_stderr": 0.16082129041712048,
      "pct_stereotype": 0.615625,
      "pct_stereotype_stderr": 0.027235813331371504
    },
    "crows_pairs_english_age": {
      "likelihood_difference": 3.259443681318681,
      "likelihood_difference_stderr": 0.30262951515080966,
      "pct_stereotype": 0.6483516483516484,
      "pct_stereotype_stderr": 0.0503313231862789
    },
    "crows_pairs_english_socioeconomic": {
      "likelihood_difference": 3.8788651315789475,
      "likelihood_difference_stderr": 0.23823231228721756,
      "pct_stereotype": 0.6789473684210526,
      "pct_stereotype_stderr": 0.03396059335824887
    },
    "crows_pairs_english_disability": {
      "likelihood_difference": 5.716826923076923,
      "likelihood_difference_stderr": 0.6417961258726861,
      "pct_stereotype": 0.7076923076923077,
      "pct_stereotype_stderr": 0.056852867304209534
    },
    "crows_pairs_french_disability": {
      "likelihood_difference": 4.67282196969697,
      "likelihood_difference_stderr": 0.44610166149462155,
      "pct_stereotype": 0.5606060606060606,
      "pct_stereotype_stderr": 0.06156009014560979
    },
    "crows_pairs_french_socioeconomic": {
      "likelihood_difference": 4.175103635204081,
      "likelihood_difference_stderr": 0.2748462519251093,
      "pct_stereotype": 0.6632653061224489,
      "pct_stereotype_stderr": 0.03384311010566736
    }
  },
  "versions": {
    "crows_pairs_french_autre": 0,
    "crows_pairs_french_nationality": 0,
    "crows_pairs_french_religion": 0,
    "crows_pairs_french_physical_appearance": 0,
    "crows_pairs_french_race_color": 0,
    "crows_pairs_english_nationality": 0,
    "crows_pairs_english": 0,
    "crows_pairs_english_autre": 0,
    "crows_pairs_english_race_color": 0,
    "crows_pairs_english_religion": 0,
    "crows_pairs_french": 0,
    "crows_pairs_french_sexual_orientation": 0,
    "crows_pairs_french_gender": 0,
    "crows_pairs_french_age": 0,
    "crows_pairs_english_sexual_orientation": 0,
    "lambada_openai": 0,
    "crows_pairs_english_physical_appearance": 0,
    "crows_pairs_english_gender": 0,
    "crows_pairs_english_age": 0,
    "crows_pairs_english_socioeconomic": 0,
    "crows_pairs_english_disability": 0,
    "crows_pairs_french_disability": 0,
    "crows_pairs_french_socioeconomic": 0
  },
  "config": {
    "model": "hf-causal",
    "model_args": "pretrained=EleutherAI/pythia-v1.1-1.4b-deduped,revision=step137000",
    "num_fewshot": 0,
    "batch_size": 16,
    "device": "cuda:7",
    "no_cache": true,
    "limit": null,
    "bootstrap_iters": 100000,
    "description_dict": {}
  }
}