{
  "results": {
    "crows_pairs_english": {
      "likelihood_difference": 3.454261702444842,
      "likelihood_difference_stderr": 0.08313765770884106,
      "pct_stereotype": 0.6064400715563506,
      "pct_stereotype_stderr": 0.011933349890055874
    },
    "crows_pairs_french_sexual_orientation": {
      "likelihood_difference": 4.5463598901098905,
      "likelihood_difference_stderr": 0.39848146712612786,
      "pct_stereotype": 0.7472527472527473,
      "pct_stereotype_stderr": 0.04580951853732889
    },
    "crows_pairs_english_gender": {
      "likelihood_difference": 2.730322265625,
      "likelihood_difference_stderr": 0.16482924268721155,
      "pct_stereotype": 0.63125,
      "pct_stereotype_stderr": 0.027012909806946823
    },
    "crows_pairs_french_religion": {
      "likelihood_difference": 3.2557065217391306,
      "likelihood_difference_stderr": 0.34301169382972446,
      "pct_stereotype": 0.6,
      "pct_stereotype_stderr": 0.04588314677411235
    },
    "crows_pairs_english_autre": {
      "likelihood_difference": 5.201704545454546,
      "likelihood_difference_stderr": 1.7985472141735868,
      "pct_stereotype": 0.5454545454545454,
      "pct_stereotype_stderr": 0.1574591643244434
    },
    "crows_pairs_english_socioeconomic": {
      "likelihood_difference": 3.846875,
      "likelihood_difference_stderr": 0.23427249916803505,
      "pct_stereotype": 0.6578947368421053,
      "pct_stereotype_stderr": 0.03450858738901064
    },
    "crows_pairs_english_race_color": {
      "likelihood_difference": 3.2676242618110236,
      "likelihood_difference_stderr": 0.1399723009866305,
      "pct_stereotype": 0.4940944881889764,
      "pct_stereotype_stderr": 0.022204230673972467
    },
    "crows_pairs_french_nationality": {
      "likelihood_difference": 4.113018774703558,
      "likelihood_difference_stderr": 0.22305958328704567,
      "pct_stereotype": 0.3438735177865613,
      "pct_stereotype_stderr": 0.029922155720849428
    },
    "crows_pairs_english_disability": {
      "likelihood_difference": 5.7548076923076925,
      "likelihood_difference_stderr": 0.6194469470062189,
      "pct_stereotype": 0.7384615384615385,
      "pct_stereotype_stderr": 0.05493406483494501
    },
    "crows_pairs_french_socioeconomic": {
      "likelihood_difference": 4.11898118622449,
      "likelihood_difference_stderr": 0.2832517952299712,
      "pct_stereotype": 0.6530612244897959,
      "pct_stereotype_stderr": 0.03408678678944597
    },
    "crows_pairs_english_religion": {
      "likelihood_difference": 3.3533220720720722,
      "likelihood_difference_stderr": 0.3076954688026406,
      "pct_stereotype": 0.7837837837837838,
      "pct_stereotype_stderr": 0.03925056618715643
    },
    "crows_pairs_english_nationality": {
      "likelihood_difference": 3.4400318287037037,
      "likelihood_difference_stderr": 0.23918262328361406,
      "pct_stereotype": 0.5277777777777778,
      "pct_stereotype_stderr": 0.0340470532865388
    },
    "lambada_openai": {
      "ppl": 5.939180369690008,
      "ppl_stderr": 0.1480402748407497,
      "acc": 0.6272074519697264,
      "acc_stderr": 0.0067367633063197445
    },
    "crows_pairs_french_race_color": {
      "likelihood_difference": 3.049252717391304,
      "likelihood_difference_stderr": 0.16075791999824476,
      "pct_stereotype": 0.3217391304347826,
      "pct_stereotype_stderr": 0.021804391953393117
    },
    "crows_pairs_french_gender": {
      "likelihood_difference": 3.33547507788162,
      "likelihood_difference_stderr": 0.18151913620822513,
      "pct_stereotype": 0.5264797507788161,
      "pct_stereotype_stderr": 0.027911625198936647
    },
    "crows_pairs_english_age": {
      "likelihood_difference": 3.191620879120879,
      "likelihood_difference_stderr": 0.3074702866006518,
      "pct_stereotype": 0.6263736263736264,
      "pct_stereotype_stderr": 0.0509934316638677
    },
    "crows_pairs_french": {
      "likelihood_difference": 3.582108117173524,
      "likelihood_difference_stderr": 0.08700875177904208,
      "pct_stereotype": 0.4782349433512224,
      "pct_stereotype_stderr": 0.012201722420107359
    },
    "crows_pairs_english_sexual_orientation": {
      "likelihood_difference": 4.44119623655914,
      "likelihood_difference_stderr": 0.43948835254364427,
      "pct_stereotype": 0.8064516129032258,
      "pct_stereotype_stderr": 0.041189832133487855
    },
    "crows_pairs_french_disability": {
      "likelihood_difference": 4.633996212121212,
      "likelihood_difference_stderr": 0.43423574386475744,
      "pct_stereotype": 0.6212121212121212,
      "pct_stereotype_stderr": 0.06016741025240241
    },
    "crows_pairs_french_age": {
      "likelihood_difference": 3.1847222222222222,
      "likelihood_difference_stderr": 0.3222581649822038,
      "pct_stereotype": 0.4444444444444444,
      "pct_stereotype_stderr": 0.05267171812666418
    },
    "crows_pairs_french_physical_appearance": {
      "likelihood_difference": 3.4934895833333335,
      "likelihood_difference_stderr": 0.46245898177130085,
      "pct_stereotype": 0.625,
      "pct_stereotype_stderr": 0.05745481997211521
    },
    "crows_pairs_french_autre": {
      "likelihood_difference": 4.139423076923077,
      "likelihood_difference_stderr": 0.9958951167876661,
      "pct_stereotype": 0.5384615384615384,
      "pct_stereotype_stderr": 0.14390989949130545
    },
    "crows_pairs_english_physical_appearance": {
      "likelihood_difference": 3.8641493055555554,
      "likelihood_difference_stderr": 0.3810851719703485,
      "pct_stereotype": 0.7222222222222222,
      "pct_stereotype_stderr": 0.05315633121839994
    }
  },
  "versions": {
    "crows_pairs_english": 0,
    "crows_pairs_french_sexual_orientation": 0,
    "crows_pairs_english_gender": 0,
    "crows_pairs_french_religion": 0,
    "crows_pairs_english_autre": 0,
    "crows_pairs_english_socioeconomic": 0,
    "crows_pairs_english_race_color": 0,
    "crows_pairs_french_nationality": 0,
    "crows_pairs_english_disability": 0,
    "crows_pairs_french_socioeconomic": 0,
    "crows_pairs_english_religion": 0,
    "crows_pairs_english_nationality": 0,
    "lambada_openai": 0,
    "crows_pairs_french_race_color": 0,
    "crows_pairs_french_gender": 0,
    "crows_pairs_english_age": 0,
    "crows_pairs_french": 0,
    "crows_pairs_english_sexual_orientation": 0,
    "crows_pairs_french_disability": 0,
    "crows_pairs_french_age": 0,
    "crows_pairs_french_physical_appearance": 0,
    "crows_pairs_french_autre": 0,
    "crows_pairs_english_physical_appearance": 0
  },
  "config": {
    "model": "hf-causal",
    "model_args": "pretrained=EleutherAI/pythia-v1.1-1.4b-deduped,revision=step125000",
    "num_fewshot": 0,
    "batch_size": 16,
    "device": "cuda:3",
    "no_cache": true,
    "limit": null,
    "bootstrap_iters": 100000,
    "description_dict": {}
  }
}