{
  "results": {
    "hendrycksTest-clinical_knowledge": {
      "acc": 0.24528301886792453,
      "acc_stderr": 0.02648035717989569,
      "acc_norm": 0.2943396226415094,
      "acc_norm_stderr": 0.028049186315695248
    },
    "hendrycksTest-marketing": {
      "acc": 0.29914529914529914,
      "acc_stderr": 0.029996951858349486,
      "acc_norm": 0.29914529914529914,
      "acc_norm_stderr": 0.029996951858349483
    },
    "hendrycksTest-professional_law": {
      "acc": 0.2620599739243807,
      "acc_stderr": 0.011231552795890394,
      "acc_norm": 0.2685788787483703,
      "acc_norm_stderr": 0.011320056629121727
    },
    "hendrycksTest-security_studies": {
      "acc": 0.24081632653061225,
      "acc_stderr": 0.02737294220178816,
      "acc_norm": 0.27346938775510204,
      "acc_norm_stderr": 0.028535560337128438
    },
    "hendrycksTest-professional_medicine": {
      "acc": 0.21323529411764705,
      "acc_stderr": 0.02488097151229428,
      "acc_norm": 0.21323529411764705,
      "acc_norm_stderr": 0.02488097151229428
    },
    "hendrycksTest-prehistory": {
      "acc": 0.23765432098765432,
      "acc_stderr": 0.023683591837008557,
      "acc_norm": 0.2191358024691358,
      "acc_norm_stderr": 0.02301670564026221
    },
    "hendrycksTest-formal_logic": {
      "acc": 0.29365079365079366,
      "acc_stderr": 0.04073524322147126,
      "acc_norm": 0.29365079365079366,
      "acc_norm_stderr": 0.040735243221471255
    },
    "hendrycksTest-high_school_chemistry": {
      "acc": 0.23645320197044334,
      "acc_stderr": 0.029896114291733552,
      "acc_norm": 0.270935960591133,
      "acc_norm_stderr": 0.031270907132976984
    },
    "hendrycksTest-human_aging": {
      "acc": 0.28699551569506726,
      "acc_stderr": 0.030360379710291947,
      "acc_norm": 0.273542600896861,
      "acc_norm_stderr": 0.02991858670779882
    },
    "hendrycksTest-nutrition": {
      "acc": 0.2549019607843137,
      "acc_stderr": 0.024954184324879912,
      "acc_norm": 0.30392156862745096,
      "acc_norm_stderr": 0.026336613469046644
    },
    "hendrycksTest-high_school_microeconomics": {
      "acc": 0.2689075630252101,
      "acc_stderr": 0.028801392193631276,
      "acc_norm": 0.28991596638655465,
      "acc_norm_stderr": 0.029472485833136084
    },
    "hendrycksTest-high_school_us_history": {
      "acc": 0.22549019607843138,
      "acc_stderr": 0.029331162294251745,
      "acc_norm": 0.2549019607843137,
      "acc_norm_stderr": 0.030587591351604246
    },
    "hendrycksTest-virology": {
      "acc": 0.39156626506024095,
      "acc_stderr": 0.03799857454479636,
      "acc_norm": 0.3795180722891566,
      "acc_norm_stderr": 0.037777988227480165
    },
    "hendrycksTest-college_chemistry": {
      "acc": 0.27,
      "acc_stderr": 0.044619604333847394,
      "acc_norm": 0.3,
      "acc_norm_stderr": 0.046056618647183814
    },
    "winogrande": {
      "acc": 0.5374901341752171,
      "acc_stderr": 0.014012928183336574
    },
    "hendrycksTest-high_school_geography": {
      "acc": 0.22727272727272727,
      "acc_stderr": 0.02985751567338641,
      "acc_norm": 0.2676767676767677,
      "acc_norm_stderr": 0.03154449888270285
    },
    "hendrycksTest-international_law": {
      "acc": 0.2231404958677686,
      "acc_stderr": 0.03800754475228733,
      "acc_norm": 0.2809917355371901,
      "acc_norm_stderr": 0.04103203830514512
    },
    "logiqa": {
      "acc": 0.23195084485407066,
      "acc_stderr": 0.0165552524979259,
      "acc_norm": 0.25960061443932414,
      "acc_norm_stderr": 0.017196070008180023
    },
    "hendrycksTest-college_mathematics": {
      "acc": 0.22,
      "acc_stderr": 0.041633319989322695,
      "acc_norm": 0.28,
      "acc_norm_stderr": 0.04512608598542127
    },
    "hendrycksTest-world_religions": {
      "acc": 0.3391812865497076,
      "acc_stderr": 0.036310534964889056,
      "acc_norm": 0.3333333333333333,
      "acc_norm_stderr": 0.03615507630310933
    },
    "hendrycksTest-global_facts": {
      "acc": 0.29,
      "acc_stderr": 0.04560480215720684,
      "acc_norm": 0.28,
      "acc_norm_stderr": 0.04512608598542127
    },
    "hendrycksTest-high_school_computer_science": {
      "acc": 0.22,
      "acc_stderr": 0.0416333199893227,
      "acc_norm": 0.27,
      "acc_norm_stderr": 0.044619604333847415
    },
    "hendrycksTest-high_school_psychology": {
      "acc": 0.27706422018348625,
      "acc_stderr": 0.019188482590169545,
      "acc_norm": 0.25871559633027524,
      "acc_norm_stderr": 0.018776052319619624
    },
    "hendrycksTest-professional_accounting": {
      "acc": 0.2907801418439716,
      "acc_stderr": 0.027090664368353178,
      "acc_norm": 0.29432624113475175,
      "acc_norm_stderr": 0.02718712701150379
    },
    "hendrycksTest-college_medicine": {
      "acc": 0.1907514450867052,
      "acc_stderr": 0.029957851329869337,
      "acc_norm": 0.2138728323699422,
      "acc_norm_stderr": 0.031265112061730424
    },
    "hendrycksTest-anatomy": {
      "acc": 0.1259259259259259,
      "acc_stderr": 0.028660205275955076,
      "acc_norm": 0.1259259259259259,
      "acc_norm_stderr": 0.028660205275955076
    },
    "hendrycksTest-us_foreign_policy": {
      "acc": 0.32,
      "acc_stderr": 0.046882617226215034,
      "acc_norm": 0.34,
      "acc_norm_stderr": 0.04760952285695236
    },
    "hendrycksTest-college_physics": {
      "acc": 0.21568627450980393,
      "acc_stderr": 0.04092563958237654,
      "acc_norm": 0.28431372549019607,
      "acc_norm_stderr": 0.04488482852329017
    },
    "hendrycksTest-abstract_algebra": {
      "acc": 0.21,
      "acc_stderr": 0.040936018074033256,
      "acc_norm": 0.27,
      "acc_norm_stderr": 0.0446196043338474
    },
    "hendrycksTest-public_relations": {
      "acc": 0.23636363636363636,
      "acc_stderr": 0.04069306319721376,
      "acc_norm": 0.19090909090909092,
      "acc_norm_stderr": 0.03764425585984927
    },
    "hendrycksTest-college_biology": {
      "acc": 0.2222222222222222,
      "acc_stderr": 0.03476590104304134,
      "acc_norm": 0.2361111111111111,
      "acc_norm_stderr": 0.03551446610810826
    },
    "arc_challenge": {
      "acc": 0.24914675767918087,
      "acc_stderr": 0.012639407111926435,
      "acc_norm": 0.2883959044368601,
      "acc_norm_stderr": 0.013238394422428178
    },
    "hendrycksTest-elementary_mathematics": {
      "acc": 0.25132275132275134,
      "acc_stderr": 0.022340482339643895,
      "acc_norm": 0.24338624338624337,
      "acc_norm_stderr": 0.022101128787415443
    },
    "hendrycksTest-astronomy": {
      "acc": 0.18421052631578946,
      "acc_stderr": 0.031546980450822305,
      "acc_norm": 0.20394736842105263,
      "acc_norm_stderr": 0.0327900040631005
    },
    "hendrycksTest-college_computer_science": {
      "acc": 0.39,
      "acc_stderr": 0.04902071300001974,
      "acc_norm": 0.34,
      "acc_norm_stderr": 0.04760952285695236
    },
    "hendrycksTest-electrical_engineering": {
      "acc": 0.2620689655172414,
      "acc_stderr": 0.036646663372252565,
      "acc_norm": 0.2896551724137931,
      "acc_norm_stderr": 0.03780019230438015
    },
    "piqa": {
      "acc": 0.6942328618063112,
      "acc_stderr": 0.01074962736614163,
      "acc_norm": 0.6866158868335147,
      "acc_norm_stderr": 0.010822829929195489
    },
    "hendrycksTest-high_school_macroeconomics": {
      "acc": 0.26153846153846155,
      "acc_stderr": 0.022282141204204426,
      "acc_norm": 0.28205128205128205,
      "acc_norm_stderr": 0.022815813098896597
    },
    "arc_easy": {
      "acc": 0.577020202020202,
      "acc_stderr": 0.010137328382209095,
      "acc_norm": 0.5538720538720538,
      "acc_norm_stderr": 0.01020005782876501
    },
    "hendrycksTest-moral_scenarios": {
      "acc": 0.26927374301675977,
      "acc_stderr": 0.014835616582882613,
      "acc_norm": 0.2748603351955307,
      "acc_norm_stderr": 0.014931316703220511
    },
    "lambada_openai": {
      "ppl": 12.053564738452344,
      "ppl_stderr": 0.3458953338080643,