{
  "results": {
    "hendrycksTest-professional_accounting": {
      "acc": 0.24468085106382978,
      "acc_stderr": 0.025645553622266733,
      "acc_norm": 0.24822695035460993,
      "acc_norm_stderr": 0.02577001564429041
    },
    "hendrycksTest-econometrics": {
      "acc": 0.23684210526315788,
      "acc_stderr": 0.03999423879281336,
      "acc_norm": 0.22807017543859648,
      "acc_norm_stderr": 0.03947152782669415
    },
    "arc_challenge": {
      "acc": 0.28668941979522183,
      "acc_stderr": 0.013214986329274758,
      "acc_norm": 0.3165529010238908,
      "acc_norm_stderr": 0.013592431519068082
    },
    "hendrycksTest-college_medicine": {
      "acc": 0.23121387283236994,
      "acc_stderr": 0.03214737302029468,
      "acc_norm": 0.27167630057803466,
      "acc_norm_stderr": 0.03391750322321661
    },
    "hendrycksTest-formal_logic": {
      "acc": 0.3253968253968254,
      "acc_stderr": 0.041905964388711366,
      "acc_norm": 0.30158730158730157,
      "acc_norm_stderr": 0.04104947269903394
    },
    "hendrycksTest-high_school_psychology": {
      "acc": 0.25321100917431194,
      "acc_stderr": 0.01864407304137505,
      "acc_norm": 0.27706422018348625,
      "acc_norm_stderr": 0.019188482590169538
    },
    "hendrycksTest-security_studies": {
      "acc": 0.2693877551020408,
      "acc_stderr": 0.02840125202902294,
      "acc_norm": 0.22040816326530613,
      "acc_norm_stderr": 0.0265370453121453
    },
    "hendrycksTest-high_school_biology": {
      "acc": 0.23870967741935484,
      "acc_stderr": 0.024251071262208834,
      "acc_norm": 0.23870967741935484,
      "acc_norm_stderr": 0.024251071262208834
    },
    "hendrycksTest-high_school_government_and_politics": {
      "acc": 0.22797927461139897,
      "acc_stderr": 0.030276909945178256,
      "acc_norm": 0.2538860103626943,
      "acc_norm_stderr": 0.03141024780565318
    },
    "lambada_openai": {
      "ppl": 7.481015272739767,
      "ppl_stderr": 0.19436900264479184,
      "acc": 0.5707354938870561,
      "acc_stderr": 0.0068959166554374614
    },
    "hendrycksTest-high_school_statistics": {
      "acc": 0.24537037037037038,
      "acc_stderr": 0.02934666509437294,
      "acc_norm": 0.3055555555555556,
      "acc_norm_stderr": 0.031415546294025445
    },
    "sciq": {
      "acc": 0.927,
      "acc_stderr": 0.00823035471524406,
      "acc_norm": 0.929,
      "acc_norm_stderr": 0.008125578442487923
    },
    "hendrycksTest-high_school_chemistry": {
      "acc": 0.20689655172413793,
      "acc_stderr": 0.028501378167893946,
      "acc_norm": 0.27586206896551724,
      "acc_norm_stderr": 0.031447125816782426
    },
    "hendrycksTest-high_school_european_history": {
      "acc": 0.2727272727272727,
      "acc_stderr": 0.0347769116216366,
      "acc_norm": 0.2909090909090909,
      "acc_norm_stderr": 0.03546563019624336
    },
    "hendrycksTest-nutrition": {
      "acc": 0.2875816993464052,
      "acc_stderr": 0.02591780611714716,
      "acc_norm": 0.3235294117647059,
      "acc_norm_stderr": 0.026787453111906532
    },
    "hendrycksTest-astronomy": {
      "acc": 0.2631578947368421,
      "acc_stderr": 0.03583496176361063,
      "acc_norm": 0.3026315789473684,
      "acc_norm_stderr": 0.037385206761196686
    },
    "hendrycksTest-virology": {
      "acc": 0.3192771084337349,
      "acc_stderr": 0.0362933532994786,
      "acc_norm": 0.3072289156626506,
      "acc_norm_stderr": 0.035915667978246635
    },
    "hendrycksTest-professional_medicine": {
      "acc": 0.2977941176470588,
      "acc_stderr": 0.027778298701545443,
      "acc_norm": 0.2757352941176471,
      "acc_norm_stderr": 0.027146271936625166
    },
    "hendrycksTest-machine_learning": {
      "acc": 0.20535714285714285,
      "acc_stderr": 0.038342410214190714,
      "acc_norm": 0.20535714285714285,
      "acc_norm_stderr": 0.03834241021419072
    },
    "winogrande": {
      "acc": 0.590370955011839,
      "acc_stderr": 0.01382104910965547
    },
    "hendrycksTest-high_school_mathematics": {
      "acc": 0.23333333333333334,
      "acc_stderr": 0.025787874220959302,
      "acc_norm": 0.27037037037037037,
      "acc_norm_stderr": 0.027080372815145658
    },
    "hendrycksTest-logical_fallacies": {
      "acc": 0.2331288343558282,
      "acc_stderr": 0.0332201579577674,
      "acc_norm": 0.26380368098159507,
      "acc_norm_stderr": 0.03462419931615623
    },
    "hendrycksTest-public_relations": {
      "acc": 0.2636363636363636,
      "acc_stderr": 0.04220224692971987,
      "acc_norm": 0.24545454545454545,
      "acc_norm_stderr": 0.04122066502878284
    },
    "hendrycksTest-moral_disputes": {
      "acc": 0.24566473988439305,
      "acc_stderr": 0.023176298203992012,
      "acc_norm": 0.30346820809248554,
      "acc_norm_stderr": 0.024752411960917212
    },
    "hendrycksTest-anatomy": {
      "acc": 0.2074074074074074,
      "acc_stderr": 0.035025531706783165,
      "acc_norm": 0.1925925925925926,
      "acc_norm_stderr": 0.03406542058502653
    },
    "hendrycksTest-jurisprudence": {
      "acc": 0.2962962962962963,
      "acc_stderr": 0.044143436668549335,
      "acc_norm": 0.37037037037037035,
      "acc_norm_stderr": 0.04668408033024931
    },
    "hendrycksTest-college_chemistry": {
      "acc": 0.24,
      "acc_stderr": 0.04292346959909283,
      "acc_norm": 0.22,
      "acc_norm_stderr": 0.0416333199893227
    },
    "hendrycksTest-miscellaneous": {
      "acc": 0.28735632183908044,
      "acc_stderr": 0.0161824107306827,
      "acc_norm": 0.2950191570881226,
      "acc_norm_stderr": 0.01630836377293272
    },
    "hendrycksTest-college_computer_science": {
      "acc": 0.41,
      "acc_stderr": 0.04943110704237102,
      "acc_norm": 0.33,
      "acc_norm_stderr": 0.04725815626252605
    },
    "wsc": {
      "acc": 0.36538461538461536,
      "acc_stderr": 0.0474473339327792
    },
    "hendrycksTest-human_sexuality": {
      "acc": 0.37404580152671757,
      "acc_stderr": 0.042438692422305246,
      "acc_norm": 0.31297709923664124,
      "acc_norm_stderr": 0.04066962905677698
    },
    "hendrycksTest-international_law": {
      "acc": 0.23140495867768596,
      "acc_stderr": 0.03849856098794089,
      "acc_norm": 0.2975206611570248,
      "acc_norm_stderr": 0.04173349148083498
    },
    "hendrycksTest-computer_security": {
      "acc": 0.27,
      "acc_stderr": 0.044619604333847415,
      "acc_norm": 0.29,
      "acc_norm_stderr": 0.045604802157206824
    },
    "hendrycksTest-high_school_macroeconomics": {
      "acc": 0.2692307692307692,
      "acc_stderr": 0.02248938979365484,
      "acc_norm": 0.2641025641025641,
      "acc_norm_stderr": 0.022352193737453268
    },
    "hendrycksTest-conceptual_physics": {
      "acc": 0.19574468085106383,
      "acc_stderr": 0.025937853139977148,
      "acc_norm": 0.19148936170212766,
      "acc_norm_stderr": 0.02572214999263779
    },
    "hendrycksTest-college_mathematics": {
      "acc": 0.16,
      "acc_stderr": 0.03684529491774708,
      "acc_norm": 0.24,
      "acc_norm_stderr": 0.04292346959909282
    },
    "hendrycksTest-human_aging": {
      "acc": 0.31390134529147984,
      "acc_stderr": 0.031146796482972465,
      "acc_norm": 0.2914798206278027,
      "acc_norm_stderr": 0.030500283176545902
    },
    "hendrycksTest-college_biology": {
      "acc": 0.19444444444444445,
      "acc_stderr": 0.03309615177059004,
      "acc_norm": 0.22916666666666666,
      "acc_norm_stderr": 0.035146974678623884
    },
    "hendrycksTest-marketing": {
      "acc": 0.28205128205128205,
      "acc_stderr": 0.029480360549541194,
      "acc_norm": 0.26495726495726496,
      "acc_norm_stderr": 0.02891120880274949
    },
    "hendrycksTest-global_facts": {
      "acc": 0.22,
      "acc_stderr": 0.04163331998932267,
      "acc_norm": 0.21,
      "acc_norm_stderr": 0.040936018074033256
    },
    "hendrycksTest-world_religions": {
      "acc": 0.3216374269005848,
      "acc_stderr": 0.03582529442573122,
      "acc_norm": 0.3508771929824561,