{
  "results": {
    "hendrycksTest-sociology": {
      "acc": 0.29850746268656714,
      "acc_stderr": 0.03235743789355043,
      "acc_norm": 0.26865671641791045,
      "acc_norm_stderr": 0.03134328358208954
    },
    "hendrycksTest-formal_logic": {
      "acc": 0.2857142857142857,
      "acc_stderr": 0.0404061017820884,
      "acc_norm": 0.2777777777777778,
      "acc_norm_stderr": 0.040061680838488774
    },
    "hendrycksTest-professional_accounting": {
      "acc": 0.2730496453900709,
      "acc_stderr": 0.026577860943307854,
      "acc_norm": 0.25886524822695034,
      "acc_norm_stderr": 0.026129572527180848
    },
    "hendrycksTest-astronomy": {
      "acc": 0.23026315789473684,
      "acc_stderr": 0.03426059424403165,
      "acc_norm": 0.3092105263157895,
      "acc_norm_stderr": 0.037610708698674805
    },
    "hendrycksTest-high_school_mathematics": {
      "acc": 0.24074074074074073,
      "acc_stderr": 0.026067159222275774,
      "acc_norm": 0.24814814814814815,
      "acc_norm_stderr": 0.0263357394040558
    },
    "hendrycksTest-high_school_macroeconomics": {
      "acc": 0.25384615384615383,
      "acc_stderr": 0.022066054378726257,
      "acc_norm": 0.24358974358974358,
      "acc_norm_stderr": 0.021763733684173916
    },
    "hendrycksTest-human_sexuality": {
      "acc": 0.3816793893129771,
      "acc_stderr": 0.04260735157644559,
      "acc_norm": 0.29770992366412213,
      "acc_norm_stderr": 0.040103589424622034
    },
    "hendrycksTest-us_foreign_policy": {
      "acc": 0.31,
      "acc_stderr": 0.04648231987117316,
      "acc_norm": 0.29,
      "acc_norm_stderr": 0.04560480215720684
    },
    "hendrycksTest-public_relations": {
      "acc": 0.2545454545454545,
      "acc_stderr": 0.041723430387053825,
      "acc_norm": 0.21818181818181817,
      "acc_norm_stderr": 0.03955932861795833
    },
    "hendrycksTest-elementary_mathematics": {
      "acc": 0.24867724867724866,
      "acc_stderr": 0.02226181769240016,
      "acc_norm": 0.24603174603174602,
      "acc_norm_stderr": 0.022182037202948368
    },
    "hendrycksTest-college_biology": {
      "acc": 0.2569444444444444,
      "acc_stderr": 0.03653946969442099,
      "acc_norm": 0.2638888888888889,
      "acc_norm_stderr": 0.03685651095897532
    },
    "lambada_openai": {
      "ppl": 7.90147112004211,
      "ppl_stderr": 0.20730027347333746,
      "acc": 0.5559868038036095,
      "acc_stderr": 0.006922169884390147
    },
    "hendrycksTest-high_school_chemistry": {
      "acc": 0.1921182266009852,
      "acc_stderr": 0.027719315709614785,
      "acc_norm": 0.26108374384236455,
      "acc_norm_stderr": 0.030903796952114482
    },
    "hendrycksTest-high_school_biology": {
      "acc": 0.22580645161290322,
      "acc_stderr": 0.023785577884181012,
      "acc_norm": 0.26129032258064516,
      "acc_norm_stderr": 0.024993053397764822
    },
    "hendrycksTest-anatomy": {
      "acc": 0.2074074074074074,
      "acc_stderr": 0.03502553170678318,
      "acc_norm": 0.2074074074074074,
      "acc_norm_stderr": 0.03502553170678315
    },
    "hendrycksTest-jurisprudence": {
      "acc": 0.2777777777777778,
      "acc_stderr": 0.04330043749650742,
      "acc_norm": 0.3611111111111111,
      "acc_norm_stderr": 0.04643454608906275
    },
    "hendrycksTest-college_chemistry": {
      "acc": 0.26,
      "acc_stderr": 0.04408440022768078,
      "acc_norm": 0.26,
      "acc_norm_stderr": 0.04408440022768078
    },
    "hendrycksTest-clinical_knowledge": {
      "acc": 0.2528301886792453,
      "acc_stderr": 0.02674989977124124,
      "acc_norm": 0.30566037735849055,
      "acc_norm_stderr": 0.028353298073322666
    },
    "hendrycksTest-international_law": {
      "acc": 0.2809917355371901,
      "acc_stderr": 0.04103203830514512,
      "acc_norm": 0.3140495867768595,
      "acc_norm_stderr": 0.042369647530410164
    },
    "hendrycksTest-prehistory": {
      "acc": 0.3055555555555556,
      "acc_stderr": 0.025630824975621348,
      "acc_norm": 0.23765432098765432,
      "acc_norm_stderr": 0.023683591837008557
    },
    "hendrycksTest-high_school_geography": {
      "acc": 0.2777777777777778,
      "acc_stderr": 0.03191178226713548,
      "acc_norm": 0.3181818181818182,
      "acc_norm_stderr": 0.03318477333845331
    },
    "hendrycksTest-machine_learning": {
      "acc": 0.20535714285714285,
      "acc_stderr": 0.03834241021419072,
      "acc_norm": 0.20535714285714285,
      "acc_norm_stderr": 0.03834241021419073
    },
    "hendrycksTest-human_aging": {
      "acc": 0.3273542600896861,
      "acc_stderr": 0.03149384670994131,
      "acc_norm": 0.3004484304932735,
      "acc_norm_stderr": 0.030769352008229146
    },
    "piqa": {
      "acc": 0.70620239390642,
      "acc_stderr": 0.01062757408051479,
      "acc_norm": 0.7143634385201306,
      "acc_norm_stderr": 0.010539303948661915
    },
    "hendrycksTest-business_ethics": {
      "acc": 0.34,
      "acc_stderr": 0.04760952285695235,
      "acc_norm": 0.31,
      "acc_norm_stderr": 0.04648231987117316
    },
    "hendrycksTest-electrical_engineering": {
      "acc": 0.2896551724137931,
      "acc_stderr": 0.037800192304380135,
      "acc_norm": 0.30344827586206896,
      "acc_norm_stderr": 0.038312260488503336
    },
    "hendrycksTest-high_school_physics": {
      "acc": 0.26490066225165565,
      "acc_stderr": 0.03603038545360384,
      "acc_norm": 0.24503311258278146,
      "acc_norm_stderr": 0.03511807571804724
    },
    "hendrycksTest-medical_genetics": {
      "acc": 0.27,
      "acc_stderr": 0.04461960433384741,
      "acc_norm": 0.3,
      "acc_norm_stderr": 0.046056618647183814
    },
    "hendrycksTest-professional_medicine": {
      "acc": 0.29411764705882354,
      "acc_stderr": 0.027678468642144703,
      "acc_norm": 0.3088235294117647,
      "acc_norm_stderr": 0.028064998167040094
    },
    "hendrycksTest-high_school_microeconomics": {
      "acc": 0.24369747899159663,
      "acc_stderr": 0.02788682807838057,
      "acc_norm": 0.25210084033613445,
      "acc_norm_stderr": 0.02820554503327772
    },
    "hendrycksTest-virology": {
      "acc": 0.2891566265060241,
      "acc_stderr": 0.03529486801511115,
      "acc_norm": 0.2891566265060241,
      "acc_norm_stderr": 0.03529486801511115
    },
    "hendrycksTest-high_school_psychology": {
      "acc": 0.27339449541284405,
      "acc_stderr": 0.01910929984609829,
      "acc_norm": 0.27889908256880735,
      "acc_norm_stderr": 0.019227468876463517
    },
    "hendrycksTest-management": {
      "acc": 0.3106796116504854,
      "acc_stderr": 0.04582124160161549,
      "acc_norm": 0.3106796116504854,
      "acc_norm_stderr": 0.0458212416016155
    },
    "hendrycksTest-high_school_government_and_politics": {
      "acc": 0.24870466321243523,
      "acc_stderr": 0.031195840877700307,
      "acc_norm": 0.24870466321243523,
      "acc_norm_stderr": 0.031195840877700304
    },
    "hendrycksTest-college_mathematics": {
      "acc": 0.22,
      "acc_stderr": 0.04163331998932269,
      "acc_norm": 0.23,
      "acc_norm_stderr": 0.04229525846816506
    },
    "hendrycksTest-logical_fallacies": {
      "acc": 0.25153374233128833,
      "acc_stderr": 0.03408997886857529,
      "acc_norm": 0.2883435582822086,
      "acc_norm_stderr": 0.035590395316173425
    },
    "hendrycksTest-abstract_algebra": {
      "acc": 0.19,
      "acc_stderr": 0.03942772444036623,
      "acc_norm": 0.23,
      "acc_norm_stderr": 0.04229525846816506
    },
    "hendrycksTest-professional_psychology": {
      "acc": 0.23529411764705882,
      "acc_stderr": 0.01716058723504635,
      "acc_norm": 0.25326797385620914,
      "acc_norm_stderr": 0.017593486895366835
    },
    "hendrycksTest-security_studies": {
      "acc": 0.2612244897959184,
      "acc_stderr": 0.028123429335142783,
      "acc_norm": 0.22448979591836735,
      "acc_norm_stderr": 0.026711430555538415
    },
    "hendrycksTest-miscellaneous": {
      "acc": 0.3116219667943806,
      "acc_stderr": 0.016562433867284176,