{
  "results": {
    "hendrycksTest-college_computer_science": {
      "acc": 0.37,
      "acc_stderr": 0.04852365870939099,
      "acc_norm": 0.34,
      "acc_norm_stderr": 0.04760952285695236
    },
    "hendrycksTest-high_school_microeconomics": {
      "acc": 0.23529411764705882,
      "acc_stderr": 0.027553614467863797,
      "acc_norm": 0.2857142857142857,
      "acc_norm_stderr": 0.029344572500634356
    },
    "hendrycksTest-machine_learning": {
      "acc": 0.25892857142857145,
      "acc_stderr": 0.04157751539865629,
      "acc_norm": 0.22321428571428573,
      "acc_norm_stderr": 0.039523019677025116
    },
    "hendrycksTest-marketing": {
      "acc": 0.28205128205128205,
      "acc_stderr": 0.029480360549541194,
      "acc_norm": 0.29914529914529914,
      "acc_norm_stderr": 0.029996951858349483
    },
    "hendrycksTest-miscellaneous": {
      "acc": 0.2886334610472541,
      "acc_stderr": 0.016203792703197797,
      "acc_norm": 0.2937420178799489,
      "acc_norm_stderr": 0.01628775938849167
    },
    "logiqa": {
      "acc": 0.23348694316436253,
      "acc_stderr": 0.016593362460570887,
      "acc_norm": 0.2488479262672811,
      "acc_norm_stderr": 0.016957985904525588
    },
    "hendrycksTest-high_school_government_and_politics": {
      "acc": 0.21243523316062177,
      "acc_stderr": 0.02951928261681725,
      "acc_norm": 0.25906735751295334,
      "acc_norm_stderr": 0.03161877917935411
    },
    "hendrycksTest-high_school_macroeconomics": {
      "acc": 0.2564102564102564,
      "acc_stderr": 0.02213908110397153,
      "acc_norm": 0.23846153846153847,
      "acc_norm_stderr": 0.021606294494647727
    },
    "hendrycksTest-formal_logic": {
      "acc": 0.2857142857142857,
      "acc_stderr": 0.0404061017820884,
      "acc_norm": 0.2777777777777778,
      "acc_norm_stderr": 0.04006168083848878
    },
    "hendrycksTest-high_school_geography": {
      "acc": 0.31313131313131315,
      "acc_stderr": 0.033042050878136525,
      "acc_norm": 0.3434343434343434,
      "acc_norm_stderr": 0.03383201223244441
    },
    "hendrycksTest-high_school_statistics": {
      "acc": 0.2824074074074074,
      "acc_stderr": 0.030701372111510927,
      "acc_norm": 0.3194444444444444,
      "acc_norm_stderr": 0.03179876342176851
    },
    "hendrycksTest-moral_scenarios": {
      "acc": 0.27039106145251396,
      "acc_stderr": 0.014854993938010097,
      "acc_norm": 0.2748603351955307,
      "acc_norm_stderr": 0.014931316703220511
    },
    "hendrycksTest-professional_medicine": {
      "acc": 0.2610294117647059,
      "acc_stderr": 0.026679252270103114,
      "acc_norm": 0.2867647058823529,
      "acc_norm_stderr": 0.027472274473233818
    },
    "hendrycksTest-astronomy": {
      "acc": 0.20394736842105263,
      "acc_stderr": 0.03279000406310051,
      "acc_norm": 0.3026315789473684,
      "acc_norm_stderr": 0.037385206761196686
    },
    "hendrycksTest-high_school_european_history": {
      "acc": 0.26666666666666666,
      "acc_stderr": 0.03453131801885415,
      "acc_norm": 0.296969696969697,
      "acc_norm_stderr": 0.03567969772268048
    },
    "hendrycksTest-professional_law": {
      "acc": 0.24771838331160365,
      "acc_stderr": 0.011025499291443735,
      "acc_norm": 0.2711864406779661,
      "acc_norm_stderr": 0.011354581451622985
    },
    "hendrycksTest-moral_disputes": {
      "acc": 0.27167630057803466,
      "acc_stderr": 0.02394851290546837,
      "acc_norm": 0.315028901734104,
      "acc_norm_stderr": 0.025009313790069716
    },
    "hendrycksTest-college_physics": {
      "acc": 0.2647058823529412,
      "acc_stderr": 0.043898699568087785,
      "acc_norm": 0.2647058823529412,
      "acc_norm_stderr": 0.0438986995680878
    },
    "hendrycksTest-high_school_computer_science": {
      "acc": 0.16,
      "acc_stderr": 0.036845294917747115,
      "acc_norm": 0.2,
      "acc_norm_stderr": 0.04020151261036843
    },
    "hendrycksTest-abstract_algebra": {
      "acc": 0.16,
      "acc_stderr": 0.03684529491774711,
      "acc_norm": 0.21,
      "acc_norm_stderr": 0.04093601807403326
    },
    "hendrycksTest-professional_psychology": {
      "acc": 0.2696078431372549,
      "acc_stderr": 0.017952449196987862,
      "acc_norm": 0.24836601307189543,
      "acc_norm_stderr": 0.017479487001364764
    },
    "hendrycksTest-security_studies": {
      "acc": 0.2693877551020408,
      "acc_stderr": 0.02840125202902294,
      "acc_norm": 0.24489795918367346,
      "acc_norm_stderr": 0.027529637440174917
    },
    "arc_easy": {
      "acc": 0.6207912457912458,
      "acc_stderr": 0.009955891668865563,
      "acc_norm": 0.6123737373737373,
      "acc_norm_stderr": 0.00999730791444761
    },
    "hendrycksTest-computer_security": {
      "acc": 0.29,
      "acc_stderr": 0.04560480215720683,
      "acc_norm": 0.31,
      "acc_norm_stderr": 0.04648231987117316
    },
    "hendrycksTest-public_relations": {
      "acc": 0.3181818181818182,
      "acc_stderr": 0.044612721759105085,
      "acc_norm": 0.3090909090909091,
      "acc_norm_stderr": 0.044262946482000985
    },
    "hendrycksTest-medical_genetics": {
      "acc": 0.26,
      "acc_stderr": 0.044084400227680794,
      "acc_norm": 0.31,
      "acc_norm_stderr": 0.04648231987117316
    },
    "winogrande": {
      "acc": 0.5706393054459353,
      "acc_stderr": 0.01391153749996917
    },
    "hendrycksTest-anatomy": {
      "acc": 0.2518518518518518,
      "acc_stderr": 0.03749850709174022,
      "acc_norm": 0.21481481481481482,
      "acc_norm_stderr": 0.035478541985608264
    },
    "hendrycksTest-college_medicine": {
      "acc": 0.20809248554913296,
      "acc_stderr": 0.030952890217749884,
      "acc_norm": 0.2774566473988439,
      "acc_norm_stderr": 0.03414014007044036
    },
    "piqa": {
      "acc": 0.7013057671381937,
      "acc_stderr": 0.010678556398149238,
      "acc_norm": 0.7083786724700761,
      "acc_norm_stderr": 0.01060444152742879
    },
    "hendrycksTest-logical_fallacies": {
      "acc": 0.25766871165644173,
      "acc_stderr": 0.03436150827846917,
      "acc_norm": 0.2822085889570552,
      "acc_norm_stderr": 0.03536117886664743
    },
    "hendrycksTest-professional_accounting": {
      "acc": 0.2624113475177305,
      "acc_stderr": 0.026244920349843007,
      "acc_norm": 0.25886524822695034,
      "acc_norm_stderr": 0.026129572527180848
    },
    "hendrycksTest-management": {
      "acc": 0.24271844660194175,
      "acc_stderr": 0.04245022486384495,
      "acc_norm": 0.27184466019417475,
      "acc_norm_stderr": 0.044052680241409216
    },
    "hendrycksTest-prehistory": {
      "acc": 0.24382716049382716,
      "acc_stderr": 0.023891879541959607,
      "acc_norm": 0.21604938271604937,
      "acc_norm_stderr": 0.022899162918445803
    },
    "hendrycksTest-conceptual_physics": {
      "acc": 0.20425531914893616,
      "acc_stderr": 0.026355158413349417,
      "acc_norm": 0.2,
      "acc_norm_stderr": 0.026148818018424502
    },
    "hendrycksTest-high_school_mathematics": {
      "acc": 0.24444444444444444,
      "acc_stderr": 0.026202766534652148,
      "acc_norm": 0.28888888888888886,
      "acc_norm_stderr": 0.027634907264178544
    },
    "hendrycksTest-high_school_biology": {
      "acc": 0.23870967741935484,
      "acc_stderr": 0.024251071262208834,
      "acc_norm": 0.267741935483871,
      "acc_norm_stderr": 0.025189006660212385
    },
    "hendrycksTest-high_school_chemistry": {
      "acc": 0.2512315270935961,
      "acc_stderr": 0.030516530732694436,
      "acc_norm": 0.29064039408866993,
      "acc_norm_stderr": 0.03194740072265541
    },
    "hendrycksTest-human_sexuality": {
      "acc": 0.4122137404580153,
      "acc_stderr": 0.043171711948702535,
      "acc_norm": 0.31297709923664124,
      "acc_norm_stderr": 0.04066962905677698
    },
    "hendrycksTest-high_school_physics": {
      "acc": 0.31788079470198677,
      "acc_stderr": 0.038020397601079024,
      "acc_norm": 0.2781456953642384,
      "acc_norm_stderr": 0.03658603262763744
    },