{
  "results": {
    "hendrycksTest-miscellaneous": {
      "acc": 0.26309067688378035,
      "acc_stderr": 0.015745497169049043,
      "acc_norm": 0.25925925925925924,
      "acc_norm_stderr": 0.015671006009339565
    },
    "hendrycksTest-business_ethics": {
      "acc": 0.34,
      "acc_stderr": 0.04760952285695235,
      "acc_norm": 0.29,
      "acc_norm_stderr": 0.045604802157206845
    },
    "hendrycksTest-college_chemistry": {
      "acc": 0.24,
      "acc_stderr": 0.04292346959909282,
      "acc_norm": 0.23,
      "acc_norm_stderr": 0.042295258468165065
    },
    "arc_challenge": {
      "acc": 0.2790102389078498,
      "acc_stderr": 0.01310678488360134,
      "acc_norm": 0.3165529010238908,
      "acc_norm_stderr": 0.01359243151906808
    },
    "hendrycksTest-astronomy": {
      "acc": 0.21052631578947367,
      "acc_stderr": 0.03317672787533157,
      "acc_norm": 0.23026315789473684,
      "acc_norm_stderr": 0.03426059424403165
    },
    "hendrycksTest-high_school_world_history": {
      "acc": 0.24050632911392406,
      "acc_stderr": 0.027820781981149675,
      "acc_norm": 0.25738396624472576,
      "acc_norm_stderr": 0.028458820991460302
    },
    "hendrycksTest-formal_logic": {
      "acc": 0.2857142857142857,
      "acc_stderr": 0.0404061017820884,
      "acc_norm": 0.2777777777777778,
      "acc_norm_stderr": 0.040061680838488774
    },
    "hendrycksTest-high_school_geography": {
      "acc": 0.24242424242424243,
      "acc_stderr": 0.03053289223393202,
      "acc_norm": 0.29797979797979796,
      "acc_norm_stderr": 0.03258630383836556
    },
    "hendrycksTest-high_school_mathematics": {
      "acc": 0.2518518518518518,
      "acc_stderr": 0.02646611753895991,
      "acc_norm": 0.2814814814814815,
      "acc_norm_stderr": 0.027420019350945277
    },
    "hendrycksTest-international_law": {
      "acc": 0.2396694214876033,
      "acc_stderr": 0.03896878985070417,
      "acc_norm": 0.32231404958677684,
      "acc_norm_stderr": 0.04266416363352167
    },
    "hendrycksTest-philosophy": {
      "acc": 0.24758842443729903,
      "acc_stderr": 0.024513879973621963,
      "acc_norm": 0.2861736334405145,
      "acc_norm_stderr": 0.02567025924218895
    },
    "piqa": {
      "acc": 0.7252448313384113,
      "acc_stderr": 0.010415033676676046,
      "acc_norm": 0.7132752992383025,
      "acc_norm_stderr": 0.010551314503108084
    },
    "lambada_openai": {
      "ppl": 7.443471338245806,
      "ppl_stderr": 0.1913040520894898,
      "acc": 0.5651077042499515,
      "acc_stderr": 0.006906667423619285
    },
    "wsc": {
      "acc": 0.36538461538461536,
      "acc_stderr": 0.0474473339327792
    },
    "hendrycksTest-college_physics": {
      "acc": 0.3627450980392157,
      "acc_stderr": 0.04784060704105655,
      "acc_norm": 0.39215686274509803,
      "acc_norm_stderr": 0.048580835742663434
    },
    "hendrycksTest-security_studies": {
      "acc": 0.23265306122448978,
      "acc_stderr": 0.02704925791589618,
      "acc_norm": 0.18775510204081633,
      "acc_norm_stderr": 0.0250002560395462
    },
    "hendrycksTest-abstract_algebra": {
      "acc": 0.18,
      "acc_stderr": 0.038612291966536955,
      "acc_norm": 0.23,
      "acc_norm_stderr": 0.04229525846816505
    },
    "hendrycksTest-anatomy": {
      "acc": 0.24444444444444444,
      "acc_stderr": 0.03712537833614865,
      "acc_norm": 0.2,
      "acc_norm_stderr": 0.03455473702325438
    },
    "hendrycksTest-college_medicine": {
      "acc": 0.26011560693641617,
      "acc_stderr": 0.033450369167889925,
      "acc_norm": 0.3352601156069364,
      "acc_norm_stderr": 0.03599586301247078
    },
    "logiqa": {
      "acc": 0.21658986175115208,
      "acc_stderr": 0.016156860583178303,
      "acc_norm": 0.2519201228878648,
      "acc_norm_stderr": 0.017027415657021126
    },
    "hendrycksTest-prehistory": {
      "acc": 0.23765432098765432,
      "acc_stderr": 0.023683591837008553,
      "acc_norm": 0.2222222222222222,
      "acc_norm_stderr": 0.023132376234543325
    },
    "hendrycksTest-moral_disputes": {
      "acc": 0.2745664739884393,
      "acc_stderr": 0.024027745155265,
      "acc_norm": 0.2774566473988439,
      "acc_norm_stderr": 0.024105712607754307
    },
    "hendrycksTest-us_foreign_policy": {
      "acc": 0.28,
      "acc_stderr": 0.04512608598542127,
      "acc_norm": 0.28,
      "acc_norm_stderr": 0.04512608598542127
    },
    "hendrycksTest-high_school_physics": {
      "acc": 0.25165562913907286,
      "acc_stderr": 0.035433042343899844,
      "acc_norm": 0.25165562913907286,
      "acc_norm_stderr": 0.035433042343899844
    },
    "hendrycksTest-jurisprudence": {
      "acc": 0.2962962962962963,
      "acc_stderr": 0.044143436668549335,
      "acc_norm": 0.3611111111111111,
      "acc_norm_stderr": 0.04643454608906275
    },
    "hendrycksTest-nutrition": {
      "acc": 0.2679738562091503,
      "acc_stderr": 0.025360603796242567,
      "acc_norm": 0.3104575163398693,
      "acc_norm_stderr": 0.026493033225145894
    },
    "hendrycksTest-high_school_european_history": {
      "acc": 0.24242424242424243,
      "acc_stderr": 0.03346409881055953,
      "acc_norm": 0.296969696969697,
      "acc_norm_stderr": 0.03567969772268048
    },
    "hendrycksTest-high_school_microeconomics": {
      "acc": 0.23949579831932774,
      "acc_stderr": 0.02772206549336127,
      "acc_norm": 0.25630252100840334,
      "acc_norm_stderr": 0.028359620870533953
    },
    "arc_easy": {
      "acc": 0.6241582491582491,
      "acc_stderr": 0.009938436373170626,
      "acc_norm": 0.6178451178451179,
      "acc_norm_stderr": 0.009970747281292417
    },
    "hendrycksTest-electrical_engineering": {
      "acc": 0.296551724137931,
      "acc_stderr": 0.038061426873099935,
      "acc_norm": 0.2827586206896552,
      "acc_norm_stderr": 0.03752833958003337
    },
    "hendrycksTest-high_school_biology": {
      "acc": 0.25483870967741934,
      "acc_stderr": 0.0247901184593322,
      "acc_norm": 0.2838709677419355,
      "acc_norm_stderr": 0.02564938106302926
    },
    "hendrycksTest-conceptual_physics": {
      "acc": 0.2765957446808511,
      "acc_stderr": 0.029241883869628817,
      "acc_norm": 0.25957446808510637,
      "acc_norm_stderr": 0.028659179374292333
    },
    "hendrycksTest-human_aging": {
      "acc": 0.273542600896861,
      "acc_stderr": 0.029918586707798837,
      "acc_norm": 0.23318385650224216,
      "acc_norm_stderr": 0.0283803911470947
    },
    "hendrycksTest-management": {
      "acc": 0.20388349514563106,
      "acc_stderr": 0.0398913985953177,
      "acc_norm": 0.20388349514563106,
      "acc_norm_stderr": 0.0398913985953177
    },
    "hendrycksTest-sociology": {
      "acc": 0.25870646766169153,
      "acc_stderr": 0.03096590312357304,
      "acc_norm": 0.26865671641791045,
      "acc_norm_stderr": 0.031343283582089536
    },
    "hendrycksTest-clinical_knowledge": {
      "acc": 0.23773584905660378,
      "acc_stderr": 0.02619980880756191,
      "acc_norm": 0.2981132075471698,
      "acc_norm_stderr": 0.028152837942493864
    },
    "hendrycksTest-college_computer_science": {
      "acc": 0.41,
      "acc_stderr": 0.049431107042371025,
      "acc_norm": 0.36,
      "acc_norm_stderr": 0.04824181513244218
    },
    "hendrycksTest-high_school_computer_science": {
      "acc": 0.15,
      "acc_stderr": 0.03588702812826372,
      "acc_norm": 0.21,
      "acc_norm_stderr": 0.040936018074033256
    },
    "hendrycksTest-high_school_government_and_politics": {
      "acc": 0.23316062176165803,
      "acc_stderr": 0.030516111371476008,
      "acc_norm": 0.2538860103626943,
      "acc_norm_stderr": 0.03141024780565317
    },
    "hendrycksTest-human_sexuality": {
      "acc": 0.31297709923664124,
      "acc_stderr": 0.04066962905677697,
      "acc_norm": 0.3053435114503817,
      "acc_norm_stderr": 0.040393149787245626
    },
    "hendrycksTest-world_religions": {
      "acc": 0.2573099415204678,
      "acc_stderr": 0.03352799844161865,