{
  "results": {
    "hendrycksTest-virology": {
      "acc": 0.25301204819277107,
      "acc_stderr": 0.03384429155233134,
      "acc_norm": 0.2710843373493976,
      "acc_norm_stderr": 0.03460579907553028
    },
    "hendrycksTest-college_chemistry": {
      "acc": 0.25,
      "acc_stderr": 0.04351941398892446,
      "acc_norm": 0.28,
      "acc_norm_stderr": 0.045126085985421276
    },
    "hendrycksTest-high_school_macroeconomics": {
      "acc": 0.27692307692307694,
      "acc_stderr": 0.022688042352424994,
      "acc_norm": 0.28717948717948716,
      "acc_norm_stderr": 0.022939925418530616
    },
    "hendrycksTest-high_school_physics": {
      "acc": 0.2847682119205298,
      "acc_stderr": 0.03684881521389023,
      "acc_norm": 0.33112582781456956,
      "acc_norm_stderr": 0.038425817186598696
    },
    "hendrycksTest-jurisprudence": {
      "acc": 0.28703703703703703,
      "acc_stderr": 0.043733130409147614,
      "acc_norm": 0.2777777777777778,
      "acc_norm_stderr": 0.04330043749650743
    },
    "hendrycksTest-high_school_us_history": {
      "acc": 0.24509803921568626,
      "acc_stderr": 0.03019028245350194,
      "acc_norm": 0.27450980392156865,
      "acc_norm_stderr": 0.031321798030832924
    },
    "winogrande": {
      "acc": 0.6661404893449092,
      "acc_stderr": 0.01325402969514335
    },
    "hendrycksTest-high_school_geography": {
      "acc": 0.3333333333333333,
      "acc_stderr": 0.03358618145732524,
      "acc_norm": 0.3686868686868687,
      "acc_norm_stderr": 0.034373055019806184
    },
    "hendrycksTest-high_school_government_and_politics": {
      "acc": 0.2694300518134715,
      "acc_stderr": 0.03201867122877794,
      "acc_norm": 0.2849740932642487,
      "acc_norm_stderr": 0.03257714077709661
    },
    "hendrycksTest-abstract_algebra": {
      "acc": 0.27,
      "acc_stderr": 0.044619604333847394,
      "acc_norm": 0.26,
      "acc_norm_stderr": 0.0440844002276808
    },
    "hendrycksTest-international_law": {
      "acc": 0.2809917355371901,
      "acc_stderr": 0.04103203830514512,
      "acc_norm": 0.38016528925619836,
      "acc_norm_stderr": 0.04431324501968431
    },
    "hendrycksTest-anatomy": {
      "acc": 0.37037037037037035,
      "acc_stderr": 0.04171654161354544,
      "acc_norm": 0.3037037037037037,
      "acc_norm_stderr": 0.03972552884785138
    },
    "wsc": {
      "acc": 0.36538461538461536,
      "acc_stderr": 0.0474473339327792
    },
    "hendrycksTest-elementary_mathematics": {
      "acc": 0.25925925925925924,
      "acc_stderr": 0.02256989707491841,
      "acc_norm": 0.26455026455026454,
      "acc_norm_stderr": 0.02271746789770862
    },
    "sciq": {
      "acc": 0.955,
      "acc_stderr": 0.006558812241406128,
      "acc_norm": 0.958,
      "acc_norm_stderr": 0.006346359293033846
    },
    "hendrycksTest-professional_psychology": {
      "acc": 0.3055555555555556,
      "acc_stderr": 0.01863559403442397,
      "acc_norm": 0.32189542483660133,
      "acc_norm_stderr": 0.018901015322093092
    },
    "hendrycksTest-human_sexuality": {
      "acc": 0.3969465648854962,
      "acc_stderr": 0.04291135671009225,
      "acc_norm": 0.3511450381679389,
      "acc_norm_stderr": 0.04186445163013751
    },
    "hendrycksTest-miscellaneous": {
      "acc": 0.3895274584929757,
      "acc_stderr": 0.017438082556264594,
      "acc_norm": 0.3665389527458493,
      "acc_norm_stderr": 0.017231244626797045
    },
    "hendrycksTest-philosophy": {
      "acc": 0.3729903536977492,
      "acc_stderr": 0.0274666102131401,
      "acc_norm": 0.36977491961414793,
      "acc_norm_stderr": 0.02741799670563101
    },
    "hendrycksTest-management": {
      "acc": 0.3300970873786408,
      "acc_stderr": 0.04656147110012349,
      "acc_norm": 0.33980582524271846,
      "acc_norm_stderr": 0.04689765937278135
    },
    "hendrycksTest-college_mathematics": {
      "acc": 0.27,
      "acc_stderr": 0.0446196043338474,
      "acc_norm": 0.29,
      "acc_norm_stderr": 0.045604802157206845
    },
    "hendrycksTest-public_relations": {
      "acc": 0.3090909090909091,
      "acc_stderr": 0.044262946482000985,
      "acc_norm": 0.2818181818181818,
      "acc_norm_stderr": 0.0430911870994646
    },
    "hendrycksTest-electrical_engineering": {
      "acc": 0.3103448275862069,
      "acc_stderr": 0.03855289616378949,
      "acc_norm": 0.33793103448275863,
      "acc_norm_stderr": 0.0394170763206489
    },
    "hendrycksTest-high_school_psychology": {
      "acc": 0.3229357798165138,
      "acc_stderr": 0.020048115923415325,
      "acc_norm": 0.29357798165137616,
      "acc_norm_stderr": 0.01952515112263967
    },
    "lambada_openai": {
      "ppl": 4.353704238788023,
      "ppl_stderr": 0.09613958488002758,
      "acc": 0.6908596933824956,
      "acc_stderr": 0.006438501737803971
    },
    "hendrycksTest-sociology": {
      "acc": 0.2835820895522388,
      "acc_stderr": 0.031871875379197986,
      "acc_norm": 0.31840796019900497,
      "acc_norm_stderr": 0.03294118479054095
    },
    "hendrycksTest-computer_security": {
      "acc": 0.42,
      "acc_stderr": 0.049604496374885836,
      "acc_norm": 0.39,
      "acc_norm_stderr": 0.04902071300001975
    },
    "hendrycksTest-machine_learning": {
      "acc": 0.25892857142857145,
      "acc_stderr": 0.041577515398656284,
      "acc_norm": 0.22321428571428573,
      "acc_norm_stderr": 0.039523019677025116
    },
    "hendrycksTest-high_school_microeconomics": {
      "acc": 0.23949579831932774,
      "acc_stderr": 0.027722065493361262,
      "acc_norm": 0.27310924369747897,
      "acc_norm_stderr": 0.028942004040998164
    },
    "arc_challenge": {
      "acc": 0.3677474402730375,
      "acc_stderr": 0.014090995618168472,
      "acc_norm": 0.4061433447098976,
      "acc_norm_stderr": 0.014351656690097862
    },
    "hendrycksTest-astronomy": {
      "acc": 0.27631578947368424,
      "acc_stderr": 0.03639057569952925,
      "acc_norm": 0.28289473684210525,
      "acc_norm_stderr": 0.03665349695640767
    },
    "hendrycksTest-college_biology": {
      "acc": 0.2569444444444444,
      "acc_stderr": 0.03653946969442099,
      "acc_norm": 0.2638888888888889,
      "acc_norm_stderr": 0.03685651095897532
    },
    "hendrycksTest-high_school_statistics": {
      "acc": 0.2222222222222222,
      "acc_stderr": 0.02835321286686346,
      "acc_norm": 0.25,
      "acc_norm_stderr": 0.029531221160930918
    },
    "hendrycksTest-security_studies": {
      "acc": 0.23673469387755103,
      "acc_stderr": 0.027212835884073153,
      "acc_norm": 0.20816326530612245,
      "acc_norm_stderr": 0.025991117672813292
    },
    "piqa": {
      "acc": 0.7665941240478781,
      "acc_stderr": 0.009869247889520991,
      "acc_norm": 0.7812840043525572,
      "acc_norm_stderr": 0.009644731932667563
    },
    "hendrycksTest-econometrics": {
      "acc": 0.2631578947368421,
      "acc_stderr": 0.04142439719489362,
      "acc_norm": 0.2631578947368421,
      "acc_norm_stderr": 0.04142439719489362
    },
    "hendrycksTest-high_school_chemistry": {
      "acc": 0.270935960591133,
      "acc_stderr": 0.031270907132976984,
      "acc_norm": 0.31527093596059114,
      "acc_norm_stderr": 0.03269080871970186
    },
    "hendrycksTest-high_school_world_history": {
      "acc": 0.25316455696202533,
      "acc_stderr": 0.028304657943035296,
      "acc_norm": 0.26582278481012656,
      "acc_norm_stderr": 0.02875679962965834
    },
    "hendrycksTest-conceptual_physics": {
      "acc": 0.2553191489361702,
      "acc_stderr": 0.028504856470514192,
      "acc_norm": 0.26382978723404255,
      "acc_norm_stderr": 0.028809989854102956
    },
    "hendrycksTest-business_ethics": {
      "acc": 0.36,
      "acc_stderr": 0.048241815132442176,
      "acc_norm": 0.36,
      "acc_norm_stderr": 0.048241815132442176
    },
    "hendrycksTest-high_school_biology": {
      "acc": 0.29354838709677417,
      "acc_stderr": 0.02590608702131929,
      "acc_norm": 0.32903225806451614,