{
  "results": {
    "crows_pairs_french_physical_appearance": {
      "likelihood_difference": 4.184027777777778,
      "likelihood_difference_stderr": 0.5569102025927049,
      "pct_stereotype": 0.5416666666666666,
      "pct_stereotype_stderr": 0.05913268547421811
    },
    "crows_pairs_english_gender": {
      "likelihood_difference": 3.181787109375,
      "likelihood_difference_stderr": 0.19991116013635443,
      "pct_stereotype": 0.61875,
      "pct_stereotype_stderr": 0.027193630402775462
    },
    "crows_pairs_french_age": {
      "likelihood_difference": 3.907638888888889,
      "likelihood_difference_stderr": 0.3463047413451604,
      "pct_stereotype": 0.4,
      "pct_stereotype_stderr": 0.051929078688949845
    },
    "crows_pairs_english_autre": {
      "likelihood_difference": 5.840909090909091,
      "likelihood_difference_stderr": 2.062123134239191,
      "pct_stereotype": 0.7272727272727273,
      "pct_stereotype_stderr": 0.14083575804390605
    },
    "crows_pairs_french": {
      "likelihood_difference": 3.786290623136553,
      "likelihood_difference_stderr": 0.09359459067486513,
      "pct_stereotype": 0.45915324985092426,
      "pct_stereotype_stderr": 0.012172476264191393
    },
    "crows_pairs_english_socioeconomic": {
      "likelihood_difference": 3.816282894736842,
      "likelihood_difference_stderr": 0.23696791120033447,
      "pct_stereotype": 0.6052631578947368,
      "pct_stereotype_stderr": 0.03555453874463932
    },
    "crows_pairs_french_socioeconomic": {
      "likelihood_difference": 3.6569674744897958,
      "likelihood_difference_stderr": 0.29907558309509347,
      "pct_stereotype": 0.5663265306122449,
      "pct_stereotype_stderr": 0.035489311596949215
    },
    "crows_pairs_english_religion": {
      "likelihood_difference": 2.9732545045045047,
      "likelihood_difference_stderr": 0.30163296995521677,
      "pct_stereotype": 0.6846846846846847,
      "pct_stereotype_stderr": 0.04430181273152669
    },
    "lambada_openai": {
      "ppl": 10.3168631479815,
      "ppl_stderr": 0.3123226012425057,
      "acc": 0.5272656704832137,
      "acc_stderr": 0.006955612696514284
    },
    "crows_pairs_french_race_color": {
      "likelihood_difference": 3.6114809782608694,
      "likelihood_difference_stderr": 0.17910411256933526,
      "pct_stereotype": 0.3173913043478261,
      "pct_stereotype_stderr": 0.021725865044274578
    },
    "crows_pairs_english_age": {
      "likelihood_difference": 3.083447802197802,
      "likelihood_difference_stderr": 0.30593846089973664,
      "pct_stereotype": 0.6043956043956044,
      "pct_stereotype_stderr": 0.05154303032773001
    },
    "crows_pairs_french_nationality": {
      "likelihood_difference": 4.487154150197629,
      "likelihood_difference_stderr": 0.24408107281987634,
      "pct_stereotype": 0.31620553359683795,
      "pct_stereotype_stderr": 0.02929188048554201
    },
    "crows_pairs_english_disability": {
      "likelihood_difference": 5.236057692307693,
      "likelihood_difference_stderr": 0.6001141682187751,
      "pct_stereotype": 0.6461538461538462,
      "pct_stereotype_stderr": 0.05977027026123099
    },
    "crows_pairs_english_race_color": {
      "likelihood_difference": 3.278051181102362,
      "likelihood_difference_stderr": 0.15330472857026123,
      "pct_stereotype": 0.5177165354330708,
      "pct_stereotype_stderr": 0.022191835500120254
    },
    "crows_pairs_english_sexual_orientation": {
      "likelihood_difference": 5.014448924731183,
      "likelihood_difference_stderr": 0.485775043848877,
      "pct_stereotype": 0.7849462365591398,
      "pct_stereotype_stderr": 0.04283507835554756
    },
    "crows_pairs_english_physical_appearance": {
      "likelihood_difference": 3.2055121527777777,
      "likelihood_difference_stderr": 0.3187955001064236,
      "pct_stereotype": 0.5972222222222222,
      "pct_stereotype_stderr": 0.05820650942569533
    },
    "crows_pairs_english_nationality": {
      "likelihood_difference": 3.380859375,
      "likelihood_difference_stderr": 0.23554102071067717,
      "pct_stereotype": 0.5185185185185185,
      "pct_stereotype_stderr": 0.034076320938540516
    },
    "crows_pairs_french_gender": {
      "likelihood_difference": 3.2889408099688473,
      "likelihood_difference_stderr": 0.19470074456282305,
      "pct_stereotype": 0.5638629283489096,
      "pct_stereotype_stderr": 0.027721918583423186
    },
    "crows_pairs_french_religion": {
      "likelihood_difference": 3.595108695652174,
      "likelihood_difference_stderr": 0.3780327623930364,
      "pct_stereotype": 0.6086956521739131,
      "pct_stereotype_stderr": 0.045709346351117126
    },
    "crows_pairs_english": {
      "likelihood_difference": 3.48905225104353,
      "likelihood_difference_stderr": 0.08788585817908397,
      "pct_stereotype": 0.5873583780560525,
      "pct_stereotype_stderr": 0.012025443238136202
    },
    "crows_pairs_french_sexual_orientation": {
      "likelihood_difference": 4.076236263736264,
      "likelihood_difference_stderr": 0.3709353794722749,
      "pct_stereotype": 0.7692307692307693,
      "pct_stereotype_stderr": 0.04441155916843276
    },
    "crows_pairs_french_autre": {
      "likelihood_difference": 2.2163461538461537,
      "likelihood_difference_stderr": 0.6777652649980448,
      "pct_stereotype": 0.23076923076923078,
      "pct_stereotype_stderr": 0.12162606385262997
    },
    "crows_pairs_french_disability": {
      "likelihood_difference": 4.764204545454546,
      "likelihood_difference_stderr": 0.4259512515577865,
      "pct_stereotype": 0.5151515151515151,
      "pct_stereotype_stderr": 0.06198888629778894
    }
  },
  "versions": {
    "crows_pairs_french_physical_appearance": 0,
    "crows_pairs_english_gender": 0,
    "crows_pairs_french_age": 0,
    "crows_pairs_english_autre": 0,
    "crows_pairs_french": 0,
    "crows_pairs_english_socioeconomic": 0,
    "crows_pairs_french_socioeconomic": 0,
    "crows_pairs_english_religion": 0,
    "lambada_openai": 0,
    "crows_pairs_french_race_color": 0,
    "crows_pairs_english_age": 0,
    "crows_pairs_french_nationality": 0,
    "crows_pairs_english_disability": 0,
    "crows_pairs_english_race_color": 0,
    "crows_pairs_english_sexual_orientation": 0,
    "crows_pairs_english_physical_appearance": 0,
    "crows_pairs_english_nationality": 0,
    "crows_pairs_french_gender": 0,
    "crows_pairs_french_religion": 0,
    "crows_pairs_english": 0,
    "crows_pairs_french_sexual_orientation": 0,
    "crows_pairs_french_autre": 0,
    "crows_pairs_french_disability": 0
  },
  "config": {
    "model": "hf-causal",
    "model_args": "pretrained=EleutherAI/intervention-pythia-v1.1-410m-deduped,revision=step143000",
    "num_fewshot": 0,
    "batch_size": 16,
    "device": "cuda:7",
    "no_cache": true,
    "limit": null,
    "bootstrap_iters": 100000,
    "description_dict": {}
  }
}