{
  "results": {
    "hendrycksTest-high_school_statistics": {
      "acc": 0.25925925925925924,
      "acc_stderr": 0.02988691054762696,
      "acc_norm": 0.2916666666666667,
      "acc_norm_stderr": 0.03099866630456052
    },
    "hendrycksTest-conceptual_physics": {
      "acc": 0.22127659574468084,
      "acc_stderr": 0.027136349602424063,
      "acc_norm": 0.2127659574468085,
      "acc_norm_stderr": 0.026754391348039756
    },
    "hendrycksTest-high_school_physics": {
      "acc": 0.26490066225165565,
      "acc_stderr": 0.03603038545360384,
      "acc_norm": 0.25165562913907286,
      "acc_norm_stderr": 0.035433042343899844
    },
    "hendrycksTest-high_school_chemistry": {
      "acc": 0.18719211822660098,
      "acc_stderr": 0.027444924966882618,
      "acc_norm": 0.2512315270935961,
      "acc_norm_stderr": 0.030516530732694436
    },
    "hendrycksTest-miscellaneous": {
      "acc": 0.31545338441890164,
      "acc_stderr": 0.01661750173876339,
      "acc_norm": 0.2988505747126437,
      "acc_norm_stderr": 0.01636925681509312
    },
    "hendrycksTest-college_physics": {
      "acc": 0.3431372549019608,
      "acc_stderr": 0.04724007352383888,
      "acc_norm": 0.30392156862745096,
      "acc_norm_stderr": 0.045766654032077636
    },
    "hendrycksTest-college_medicine": {
      "acc": 0.2947976878612717,
      "acc_stderr": 0.03476599607516478,
      "acc_norm": 0.31213872832369943,
      "acc_norm_stderr": 0.035331333893236574
    },
    "hendrycksTest-college_biology": {
      "acc": 0.25,
      "acc_stderr": 0.03621034121889507,
      "acc_norm": 0.2361111111111111,
      "acc_norm_stderr": 0.03551446610810826
    },
    "hendrycksTest-elementary_mathematics": {
      "acc": 0.24338624338624337,
      "acc_stderr": 0.022101128787415426,
      "acc_norm": 0.2328042328042328,
      "acc_norm_stderr": 0.02176596167215453
    },
    "logiqa": {
      "acc": 0.22119815668202766,
      "acc_stderr": 0.016279743532401667,
      "acc_norm": 0.2534562211981567,
      "acc_norm_stderr": 0.01706170543978574
    },
    "hendrycksTest-high_school_geography": {
      "acc": 0.2828282828282828,
      "acc_stderr": 0.0320877955878675,
      "acc_norm": 0.30808080808080807,
      "acc_norm_stderr": 0.03289477330098617
    },
    "hendrycksTest-high_school_mathematics": {
      "acc": 0.23703703703703705,
      "acc_stderr": 0.025928876132766114,
      "acc_norm": 0.2814814814814815,
      "acc_norm_stderr": 0.02742001935094527
    },
    "hendrycksTest-professional_accounting": {
      "acc": 0.29432624113475175,
      "acc_stderr": 0.027187127011503796,
      "acc_norm": 0.2730496453900709,
      "acc_norm_stderr": 0.026577860943307854
    },
    "piqa": {
      "acc": 0.7089227421109902,
      "acc_stderr": 0.0105986124909426,
      "acc_norm": 0.7165397170837867,
      "acc_norm_stderr": 0.010515057791152041
    },
    "hendrycksTest-professional_medicine": {
      "acc": 0.2536764705882353,
      "acc_stderr": 0.02643132987078954,
      "acc_norm": 0.24632352941176472,
      "acc_norm_stderr": 0.02617343857052
    },
    "hendrycksTest-business_ethics": {
      "acc": 0.29,
      "acc_stderr": 0.04560480215720684,
      "acc_norm": 0.3,
      "acc_norm_stderr": 0.046056618647183814
    },
    "hendrycksTest-world_religions": {
      "acc": 0.2807017543859649,
      "acc_stderr": 0.034462962170884265,
      "acc_norm": 0.3216374269005848,
      "acc_norm_stderr": 0.03582529442573122
    },
    "hendrycksTest-us_foreign_policy": {
      "acc": 0.31,
      "acc_stderr": 0.04648231987117316,
      "acc_norm": 0.32,
      "acc_norm_stderr": 0.046882617226215034
    },
    "hendrycksTest-formal_logic": {
      "acc": 0.3412698412698413,
      "acc_stderr": 0.042407993275749234,
      "acc_norm": 0.3333333333333333,
      "acc_norm_stderr": 0.042163702135578345
    },
    "hendrycksTest-philosophy": {
      "acc": 0.2829581993569132,
      "acc_stderr": 0.025583062489984813,
      "acc_norm": 0.27009646302250806,
      "acc_norm_stderr": 0.025218040373410616
    },
    "hendrycksTest-prehistory": {
      "acc": 0.24074074074074073,
      "acc_stderr": 0.02378858355165854,
      "acc_norm": 0.22530864197530864,
      "acc_norm_stderr": 0.02324620264781975
    },
    "wsc": {
      "acc": 0.36538461538461536,
      "acc_stderr": 0.0474473339327792
    },
    "hendrycksTest-anatomy": {
      "acc": 0.25925925925925924,
      "acc_stderr": 0.03785714465066654,
      "acc_norm": 0.24444444444444444,
      "acc_norm_stderr": 0.037125378336148665
    },
    "hendrycksTest-high_school_european_history": {
      "acc": 0.2545454545454545,
      "acc_stderr": 0.03401506715249039,
      "acc_norm": 0.2606060606060606,
      "acc_norm_stderr": 0.03427743175816524
    },
    "hendrycksTest-human_aging": {
      "acc": 0.2645739910313901,
      "acc_stderr": 0.029605103217038332,
      "acc_norm": 0.24663677130044842,
      "acc_norm_stderr": 0.028930413120910884
    },
    "hendrycksTest-high_school_macroeconomics": {
      "acc": 0.26153846153846155,
      "acc_stderr": 0.022282141204204426,
      "acc_norm": 0.2846153846153846,
      "acc_norm_stderr": 0.022878322799706294
    },
    "hendrycksTest-management": {
      "acc": 0.2524271844660194,
      "acc_stderr": 0.0430125039969088,
      "acc_norm": 0.24271844660194175,
      "acc_norm_stderr": 0.04245022486384495
    },
    "hendrycksTest-abstract_algebra": {
      "acc": 0.16,
      "acc_stderr": 0.03684529491774709,
      "acc_norm": 0.21,
      "acc_norm_stderr": 0.040936018074033256
    },
    "hendrycksTest-nutrition": {
      "acc": 0.2875816993464052,
      "acc_stderr": 0.02591780611714716,
      "acc_norm": 0.3431372549019608,
      "acc_norm_stderr": 0.027184498909941613
    },
    "hendrycksTest-high_school_government_and_politics": {
      "acc": 0.23834196891191708,
      "acc_stderr": 0.030748905363909895,
      "acc_norm": 0.2694300518134715,
      "acc_norm_stderr": 0.03201867122877794
    },
    "hendrycksTest-astronomy": {
      "acc": 0.25,
      "acc_stderr": 0.03523807393012047,
      "acc_norm": 0.2894736842105263,
      "acc_norm_stderr": 0.03690677986137283
    },
    "hendrycksTest-professional_psychology": {
      "acc": 0.272875816993464,
      "acc_stderr": 0.018020474148393577,
      "acc_norm": 0.2777777777777778,
      "acc_norm_stderr": 0.018120224251484598
    },
    "hendrycksTest-high_school_us_history": {
      "acc": 0.27450980392156865,
      "acc_stderr": 0.03132179803083294,
      "acc_norm": 0.27941176470588236,
      "acc_norm_stderr": 0.031493281045079556
    },
    "hendrycksTest-virology": {
      "acc": 0.30120481927710846,
      "acc_stderr": 0.03571609230053481,
      "acc_norm": 0.3192771084337349,
      "acc_norm_stderr": 0.03629335329947859
    },
    "hendrycksTest-college_mathematics": {
      "acc": 0.24,
      "acc_stderr": 0.04292346959909284,
      "acc_norm": 0.3,
      "acc_norm_stderr": 0.046056618647183814
    },
    "hendrycksTest-clinical_knowledge": {
      "acc": 0.27169811320754716,
      "acc_stderr": 0.02737770662467071,
      "acc_norm": 0.32075471698113206,
      "acc_norm_stderr": 0.028727502957880267
    },
    "hendrycksTest-econometrics": {
      "acc": 0.2631578947368421,
      "acc_stderr": 0.04142439719489361,
      "acc_norm": 0.22807017543859648,
      "acc_norm_stderr": 0.03947152782669415
    },
    "hendrycksTest-marketing": {
      "acc": 0.28205128205128205,
      "acc_stderr": 0.029480360549541194,
      "acc_norm": 0.31196581196581197,
      "acc_norm_stderr": 0.03035152732334497
    },
    "hendrycksTest-high_school_computer_science": {
      "acc": 0.21,
      "acc_stderr": 0.040936018074033256,
      "acc_norm": 0.23,
      "acc_norm_stderr": 0.04229525846816505
    },
    "hendrycksTest-moral_disputes": {
      "acc": 0.30057803468208094,
      "acc_stderr": 0.024685316867257803,
      "acc_norm": 0.31213872832369943,
      "acc_norm_stderr": 0.024946792225272314
    },