{
  "results": {
    "hendrycksTest-public_relations": {
      "acc": 0.24545454545454545,
      "acc_stderr": 0.041220665028782855,
      "acc_norm": 0.13636363636363635,
      "acc_norm_stderr": 0.03287013577804595
    },
    "hendrycksTest-high_school_european_history": {
      "acc": 0.2545454545454545,
      "acc_stderr": 0.0340150671524904,
      "acc_norm": 0.26666666666666666,
      "acc_norm_stderr": 0.03453131801885414
    },
    "hendrycksTest-world_religions": {
      "acc": 0.34502923976608185,
      "acc_stderr": 0.036459813773888065,
      "acc_norm": 0.42105263157894735,
      "acc_norm_stderr": 0.037867207062342145
    },
    "hendrycksTest-human_sexuality": {
      "acc": 0.3893129770992366,
      "acc_stderr": 0.04276486542814591,
      "acc_norm": 0.3282442748091603,
      "acc_norm_stderr": 0.041184385658062976
    },
    "hendrycksTest-computer_security": {
      "acc": 0.32,
      "acc_stderr": 0.046882617226215034,
      "acc_norm": 0.37,
      "acc_norm_stderr": 0.04852365870939099
    },
    "hendrycksTest-business_ethics": {
      "acc": 0.37,
      "acc_stderr": 0.048523658709391,
      "acc_norm": 0.29,
      "acc_norm_stderr": 0.04560480215720683
    },
    "hendrycksTest-high_school_world_history": {
      "acc": 0.2869198312236287,
      "acc_stderr": 0.029443773022594693,
      "acc_norm": 0.2911392405063291,
      "acc_norm_stderr": 0.029571601065753374
    },
    "hendrycksTest-human_aging": {
      "acc": 0.3094170403587444,
      "acc_stderr": 0.031024411740572206,
      "acc_norm": 0.2645739910313901,
      "acc_norm_stderr": 0.029605103217038315
    },
    "hendrycksTest-high_school_computer_science": {
      "acc": 0.27,
      "acc_stderr": 0.0446196043338474,
      "acc_norm": 0.27,
      "acc_norm_stderr": 0.04461960433384741
    },
    "hendrycksTest-professional_accounting": {
      "acc": 0.2375886524822695,
      "acc_stderr": 0.025389512552729906,
      "acc_norm": 0.24822695035460993,
      "acc_norm_stderr": 0.025770015644290392
    },
    "arc_challenge": {
      "acc": 0.26535836177474403,
      "acc_stderr": 0.012902554762313962,
      "acc_norm": 0.2986348122866894,
      "acc_norm_stderr": 0.013374078615068754
    },
    "hendrycksTest-global_facts": {
      "acc": 0.23,
      "acc_stderr": 0.04229525846816506,
      "acc_norm": 0.26,
      "acc_norm_stderr": 0.04408440022768077
    },
    "sciq": {
      "acc": 0.866,
      "acc_stderr": 0.010777762298369683,
      "acc_norm": 0.783,
      "acc_norm_stderr": 0.01304151375727071
    },
    "hendrycksTest-elementary_mathematics": {
      "acc": 0.23544973544973544,
      "acc_stderr": 0.02185150982203172,
      "acc_norm": 0.25396825396825395,
      "acc_norm_stderr": 0.02241804289111395
    },
    "hendrycksTest-philosophy": {
      "acc": 0.26366559485530544,
      "acc_stderr": 0.02502553850053234,
      "acc_norm": 0.3183279742765273,
      "acc_norm_stderr": 0.026457225067811025
    },
    "hendrycksTest-astronomy": {
      "acc": 0.29605263157894735,
      "acc_stderr": 0.03715062154998904,
      "acc_norm": 0.34868421052631576,
      "acc_norm_stderr": 0.0387813988879761
    },
    "hendrycksTest-conceptual_physics": {
      "acc": 0.23829787234042554,
      "acc_stderr": 0.02785125297388977,
      "acc_norm": 0.18723404255319148,
      "acc_norm_stderr": 0.025501588341883596
    },
    "hendrycksTest-college_biology": {
      "acc": 0.24305555555555555,
      "acc_stderr": 0.0358687928008034,
      "acc_norm": 0.25,
      "acc_norm_stderr": 0.03621034121889507
    },
    "hendrycksTest-high_school_biology": {
      "acc": 0.22580645161290322,
      "acc_stderr": 0.023785577884181012,
      "acc_norm": 0.2709677419354839,
      "acc_norm_stderr": 0.025284416114900156
    },
    "hendrycksTest-college_physics": {
      "acc": 0.2549019607843137,
      "acc_stderr": 0.043364327079931785,
      "acc_norm": 0.28431372549019607,
      "acc_norm_stderr": 0.04488482852329017
    },
    "hendrycksTest-high_school_government_and_politics": {
      "acc": 0.21243523316062177,
      "acc_stderr": 0.02951928261681724,
      "acc_norm": 0.2538860103626943,
      "acc_norm_stderr": 0.03141024780565318
    },
    "hendrycksTest-professional_law": {
      "acc": 0.2777053455019557,
      "acc_stderr": 0.011438741422769575,
      "acc_norm": 0.31290743155149936,
      "acc_norm_stderr": 0.011842529823062997
    },
    "hendrycksTest-college_medicine": {
      "acc": 0.27167630057803466,
      "acc_stderr": 0.03391750322321659,
      "acc_norm": 0.26011560693641617,
      "acc_norm_stderr": 0.03345036916788991
    },
    "hendrycksTest-security_studies": {
      "acc": 0.3795918367346939,
      "acc_stderr": 0.03106721126287247,
      "acc_norm": 0.2897959183673469,
      "acc_norm_stderr": 0.029043088683304335
    },
    "hendrycksTest-nutrition": {
      "acc": 0.3235294117647059,
      "acc_stderr": 0.026787453111906532,
      "acc_norm": 0.3758169934640523,
      "acc_norm_stderr": 0.027732834353363947
    },
    "hendrycksTest-econometrics": {
      "acc": 0.2543859649122807,
      "acc_stderr": 0.040969851398436695,
      "acc_norm": 0.20175438596491227,
      "acc_norm_stderr": 0.037752050135836386
    },
    "hendrycksTest-international_law": {
      "acc": 0.21487603305785125,
      "acc_stderr": 0.03749492448709698,
      "acc_norm": 0.4628099173553719,
      "acc_norm_stderr": 0.04551711196104218
    },
    "hendrycksTest-high_school_us_history": {
      "acc": 0.29901960784313725,
      "acc_stderr": 0.03213325717373617,
      "acc_norm": 0.2549019607843137,
      "acc_norm_stderr": 0.03058759135160425
    },
    "hendrycksTest-high_school_mathematics": {
      "acc": 0.1925925925925926,
      "acc_stderr": 0.02404307518194519,
      "acc_norm": 0.26666666666666666,
      "acc_norm_stderr": 0.026962424325073824
    },
    "winogrande": {
      "acc": 0.5501183898973955,
      "acc_stderr": 0.013981711904049728
    },
    "hendrycksTest-management": {
      "acc": 0.21359223300970873,
      "acc_stderr": 0.04058042015646034,
      "acc_norm": 0.2815533980582524,
      "acc_norm_stderr": 0.04453254836326468
    },
    "hendrycksTest-logical_fallacies": {
      "acc": 0.17791411042944785,
      "acc_stderr": 0.030047357655806652,
      "acc_norm": 0.3067484662576687,
      "acc_norm_stderr": 0.036230899157241474
    },
    "hendrycksTest-professional_psychology": {
      "acc": 0.26633986928104575,
      "acc_stderr": 0.017883188134667178,
      "acc_norm": 0.272875816993464,
      "acc_norm_stderr": 0.018020474148393577
    },
    "piqa": {
      "acc": 0.7219804134929271,
      "acc_stderr": 0.010453117358332811,
      "acc_norm": 0.7187159956474428,
      "acc_norm_stderr": 0.010490509832327423
    },
    "hendrycksTest-high_school_macroeconomics": {
      "acc": 0.2692307692307692,
      "acc_stderr": 0.022489389793654824,
      "acc_norm": 0.27692307692307694,
      "acc_norm_stderr": 0.022688042352424994
    },
    "hendrycksTest-machine_learning": {
      "acc": 0.3125,
      "acc_stderr": 0.043994650575715215,
      "acc_norm": 0.20535714285714285,
      "acc_norm_stderr": 0.038342410214190735
    },
    "hendrycksTest-high_school_statistics": {
      "acc": 0.23148148148148148,
      "acc_stderr": 0.02876511171804697,
      "acc_norm": 0.3055555555555556,
      "acc_norm_stderr": 0.031415546294025445
    },
    "hendrycksTest-formal_logic": {
      "acc": 0.2857142857142857,
      "acc_stderr": 0.04040610178208841,
      "acc_norm": 0.30952380952380953,
      "acc_norm_stderr": 0.04134913018303316
    },
    "hendrycksTest-clinical_knowledge": {
      "acc": 0.25660377358490566,
      "acc_stderr": 0.026880647889051968,
      "acc_norm": 0.33962264150943394,
      "acc_norm_stderr": 0.029146904747798342
    },
    "hendrycksTest-abstract_algebra": {
      "acc": 0.22,
      "acc_stderr": 0.04163331998932268,
      "acc_norm": 0.26,
      "acc_norm_stderr": 0.0440844002276808
    },