{
  "results": {
    "hendrycksTest-econometrics": {
      "acc": 0.2894736842105263,
      "acc_stderr": 0.04266339443159394,
      "acc_norm": 0.21052631578947367,
      "acc_norm_stderr": 0.03835153954399421
    },
    "hendrycksTest-world_religions": {
      "acc": 0.3684210526315789,
      "acc_stderr": 0.036996580176568775,
      "acc_norm": 0.39766081871345027,
      "acc_norm_stderr": 0.0375363895576169
    },
    "hendrycksTest-high_school_european_history": {
      "acc": 0.24242424242424243,
      "acc_stderr": 0.033464098810559534,
      "acc_norm": 0.26666666666666666,
      "acc_norm_stderr": 0.03453131801885414
    },
    "hendrycksTest-international_law": {
      "acc": 0.256198347107438,
      "acc_stderr": 0.03984979653302872,
      "acc_norm": 0.48760330578512395,
      "acc_norm_stderr": 0.04562951548180765
    },
    "hendrycksTest-high_school_microeconomics": {
      "acc": 0.2815126050420168,
      "acc_stderr": 0.029213549414372167,
      "acc_norm": 0.3277310924369748,
      "acc_norm_stderr": 0.030489911417673227
    },
    "hendrycksTest-electrical_engineering": {
      "acc": 0.2896551724137931,
      "acc_stderr": 0.037800192304380156,
      "acc_norm": 0.2689655172413793,
      "acc_norm_stderr": 0.036951833116502325
    },
    "hendrycksTest-high_school_mathematics": {
      "acc": 0.1925925925925926,
      "acc_stderr": 0.024043075181945192,
      "acc_norm": 0.27037037037037037,
      "acc_norm_stderr": 0.027080372815145658
    },
    "hendrycksTest-business_ethics": {
      "acc": 0.38,
      "acc_stderr": 0.04878317312145633,
      "acc_norm": 0.29,
      "acc_norm_stderr": 0.04560480215720683
    },
    "hendrycksTest-formal_logic": {
      "acc": 0.30158730158730157,
      "acc_stderr": 0.04104947269903394,
      "acc_norm": 0.30952380952380953,
      "acc_norm_stderr": 0.04134913018303316
    },
    "hendrycksTest-prehistory": {
      "acc": 0.22839506172839505,
      "acc_stderr": 0.023358211840626267,
      "acc_norm": 0.1882716049382716,
      "acc_norm_stderr": 0.02175186606081587
    },
    "wsc": {
      "acc": 0.4230769230769231,
      "acc_stderr": 0.04867993747918684
    },
    "hendrycksTest-professional_psychology": {
      "acc": 0.2549019607843137,
      "acc_stderr": 0.017630827375148383,
      "acc_norm": 0.2565359477124183,
      "acc_norm_stderr": 0.017667841612378988
    },
    "hendrycksTest-nutrition": {
      "acc": 0.30392156862745096,
      "acc_stderr": 0.026336613469046644,
      "acc_norm": 0.3660130718954248,
      "acc_norm_stderr": 0.027582811415159614
    },
    "hendrycksTest-conceptual_physics": {
      "acc": 0.225531914893617,
      "acc_stderr": 0.027321078417387533,
      "acc_norm": 0.18723404255319148,
      "acc_norm_stderr": 0.025501588341883593
    },
    "piqa": {
      "acc": 0.7176278563656148,
      "acc_stderr": 0.010502821668555372,
      "acc_norm": 0.7132752992383025,
      "acc_norm_stderr": 0.010551314503108084
    },
    "sciq": {
      "acc": 0.871,
      "acc_stderr": 0.010605256784796572,
      "acc_norm": 0.779,
      "acc_norm_stderr": 0.013127502859696235
    },
    "hendrycksTest-marketing": {
      "acc": 0.3547008547008547,
      "acc_stderr": 0.03134250486245402,
      "acc_norm": 0.3418803418803419,
      "acc_norm_stderr": 0.03107502852650776
    },
    "hendrycksTest-management": {
      "acc": 0.20388349514563106,
      "acc_stderr": 0.03989139859531773,
      "acc_norm": 0.2912621359223301,
      "acc_norm_stderr": 0.044986763205729224
    },
    "hendrycksTest-high_school_biology": {
      "acc": 0.21935483870967742,
      "acc_stderr": 0.023540799358723292,
      "acc_norm": 0.3032258064516129,
      "acc_norm_stderr": 0.026148685930671746
    },
    "hendrycksTest-college_physics": {
      "acc": 0.23529411764705882,
      "acc_stderr": 0.04220773659171453,
      "acc_norm": 0.30392156862745096,
      "acc_norm_stderr": 0.045766654032077636
    },
    "hendrycksTest-elementary_mathematics": {
      "acc": 0.24338624338624337,
      "acc_stderr": 0.02210112878741543,
      "acc_norm": 0.25925925925925924,
      "acc_norm_stderr": 0.022569897074918417
    },
    "logiqa": {
      "acc": 0.2119815668202765,
      "acc_stderr": 0.016030997960619388,
      "acc_norm": 0.27956989247311825,
      "acc_norm_stderr": 0.017602909186822453
    },
    "hendrycksTest-high_school_chemistry": {
      "acc": 0.21674876847290642,
      "acc_stderr": 0.02899033125251624,
      "acc_norm": 0.32019704433497537,
      "acc_norm_stderr": 0.032826493853041504
    },
    "hendrycksTest-high_school_statistics": {
      "acc": 0.2638888888888889,
      "acc_stderr": 0.030058202704309846,
      "acc_norm": 0.3194444444444444,
      "acc_norm_stderr": 0.0317987634217685
    },
    "hendrycksTest-jurisprudence": {
      "acc": 0.25925925925925924,
      "acc_stderr": 0.042365112580946336,
      "acc_norm": 0.4074074074074074,
      "acc_norm_stderr": 0.047500773411999854
    },
    "winogrande": {
      "acc": 0.5524861878453039,
      "acc_stderr": 0.013974847640536194
    },
    "hendrycksTest-sociology": {
      "acc": 0.30845771144278605,
      "acc_stderr": 0.03265819588512697,
      "acc_norm": 0.3034825870646766,
      "acc_norm_stderr": 0.03251006816458617
    },
    "hendrycksTest-us_foreign_policy": {
      "acc": 0.33,
      "acc_stderr": 0.047258156262526045,
      "acc_norm": 0.33,
      "acc_norm_stderr": 0.047258156262526045
    },
    "hendrycksTest-high_school_psychology": {
      "acc": 0.22385321100917432,
      "acc_stderr": 0.017871217767790215,
      "acc_norm": 0.23486238532110093,
      "acc_norm_stderr": 0.018175110510343578
    },
    "hendrycksTest-college_biology": {
      "acc": 0.2361111111111111,
      "acc_stderr": 0.03551446610810826,
      "acc_norm": 0.2638888888888889,
      "acc_norm_stderr": 0.03685651095897532
    },
    "hendrycksTest-moral_disputes": {
      "acc": 0.23410404624277456,
      "acc_stderr": 0.022797110278071134,
      "acc_norm": 0.3092485549132948,
      "acc_norm_stderr": 0.024883140570071755
    },
    "lambada_openai": {
      "ppl": 6.6328319039829955,
      "ppl_stderr": 0.1720165004917252,
      "acc": 0.5992625654958277,
      "acc_stderr": 0.006827325427603897
    },
    "hendrycksTest-high_school_physics": {
      "acc": 0.2119205298013245,
      "acc_stderr": 0.033367670865679766,
      "acc_norm": 0.23841059602649006,
      "acc_norm_stderr": 0.0347918557259966
    },
    "hendrycksTest-college_chemistry": {
      "acc": 0.3,
      "acc_stderr": 0.046056618647183814,
      "acc_norm": 0.34,
      "acc_norm_stderr": 0.04760952285695235
    },
    "hendrycksTest-global_facts": {
      "acc": 0.23,
      "acc_stderr": 0.04229525846816506,
      "acc_norm": 0.28,
      "acc_norm_stderr": 0.04512608598542127
    },
    "hendrycksTest-high_school_us_history": {
      "acc": 0.2696078431372549,
      "acc_stderr": 0.031145570659486782,
      "acc_norm": 0.2549019607843137,
      "acc_norm_stderr": 0.030587591351604243
    },
    "hendrycksTest-professional_accounting": {
      "acc": 0.23404255319148937,
      "acc_stderr": 0.0252578613594324,
      "acc_norm": 0.25177304964539005,
      "acc_norm_stderr": 0.0258921511567094
    },
    "hendrycksTest-professional_medicine": {
      "acc": 0.23529411764705882,
      "acc_stderr": 0.025767252010855952,
      "acc_norm": 0.25,
      "acc_norm_stderr": 0.026303648393696036
    },
    "hendrycksTest-machine_learning": {
      "acc": 0.2857142857142857,
      "acc_stderr": 0.04287858751340455,
      "acc_norm": 0.20535714285714285,
      "acc_norm_stderr": 0.038342410214190735
    },
    "hendrycksTest-clinical_knowledge": {
      "acc": 0.2528301886792453,
      "acc_stderr": 0.02674989977124123,
      "acc_norm": 0.32075471698113206,
      "acc_norm_stderr": 0.028727502957880267
    },
    "hendrycksTest-human_sexuality": {
      "acc": 0.3816793893129771,
      "acc_stderr": 0.042607351576445594,
      "acc_norm": 0.3282442748091603,