{
  "results": {
    "hendrycksTest-professional_psychology": {
      "acc": 0.2434640522875817,
      "acc_stderr": 0.017362473762146634,
      "acc_norm": 0.2647058823529412,
      "acc_norm_stderr": 0.01784808957491322
    },
    "lambada_openai": {
      "ppl": 10.298314765265692,
      "ppl_stderr": 0.2970128510611648,
      "acc": 0.5158160294973801,
      "acc_stderr": 0.0069624917510980626
    },
    "hendrycksTest-high_school_biology": {
      "acc": 0.22903225806451613,
      "acc_stderr": 0.023904914311782655,
      "acc_norm": 0.2870967741935484,
      "acc_norm_stderr": 0.025736542745594525
    },
    "hendrycksTest-high_school_government_and_politics": {
      "acc": 0.21761658031088082,
      "acc_stderr": 0.029778663037752947,
      "acc_norm": 0.25906735751295334,
      "acc_norm_stderr": 0.031618779179354094
    },
    "hendrycksTest-jurisprudence": {
      "acc": 0.2777777777777778,
      "acc_stderr": 0.04330043749650743,
      "acc_norm": 0.4444444444444444,
      "acc_norm_stderr": 0.04803752235190192
    },
    "hendrycksTest-human_aging": {
      "acc": 0.31390134529147984,
      "acc_stderr": 0.031146796482972465,
      "acc_norm": 0.2645739910313901,
      "acc_norm_stderr": 0.0296051032170383
    },
    "hendrycksTest-management": {
      "acc": 0.21359223300970873,
      "acc_stderr": 0.04058042015646035,
      "acc_norm": 0.23300970873786409,
      "acc_norm_stderr": 0.04185832598928315
    },
    "hendrycksTest-world_religions": {
      "acc": 0.2807017543859649,
      "acc_stderr": 0.03446296217088426,
      "acc_norm": 0.28654970760233917,
      "acc_norm_stderr": 0.03467826685703826
    },
    "hendrycksTest-high_school_geography": {
      "acc": 0.21212121212121213,
      "acc_stderr": 0.029126522834586825,
      "acc_norm": 0.30303030303030304,
      "acc_norm_stderr": 0.03274287914026867
    },
    "hendrycksTest-computer_security": {
      "acc": 0.29,
      "acc_stderr": 0.04560480215720684,
      "acc_norm": 0.29,
      "acc_norm_stderr": 0.045604802157206845
    },
    "hendrycksTest-high_school_macroeconomics": {
      "acc": 0.2512820512820513,
      "acc_stderr": 0.021992016662370547,
      "acc_norm": 0.2692307692307692,
      "acc_norm_stderr": 0.022489389793654824
    },
    "hendrycksTest-high_school_mathematics": {
      "acc": 0.1814814814814815,
      "acc_stderr": 0.02349926466940729,
      "acc_norm": 0.2518518518518518,
      "acc_norm_stderr": 0.02646611753895991
    },
    "hendrycksTest-philosophy": {
      "acc": 0.19614147909967847,
      "acc_stderr": 0.022552447780478047,
      "acc_norm": 0.2797427652733119,
      "acc_norm_stderr": 0.0254942593506949
    },
    "winogrande": {
      "acc": 0.5248618784530387,
      "acc_stderr": 0.01403510288362775
    },
    "hendrycksTest-college_computer_science": {
      "acc": 0.29,
      "acc_stderr": 0.045604802157206845,
      "acc_norm": 0.31,
      "acc_norm_stderr": 0.04648231987117316
    },
    "hendrycksTest-public_relations": {
      "acc": 0.3,
      "acc_stderr": 0.04389311454644286,
      "acc_norm": 0.2,
      "acc_norm_stderr": 0.03831305140884603
    },
    "hendrycksTest-high_school_chemistry": {
      "acc": 0.1724137931034483,
      "acc_stderr": 0.026577672183036586,
      "acc_norm": 0.2413793103448276,
      "acc_norm_stderr": 0.030108330718011625
    },
    "hendrycksTest-clinical_knowledge": {
      "acc": 0.2339622641509434,
      "acc_stderr": 0.02605529690115292,
      "acc_norm": 0.3169811320754717,
      "acc_norm_stderr": 0.028637235639800918
    },
    "hendrycksTest-college_chemistry": {
      "acc": 0.22,
      "acc_stderr": 0.04163331998932269,
      "acc_norm": 0.29,
      "acc_norm_stderr": 0.04560480215720684
    },
    "hendrycksTest-high_school_microeconomics": {
      "acc": 0.2647058823529412,
      "acc_stderr": 0.028657491285071973,
      "acc_norm": 0.3403361344537815,
      "acc_norm_stderr": 0.03077805742293167
    },
    "wsc": {
      "acc": 0.38461538461538464,
      "acc_stderr": 0.0479366886807504
    },
    "hendrycksTest-moral_disputes": {
      "acc": 0.26011560693641617,
      "acc_stderr": 0.023618678310069363,
      "acc_norm": 0.30057803468208094,
      "acc_norm_stderr": 0.0246853168672578
    },
    "hendrycksTest-high_school_psychology": {
      "acc": 0.25321100917431194,
      "acc_stderr": 0.018644073041375053,
      "acc_norm": 0.22018348623853212,
      "acc_norm_stderr": 0.017765978652327544
    },
    "hendrycksTest-professional_law": {
      "acc": 0.26010430247718386,
      "acc_stderr": 0.011204382887823827,
      "acc_norm": 0.28552803129074317,
      "acc_norm_stderr": 0.011535751586665673
    },
    "hendrycksTest-elementary_mathematics": {
      "acc": 0.2222222222222222,
      "acc_stderr": 0.02141168439369418,
      "acc_norm": 0.2619047619047619,
      "acc_norm_stderr": 0.022644212615525218
    },
    "hendrycksTest-moral_scenarios": {
      "acc": 0.24804469273743016,
      "acc_stderr": 0.014444157808261427,
      "acc_norm": 0.27262569832402234,
      "acc_norm_stderr": 0.014893391735249588
    },
    "hendrycksTest-astronomy": {
      "acc": 0.20394736842105263,
      "acc_stderr": 0.03279000406310051,
      "acc_norm": 0.3157894736842105,
      "acc_norm_stderr": 0.037827289808654706
    },
    "hendrycksTest-security_studies": {
      "acc": 0.27346938775510204,
      "acc_stderr": 0.028535560337128448,
      "acc_norm": 0.24897959183673468,
      "acc_norm_stderr": 0.027682979522960227
    },
    "hendrycksTest-college_mathematics": {
      "acc": 0.19,
      "acc_stderr": 0.03942772444036623,
      "acc_norm": 0.31,
      "acc_norm_stderr": 0.04648231987117316
    },
    "hendrycksTest-high_school_us_history": {
      "acc": 0.25980392156862747,
      "acc_stderr": 0.030778554678693268,
      "acc_norm": 0.27941176470588236,
      "acc_norm_stderr": 0.031493281045079556
    },
    "hendrycksTest-business_ethics": {
      "acc": 0.34,
      "acc_stderr": 0.04760952285695235,
      "acc_norm": 0.32,
      "acc_norm_stderr": 0.046882617226215034
    },
    "hendrycksTest-high_school_computer_science": {
      "acc": 0.2,
      "acc_stderr": 0.040201512610368445,
      "acc_norm": 0.26,
      "acc_norm_stderr": 0.0440844002276808
    },
    "hendrycksTest-conceptual_physics": {
      "acc": 0.251063829787234,
      "acc_stderr": 0.028346963777162452,
      "acc_norm": 0.19148936170212766,
      "acc_norm_stderr": 0.025722149992637805
    },
    "logiqa": {
      "acc": 0.22887864823348694,
      "acc_stderr": 0.016478107276313277,
      "acc_norm": 0.30261136712749614,
      "acc_norm_stderr": 0.018018696598158843
    },
    "hendrycksTest-high_school_statistics": {
      "acc": 0.25,
      "acc_stderr": 0.029531221160930918,
      "acc_norm": 0.28703703703703703,
      "acc_norm_stderr": 0.030851992993257013
    },
    "arc_easy": {
      "acc": 0.5256734006734006,
      "acc_stderr": 0.010246249665591218,
      "acc_norm": 0.46464646464646464,
      "acc_norm_stderr": 0.010234104543411438
    },
    "hendrycksTest-high_school_world_history": {
      "acc": 0.23628691983122363,
      "acc_stderr": 0.02765215314415928,
      "acc_norm": 0.2616033755274262,
      "acc_norm_stderr": 0.028609516716994934
    },
    "hendrycksTest-professional_accounting": {
      "acc": 0.2198581560283688,
      "acc_stderr": 0.024706141070705474,
      "acc_norm": 0.2553191489361702,
      "acc_norm_stderr": 0.026011992930902006
    },
    "hendrycksTest-sociology": {
      "acc": 0.2835820895522388,
      "acc_stderr": 0.031871875379197966,
      "acc_norm": 0.24378109452736318,
      "acc_norm_stderr": 0.03036049015401466
    },
    "hendrycksTest-virology": {
      "acc": 0.28313253012048195,
      "acc_stderr": 0.03507295431370519,
      "acc_norm": 0.2710843373493976,
      "acc_norm_stderr": 0.034605799075530276
    },
    "hendrycksTest-formal_logic": {
      "acc": 0.30158730158730157,
      "acc_stderr": 0.04104947269903394,
      "acc_norm": 0.2698412698412698,