{
  "results": {
    "hendrycksTest-high_school_macroeconomics": {
      "acc": 0.25384615384615383,
      "acc_stderr": 0.022066054378726253,
      "acc_norm": 0.2717948717948718,
      "acc_norm_stderr": 0.022556551010132347
    },
    "piqa": {
      "acc": 0.6991294885745375,
      "acc_stderr": 0.010700745724145973,
      "acc_norm": 0.6980413492927094,
      "acc_norm_stderr": 0.010711732891588338
    },
    "hendrycksTest-high_school_mathematics": {
      "acc": 0.21481481481481482,
      "acc_stderr": 0.02504044387700069,
      "acc_norm": 0.2740740740740741,
      "acc_norm_stderr": 0.027195934804085626
    },
    "hendrycksTest-high_school_world_history": {
      "acc": 0.23628691983122363,
      "acc_stderr": 0.027652153144159274,
      "acc_norm": 0.270042194092827,
      "acc_norm_stderr": 0.028900721906293426
    },
    "hendrycksTest-high_school_european_history": {
      "acc": 0.24848484848484848,
      "acc_stderr": 0.03374402644139405,
      "acc_norm": 0.26666666666666666,
      "acc_norm_stderr": 0.034531318018854146
    },
    "hendrycksTest-astronomy": {
      "acc": 0.20394736842105263,
      "acc_stderr": 0.032790004063100515,
      "acc_norm": 0.3618421052631579,
      "acc_norm_stderr": 0.03910525752849725
    },
    "hendrycksTest-college_medicine": {
      "acc": 0.2774566473988439,
      "acc_stderr": 0.03414014007044036,
      "acc_norm": 0.28901734104046245,
      "acc_norm_stderr": 0.03456425745086999
    },
    "hendrycksTest-high_school_microeconomics": {
      "acc": 0.2605042016806723,
      "acc_stderr": 0.028510251512341944,
      "acc_norm": 0.36134453781512604,
      "acc_norm_stderr": 0.031204691225150013
    },
    "hendrycksTest-electrical_engineering": {
      "acc": 0.30344827586206896,
      "acc_stderr": 0.038312260488503336,
      "acc_norm": 0.3103448275862069,
      "acc_norm_stderr": 0.03855289616378948
    },
    "hendrycksTest-human_sexuality": {
      "acc": 0.33587786259541985,
      "acc_stderr": 0.041423137719966634,
      "acc_norm": 0.2748091603053435,
      "acc_norm_stderr": 0.039153454088478354
    },
    "hendrycksTest-nutrition": {
      "acc": 0.3202614379084967,
      "acc_stderr": 0.02671611838015683,
      "acc_norm": 0.3790849673202614,
      "acc_norm_stderr": 0.027780141207023327
    },
    "hendrycksTest-prehistory": {
      "acc": 0.23148148148148148,
      "acc_stderr": 0.02346842983245116,
      "acc_norm": 0.17901234567901234,
      "acc_norm_stderr": 0.021330868762127045
    },
    "hendrycksTest-college_mathematics": {
      "acc": 0.23,
      "acc_stderr": 0.04229525846816505,
      "acc_norm": 0.32,
      "acc_norm_stderr": 0.04688261722621505
    },
    "hendrycksTest-high_school_statistics": {
      "acc": 0.25925925925925924,
      "acc_stderr": 0.02988691054762697,
      "acc_norm": 0.3194444444444444,
      "acc_norm_stderr": 0.03179876342176851
    },
    "hendrycksTest-professional_medicine": {
      "acc": 0.21691176470588236,
      "acc_stderr": 0.025035845227711274,
      "acc_norm": 0.2536764705882353,
      "acc_norm_stderr": 0.02643132987078953
    },
    "hendrycksTest-clinical_knowledge": {
      "acc": 0.2981132075471698,
      "acc_stderr": 0.028152837942493864,
      "acc_norm": 0.33962264150943394,
      "acc_norm_stderr": 0.029146904747798335
    },
    "hendrycksTest-high_school_us_history": {
      "acc": 0.24019607843137256,
      "acc_stderr": 0.02998373305591361,
      "acc_norm": 0.2647058823529412,
      "acc_norm_stderr": 0.030964517926923393
    },
    "winogrande": {
      "acc": 0.5572217837411207,
      "acc_stderr": 0.013960157350784987
    },
    "hendrycksTest-professional_psychology": {
      "acc": 0.27124183006535946,
      "acc_stderr": 0.0179866153040303,
      "acc_norm": 0.26143790849673204,
      "acc_norm_stderr": 0.017776947157528034
    },
    "hendrycksTest-moral_scenarios": {
      "acc": 0.24692737430167597,
      "acc_stderr": 0.014422292204808835,
      "acc_norm": 0.27262569832402234,
      "acc_norm_stderr": 0.014893391735249588
    },
    "logiqa": {
      "acc": 0.2196620583717358,
      "acc_stderr": 0.01623910941493394,
      "acc_norm": 0.2872503840245776,
      "acc_norm_stderr": 0.017747701948846593
    },
    "lambada_openai": {
      "ppl": 8.040905828041348,
      "ppl_stderr": 0.21928972586332993,
      "acc": 0.5608383465942169,
      "acc_stderr": 0.006914218960391635
    },
    "hendrycksTest-college_biology": {
      "acc": 0.18055555555555555,
      "acc_stderr": 0.032166008088022675,
      "acc_norm": 0.2152777777777778,
      "acc_norm_stderr": 0.03437079344106135
    },
    "hendrycksTest-high_school_physics": {
      "acc": 0.24503311258278146,
      "acc_stderr": 0.03511807571804723,
      "acc_norm": 0.24503311258278146,
      "acc_norm_stderr": 0.03511807571804725
    },
    "hendrycksTest-high_school_biology": {
      "acc": 0.20967741935483872,
      "acc_stderr": 0.023157879349083532,
      "acc_norm": 0.2806451612903226,
      "acc_norm_stderr": 0.02556060472102289
    },
    "hendrycksTest-sociology": {
      "acc": 0.2885572139303483,
      "acc_stderr": 0.03203841040213322,
      "acc_norm": 0.26865671641791045,
      "acc_norm_stderr": 0.03134328358208954
    },
    "hendrycksTest-elementary_mathematics": {
      "acc": 0.23544973544973544,
      "acc_stderr": 0.021851509822031715,
      "acc_norm": 0.2724867724867725,
      "acc_norm_stderr": 0.022930973071633363
    },
    "hendrycksTest-high_school_geography": {
      "acc": 0.23737373737373738,
      "acc_stderr": 0.030313710538198906,
      "acc_norm": 0.2777777777777778,
      "acc_norm_stderr": 0.031911782267135466
    },
    "hendrycksTest-medical_genetics": {
      "acc": 0.3,
      "acc_stderr": 0.046056618647183814,
      "acc_norm": 0.35,
      "acc_norm_stderr": 0.0479372485441102
    },
    "hendrycksTest-moral_disputes": {
      "acc": 0.26011560693641617,
      "acc_stderr": 0.023618678310069367,
      "acc_norm": 0.3236994219653179,
      "acc_norm_stderr": 0.02519018132760841
    },
    "hendrycksTest-world_religions": {
      "acc": 0.3333333333333333,
      "acc_stderr": 0.036155076303109365,
      "acc_norm": 0.391812865497076,
      "acc_norm_stderr": 0.03743979825926398
    },
    "hendrycksTest-high_school_government_and_politics": {
      "acc": 0.22279792746113988,
      "acc_stderr": 0.03003114797764155,
      "acc_norm": 0.24352331606217617,
      "acc_norm_stderr": 0.030975436386845426
    },
    "hendrycksTest-philosophy": {
      "acc": 0.21864951768488747,
      "acc_stderr": 0.023475581417861106,
      "acc_norm": 0.3022508038585209,
      "acc_norm_stderr": 0.026082700695399655
    },
    "hendrycksTest-security_studies": {
      "acc": 0.35918367346938773,
      "acc_stderr": 0.030713560455108493,
      "acc_norm": 0.27755102040816326,
      "acc_norm_stderr": 0.028666857790274645
    },
    "hendrycksTest-machine_learning": {
      "acc": 0.2857142857142857,
      "acc_stderr": 0.04287858751340455,
      "acc_norm": 0.29464285714285715,
      "acc_norm_stderr": 0.04327040932578729
    },
    "arc_easy": {
      "acc": 0.555976430976431,
      "acc_stderr": 0.010195285580783961,
      "acc_norm": 0.507996632996633,
      "acc_norm_stderr": 0.010258471289841992
    },
    "hendrycksTest-professional_accounting": {
      "acc": 0.23049645390070922,
      "acc_stderr": 0.025123739226872395,
      "acc_norm": 0.24468085106382978,
      "acc_norm_stderr": 0.02564555362226673
    },
    "hendrycksTest-professional_law": {
      "acc": 0.25554106910039115,
      "acc_stderr": 0.011139857833598521,
      "acc_norm": 0.29335071707953064,
      "acc_norm_stderr": 0.011628520449582075
    },
    "hendrycksTest-public_relations": {
      "acc": 0.2727272727272727,
      "acc_stderr": 0.04265792110940588,
      "acc_norm": 0.19090909090909092,
      "acc_norm_stderr": 0.03764425585984925
    },
    "hendrycksTest-computer_security": {
      "acc": 0.28,
      "acc_stderr": 0.04512608598542127,