{
  "results": {
    "hendrycksTest-world_religions": {
      "acc": 0.3157894736842105,
      "acc_stderr": 0.03565079670708311,
      "acc_norm": 0.3567251461988304,
      "acc_norm_stderr": 0.03674013002860954
    },
    "hendrycksTest-business_ethics": {
      "acc": 0.43,
      "acc_stderr": 0.04975698519562428,
      "acc_norm": 0.35,
      "acc_norm_stderr": 0.047937248544110175
    },
    "hendrycksTest-clinical_knowledge": {
      "acc": 0.23018867924528302,
      "acc_stderr": 0.02590789712240817,
      "acc_norm": 0.3169811320754717,
      "acc_norm_stderr": 0.028637235639800918
    },
    "hendrycksTest-college_mathematics": {
      "acc": 0.2,
      "acc_stderr": 0.04020151261036846,
      "acc_norm": 0.25,
      "acc_norm_stderr": 0.04351941398892446
    },
    "hendrycksTest-high_school_microeconomics": {
      "acc": 0.25210084033613445,
      "acc_stderr": 0.028205545033277723,
      "acc_norm": 0.35714285714285715,
      "acc_norm_stderr": 0.031124619309328177
    },
    "hendrycksTest-high_school_psychology": {
      "acc": 0.2018348623853211,
      "acc_stderr": 0.017208579357787565,
      "acc_norm": 0.23486238532110093,
      "acc_norm_stderr": 0.018175110510343578
    },
    "hendrycksTest-high_school_macroeconomics": {
      "acc": 0.24615384615384617,
      "acc_stderr": 0.021840866990423077,
      "acc_norm": 0.26666666666666666,
      "acc_norm_stderr": 0.02242127361292371
    },
    "hendrycksTest-high_school_european_history": {
      "acc": 0.23636363636363636,
      "acc_stderr": 0.03317505930009179,
      "acc_norm": 0.296969696969697,
      "acc_norm_stderr": 0.03567969772268049
    },
    "hendrycksTest-us_foreign_policy": {
      "acc": 0.33,
      "acc_stderr": 0.04725815626252605,
      "acc_norm": 0.35,
      "acc_norm_stderr": 0.0479372485441102
    },
    "hendrycksTest-computer_security": {
      "acc": 0.26,
      "acc_stderr": 0.0440844002276808,
      "acc_norm": 0.31,
      "acc_norm_stderr": 0.04648231987117316
    },
    "hendrycksTest-high_school_statistics": {
      "acc": 0.24537037037037038,
      "acc_stderr": 0.02934666509437294,
      "acc_norm": 0.3148148148148148,
      "acc_norm_stderr": 0.031674687068289784
    },
    "hendrycksTest-econometrics": {
      "acc": 0.30701754385964913,
      "acc_stderr": 0.04339138322579861,
      "acc_norm": 0.2719298245614035,
      "acc_norm_stderr": 0.04185774424022056
    },
    "hendrycksTest-public_relations": {
      "acc": 0.2818181818181818,
      "acc_stderr": 0.043091187099464585,
      "acc_norm": 0.20909090909090908,
      "acc_norm_stderr": 0.03895091015724137
    },
    "hendrycksTest-high_school_geography": {
      "acc": 0.19696969696969696,
      "acc_stderr": 0.028335609732463355,
      "acc_norm": 0.25757575757575757,
      "acc_norm_stderr": 0.031156269519646836
    },
    "hendrycksTest-professional_accounting": {
      "acc": 0.23049645390070922,
      "acc_stderr": 0.025123739226872395,
      "acc_norm": 0.25886524822695034,
      "acc_norm_stderr": 0.026129572527180848
    },
    "hendrycksTest-virology": {
      "acc": 0.3795180722891566,
      "acc_stderr": 0.037777988227480165,
      "acc_norm": 0.3132530120481928,
      "acc_norm_stderr": 0.036108050180310235
    },
    "hendrycksTest-professional_medicine": {
      "acc": 0.23897058823529413,
      "acc_stderr": 0.02590528064489301,
      "acc_norm": 0.25,
      "acc_norm_stderr": 0.026303648393696036
    },
    "hendrycksTest-medical_genetics": {
      "acc": 0.33,
      "acc_stderr": 0.047258156262526045,
      "acc_norm": 0.4,
      "acc_norm_stderr": 0.049236596391733084
    },
    "hendrycksTest-elementary_mathematics": {
      "acc": 0.21693121693121692,
      "acc_stderr": 0.021227082449445045,
      "acc_norm": 0.23544973544973544,
      "acc_norm_stderr": 0.021851509822031722
    },
    "hendrycksTest-college_chemistry": {
      "acc": 0.18,
      "acc_stderr": 0.03861229196653694,
      "acc_norm": 0.29,
      "acc_norm_stderr": 0.045604802157206845
    },
    "hendrycksTest-high_school_world_history": {
      "acc": 0.24050632911392406,
      "acc_stderr": 0.027820781981149675,
      "acc_norm": 0.2742616033755274,
      "acc_norm_stderr": 0.029041333510598028
    },
    "hendrycksTest-logical_fallacies": {
      "acc": 0.2147239263803681,
      "acc_stderr": 0.03226219377286774,
      "acc_norm": 0.2822085889570552,
      "acc_norm_stderr": 0.03536117886664743
    },
    "sciq": {
      "acc": 0.857,
      "acc_stderr": 0.01107581480856704,
      "acc_norm": 0.782,
      "acc_norm_stderr": 0.013063179040595287
    },
    "hendrycksTest-machine_learning": {
      "acc": 0.17857142857142858,
      "acc_stderr": 0.03635209121577806,
      "acc_norm": 0.20535714285714285,
      "acc_norm_stderr": 0.038342410214190735
    },
    "hendrycksTest-moral_disputes": {
      "acc": 0.2658959537572254,
      "acc_stderr": 0.02378620325550829,
      "acc_norm": 0.3265895953757225,
      "acc_norm_stderr": 0.025248264774242826
    },
    "hendrycksTest-nutrition": {
      "acc": 0.3202614379084967,
      "acc_stderr": 0.026716118380156823,
      "acc_norm": 0.4084967320261438,
      "acc_norm_stderr": 0.028146405993096358
    },
    "arc_challenge": {
      "acc": 0.2619453924914676,
      "acc_stderr": 0.012849054826858114,
      "acc_norm": 0.2773037542662116,
      "acc_norm_stderr": 0.013082095839059376
    },
    "hendrycksTest-anatomy": {
      "acc": 0.22962962962962963,
      "acc_stderr": 0.03633384414073464,
      "acc_norm": 0.21481481481481482,
      "acc_norm_stderr": 0.03547854198560826
    },
    "hendrycksTest-human_sexuality": {
      "acc": 0.35877862595419846,
      "acc_stderr": 0.04206739313864908,
      "acc_norm": 0.3053435114503817,
      "acc_norm_stderr": 0.04039314978724561
    },
    "arc_easy": {
      "acc": 0.5753367003367004,
      "acc_stderr": 0.010142653687480413,
      "acc_norm": 0.5185185185185185,
      "acc_norm_stderr": 0.010252744217435637
    },
    "hendrycksTest-professional_psychology": {
      "acc": 0.2630718954248366,
      "acc_stderr": 0.01781267654232065,
      "acc_norm": 0.26633986928104575,
      "acc_norm_stderr": 0.017883188134667192
    },
    "hendrycksTest-sociology": {
      "acc": 0.31343283582089554,
      "acc_stderr": 0.03280188205348642,
      "acc_norm": 0.263681592039801,
      "acc_norm_stderr": 0.031157150869355554
    },
    "hendrycksTest-marketing": {
      "acc": 0.31196581196581197,
      "acc_stderr": 0.030351527323344958,
      "acc_norm": 0.3547008547008547,
      "acc_norm_stderr": 0.03134250486245403
    },
    "logiqa": {
      "acc": 0.21505376344086022,
      "acc_stderr": 0.016115240864129177,
      "acc_norm": 0.2857142857142857,
      "acc_norm_stderr": 0.01771924779845829
    },
    "piqa": {
      "acc": 0.7002176278563657,
      "acc_stderr": 0.010689686967138089,
      "acc_norm": 0.7023939064200218,
      "acc_norm_stderr": 0.01066735379238821
    },
    "hendrycksTest-global_facts": {
      "acc": 0.21,
      "acc_stderr": 0.04093601807403326,
      "acc_norm": 0.24,
      "acc_norm_stderr": 0.042923469599092816
    },
    "hendrycksTest-management": {
      "acc": 0.20388349514563106,
      "acc_stderr": 0.03989139859531773,
      "acc_norm": 0.2621359223300971,
      "acc_norm_stderr": 0.043546310772605956
    },
    "hendrycksTest-prehistory": {
      "acc": 0.2345679012345679,
      "acc_stderr": 0.023576881744005716,
      "acc_norm": 0.2222222222222222,
      "acc_norm_stderr": 0.023132376234543336
    },
    "hendrycksTest-human_aging": {
      "acc": 0.2825112107623318,
      "acc_stderr": 0.030216831011508773,
      "acc_norm": 0.2242152466367713,
      "acc_norm_stderr": 0.02799153425851952
    },
    "hendrycksTest-security_studies": {
      "acc": 0.3877551020408163,
      "acc_stderr": 0.031192230726795656,
      "acc_norm": 0.2979591836734694,
      "acc_norm_stderr": 0.029279567411065677
    },
    "hendrycksTest-college_physics": {
      "acc": 0.21568627450980393,