{
  "results": {
    "hendrycksTest-econometrics": {
      "acc": 0.22807017543859648,
      "acc_stderr": 0.03947152782669415,
      "acc_norm": 0.24561403508771928,
      "acc_norm_stderr": 0.04049339297748141
    },
    "hendrycksTest-business_ethics": {
      "acc": 0.4,
      "acc_stderr": 0.049236596391733084,
      "acc_norm": 0.28,
      "acc_norm_stderr": 0.04512608598542128
    },
    "arc_easy": {
      "acc": 0.4175084175084175,
      "acc_stderr": 0.010119187377776024,
      "acc_norm": 0.36447811447811446,
      "acc_norm_stderr": 0.009875729282482438
    },
    "hendrycksTest-public_relations": {
      "acc": 0.2636363636363636,
      "acc_stderr": 0.04220224692971987,
      "acc_norm": 0.22727272727272727,
      "acc_norm_stderr": 0.04013964554072775
    },
    "hendrycksTest-professional_accounting": {
      "acc": 0.2907801418439716,
      "acc_stderr": 0.027090664368353178,
      "acc_norm": 0.2872340425531915,
      "acc_norm_stderr": 0.026992199173064356
    },
    "hendrycksTest-professional_medicine": {
      "acc": 0.26838235294117646,
      "acc_stderr": 0.026917481224377215,
      "acc_norm": 0.27941176470588236,
      "acc_norm_stderr": 0.027257202606114944
    },
    "winogrande": {
      "acc": 0.5035516969218626,
      "acc_stderr": 0.014052131146915867
    },
    "hendrycksTest-human_sexuality": {
      "acc": 0.33587786259541985,
      "acc_stderr": 0.041423137719966634,
      "acc_norm": 0.29770992366412213,
      "acc_norm_stderr": 0.040103589424622034
    },
    "piqa": {
      "acc": 0.6115342763873776,
      "acc_stderr": 0.011371877593210254,
      "acc_norm": 0.6235038084874864,
      "acc_norm_stderr": 0.011304341550126723
    },
    "hendrycksTest-computer_security": {
      "acc": 0.26,
      "acc_stderr": 0.04408440022768078,
      "acc_norm": 0.31,
      "acc_norm_stderr": 0.04648231987117316
    },
    "hendrycksTest-electrical_engineering": {
      "acc": 0.2896551724137931,
      "acc_stderr": 0.03780019230438014,
      "acc_norm": 0.31724137931034485,
      "acc_norm_stderr": 0.03878352372138622
    },
    "hendrycksTest-high_school_mathematics": {
      "acc": 0.17037037037037037,
      "acc_stderr": 0.02292255486307497,
      "acc_norm": 0.25925925925925924,
      "acc_norm_stderr": 0.026719240783712163
    },
    "hendrycksTest-college_biology": {
      "acc": 0.3055555555555556,
      "acc_stderr": 0.03852084696008534,
      "acc_norm": 0.2638888888888889,
      "acc_norm_stderr": 0.03685651095897532
    },
    "hendrycksTest-high_school_computer_science": {
      "acc": 0.21,
      "acc_stderr": 0.04093601807403326,
      "acc_norm": 0.34,
      "acc_norm_stderr": 0.04760952285695236
    },
    "hendrycksTest-machine_learning": {
      "acc": 0.3125,
      "acc_stderr": 0.043994650575715215,
      "acc_norm": 0.2767857142857143,
      "acc_norm_stderr": 0.042466243366976256
    },
    "hendrycksTest-moral_scenarios": {
      "acc": 0.23798882681564246,
      "acc_stderr": 0.014242630070574915,
      "acc_norm": 0.27262569832402234,
      "acc_norm_stderr": 0.014893391735249588
    },
    "hendrycksTest-college_medicine": {
      "acc": 0.21965317919075145,
      "acc_stderr": 0.031568093627031744,
      "acc_norm": 0.24277456647398843,
      "acc_norm_stderr": 0.0326926380614177
    },
    "hendrycksTest-medical_genetics": {
      "acc": 0.22,
      "acc_stderr": 0.0416333199893227,
      "acc_norm": 0.3,
      "acc_norm_stderr": 0.046056618647183814
    },
    "hendrycksTest-professional_law": {
      "acc": 0.26010430247718386,
      "acc_stderr": 0.011204382887823846,
      "acc_norm": 0.2770534550195567,
      "acc_norm_stderr": 0.011430462443719683
    },
    "hendrycksTest-miscellaneous": {
      "acc": 0.24904214559386972,
      "acc_stderr": 0.015464676163395974,
      "acc_norm": 0.26947637292464877,
      "acc_norm_stderr": 0.015866243073215044
    },
    "hendrycksTest-high_school_us_history": {
      "acc": 0.2549019607843137,
      "acc_stderr": 0.03058759135160424,
      "acc_norm": 0.2696078431372549,
      "acc_norm_stderr": 0.03114557065948678
    },
    "arc_challenge": {
      "acc": 0.18430034129692832,
      "acc_stderr": 0.011330517933037422,
      "acc_norm": 0.22866894197952217,
      "acc_norm_stderr": 0.0122728535825408
    },
    "hendrycksTest-logical_fallacies": {
      "acc": 0.2085889570552147,
      "acc_stderr": 0.03192193448934724,
      "acc_norm": 0.26380368098159507,
      "acc_norm_stderr": 0.03462419931615623
    },
    "hendrycksTest-sociology": {
      "acc": 0.263681592039801,
      "acc_stderr": 0.03115715086935558,
      "acc_norm": 0.2537313432835821,
      "acc_norm_stderr": 0.030769444967296018
    },
    "hendrycksTest-prehistory": {
      "acc": 0.23765432098765432,
      "acc_stderr": 0.023683591837008557,
      "acc_norm": 0.1882716049382716,
      "acc_norm_stderr": 0.02175186606081589
    },
    "hendrycksTest-high_school_government_and_politics": {
      "acc": 0.24352331606217617,
      "acc_stderr": 0.030975436386845457,
      "acc_norm": 0.27461139896373055,
      "acc_norm_stderr": 0.03221024508041154
    },
    "hendrycksTest-college_physics": {
      "acc": 0.21568627450980393,
      "acc_stderr": 0.04092563958237655,
      "acc_norm": 0.21568627450980393,
      "acc_norm_stderr": 0.04092563958237655
    },
    "hendrycksTest-nutrition": {
      "acc": 0.2908496732026144,
      "acc_stderr": 0.026004800363952113,
      "acc_norm": 0.39215686274509803,
      "acc_norm_stderr": 0.027956046165424513
    },
    "hendrycksTest-management": {
      "acc": 0.21359223300970873,
      "acc_stderr": 0.04058042015646034,
      "acc_norm": 0.21359223300970873,
      "acc_norm_stderr": 0.04058042015646036
    },
    "hendrycksTest-high_school_world_history": {
      "acc": 0.24050632911392406,
      "acc_stderr": 0.027820781981149675,
      "acc_norm": 0.28270042194092826,
      "acc_norm_stderr": 0.029312814153955914
    },
    "hendrycksTest-formal_logic": {
      "acc": 0.30952380952380953,
      "acc_stderr": 0.04134913018303316,
      "acc_norm": 0.2857142857142857,
      "acc_norm_stderr": 0.0404061017820884
    },
    "hendrycksTest-high_school_european_history": {
      "acc": 0.21212121212121213,
      "acc_stderr": 0.03192271569548299,
      "acc_norm": 0.2909090909090909,
      "acc_norm_stderr": 0.03546563019624336
    },
    "hendrycksTest-jurisprudence": {
      "acc": 0.2037037037037037,
      "acc_stderr": 0.03893542518824846,
      "acc_norm": 0.3148148148148148,
      "acc_norm_stderr": 0.04489931073591311
    },
    "hendrycksTest-high_school_psychology": {
      "acc": 0.23669724770642203,
      "acc_stderr": 0.01822407811729907,
      "acc_norm": 0.25137614678899084,
      "acc_norm_stderr": 0.018599206360287415
    },
    "hendrycksTest-elementary_mathematics": {
      "acc": 0.2275132275132275,
      "acc_stderr": 0.021591269407823792,
      "acc_norm": 0.24867724867724866,
      "acc_norm_stderr": 0.022261817692400168
    },
    "hendrycksTest-security_studies": {
      "acc": 0.3469387755102041,
      "acc_stderr": 0.0304725260267265,
      "acc_norm": 0.22857142857142856,
      "acc_norm_stderr": 0.026882144922307748
    },
    "hendrycksTest-global_facts": {
      "acc": 0.25,
      "acc_stderr": 0.04351941398892446,
      "acc_norm": 0.18,
      "acc_norm_stderr": 0.038612291966536955
    },
    "hendrycksTest-high_school_biology": {
      "acc": 0.23225806451612904,
      "acc_stderr": 0.02402225613030824,
      "acc_norm": 0.2870967741935484,
      "acc_norm_stderr": 0.025736542745594528
    },
    "hendrycksTest-college_computer_science": {
      "acc": 0.25,
      "acc_stderr": 0.04351941398892446,
      "acc_norm": 0.31,
      "acc_norm_stderr": 0.04648231987117316
    },
    "lambada_openai": {
      "ppl": 44.175301826768724,
      "ppl_stderr": 1.7168277149211812,
      "acc": 0.3240830584125752,
      "acc_stderr": 0.00652059014350621
    },