{
  "results": {
    "hendrycksTest-college_chemistry": {
      "acc": 0.24,
      "acc_stderr": 0.042923469599092816,
      "acc_norm": 0.28,
      "acc_norm_stderr": 0.04512608598542127
    },
    "hendrycksTest-high_school_us_history": {
      "acc": 0.29901960784313725,
      "acc_stderr": 0.032133257173736156,
      "acc_norm": 0.28921568627450983,
      "acc_norm_stderr": 0.031822318676475544
    },
    "hendrycksTest-econometrics": {
      "acc": 0.2719298245614035,
      "acc_stderr": 0.04185774424022056,
      "acc_norm": 0.20175438596491227,
      "acc_norm_stderr": 0.037752050135836386
    },
    "hendrycksTest-abstract_algebra": {
      "acc": 0.21,
      "acc_stderr": 0.040936018074033256,
      "acc_norm": 0.28,
      "acc_norm_stderr": 0.04512608598542128
    },
    "hendrycksTest-marketing": {
      "acc": 0.32051282051282054,
      "acc_stderr": 0.030572811310299607,
      "acc_norm": 0.33760683760683763,
      "acc_norm_stderr": 0.030980296992618558
    },
    "hendrycksTest-professional_law": {
      "acc": 0.28096479791395046,
      "acc_stderr": 0.011479684550077689,
      "acc_norm": 0.29726205997392435,
      "acc_norm_stderr": 0.011673346173086045
    },
    "hendrycksTest-machine_learning": {
      "acc": 0.30357142857142855,
      "acc_stderr": 0.04364226155841044,
      "acc_norm": 0.30357142857142855,
      "acc_norm_stderr": 0.04364226155841044
    },
    "hendrycksTest-high_school_computer_science": {
      "acc": 0.22,
      "acc_stderr": 0.041633319989322716,
      "acc_norm": 0.28,
      "acc_norm_stderr": 0.04512608598542128
    },
    "hendrycksTest-moral_scenarios": {
      "acc": 0.2424581005586592,
      "acc_stderr": 0.014333522059217892,
      "acc_norm": 0.27262569832402234,
      "acc_norm_stderr": 0.014893391735249588
    },
    "hendrycksTest-college_mathematics": {
      "acc": 0.21,
      "acc_stderr": 0.040936018074033256,
      "acc_norm": 0.34,
      "acc_norm_stderr": 0.04760952285695235
    },
    "hendrycksTest-world_religions": {
      "acc": 0.2982456140350877,
      "acc_stderr": 0.03508771929824563,
      "acc_norm": 0.36257309941520466,
      "acc_norm_stderr": 0.0368713061556206
    },
    "hendrycksTest-clinical_knowledge": {
      "acc": 0.2641509433962264,
      "acc_stderr": 0.02713429162874172,
      "acc_norm": 0.3169811320754717,
      "acc_norm_stderr": 0.028637235639800914
    },
    "hendrycksTest-professional_accounting": {
      "acc": 0.24113475177304963,
      "acc_stderr": 0.025518731049537766,
      "acc_norm": 0.2375886524822695,
      "acc_norm_stderr": 0.025389512552729906
    },
    "hendrycksTest-formal_logic": {
      "acc": 0.2619047619047619,
      "acc_stderr": 0.039325376803928724,
      "acc_norm": 0.2698412698412698,
      "acc_norm_stderr": 0.03970158273235173
    },
    "hendrycksTest-college_medicine": {
      "acc": 0.23699421965317918,
      "acc_stderr": 0.03242414757483098,
      "acc_norm": 0.26011560693641617,
      "acc_norm_stderr": 0.03345036916788991
    },
    "hendrycksTest-us_foreign_policy": {
      "acc": 0.29,
      "acc_stderr": 0.045604802157206845,
      "acc_norm": 0.33,
      "acc_norm_stderr": 0.047258156262526045
    },
    "hendrycksTest-astronomy": {
      "acc": 0.18421052631578946,
      "acc_stderr": 0.031546980450822305,
      "acc_norm": 0.28289473684210525,
      "acc_norm_stderr": 0.03665349695640767
    },
    "lambada_openai": {
      "ppl": 8.419614897415007,
      "ppl_stderr": 0.2342731216253702,
      "acc": 0.5567630506501068,
      "acc_stderr": 0.006920942710141885
    },
    "hendrycksTest-security_studies": {
      "acc": 0.34285714285714286,
      "acc_stderr": 0.03038726291954772,
      "acc_norm": 0.27755102040816326,
      "acc_norm_stderr": 0.02866685779027465
    },
    "hendrycksTest-high_school_physics": {
      "acc": 0.2185430463576159,
      "acc_stderr": 0.03374235550425694,
      "acc_norm": 0.23178807947019867,
      "acc_norm_stderr": 0.034454062719870546
    },
    "hendrycksTest-high_school_statistics": {
      "acc": 0.21296296296296297,
      "acc_stderr": 0.027920963147993666,
      "acc_norm": 0.3055555555555556,
      "acc_norm_stderr": 0.03141554629402545
    },
    "piqa": {
      "acc": 0.7034820457018498,
      "acc_stderr": 0.010656078922661148,
      "acc_norm": 0.6991294885745375,
      "acc_norm_stderr": 0.010700745724145972
    },
    "hendrycksTest-high_school_geography": {
      "acc": 0.20707070707070707,
      "acc_stderr": 0.028869778460267045,
      "acc_norm": 0.2676767676767677,
      "acc_norm_stderr": 0.03154449888270285
    },
    "hendrycksTest-logical_fallacies": {
      "acc": 0.17791411042944785,
      "acc_stderr": 0.03004735765580666,
      "acc_norm": 0.2883435582822086,
      "acc_norm_stderr": 0.03559039531617342
    },
    "hendrycksTest-virology": {
      "acc": 0.3132530120481928,
      "acc_stderr": 0.03610805018031024,
      "acc_norm": 0.3192771084337349,
      "acc_norm_stderr": 0.03629335329947859
    },
    "hendrycksTest-professional_psychology": {
      "acc": 0.272875816993464,
      "acc_stderr": 0.018020474148393577,
      "acc_norm": 0.2696078431372549,
      "acc_norm_stderr": 0.017952449196987862
    },
    "hendrycksTest-medical_genetics": {
      "acc": 0.26,
      "acc_stderr": 0.04408440022768079,
      "acc_norm": 0.35,
      "acc_norm_stderr": 0.047937248544110196
    },
    "arc_challenge": {
      "acc": 0.24488054607508533,
      "acc_stderr": 0.012566273985131356,
      "acc_norm": 0.2815699658703072,
      "acc_norm_stderr": 0.013143376735009015
    },
    "arc_easy": {
      "acc": 0.5707070707070707,
      "acc_stderr": 0.010156678075911082,
      "acc_norm": 0.5058922558922558,
      "acc_norm_stderr": 0.010259071083844227
    },
    "hendrycksTest-philosophy": {
      "acc": 0.24758842443729903,
      "acc_stderr": 0.024513879973621967,
      "acc_norm": 0.3279742765273312,
      "acc_norm_stderr": 0.02666441088693761
    },
    "logiqa": {
      "acc": 0.21658986175115208,
      "acc_stderr": 0.0161568605831783,
      "acc_norm": 0.29185867895545314,
      "acc_norm_stderr": 0.017831570553971925
    },
    "hendrycksTest-global_facts": {
      "acc": 0.17,
      "acc_stderr": 0.0377525168068637,
      "acc_norm": 0.19,
      "acc_norm_stderr": 0.039427724440366234
    },
    "hendrycksTest-anatomy": {
      "acc": 0.25925925925925924,
      "acc_stderr": 0.03785714465066654,
      "acc_norm": 0.22962962962962963,
      "acc_norm_stderr": 0.03633384414073464
    },
    "hendrycksTest-sociology": {
      "acc": 0.32338308457711445,
      "acc_stderr": 0.03307615947979034,
      "acc_norm": 0.32338308457711445,
      "acc_norm_stderr": 0.03307615947979033
    },
    "hendrycksTest-college_physics": {
      "acc": 0.29411764705882354,
      "acc_stderr": 0.04533838195929775,
      "acc_norm": 0.28431372549019607,
      "acc_norm_stderr": 0.04488482852329017
    },
    "hendrycksTest-high_school_world_history": {
      "acc": 0.2616033755274262,
      "acc_stderr": 0.028609516716994934,
      "acc_norm": 0.2911392405063291,
      "acc_norm_stderr": 0.02957160106575337
    },
    "hendrycksTest-nutrition": {
      "acc": 0.2679738562091503,
      "acc_stderr": 0.025360603796242557,
      "acc_norm": 0.34967320261437906,
      "acc_norm_stderr": 0.0273053080762747
    },
    "hendrycksTest-high_school_macroeconomics": {
      "acc": 0.23076923076923078,
      "acc_stderr": 0.02136202772522273,
      "acc_norm": 0.2641025641025641,
      "acc_norm_stderr": 0.02235219373745326
    },
    "winogrande": {
      "acc": 0.5351223362273086,
      "acc_stderr": 0.014017773120881585
    },
    "hendrycksTest-high_school_biology": {
      "acc": 0.20967741935483872,
      "acc_stderr": 0.02315787934908353,
      "acc_norm": 0.25161290322580643,
      "acc_norm_stderr": 0.02468597928623997
    },
    "hendrycksTest-high_school_chemistry": {
      "acc": 0.22167487684729065,
      "acc_stderr": 0.029225575892489596,
      "acc_norm": 0.26108374384236455,