{
  "results": {
    "hendrycksTest-machine_learning": {
      "acc": 0.22321428571428573,
      "acc_stderr": 0.039523019677025116,
      "acc_norm": 0.20535714285714285,
      "acc_norm_stderr": 0.03834241021419073
    },
    "hendrycksTest-philosophy": {
      "acc": 0.20257234726688103,
      "acc_stderr": 0.02282731749105969,
      "acc_norm": 0.3183279742765273,
      "acc_norm_stderr": 0.026457225067811025
    },
    "hendrycksTest-world_religions": {
      "acc": 0.30994152046783624,
      "acc_stderr": 0.035469769593931624,
      "acc_norm": 0.3391812865497076,
      "acc_norm_stderr": 0.036310534964889056
    },
    "lambada_openai": {
      "ppl": 24.109762971909444,
      "ppl_stderr": 0.8473314503564938,
      "acc": 0.3968562002716864,
      "acc_stderr": 0.0068161492530654
    },
    "hendrycksTest-high_school_statistics": {
      "acc": 0.26851851851851855,
      "acc_stderr": 0.030225226160012393,
      "acc_norm": 0.3055555555555556,
      "acc_norm_stderr": 0.03141554629402546
    },
    "hendrycksTest-formal_logic": {
      "acc": 0.3253968253968254,
      "acc_stderr": 0.04190596438871137,
      "acc_norm": 0.29365079365079366,
      "acc_norm_stderr": 0.04073524322147127
    },
    "hendrycksTest-anatomy": {
      "acc": 0.2518518518518518,
      "acc_stderr": 0.03749850709174022,
      "acc_norm": 0.2222222222222222,
      "acc_norm_stderr": 0.035914440841969694
    },
    "hendrycksTest-elementary_mathematics": {
      "acc": 0.22486772486772486,
      "acc_stderr": 0.021502096078229147,
      "acc_norm": 0.2275132275132275,
      "acc_norm_stderr": 0.021591269407823778
    },
    "logiqa": {
      "acc": 0.2196620583717358,
      "acc_stderr": 0.016239109414933933,
      "acc_norm": 0.27035330261136714,
      "acc_norm_stderr": 0.01742069478339314
    },
    "hendrycksTest-us_foreign_policy": {
      "acc": 0.26,
      "acc_stderr": 0.04408440022768081,
      "acc_norm": 0.37,
      "acc_norm_stderr": 0.048523658709391
    },
    "hendrycksTest-computer_security": {
      "acc": 0.21,
      "acc_stderr": 0.040936018074033256,
      "acc_norm": 0.29,
      "acc_norm_stderr": 0.045604802157206845
    },
    "hendrycksTest-human_aging": {
      "acc": 0.29596412556053814,
      "acc_stderr": 0.030636591348699803,
      "acc_norm": 0.273542600896861,
      "acc_norm_stderr": 0.029918586707798817
    },
    "hendrycksTest-conceptual_physics": {
      "acc": 0.2425531914893617,
      "acc_stderr": 0.028020226271200217,
      "acc_norm": 0.17446808510638298,
      "acc_norm_stderr": 0.024809442335503966
    },
    "hendrycksTest-medical_genetics": {
      "acc": 0.24,
      "acc_stderr": 0.042923469599092816,
      "acc_norm": 0.29,
      "acc_norm_stderr": 0.04560480215720684
    },
    "hendrycksTest-high_school_geography": {
      "acc": 0.2222222222222222,
      "acc_stderr": 0.029620227874790465,
      "acc_norm": 0.2878787878787879,
      "acc_norm_stderr": 0.03225883512300993
    },
    "hendrycksTest-international_law": {
      "acc": 0.19834710743801653,
      "acc_stderr": 0.03640118271990946,
      "acc_norm": 0.4049586776859504,
      "acc_norm_stderr": 0.04481137755942469
    },
    "hendrycksTest-virology": {
      "acc": 0.3072289156626506,
      "acc_stderr": 0.03591566797824662,
      "acc_norm": 0.2891566265060241,
      "acc_norm_stderr": 0.03529486801511115
    },
    "hendrycksTest-econometrics": {
      "acc": 0.2982456140350877,
      "acc_stderr": 0.04303684033537315,
      "acc_norm": 0.21052631578947367,
      "acc_norm_stderr": 0.038351539543994194
    },
    "hendrycksTest-security_studies": {
      "acc": 0.27755102040816326,
      "acc_stderr": 0.02866685779027465,
      "acc_norm": 0.2571428571428571,
      "acc_norm_stderr": 0.027979823538744546
    },
    "hendrycksTest-professional_psychology": {
      "acc": 0.25163398692810457,
      "acc_stderr": 0.017555818091322263,
      "acc_norm": 0.25326797385620914,
      "acc_norm_stderr": 0.017593486895366835
    },
    "hendrycksTest-high_school_macroeconomics": {
      "acc": 0.2358974358974359,
      "acc_stderr": 0.021525965407408726,
      "acc_norm": 0.26666666666666666,
      "acc_norm_stderr": 0.022421273612923714
    },
    "hendrycksTest-college_mathematics": {
      "acc": 0.21,
      "acc_stderr": 0.040936018074033256,
      "acc_norm": 0.33,
      "acc_norm_stderr": 0.047258156262526045
    },
    "hendrycksTest-high_school_biology": {
      "acc": 0.23870967741935484,
      "acc_stderr": 0.024251071262208834,
      "acc_norm": 0.27741935483870966,
      "acc_norm_stderr": 0.025470196835900055
    },
    "hendrycksTest-moral_disputes": {
      "acc": 0.2514450867052023,
      "acc_stderr": 0.02335736578587403,
      "acc_norm": 0.2976878612716763,
      "acc_norm_stderr": 0.024617055388676992
    },
    "hendrycksTest-electrical_engineering": {
      "acc": 0.25517241379310346,
      "acc_stderr": 0.03632984052707842,
      "acc_norm": 0.31724137931034485,
      "acc_norm_stderr": 0.03878352372138622
    },
    "hendrycksTest-abstract_algebra": {
      "acc": 0.26,
      "acc_stderr": 0.04408440022768078,
      "acc_norm": 0.32,
      "acc_norm_stderr": 0.04688261722621503
    },
    "hendrycksTest-college_biology": {
      "acc": 0.2847222222222222,
      "acc_stderr": 0.037738099906869355,
      "acc_norm": 0.2361111111111111,
      "acc_norm_stderr": 0.03551446610810826
    },
    "hendrycksTest-high_school_chemistry": {
      "acc": 0.20689655172413793,
      "acc_stderr": 0.02850137816789395,
      "acc_norm": 0.24630541871921183,
      "acc_norm_stderr": 0.030315099285617732
    },
    "hendrycksTest-high_school_european_history": {
      "acc": 0.2606060606060606,
      "acc_stderr": 0.034277431758165236,
      "acc_norm": 0.32727272727272727,
      "acc_norm_stderr": 0.03663974994391243
    },
    "hendrycksTest-high_school_psychology": {
      "acc": 0.24220183486238533,
      "acc_stderr": 0.01836817630659862,
      "acc_norm": 0.22201834862385322,
      "acc_norm_stderr": 0.017818849564796624
    },
    "hendrycksTest-high_school_microeconomics": {
      "acc": 0.25210084033613445,
      "acc_stderr": 0.028205545033277723,
      "acc_norm": 0.3067226890756303,
      "acc_norm_stderr": 0.029953823891887048
    },
    "piqa": {
      "acc": 0.6273122959738846,
      "acc_stderr": 0.01128131833289774,
      "acc_norm": 0.6300326441784548,
      "acc_norm_stderr": 0.01126441522341527
    },
    "hendrycksTest-high_school_world_history": {
      "acc": 0.23628691983122363,
      "acc_stderr": 0.027652153144159294,
      "acc_norm": 0.2742616033755274,
      "acc_norm_stderr": 0.02904133351059804
    },
    "hendrycksTest-prehistory": {
      "acc": 0.25308641975308643,
      "acc_stderr": 0.024191808600713002,
      "acc_norm": 0.20987654320987653,
      "acc_norm_stderr": 0.02265834408598137
    },
    "arc_challenge": {
      "acc": 0.20051194539249148,
      "acc_stderr": 0.011700318050499373,
      "acc_norm": 0.24488054607508533,
      "acc_norm_stderr": 0.012566273985131356
    },
    "hendrycksTest-college_computer_science": {
      "acc": 0.33,
      "acc_stderr": 0.047258156262526045,
      "acc_norm": 0.29,
      "acc_norm_stderr": 0.04560480215720684
    },
    "wsc": {
      "acc": 0.4519230769230769,
      "acc_stderr": 0.049038186969314335
    },
    "hendrycksTest-clinical_knowledge": {
      "acc": 0.20754716981132076,
      "acc_stderr": 0.02495991802891127,
      "acc_norm": 0.2943396226415094,
      "acc_norm_stderr": 0.028049186315695245
    },
    "hendrycksTest-management": {
      "acc": 0.18446601941747573,
      "acc_stderr": 0.03840423627288276,
      "acc_norm": 0.20388349514563106,
      "acc_norm_stderr": 0.039891398595317706
    },
    "hendrycksTest-logical_fallacies": {
      "acc": 0.2392638036809816,
      "acc_stderr": 0.03351953879521269,
      "acc_norm": 0.2822085889570552,
      "acc_norm_stderr": 0.03536117886664743
    },
    "hendrycksTest-high_school_computer_science": {
      "acc": 0.26,