{
  "results": {
    "lambada_openai": {
      "ppl": 134.99863060915317,
      "ppl_stderr": 5.689738829641742,
      "acc": 0.22744032602367553,
      "acc_stderr": 0.005839986255519499
    },
    "hendrycksTest-high_school_physics": {
      "acc": 0.2119205298013245,
      "acc_stderr": 0.033367670865679766,
      "acc_norm": 0.2251655629139073,
      "acc_norm_stderr": 0.03410435282008937
    },
    "hendrycksTest-management": {
      "acc": 0.23300970873786409,
      "acc_stderr": 0.04185832598928313,
      "acc_norm": 0.3300970873786408,
      "acc_norm_stderr": 0.046561471100123514
    },
    "hendrycksTest-security_studies": {
      "acc": 0.3306122448979592,
      "acc_stderr": 0.030116426296540603,
      "acc_norm": 0.24489795918367346,
      "acc_norm_stderr": 0.027529637440174927
    },
    "hendrycksTest-college_biology": {
      "acc": 0.2361111111111111,
      "acc_stderr": 0.03551446610810826,
      "acc_norm": 0.2569444444444444,
      "acc_norm_stderr": 0.03653946969442099
    },
    "hendrycksTest-high_school_chemistry": {
      "acc": 0.1724137931034483,
      "acc_stderr": 0.026577672183036596,
      "acc_norm": 0.18226600985221675,
      "acc_norm_stderr": 0.02716334085964515
    },
    "hendrycksTest-high_school_us_history": {
      "acc": 0.25980392156862747,
      "acc_stderr": 0.030778554678693264,
      "acc_norm": 0.27941176470588236,
      "acc_norm_stderr": 0.03149328104507955
    },
    "hendrycksTest-medical_genetics": {
      "acc": 0.19,
      "acc_stderr": 0.03942772444036624,
      "acc_norm": 0.37,
      "acc_norm_stderr": 0.048523658709391
    },
    "hendrycksTest-nutrition": {
      "acc": 0.22875816993464052,
      "acc_stderr": 0.024051029739912255,
      "acc_norm": 0.3006535947712418,
      "acc_norm_stderr": 0.02625605383571896
    },
    "hendrycksTest-professional_psychology": {
      "acc": 0.2581699346405229,
      "acc_stderr": 0.01770453165325007,
      "acc_norm": 0.3006535947712418,
      "acc_norm_stderr": 0.018550634502952957
    },
    "hendrycksTest-public_relations": {
      "acc": 0.32727272727272727,
      "acc_stderr": 0.04494290866252089,
      "acc_norm": 0.20909090909090908,
      "acc_norm_stderr": 0.03895091015724138
    },
    "hendrycksTest-virology": {
      "acc": 0.22289156626506024,
      "acc_stderr": 0.03240004825594687,
      "acc_norm": 0.20481927710843373,
      "acc_norm_stderr": 0.03141784291663926
    },
    "hendrycksTest-college_chemistry": {
      "acc": 0.29,
      "acc_stderr": 0.045604802157206845,
      "acc_norm": 0.31,
      "acc_norm_stderr": 0.04648231987117316
    },
    "hendrycksTest-formal_logic": {
      "acc": 0.30158730158730157,
      "acc_stderr": 0.04104947269903394,
      "acc_norm": 0.2698412698412698,
      "acc_norm_stderr": 0.03970158273235173
    },
    "hendrycksTest-high_school_macroeconomics": {
      "acc": 0.23333333333333334,
      "acc_stderr": 0.02144454730156049,
      "acc_norm": 0.2641025641025641,
      "acc_norm_stderr": 0.022352193737453275
    },
    "hendrycksTest-human_sexuality": {
      "acc": 0.3435114503816794,
      "acc_stderr": 0.041649760719448786,
      "acc_norm": 0.32061068702290074,
      "acc_norm_stderr": 0.04093329229834278
    },
    "hendrycksTest-high_school_world_history": {
      "acc": 0.25316455696202533,
      "acc_stderr": 0.028304657943035275,
      "acc_norm": 0.2911392405063291,
      "acc_norm_stderr": 0.029571601065753374
    },
    "arc_challenge": {
      "acc": 0.16382252559726962,
      "acc_stderr": 0.010815773727233106,
      "acc_norm": 0.21331058020477817,
      "acc_norm_stderr": 0.011970971742326334
    },
    "hendrycksTest-high_school_biology": {
      "acc": 0.25806451612903225,
      "acc_stderr": 0.024892469172462836,
      "acc_norm": 0.3064516129032258,
      "acc_norm_stderr": 0.026226485652553883
    },
    "logiqa": {
      "acc": 0.22734254992319508,
      "acc_stderr": 0.016439067675117748,
      "acc_norm": 0.27035330261136714,
      "acc_norm_stderr": 0.017420694783393142
    },
    "hendrycksTest-us_foreign_policy": {
      "acc": 0.3,
      "acc_stderr": 0.046056618647183814,
      "acc_norm": 0.27,
      "acc_norm_stderr": 0.04461960433384741
    },
    "hendrycksTest-econometrics": {
      "acc": 0.2894736842105263,
      "acc_stderr": 0.04266339443159394,
      "acc_norm": 0.23684210526315788,
      "acc_norm_stderr": 0.039994238792813365
    },
    "hendrycksTest-philosophy": {
      "acc": 0.21543408360128619,
      "acc_stderr": 0.023350225475471418,
      "acc_norm": 0.27009646302250806,
      "acc_norm_stderr": 0.02521804037341062
    },
    "hendrycksTest-marketing": {
      "acc": 0.2948717948717949,
      "acc_stderr": 0.029872577708891155,
      "acc_norm": 0.31196581196581197,
      "acc_norm_stderr": 0.030351527323344948
    },
    "hendrycksTest-college_physics": {
      "acc": 0.19607843137254902,
      "acc_stderr": 0.03950581861179963,
      "acc_norm": 0.22549019607843138,
      "acc_norm_stderr": 0.04158307533083286
    },
    "hendrycksTest-conceptual_physics": {
      "acc": 0.2425531914893617,
      "acc_stderr": 0.02802022627120022,
      "acc_norm": 0.2170212765957447,
      "acc_norm_stderr": 0.026947483121496224
    },
    "hendrycksTest-high_school_geography": {
      "acc": 0.24242424242424243,
      "acc_stderr": 0.030532892233932032,
      "acc_norm": 0.26262626262626265,
      "acc_norm_stderr": 0.031353050095330855
    },
    "hendrycksTest-professional_accounting": {
      "acc": 0.23404255319148937,
      "acc_stderr": 0.025257861359432414,
      "acc_norm": 0.23049645390070922,
      "acc_norm_stderr": 0.025123739226872416
    },
    "hendrycksTest-clinical_knowledge": {
      "acc": 0.24528301886792453,
      "acc_stderr": 0.02648035717989568,
      "acc_norm": 0.3433962264150943,
      "acc_norm_stderr": 0.029224526469124792
    },
    "hendrycksTest-international_law": {
      "acc": 0.1652892561983471,
      "acc_stderr": 0.03390780612972776,
      "acc_norm": 0.4132231404958678,
      "acc_norm_stderr": 0.04495087843548408
    },
    "sciq": {
      "acc": 0.653,
      "acc_stderr": 0.015060472031706618,
      "acc_norm": 0.59,
      "acc_norm_stderr": 0.01556091713692167
    },
    "hendrycksTest-anatomy": {
      "acc": 0.25925925925925924,
      "acc_stderr": 0.03785714465066653,
      "acc_norm": 0.23703703703703705,
      "acc_norm_stderr": 0.03673731683969506
    },
    "hendrycksTest-high_school_computer_science": {
      "acc": 0.26,
      "acc_stderr": 0.044084400227680814,
      "acc_norm": 0.35,
      "acc_norm_stderr": 0.04793724854411022
    },
    "hendrycksTest-computer_security": {
      "acc": 0.26,
      "acc_stderr": 0.04408440022768078,
      "acc_norm": 0.31,
      "acc_norm_stderr": 0.04648231987117316
    },
    "hendrycksTest-electrical_engineering": {
      "acc": 0.25517241379310346,
      "acc_stderr": 0.03632984052707842,
      "acc_norm": 0.30344827586206896,
      "acc_norm_stderr": 0.038312260488503336
    },
    "hendrycksTest-high_school_european_history": {
      "acc": 0.28484848484848485,
      "acc_stderr": 0.03524390844511783,
      "acc_norm": 0.3212121212121212,
      "acc_norm_stderr": 0.03646204963253812
    },
    "hendrycksTest-high_school_government_and_politics": {
      "acc": 0.22279792746113988,
      "acc_stderr": 0.030031147977641545,
      "acc_norm": 0.24870466321243523,
      "acc_norm_stderr": 0.0311958408777003
    },
    "hendrycksTest-miscellaneous": {
      "acc": 0.26309067688378035,
      "acc_stderr": 0.01574549716904904,
      "acc_norm": 0.24776500638569604,
      "acc_norm_stderr": 0.015438083080568966
    },
    "hendrycksTest-professional_law": {
      "acc": 0.2588005215123859,
      "acc_stderr": 0.011186109046564613,
      "acc_norm": 0.27053455019556716,
      "acc_norm_stderr": 0.011345996743539265
    },
    "hendrycksTest-high_school_statistics": {
      "acc": 0.20833333333333334,
      "acc_stderr": 0.02769691071309394,
      "acc_norm": 0.25,