{
  "results": {
    "hendrycksTest-high_school_biology": {
      "acc": 0.24838709677419354,
      "acc_stderr": 0.02458002892148101,
      "acc_norm": 0.29354838709677417,
      "acc_norm_stderr": 0.02590608702131929
    },
    "lambada_openai": {
      "ppl": 27.5424755903524,
      "ppl_stderr": 0.9794319652042254,
      "acc": 0.37861439937900254,
      "acc_stderr": 0.006757580513951673
    },
    "hendrycksTest-anatomy": {
      "acc": 0.2518518518518518,
      "acc_stderr": 0.03749850709174022,
      "acc_norm": 0.2222222222222222,
      "acc_norm_stderr": 0.035914440841969694
    },
    "hendrycksTest-jurisprudence": {
      "acc": 0.1574074074074074,
      "acc_stderr": 0.035207039905179614,
      "acc_norm": 0.3611111111111111,
      "acc_norm_stderr": 0.04643454608906274
    },
    "hendrycksTest-management": {
      "acc": 0.1553398058252427,
      "acc_stderr": 0.03586594738573975,
      "acc_norm": 0.18446601941747573,
      "acc_norm_stderr": 0.03840423627288276
    },
    "logiqa": {
      "acc": 0.22119815668202766,
      "acc_stderr": 0.016279743532401664,
      "acc_norm": 0.2672811059907834,
      "acc_norm_stderr": 0.0173578586224101
    },
    "arc_easy": {
      "acc": 0.45791245791245794,
      "acc_stderr": 0.010223371342195892,
      "acc_norm": 0.4057239057239057,
      "acc_norm_stderr": 0.01007575554012887
    },
    "hendrycksTest-high_school_physics": {
      "acc": 0.1986754966887417,
      "acc_stderr": 0.032578473844367746,
      "acc_norm": 0.2251655629139073,
      "acc_norm_stderr": 0.03410435282008936
    },
    "hendrycksTest-high_school_computer_science": {
      "acc": 0.3,
      "acc_stderr": 0.046056618647183814,
      "acc_norm": 0.3,
      "acc_norm_stderr": 0.046056618647183814
    },
    "sciq": {
      "acc": 0.765,
      "acc_stderr": 0.013414729030247126,
      "acc_norm": 0.656,
      "acc_norm_stderr": 0.015029633724408947
    },
    "hendrycksTest-abstract_algebra": {
      "acc": 0.26,
      "acc_stderr": 0.04408440022768079,
      "acc_norm": 0.32,
      "acc_norm_stderr": 0.04688261722621503
    },
    "hendrycksTest-college_medicine": {
      "acc": 0.20809248554913296,
      "acc_stderr": 0.0309528902177499,
      "acc_norm": 0.23121387283236994,
      "acc_norm_stderr": 0.03214737302029471
    },
    "hendrycksTest-astronomy": {
      "acc": 0.21052631578947367,
      "acc_stderr": 0.03317672787533157,
      "acc_norm": 0.3223684210526316,
      "acc_norm_stderr": 0.03803510248351585
    },
    "hendrycksTest-virology": {
      "acc": 0.3132530120481928,
      "acc_stderr": 0.03610805018031024,
      "acc_norm": 0.27710843373493976,
      "acc_norm_stderr": 0.03484331592680587
    },
    "hendrycksTest-nutrition": {
      "acc": 0.27450980392156865,
      "acc_stderr": 0.025553169991826507,
      "acc_norm": 0.369281045751634,
      "acc_norm_stderr": 0.02763417668960266
    },
    "hendrycksTest-college_chemistry": {
      "acc": 0.27,
      "acc_stderr": 0.044619604333847394,
      "acc_norm": 0.3,
      "acc_norm_stderr": 0.046056618647183814
    },
    "hendrycksTest-high_school_european_history": {
      "acc": 0.24242424242424243,
      "acc_stderr": 0.03346409881055952,
      "acc_norm": 0.32727272727272727,
      "acc_norm_stderr": 0.036639749943912434
    },
    "hendrycksTest-philosophy": {
      "acc": 0.2282958199356913,
      "acc_stderr": 0.023839303311398212,
      "acc_norm": 0.2861736334405145,
      "acc_norm_stderr": 0.025670259242188943
    },
    "hendrycksTest-high_school_chemistry": {
      "acc": 0.20689655172413793,
      "acc_stderr": 0.02850137816789395,
      "acc_norm": 0.23645320197044334,
      "acc_norm_stderr": 0.029896114291733552
    },
    "hendrycksTest-international_law": {
      "acc": 0.1652892561983471,
      "acc_stderr": 0.03390780612972776,
      "acc_norm": 0.3305785123966942,
      "acc_norm_stderr": 0.04294340845212094
    },
    "hendrycksTest-professional_psychology": {
      "acc": 0.23202614379084968,
      "acc_stderr": 0.017077373377856996,
      "acc_norm": 0.24673202614379086,
      "acc_norm_stderr": 0.017440820367402493
    },
    "hendrycksTest-security_studies": {
      "acc": 0.3346938775510204,
      "acc_stderr": 0.030209235226242307,
      "acc_norm": 0.2653061224489796,
      "acc_norm_stderr": 0.028263889943784603
    },
    "hendrycksTest-marketing": {
      "acc": 0.3333333333333333,
      "acc_stderr": 0.030882736974138653,
      "acc_norm": 0.32051282051282054,
      "acc_norm_stderr": 0.030572811310299604
    },
    "hendrycksTest-clinical_knowledge": {
      "acc": 0.20754716981132076,
      "acc_stderr": 0.02495991802891127,
      "acc_norm": 0.30566037735849055,
      "acc_norm_stderr": 0.028353298073322666
    },
    "hendrycksTest-high_school_psychology": {
      "acc": 0.24036697247706423,
      "acc_stderr": 0.01832060732096407,
      "acc_norm": 0.22935779816513763,
      "acc_norm_stderr": 0.018025349724618684
    },
    "hendrycksTest-moral_disputes": {
      "acc": 0.2514450867052023,
      "acc_stderr": 0.023357365785874037,
      "acc_norm": 0.30057803468208094,
      "acc_norm_stderr": 0.024685316867257792
    },
    "hendrycksTest-high_school_microeconomics": {
      "acc": 0.2815126050420168,
      "acc_stderr": 0.02921354941437216,
      "acc_norm": 0.28991596638655465,
      "acc_norm_stderr": 0.02947248583313608
    },
    "hendrycksTest-human_aging": {
      "acc": 0.3183856502242152,
      "acc_stderr": 0.03126580522513713,
      "acc_norm": 0.242152466367713,
      "acc_norm_stderr": 0.028751392398694755
    },
    "hendrycksTest-high_school_us_history": {
      "acc": 0.24509803921568626,
      "acc_stderr": 0.030190282453501954,
      "acc_norm": 0.24019607843137256,
      "acc_norm_stderr": 0.02998373305591361
    },
    "hendrycksTest-moral_scenarios": {
      "acc": 0.23798882681564246,
      "acc_stderr": 0.014242630070574915,
      "acc_norm": 0.26927374301675977,
      "acc_norm_stderr": 0.014835616582882578
    },
    "hendrycksTest-econometrics": {
      "acc": 0.2719298245614035,
      "acc_stderr": 0.04185774424022056,
      "acc_norm": 0.24561403508771928,
      "acc_norm_stderr": 0.040493392977481425
    },
    "hendrycksTest-professional_medicine": {
      "acc": 0.20588235294117646,
      "acc_stderr": 0.024562204314142314,
      "acc_norm": 0.24632352941176472,
      "acc_norm_stderr": 0.02617343857052
    },
    "hendrycksTest-us_foreign_policy": {
      "acc": 0.27,
      "acc_stderr": 0.044619604333847415,
      "acc_norm": 0.33,
      "acc_norm_stderr": 0.047258156262526045
    },
    "hendrycksTest-high_school_mathematics": {
      "acc": 0.2,
      "acc_stderr": 0.024388430433987664,
      "acc_norm": 0.26666666666666666,
      "acc_norm_stderr": 0.02696242432507382
    },
    "hendrycksTest-high_school_macroeconomics": {
      "acc": 0.23846153846153847,
      "acc_stderr": 0.021606294494647727,
      "acc_norm": 0.26666666666666666,
      "acc_norm_stderr": 0.02242127361292371
    },
    "hendrycksTest-medical_genetics": {
      "acc": 0.26,
      "acc_stderr": 0.04408440022768079,
      "acc_norm": 0.32,
      "acc_norm_stderr": 0.046882617226215034
    },
    "winogrande": {
      "acc": 0.4980268350434096,
      "acc_stderr": 0.014052376259225632
    },
    "hendrycksTest-public_relations": {
      "acc": 0.2636363636363636,
      "acc_stderr": 0.04220224692971987,
      "acc_norm": 0.22727272727272727,
      "acc_norm_stderr": 0.04013964554072773
    },
    "hendrycksTest-machine_learning": {
      "acc": 0.25,
      "acc_stderr": 0.04109974682633932,
      "acc_norm": 0.16071428571428573,
      "acc_norm_stderr": 0.0348594609647574
    },
    "hendrycksTest-prehistory": {
      "acc": 0.24691358024691357,
      "acc_stderr": 0.02399350170904211,
      "acc_norm": 0.2191358024691358,
      "acc_norm_stderr": 0.023016705640262206
    },
    "hendrycksTest-global_facts": {
      "acc": 0.18,
      "acc_stderr": 0.038612291966536934,
      "acc_norm": 0.22,