{
  "results": {
    "hendrycksTest-logical_fallacies": {
      "acc": 0.22699386503067484,
      "acc_stderr": 0.03291099578615769,
      "acc_norm": 0.32515337423312884,
      "acc_norm_stderr": 0.036803503712864616
    },
    "hendrycksTest-moral_scenarios": {
      "acc": 0.23798882681564246,
      "acc_stderr": 0.014242630070574915,
      "acc_norm": 0.23798882681564246,
      "acc_norm_stderr": 0.014242630070574915
    },
    "hendrycksTest-professional_accounting": {
      "acc": 0.2730496453900709,
      "acc_stderr": 0.026577860943307857,
      "acc_norm": 0.2765957446808511,
      "acc_norm_stderr": 0.026684564340460997
    },
    "hendrycksTest-jurisprudence": {
      "acc": 0.19444444444444445,
      "acc_stderr": 0.038260763248848646,
      "acc_norm": 0.37962962962962965,
      "acc_norm_stderr": 0.04691521224077742
    },
    "wsc": {
      "acc": 0.36538461538461536,
      "acc_stderr": 0.0474473339327792
    },
    "winogrande": {
      "acc": 0.5359116022099447,
      "acc_stderr": 0.014016193433958308
    },
    "hendrycksTest-college_computer_science": {
      "acc": 0.3,
      "acc_stderr": 0.046056618647183814,
      "acc_norm": 0.26,
      "acc_norm_stderr": 0.044084400227680794
    },
    "hendrycksTest-high_school_us_history": {
      "acc": 0.25,
      "acc_stderr": 0.03039153369274154,
      "acc_norm": 0.27941176470588236,
      "acc_norm_stderr": 0.031493281045079556
    },
    "sciq": {
      "acc": 0.76,
      "acc_stderr": 0.013512312258920852,
      "acc_norm": 0.664,
      "acc_norm_stderr": 0.014944140233795027
    },
    "hendrycksTest-high_school_macroeconomics": {
      "acc": 0.24615384615384617,
      "acc_stderr": 0.021840866990423077,
      "acc_norm": 0.2564102564102564,
      "acc_norm_stderr": 0.02213908110397154
    },
    "hendrycksTest-international_law": {
      "acc": 0.19834710743801653,
      "acc_stderr": 0.036401182719909456,
      "acc_norm": 0.4132231404958678,
      "acc_norm_stderr": 0.04495087843548408
    },
    "hendrycksTest-marketing": {
      "acc": 0.3333333333333333,
      "acc_stderr": 0.030882736974138642,
      "acc_norm": 0.3247863247863248,
      "acc_norm_stderr": 0.03067902276549883
    },
    "hendrycksTest-high_school_mathematics": {
      "acc": 0.18888888888888888,
      "acc_stderr": 0.0238653188622853,
      "acc_norm": 0.25555555555555554,
      "acc_norm_stderr": 0.02659393910184407
    },
    "hendrycksTest-public_relations": {
      "acc": 0.2909090909090909,
      "acc_stderr": 0.04350271442923243,
      "acc_norm": 0.21818181818181817,
      "acc_norm_stderr": 0.03955932861795833
    },
    "hendrycksTest-college_physics": {
      "acc": 0.18627450980392157,
      "acc_stderr": 0.038739587141493524,
      "acc_norm": 0.23529411764705882,
      "acc_norm_stderr": 0.042207736591714534
    },
    "hendrycksTest-electrical_engineering": {
      "acc": 0.2827586206896552,
      "acc_stderr": 0.037528339580033376,
      "acc_norm": 0.32413793103448274,
      "acc_norm_stderr": 0.03900432069185555
    },
    "hendrycksTest-high_school_microeconomics": {
      "acc": 0.2605042016806723,
      "acc_stderr": 0.02851025151234193,
      "acc_norm": 0.3067226890756303,
      "acc_norm_stderr": 0.029953823891887048
    },
    "hendrycksTest-philosophy": {
      "acc": 0.21864951768488747,
      "acc_stderr": 0.023475581417861113,
      "acc_norm": 0.2958199356913183,
      "acc_norm_stderr": 0.025922371788818784
    },
    "hendrycksTest-college_biology": {
      "acc": 0.2361111111111111,
      "acc_stderr": 0.03551446610810826,
      "acc_norm": 0.2361111111111111,
      "acc_norm_stderr": 0.03551446610810826
    },
    "piqa": {
      "acc": 0.6300326441784548,
      "acc_stderr": 0.01126441522341528,
      "acc_norm": 0.6213275299238302,
      "acc_norm_stderr": 0.011317163404516854
    },
    "hendrycksTest-high_school_psychology": {
      "acc": 0.22201834862385322,
      "acc_stderr": 0.017818849564796617,
      "acc_norm": 0.22752293577981653,
      "acc_norm_stderr": 0.017974463578776502
    },
    "hendrycksTest-abstract_algebra": {
      "acc": 0.25,
      "acc_stderr": 0.04351941398892446,
      "acc_norm": 0.3,
      "acc_norm_stderr": 0.046056618647183814
    },
    "lambada_openai": {
      "ppl": 27.816036128219853,
      "ppl_stderr": 0.9897985978931617,
      "acc": 0.37531535028138946,
      "acc_stderr": 0.006745911720926651
    },
    "hendrycksTest-high_school_chemistry": {
      "acc": 0.23645320197044334,
      "acc_stderr": 0.02989611429173355,
      "acc_norm": 0.270935960591133,
      "acc_norm_stderr": 0.031270907132976984
    },
    "hendrycksTest-global_facts": {
      "acc": 0.18,
      "acc_stderr": 0.038612291966536934,
      "acc_norm": 0.21,
      "acc_norm_stderr": 0.040936018074033256
    },
    "logiqa": {
      "acc": 0.2119815668202765,
      "acc_stderr": 0.016030997960619398,
      "acc_norm": 0.26574500768049153,
      "acc_norm_stderr": 0.017326040808935694
    },
    "hendrycksTest-high_school_computer_science": {
      "acc": 0.27,
      "acc_stderr": 0.04461960433384741,
      "acc_norm": 0.3,
      "acc_norm_stderr": 0.046056618647183814
    },
    "hendrycksTest-econometrics": {
      "acc": 0.21052631578947367,
      "acc_stderr": 0.038351539543994194,
      "acc_norm": 0.21052631578947367,
      "acc_norm_stderr": 0.038351539543994194
    },
    "hendrycksTest-high_school_government_and_politics": {
      "acc": 0.2538860103626943,
      "acc_stderr": 0.0314102478056532,
      "acc_norm": 0.29015544041450775,
      "acc_norm_stderr": 0.03275264467791515
    },
    "hendrycksTest-computer_security": {
      "acc": 0.22,
      "acc_stderr": 0.041633319989322695,
      "acc_norm": 0.29,
      "acc_norm_stderr": 0.04560480215720684
    },
    "hendrycksTest-high_school_european_history": {
      "acc": 0.2545454545454545,
      "acc_stderr": 0.03401506715249039,
      "acc_norm": 0.3151515151515151,
      "acc_norm_stderr": 0.0362773057502241
    },
    "hendrycksTest-medical_genetics": {
      "acc": 0.24,
      "acc_stderr": 0.04292346959909282,
      "acc_norm": 0.27,
      "acc_norm_stderr": 0.0446196043338474
    },
    "hendrycksTest-moral_disputes": {
      "acc": 0.26011560693641617,
      "acc_stderr": 0.023618678310069367,
      "acc_norm": 0.30346820809248554,
      "acc_norm_stderr": 0.024752411960917205
    },
    "hendrycksTest-security_studies": {
      "acc": 0.30612244897959184,
      "acc_stderr": 0.029504896454595954,
      "acc_norm": 0.2693877551020408,
      "acc_norm_stderr": 0.02840125202902294
    },
    "hendrycksTest-world_religions": {
      "acc": 0.28654970760233917,
      "acc_stderr": 0.03467826685703826,
      "acc_norm": 0.3216374269005848,
      "acc_norm_stderr": 0.03582529442573122
    },
    "hendrycksTest-college_medicine": {
      "acc": 0.2254335260115607,
      "acc_stderr": 0.03186209851641143,
      "acc_norm": 0.26011560693641617,
      "acc_norm_stderr": 0.03345036916788992
    },
    "hendrycksTest-conceptual_physics": {
      "acc": 0.2765957446808511,
      "acc_stderr": 0.02924188386962882,
      "acc_norm": 0.2297872340425532,
      "acc_norm_stderr": 0.02750175294441242
    },
    "arc_easy": {
      "acc": 0.4431818181818182,
      "acc_stderr": 0.01019332483777349,
      "acc_norm": 0.40446127946127947,
      "acc_norm_stderr": 0.010070746648278775
    },
    "hendrycksTest-college_chemistry": {
      "acc": 0.23,
      "acc_stderr": 0.04229525846816508,
      "acc_norm": 0.3,
      "acc_norm_stderr": 0.046056618647183814
    },
    "arc_challenge": {
      "acc": 0.2022184300341297,
      "acc_stderr": 0.011737454431872105,
      "acc_norm": 0.2226962457337884,
      "acc_norm_stderr": 0.012158314774829926
    },
    "hendrycksTest-formal_logic": {
      "acc": 0.29365079365079366,
      "acc_stderr": 0.04073524322147128,
      "acc_norm": 0.23809523809523808,
      "acc_norm_stderr": 0.03809523809523811
    },