{
  "results": {
    "hendrycksTest-professional_psychology": {
      "acc": 0.25163398692810457,
      "acc_stderr": 0.017555818091322267,
      "acc_norm": 0.2434640522875817,
      "acc_norm_stderr": 0.017362473762146634
    },
    "hendrycksTest-human_aging": {
      "acc": 0.30493273542600896,
      "acc_stderr": 0.030898610882477515,
      "acc_norm": 0.25112107623318386,
      "acc_norm_stderr": 0.029105220833224622
    },
    "hendrycksTest-logical_fallacies": {
      "acc": 0.20245398773006135,
      "acc_stderr": 0.03157065078911902,
      "acc_norm": 0.3006134969325153,
      "acc_norm_stderr": 0.0360251131880677
    },
    "hendrycksTest-high_school_biology": {
      "acc": 0.25161290322580643,
      "acc_stderr": 0.024685979286239963,
      "acc_norm": 0.267741935483871,
      "acc_norm_stderr": 0.025189006660212374
    },
    "arc_challenge": {
      "acc": 0.1885665529010239,
      "acc_stderr": 0.01143089764767582,
      "acc_norm": 0.23890784982935154,
      "acc_norm_stderr": 0.01246107137631662
    },
    "hendrycksTest-miscellaneous": {
      "acc": 0.24393358876117496,
      "acc_stderr": 0.015357212665829489,
      "acc_norm": 0.26309067688378035,
      "acc_norm_stderr": 0.015745497169049046
    },
    "hendrycksTest-high_school_macroeconomics": {
      "acc": 0.24102564102564103,
      "acc_stderr": 0.02168554666533319,
      "acc_norm": 0.2923076923076923,
      "acc_norm_stderr": 0.023060438380857733
    },
    "hendrycksTest-conceptual_physics": {
      "acc": 0.2851063829787234,
      "acc_stderr": 0.02951319662553935,
      "acc_norm": 0.225531914893617,
      "acc_norm_stderr": 0.02732107841738753
    },
    "hendrycksTest-abstract_algebra": {
      "acc": 0.21,
      "acc_stderr": 0.040936018074033256,
      "acc_norm": 0.29,
      "acc_norm_stderr": 0.04560480215720683
    },
    "hendrycksTest-electrical_engineering": {
      "acc": 0.30344827586206896,
      "acc_stderr": 0.038312260488503336,
      "acc_norm": 0.33793103448275863,
      "acc_norm_stderr": 0.039417076320648906
    },
    "hendrycksTest-high_school_computer_science": {
      "acc": 0.25,
      "acc_stderr": 0.04351941398892446,
      "acc_norm": 0.28,
      "acc_norm_stderr": 0.04512608598542129
    },
    "hendrycksTest-human_sexuality": {
      "acc": 0.3282442748091603,
      "acc_stderr": 0.041184385658062976,
      "acc_norm": 0.29770992366412213,
      "acc_norm_stderr": 0.04010358942462203
    },
    "hendrycksTest-professional_medicine": {
      "acc": 0.23529411764705882,
      "acc_stderr": 0.025767252010855956,
      "acc_norm": 0.2426470588235294,
      "acc_norm_stderr": 0.026040662474201268
    },
    "hendrycksTest-prehistory": {
      "acc": 0.25925925925925924,
      "acc_stderr": 0.02438366553103545,
      "acc_norm": 0.20987654320987653,
      "acc_norm_stderr": 0.02265834408598137
    },
    "hendrycksTest-high_school_chemistry": {
      "acc": 0.21182266009852216,
      "acc_stderr": 0.028748983689941072,
      "acc_norm": 0.2512315270935961,
      "acc_norm_stderr": 0.030516530732694436
    },
    "hendrycksTest-high_school_us_history": {
      "acc": 0.25980392156862747,
      "acc_stderr": 0.030778554678693264,
      "acc_norm": 0.21568627450980393,
      "acc_norm_stderr": 0.028867431449849313
    },
    "hendrycksTest-marketing": {
      "acc": 0.2905982905982906,
      "acc_stderr": 0.02974504857267404,
      "acc_norm": 0.3547008547008547,
      "acc_norm_stderr": 0.03134250486245402
    },
    "hendrycksTest-moral_disputes": {
      "acc": 0.2658959537572254,
      "acc_stderr": 0.02378620325550828,
      "acc_norm": 0.2947976878612717,
      "acc_norm_stderr": 0.02454761779480383
    },
    "hendrycksTest-security_studies": {
      "acc": 0.3510204081632653,
      "acc_stderr": 0.030555316755573644,
      "acc_norm": 0.2612244897959184,
      "acc_norm_stderr": 0.02812342933514278
    },
    "wsc": {
      "acc": 0.36538461538461536,
      "acc_stderr": 0.0474473339327792
    },
    "hendrycksTest-high_school_geography": {
      "acc": 0.19696969696969696,
      "acc_stderr": 0.02833560973246335,
      "acc_norm": 0.25757575757575757,
      "acc_norm_stderr": 0.031156269519646836
    },
    "hendrycksTest-business_ethics": {
      "acc": 0.37,
      "acc_stderr": 0.048523658709391,
      "acc_norm": 0.3,
      "acc_norm_stderr": 0.046056618647183814
    },
    "logiqa": {
      "acc": 0.22580645161290322,
      "acc_stderr": 0.016399713788445073,
      "acc_norm": 0.27342549923195086,
      "acc_norm_stderr": 0.01748247454768128
    },
    "hendrycksTest-machine_learning": {
      "acc": 0.30357142857142855,
      "acc_stderr": 0.04364226155841044,
      "acc_norm": 0.21428571428571427,
      "acc_norm_stderr": 0.03894641120044792
    },
    "hendrycksTest-high_school_statistics": {
      "acc": 0.26851851851851855,
      "acc_stderr": 0.030225226160012393,
      "acc_norm": 0.2916666666666667,
      "acc_norm_stderr": 0.030998666304560524
    },
    "hendrycksTest-virology": {
      "acc": 0.2891566265060241,
      "acc_stderr": 0.03529486801511115,
      "acc_norm": 0.2891566265060241,
      "acc_norm_stderr": 0.03529486801511115
    },
    "hendrycksTest-philosophy": {
      "acc": 0.19292604501607716,
      "acc_stderr": 0.022411516780911366,
      "acc_norm": 0.27009646302250806,
      "acc_norm_stderr": 0.025218040373410616
    },
    "hendrycksTest-anatomy": {
      "acc": 0.26666666666666666,
      "acc_stderr": 0.038201699145179055,
      "acc_norm": 0.2518518518518518,
      "acc_norm_stderr": 0.03749850709174023
    },
    "hendrycksTest-elementary_mathematics": {
      "acc": 0.21693121693121692,
      "acc_stderr": 0.021227082449445062,
      "acc_norm": 0.2328042328042328,
      "acc_norm_stderr": 0.021765961672154527
    },
    "hendrycksTest-college_mathematics": {
      "acc": 0.24,
      "acc_stderr": 0.04292346959909282,
      "acc_norm": 0.34,
      "acc_norm_stderr": 0.047609522856952344
    },
    "hendrycksTest-professional_law": {
      "acc": 0.25684485006518903,
      "acc_stderr": 0.01115845585309884,
      "acc_norm": 0.27509778357235987,
      "acc_norm_stderr": 0.011405443620996939
    },
    "hendrycksTest-international_law": {
      "acc": 0.12396694214876033,
      "acc_stderr": 0.030083098716035227,
      "acc_norm": 0.33884297520661155,
      "acc_norm_stderr": 0.043207678075366684
    },
    "hendrycksTest-computer_security": {
      "acc": 0.21,
      "acc_stderr": 0.040936018074033256,
      "acc_norm": 0.32,
      "acc_norm_stderr": 0.046882617226215034
    },
    "hendrycksTest-nutrition": {
      "acc": 0.3137254901960784,
      "acc_stderr": 0.026568921015457162,
      "acc_norm": 0.369281045751634,
      "acc_norm_stderr": 0.027634176689602656
    },
    "hendrycksTest-high_school_world_history": {
      "acc": 0.24472573839662448,
      "acc_stderr": 0.02798569938703642,
      "acc_norm": 0.27848101265822783,
      "acc_norm_stderr": 0.029178682304842555
    },
    "hendrycksTest-high_school_mathematics": {
      "acc": 0.17777777777777778,
      "acc_stderr": 0.023310801260644894,
      "acc_norm": 0.23333333333333334,
      "acc_norm_stderr": 0.025787874220959312
    },
    "hendrycksTest-clinical_knowledge": {
      "acc": 0.22264150943396227,
      "acc_stderr": 0.025604233470899095,
      "acc_norm": 0.3169811320754717,
      "acc_norm_stderr": 0.028637235639800928
    },
    "sciq": {
      "acc": 0.764,
      "acc_stderr": 0.013434451402438702,
      "acc_norm": 0.679,
      "acc_norm_stderr": 0.014770821817934647
    },
    "hendrycksTest-college_biology": {
      "acc": 0.3055555555555556,
      "acc_stderr": 0.03852084696008534,
      "acc_norm": 0.2777777777777778,
      "acc_norm_stderr": 0.03745554791462457
    },
    "hendrycksTest-formal_logic": {
      "acc": 0.3333333333333333,
      "acc_stderr": 0.042163702135578345,
      "acc_norm": 0.30158730158730157,
      "acc_norm_stderr": 0.04104947269903394
    },