{
  "results": {
    "hendrycksTest-college_medicine": {
      "acc": 0.20809248554913296,
      "acc_stderr": 0.030952890217749884,
      "acc_norm": 0.2543352601156069,
      "acc_norm_stderr": 0.0332055644308557
    },
    "hendrycksTest-high_school_mathematics": {
      "acc": 0.18518518518518517,
      "acc_stderr": 0.023684075585322678,
      "acc_norm": 0.24814814814814815,
      "acc_norm_stderr": 0.0263357394040558
    },
    "hendrycksTest-jurisprudence": {
      "acc": 0.23148148148148148,
      "acc_stderr": 0.04077494709252627,
      "acc_norm": 0.37037037037037035,
      "acc_norm_stderr": 0.04668408033024931
    },
    "arc_easy": {
      "acc": 0.4591750841750842,
      "acc_stderr": 0.01022552690698262,
      "acc_norm": 0.4031986531986532,
      "acc_norm_stderr": 0.01006566857679479
    },
    "hendrycksTest-professional_law": {
      "acc": 0.24837027379400262,
      "acc_stderr": 0.011035212598034501,
      "acc_norm": 0.27053455019556716,
      "acc_norm_stderr": 0.01134599674353927
    },
    "hendrycksTest-human_sexuality": {
      "acc": 0.26717557251908397,
      "acc_stderr": 0.03880848301082394,
      "acc_norm": 0.2824427480916031,
      "acc_norm_stderr": 0.03948406125768362
    },
    "hendrycksTest-virology": {
      "acc": 0.2891566265060241,
      "acc_stderr": 0.03529486801511115,
      "acc_norm": 0.2469879518072289,
      "acc_norm_stderr": 0.03357351982064536
    },
    "hendrycksTest-management": {
      "acc": 0.18446601941747573,
      "acc_stderr": 0.03840423627288276,
      "acc_norm": 0.22330097087378642,
      "acc_norm_stderr": 0.04123553189891431
    },
    "winogrande": {
      "acc": 0.510655090765588,
      "acc_stderr": 0.014049294536290396
    },
    "hendrycksTest-moral_disputes": {
      "acc": 0.25722543352601157,
      "acc_stderr": 0.02353292543104428,
      "acc_norm": 0.3236994219653179,
      "acc_norm_stderr": 0.02519018132760842
    },
    "hendrycksTest-professional_medicine": {
      "acc": 0.21323529411764705,
      "acc_stderr": 0.024880971512294257,
      "acc_norm": 0.22426470588235295,
      "acc_norm_stderr": 0.025336848563332365
    },
    "hendrycksTest-college_computer_science": {
      "acc": 0.24,
      "acc_stderr": 0.042923469599092816,
      "acc_norm": 0.25,
      "acc_norm_stderr": 0.04351941398892446
    },
    "hendrycksTest-econometrics": {
      "acc": 0.2543859649122807,
      "acc_stderr": 0.040969851398436716,
      "acc_norm": 0.23684210526315788,
      "acc_norm_stderr": 0.039994238792813344
    },
    "piqa": {
      "acc": 0.6229597388465724,
      "acc_stderr": 0.011307569752543902,
      "acc_norm": 0.6164309031556039,
      "acc_norm_stderr": 0.01134512873411628
    },
    "hendrycksTest-global_facts": {
      "acc": 0.19,
      "acc_stderr": 0.03942772444036625,
      "acc_norm": 0.2,
      "acc_norm_stderr": 0.04020151261036846
    },
    "hendrycksTest-us_foreign_policy": {
      "acc": 0.26,
      "acc_stderr": 0.0440844002276808,
      "acc_norm": 0.27,
      "acc_norm_stderr": 0.04461960433384741
    },
    "hendrycksTest-world_religions": {
      "acc": 0.28654970760233917,
      "acc_stderr": 0.03467826685703826,
      "acc_norm": 0.34502923976608185,
      "acc_norm_stderr": 0.03645981377388807
    },
    "hendrycksTest-nutrition": {
      "acc": 0.24836601307189543,
      "acc_stderr": 0.024739981355113596,
      "acc_norm": 0.35294117647058826,
      "acc_norm_stderr": 0.02736359328468493
    },
    "hendrycksTest-formal_logic": {
      "acc": 0.31746031746031744,
      "acc_stderr": 0.041634530313028585,
      "acc_norm": 0.2777777777777778,
      "acc_norm_stderr": 0.040061680838488774
    },
    "wsc": {
      "acc": 0.375,
      "acc_stderr": 0.04770204856076104
    },
    "hendrycksTest-sociology": {
      "acc": 0.27860696517412936,
      "acc_stderr": 0.031700561834973086,
      "acc_norm": 0.2935323383084577,
      "acc_norm_stderr": 0.03220024104534205
    },
    "hendrycksTest-abstract_algebra": {
      "acc": 0.19,
      "acc_stderr": 0.03942772444036623,
      "acc_norm": 0.21,
      "acc_norm_stderr": 0.040936018074033256
    },
    "hendrycksTest-human_aging": {
      "acc": 0.28699551569506726,
      "acc_stderr": 0.030360379710291954,
      "acc_norm": 0.21076233183856502,
      "acc_norm_stderr": 0.027373095500540193
    },
    "hendrycksTest-international_law": {
      "acc": 0.09917355371900827,
      "acc_stderr": 0.027285246312758967,
      "acc_norm": 0.4297520661157025,
      "acc_norm_stderr": 0.04519082021319774
    },
    "hendrycksTest-high_school_physics": {
      "acc": 0.2251655629139073,
      "acc_stderr": 0.03410435282008936,
      "acc_norm": 0.24503311258278146,
      "acc_norm_stderr": 0.03511807571804725
    },
    "hendrycksTest-high_school_biology": {
      "acc": 0.24516129032258063,
      "acc_stderr": 0.02447224384089552,
      "acc_norm": 0.29354838709677417,
      "acc_norm_stderr": 0.02590608702131929
    },
    "hendrycksTest-computer_security": {
      "acc": 0.21,
      "acc_stderr": 0.04093601807403325,
      "acc_norm": 0.3,
      "acc_norm_stderr": 0.046056618647183814
    },
    "hendrycksTest-college_physics": {
      "acc": 0.22549019607843138,
      "acc_stderr": 0.041583075330832865,
      "acc_norm": 0.21568627450980393,
      "acc_norm_stderr": 0.04092563958237654
    },
    "hendrycksTest-high_school_macroeconomics": {
      "acc": 0.26666666666666666,
      "acc_stderr": 0.022421273612923707,
      "acc_norm": 0.2717948717948718,
      "acc_norm_stderr": 0.022556551010132354
    },
    "logiqa": {
      "acc": 0.22734254992319508,
      "acc_stderr": 0.01643906767511774,
      "acc_norm": 0.271889400921659,
      "acc_norm_stderr": 0.017451716009436825
    },
    "hendrycksTest-high_school_statistics": {
      "acc": 0.19444444444444445,
      "acc_stderr": 0.026991454502036716,
      "acc_norm": 0.23148148148148148,
      "acc_norm_stderr": 0.028765111718046944
    },
    "hendrycksTest-high_school_us_history": {
      "acc": 0.2647058823529412,
      "acc_stderr": 0.03096451792692341,
      "acc_norm": 0.27941176470588236,
      "acc_norm_stderr": 0.031493281045079556
    },
    "hendrycksTest-marketing": {
      "acc": 0.26495726495726496,
      "acc_stderr": 0.02891120880274949,
      "acc_norm": 0.2905982905982906,
      "acc_norm_stderr": 0.02974504857267404
    },
    "hendrycksTest-professional_accounting": {
      "acc": 0.2198581560283688,
      "acc_stderr": 0.024706141070705477,
      "acc_norm": 0.2375886524822695,
      "acc_norm_stderr": 0.02538951255272991
    },
    "hendrycksTest-electrical_engineering": {
      "acc": 0.32413793103448274,
      "acc_stderr": 0.03900432069185553,
      "acc_norm": 0.32413793103448274,
      "acc_norm_stderr": 0.03900432069185555
    },
    "hendrycksTest-astronomy": {
      "acc": 0.24342105263157895,
      "acc_stderr": 0.034923496688842384,
      "acc_norm": 0.3223684210526316,
      "acc_norm_stderr": 0.038035102483515854
    },
    "hendrycksTest-high_school_microeconomics": {
      "acc": 0.2605042016806723,
      "acc_stderr": 0.02851025151234193,
      "acc_norm": 0.31512605042016806,
      "acc_norm_stderr": 0.030176808288974337
    },
    "hendrycksTest-college_biology": {
      "acc": 0.2569444444444444,
      "acc_stderr": 0.03653946969442099,
      "acc_norm": 0.25,
      "acc_norm_stderr": 0.03621034121889507
    },
    "hendrycksTest-high_school_computer_science": {
      "acc": 0.24,
      "acc_stderr": 0.04292346959909284,
      "acc_norm": 0.23,
      "acc_norm_stderr": 0.04229525846816505
    },
    "hendrycksTest-security_studies": {
      "acc": 0.3020408163265306,
      "acc_stderr": 0.029393609319879818,
      "acc_norm": 0.2693877551020408,
      "acc_norm_stderr": 0.02840125202902294
    },
    "hendrycksTest-college_chemistry": {
      "acc": 0.25,
      "acc_stderr": 0.04351941398892446,
      "acc_norm": 0.33,
      "acc_norm_stderr": 0.047258156262526045
    },