{
  "results": {
    "hendrycksTest-econometrics": {
      "acc": 0.30701754385964913,
      "acc_stderr": 0.04339138322579861,
      "acc_norm": 0.22807017543859648,
      "acc_norm_stderr": 0.03947152782669415
    },
    "hendrycksTest-college_biology": {
      "acc": 0.2777777777777778,
      "acc_stderr": 0.037455547914624576,
      "acc_norm": 0.2222222222222222,
      "acc_norm_stderr": 0.03476590104304134
    },
    "hendrycksTest-high_school_biology": {
      "acc": 0.2645161290322581,
      "acc_stderr": 0.025091892378859275,
      "acc_norm": 0.2838709677419355,
      "acc_norm_stderr": 0.025649381063029258
    },
    "hendrycksTest-high_school_psychology": {
      "acc": 0.24954128440366974,
      "acc_stderr": 0.018553897629501617,
      "acc_norm": 0.24036697247706423,
      "acc_norm_stderr": 0.01832060732096407
    },
    "hendrycksTest-business_ethics": {
      "acc": 0.34,
      "acc_stderr": 0.04760952285695235,
      "acc_norm": 0.35,
      "acc_norm_stderr": 0.047937248544110196
    },
    "hendrycksTest-high_school_european_history": {
      "acc": 0.24848484848484848,
      "acc_stderr": 0.033744026441394036,
      "acc_norm": 0.3212121212121212,
      "acc_norm_stderr": 0.03646204963253812
    },
    "hendrycksTest-high_school_macroeconomics": {
      "acc": 0.25384615384615383,
      "acc_stderr": 0.022066054378726257,
      "acc_norm": 0.28205128205128205,
      "acc_norm_stderr": 0.022815813098896607
    },
    "hendrycksTest-miscellaneous": {
      "acc": 0.23116219667943805,
      "acc_stderr": 0.015075523238101086,
      "acc_norm": 0.2771392081736909,
      "acc_norm_stderr": 0.016005636294122425
    },
    "hendrycksTest-global_facts": {
      "acc": 0.17,
      "acc_stderr": 0.0377525168068637,
      "acc_norm": 0.16,
      "acc_norm_stderr": 0.03684529491774708
    },
    "hendrycksTest-professional_psychology": {
      "acc": 0.25980392156862747,
      "acc_stderr": 0.017740899509177788,
      "acc_norm": 0.2565359477124183,
      "acc_norm_stderr": 0.017667841612378988
    },
    "piqa": {
      "acc": 0.6256800870511425,
      "acc_stderr": 0.01129127680119499,
      "acc_norm": 0.6147986942328618,
      "acc_norm_stderr": 0.011354179751257075
    },
    "hendrycksTest-human_sexuality": {
      "acc": 0.32061068702290074,
      "acc_stderr": 0.04093329229834278,
      "acc_norm": 0.2824427480916031,
      "acc_norm_stderr": 0.03948406125768361
    },
    "hendrycksTest-security_studies": {
      "acc": 0.32653061224489793,
      "acc_stderr": 0.030021056238440317,
      "acc_norm": 0.2612244897959184,
      "acc_norm_stderr": 0.028123429335142783
    },
    "hendrycksTest-high_school_us_history": {
      "acc": 0.24509803921568626,
      "acc_stderr": 0.03019028245350194,
      "acc_norm": 0.23529411764705882,
      "acc_norm_stderr": 0.029771775228145624
    },
    "hendrycksTest-clinical_knowledge": {
      "acc": 0.2188679245283019,
      "acc_stderr": 0.02544786382510861,
      "acc_norm": 0.3471698113207547,
      "acc_norm_stderr": 0.029300101705549652
    },
    "hendrycksTest-anatomy": {
      "acc": 0.2518518518518518,
      "acc_stderr": 0.03749850709174021,
      "acc_norm": 0.22962962962962963,
      "acc_norm_stderr": 0.036333844140734636
    },
    "hendrycksTest-elementary_mathematics": {
      "acc": 0.19576719576719576,
      "acc_stderr": 0.020435730971541784,
      "acc_norm": 0.20105820105820105,
      "acc_norm_stderr": 0.020641810782370165
    },
    "hendrycksTest-high_school_physics": {
      "acc": 0.23178807947019867,
      "acc_stderr": 0.034454062719870546,
      "acc_norm": 0.23178807947019867,
      "acc_norm_stderr": 0.03445406271987054
    },
    "hendrycksTest-international_law": {
      "acc": 0.18181818181818182,
      "acc_stderr": 0.03520893951097652,
      "acc_norm": 0.3884297520661157,
      "acc_norm_stderr": 0.04449270350068382
    },
    "hendrycksTest-college_chemistry": {
      "acc": 0.29,
      "acc_stderr": 0.045604802157206845,
      "acc_norm": 0.32,
      "acc_norm_stderr": 0.046882617226215034
    },
    "hendrycksTest-computer_security": {
      "acc": 0.18,
      "acc_stderr": 0.038612291966536955,
      "acc_norm": 0.35,
      "acc_norm_stderr": 0.047937248544110196
    },
    "hendrycksTest-jurisprudence": {
      "acc": 0.2222222222222222,
      "acc_stderr": 0.0401910747255735,
      "acc_norm": 0.3611111111111111,
      "acc_norm_stderr": 0.04643454608906274
    },
    "hendrycksTest-high_school_computer_science": {
      "acc": 0.25,
      "acc_stderr": 0.04351941398892446,
      "acc_norm": 0.28,
      "acc_norm_stderr": 0.04512608598542129
    },
    "hendrycksTest-high_school_statistics": {
      "acc": 0.21296296296296297,
      "acc_stderr": 0.02792096314799366,
      "acc_norm": 0.25925925925925924,
      "acc_norm_stderr": 0.02988691054762697
    },
    "logiqa": {
      "acc": 0.21044546850998463,
      "acc_stderr": 0.015988369488888748,
      "acc_norm": 0.2780337941628264,
      "acc_norm_stderr": 0.01757318777028271
    },
    "hendrycksTest-astronomy": {
      "acc": 0.16447368421052633,
      "acc_stderr": 0.030167533468632695,
      "acc_norm": 0.3157894736842105,
      "acc_norm_stderr": 0.037827289808654706
    },
    "hendrycksTest-us_foreign_policy": {
      "acc": 0.3,
      "acc_stderr": 0.046056618647183814,
      "acc_norm": 0.38,
      "acc_norm_stderr": 0.048783173121456316
    },
    "hendrycksTest-high_school_microeconomics": {
      "acc": 0.21428571428571427,
      "acc_stderr": 0.02665353159671549,
      "acc_norm": 0.3025210084033613,
      "acc_norm_stderr": 0.029837962388291932
    },
    "hendrycksTest-prehistory": {
      "acc": 0.2716049382716049,
      "acc_stderr": 0.02474862449053738,
      "acc_norm": 0.23148148148148148,
      "acc_norm_stderr": 0.023468429832451152
    },
    "arc_easy": {
      "acc": 0.44865319865319864,
      "acc_stderr": 0.010205540414612883,
      "acc_norm": 0.3939393939393939,
      "acc_norm_stderr": 0.010026305355981821
    },
    "sciq": {
      "acc": 0.73,
      "acc_stderr": 0.014046255632633916,
      "acc_norm": 0.65,
      "acc_norm_stderr": 0.015090650341444231
    },
    "arc_challenge": {
      "acc": 0.19283276450511946,
      "acc_stderr": 0.01152905546566333,
      "acc_norm": 0.2363481228668942,
      "acc_norm_stderr": 0.01241496052430183
    },
    "hendrycksTest-human_aging": {
      "acc": 0.31390134529147984,
      "acc_stderr": 0.031146796482972465,
      "acc_norm": 0.27802690582959644,
      "acc_norm_stderr": 0.030069584874494026
    },
    "hendrycksTest-sociology": {
      "acc": 0.2736318407960199,
      "acc_stderr": 0.03152439186555402,
      "acc_norm": 0.27860696517412936,
      "acc_norm_stderr": 0.031700561834973086
    },
    "hendrycksTest-high_school_geography": {
      "acc": 0.26262626262626265,
      "acc_stderr": 0.03135305009533085,
      "acc_norm": 0.2777777777777778,
      "acc_norm_stderr": 0.03191178226713548
    },
    "hendrycksTest-machine_learning": {
      "acc": 0.25892857142857145,
      "acc_stderr": 0.04157751539865629,
      "acc_norm": 0.25,
      "acc_norm_stderr": 0.04109974682633932
    },
    "hendrycksTest-professional_accounting": {
      "acc": 0.2801418439716312,
      "acc_stderr": 0.026789172351140242,
      "acc_norm": 0.2695035460992908,
      "acc_norm_stderr": 0.026469036818590634
    },
    "hendrycksTest-professional_law": {
      "acc": 0.2405475880052151,
      "acc_stderr": 0.01091640673547895,
      "acc_norm": 0.28226857887874834,
      "acc_norm_stderr": 0.011495852176241954
    },
    "hendrycksTest-conceptual_physics": {
      "acc": 0.2425531914893617,
      "acc_stderr": 0.028020226271200217,
      "acc_norm": 0.19574468085106383,
      "acc_norm_stderr": 0.025937853139977148
    },
    "hendrycksTest-electrical_engineering": {
      "acc": 0.32413793103448274,
      "acc_stderr": 0.03900432069185555,
      "acc_norm": 0.30344827586206896,
      "acc_norm_stderr": 0.038312260488503336
    },