{
  "results": {
    "hendrycksTest-machine_learning": {
      "acc": 0.20535714285714285,
      "acc_stderr": 0.038342410214190735,
      "acc_norm": 0.20535714285714285,
      "acc_norm_stderr": 0.038342410214190735
    },
    "hendrycksTest-human_sexuality": {
      "acc": 0.3435114503816794,
      "acc_stderr": 0.041649760719448786,
      "acc_norm": 0.2900763358778626,
      "acc_norm_stderr": 0.03980066246467766
    },
    "hendrycksTest-high_school_statistics": {
      "acc": 0.22685185185185186,
      "acc_stderr": 0.028561650102422252,
      "acc_norm": 0.24537037037037038,
      "acc_norm_stderr": 0.029346665094372944
    },
    "hendrycksTest-astronomy": {
      "acc": 0.19736842105263158,
      "acc_stderr": 0.03238981601699397,
      "acc_norm": 0.34210526315789475,
      "acc_norm_stderr": 0.03860731599316092
    },
    "hendrycksTest-logical_fallacies": {
      "acc": 0.22699386503067484,
      "acc_stderr": 0.03291099578615769,
      "acc_norm": 0.27607361963190186,
      "acc_norm_stderr": 0.0351238528370505
    },
    "hendrycksTest-professional_law": {
      "acc": 0.2522816166883963,
      "acc_stderr": 0.011092789056875243,
      "acc_norm": 0.28552803129074317,
      "acc_norm_stderr": 0.01153575158666568
    },
    "hendrycksTest-professional_accounting": {
      "acc": 0.2553191489361702,
      "acc_stderr": 0.026011992930902006,
      "acc_norm": 0.25886524822695034,
      "acc_norm_stderr": 0.02612957252718085
    },
    "hendrycksTest-high_school_biology": {
      "acc": 0.2645161290322581,
      "acc_stderr": 0.025091892378859275,
      "acc_norm": 0.2870967741935484,
      "acc_norm_stderr": 0.025736542745594528
    },
    "sciq": {
      "acc": 0.707,
      "acc_stderr": 0.014399942998441271,
      "acc_norm": 0.588,
      "acc_norm_stderr": 0.015572363292015098
    },
    "hendrycksTest-global_facts": {
      "acc": 0.16,
      "acc_stderr": 0.03684529491774707,
      "acc_norm": 0.16,
      "acc_norm_stderr": 0.03684529491774708
    },
    "hendrycksTest-formal_logic": {
      "acc": 0.3253968253968254,
      "acc_stderr": 0.041905964388711366,
      "acc_norm": 0.29365079365079366,
      "acc_norm_stderr": 0.04073524322147126
    },
    "hendrycksTest-conceptual_physics": {
      "acc": 0.2553191489361702,
      "acc_stderr": 0.028504856470514203,
      "acc_norm": 0.23829787234042554,
      "acc_norm_stderr": 0.027851252973889774
    },
    "hendrycksTest-high_school_us_history": {
      "acc": 0.24019607843137256,
      "acc_stderr": 0.02998373305591361,
      "acc_norm": 0.24509803921568626,
      "acc_norm_stderr": 0.030190282453501954
    },
    "winogrande": {
      "acc": 0.5138121546961326,
      "acc_stderr": 0.014047122916440412
    },
    "hendrycksTest-abstract_algebra": {
      "acc": 0.23,
      "acc_stderr": 0.04229525846816508,
      "acc_norm": 0.29,
      "acc_norm_stderr": 0.045604802157206824
    },
    "hendrycksTest-college_biology": {
      "acc": 0.3055555555555556,
      "acc_stderr": 0.03852084696008534,
      "acc_norm": 0.2638888888888889,
      "acc_norm_stderr": 0.03685651095897532
    },
    "hendrycksTest-nutrition": {
      "acc": 0.24509803921568626,
      "acc_stderr": 0.02463004897982477,
      "acc_norm": 0.3627450980392157,
      "acc_norm_stderr": 0.0275300784471103
    },
    "hendrycksTest-philosophy": {
      "acc": 0.1832797427652733,
      "acc_stderr": 0.021974198848265812,
      "acc_norm": 0.3022508038585209,
      "acc_norm_stderr": 0.02608270069539966
    },
    "hendrycksTest-high_school_geography": {
      "acc": 0.2676767676767677,
      "acc_stderr": 0.03154449888270286,
      "acc_norm": 0.30808080808080807,
      "acc_norm_stderr": 0.032894773300986155
    },
    "hendrycksTest-virology": {
      "acc": 0.25301204819277107,
      "acc_stderr": 0.03384429155233134,
      "acc_norm": 0.2289156626506024,
      "acc_norm_stderr": 0.03270745277352477
    },
    "hendrycksTest-jurisprudence": {
      "acc": 0.2037037037037037,
      "acc_stderr": 0.03893542518824847,
      "acc_norm": 0.4351851851851852,
      "acc_norm_stderr": 0.04792898170907061
    },
    "hendrycksTest-high_school_european_history": {
      "acc": 0.24242424242424243,
      "acc_stderr": 0.03346409881055953,
      "acc_norm": 0.296969696969697,
      "acc_norm_stderr": 0.035679697722680495
    },
    "hendrycksTest-high_school_psychology": {
      "acc": 0.28256880733944956,
      "acc_stderr": 0.019304243497707152,
      "acc_norm": 0.26422018348623855,
      "acc_norm_stderr": 0.018904164171510182
    },
    "hendrycksTest-high_school_world_history": {
      "acc": 0.24472573839662448,
      "acc_stderr": 0.02798569938703641,
      "acc_norm": 0.270042194092827,
      "acc_norm_stderr": 0.028900721906293426
    },
    "hendrycksTest-sociology": {
      "acc": 0.25870646766169153,
      "acc_stderr": 0.03096590312357305,
      "acc_norm": 0.22388059701492538,
      "acc_norm_stderr": 0.02947525023601719
    },
    "arc_easy": {
      "acc": 0.4238215488215488,
      "acc_stderr": 0.010140006095213604,
      "acc_norm": 0.3851010101010101,
      "acc_norm_stderr": 0.009985214798737251
    },
    "hendrycksTest-human_aging": {
      "acc": 0.24663677130044842,
      "acc_stderr": 0.028930413120910888,
      "acc_norm": 0.22869955156950672,
      "acc_norm_stderr": 0.028188240046929193
    },
    "hendrycksTest-high_school_computer_science": {
      "acc": 0.22,
      "acc_stderr": 0.041633319989322695,
      "acc_norm": 0.25,
      "acc_norm_stderr": 0.04351941398892446
    },
    "hendrycksTest-computer_security": {
      "acc": 0.22,
      "acc_stderr": 0.041633319989322695,
      "acc_norm": 0.32,
      "acc_norm_stderr": 0.046882617226215034
    },
    "hendrycksTest-college_computer_science": {
      "acc": 0.28,
      "acc_stderr": 0.04512608598542128,
      "acc_norm": 0.27,
      "acc_norm_stderr": 0.044619604333847394
    },
    "hendrycksTest-college_mathematics": {
      "acc": 0.19,
      "acc_stderr": 0.03942772444036623,
      "acc_norm": 0.28,
      "acc_norm_stderr": 0.04512608598542127
    },
    "piqa": {
      "acc": 0.6022850924918389,
      "acc_stderr": 0.011419114133117223,
      "acc_norm": 0.6137105549510338,
      "acc_norm_stderr": 0.011360138833823683
    },
    "hendrycksTest-college_physics": {
      "acc": 0.29411764705882354,
      "acc_stderr": 0.04533838195929775,
      "acc_norm": 0.27450980392156865,
      "acc_norm_stderr": 0.044405219061793254
    },
    "hendrycksTest-medical_genetics": {
      "acc": 0.24,
      "acc_stderr": 0.04292346959909282,
      "acc_norm": 0.31,
      "acc_norm_stderr": 0.04648231987117316
    },
    "hendrycksTest-elementary_mathematics": {
      "acc": 0.21957671957671956,
      "acc_stderr": 0.021320018599770355,
      "acc_norm": 0.20899470899470898,
      "acc_norm_stderr": 0.020940481565334856
    },
    "hendrycksTest-high_school_microeconomics": {
      "acc": 0.2605042016806723,
      "acc_stderr": 0.028510251512341944,
      "acc_norm": 0.36554621848739494,
      "acc_norm_stderr": 0.03128217706368461
    },
    "hendrycksTest-clinical_knowledge": {
      "acc": 0.22264150943396227,
      "acc_stderr": 0.0256042334708991,
      "acc_norm": 0.3320754716981132,
      "acc_norm_stderr": 0.0289854556523344
    },
    "hendrycksTest-college_chemistry": {
      "acc": 0.29,
      "acc_stderr": 0.045604802157206845,
      "acc_norm": 0.31,
      "acc_norm_stderr": 0.04648231987117316
    },
    "hendrycksTest-high_school_mathematics": {
      "acc": 0.2037037037037037,
      "acc_stderr": 0.02455617221914128,
      "acc_norm": 0.24814814814814815,
      "acc_norm_stderr": 0.0263357394040558
    },
    "hendrycksTest-management": {
      "acc": 0.1941747572815534,
      "acc_stderr": 0.03916667762822584,
      "acc_norm": 0.21359223300970873,
      "acc_norm_stderr": 0.04058042015646034
    },
    "hendrycksTest-miscellaneous": {
      "acc": 0.26181353767560667,
      "acc_stderr": 0.015720838678445245,