{
  "results": {
    "lambada_openai": {
      "ppl": 5.580953490874409,
      "ppl_stderr": 0.13642097682666468,
      "acc": 0.6250727731418592,
      "acc_stderr": 0.006744517002137633
    },
    "hendrycksTest-college_physics": {
      "acc": 0.28431372549019607,
      "acc_stderr": 0.04488482852329017,
      "acc_norm": 0.29411764705882354,
      "acc_norm_stderr": 0.045338381959297736
    },
    "hendrycksTest-high_school_european_history": {
      "acc": 0.21212121212121213,
      "acc_stderr": 0.03192271569548299,
      "acc_norm": 0.28484848484848485,
      "acc_norm_stderr": 0.035243908445117836
    },
    "hendrycksTest-high_school_macroeconomics": {
      "acc": 0.22564102564102564,
      "acc_stderr": 0.021193632525148533,
      "acc_norm": 0.2282051282051282,
      "acc_norm_stderr": 0.02127839386358628
    },
    "winogrande": {
      "acc": 0.5824782951854776,
      "acc_stderr": 0.013859978264440246
    },
    "hendrycksTest-college_biology": {
      "acc": 0.2847222222222222,
      "acc_stderr": 0.03773809990686934,
      "acc_norm": 0.24305555555555555,
      "acc_norm_stderr": 0.0358687928008034
    },
    "hendrycksTest-high_school_chemistry": {
      "acc": 0.19704433497536947,
      "acc_stderr": 0.02798672466673622,
      "acc_norm": 0.2561576354679803,
      "acc_norm_stderr": 0.030712730070982592
    },
    "sciq": {
      "acc": 0.879,
      "acc_stderr": 0.010318210380946094,
      "acc_norm": 0.828,
      "acc_norm_stderr": 0.011939788882495321
    },
    "hendrycksTest-international_law": {
      "acc": 0.15702479338842976,
      "acc_stderr": 0.0332124484254713,
      "acc_norm": 0.4380165289256198,
      "acc_norm_stderr": 0.045291468044357915
    },
    "hendrycksTest-nutrition": {
      "acc": 0.31699346405228757,
      "acc_stderr": 0.026643278474508755,
      "acc_norm": 0.4019607843137255,
      "acc_norm_stderr": 0.02807415894760065
    },
    "hendrycksTest-high_school_physics": {
      "acc": 0.25165562913907286,
      "acc_stderr": 0.035433042343899844,
      "acc_norm": 0.23841059602649006,
      "acc_norm_stderr": 0.034791855725996586
    },
    "hendrycksTest-high_school_computer_science": {
      "acc": 0.18,
      "acc_stderr": 0.03861229196653696,
      "acc_norm": 0.27,
      "acc_norm_stderr": 0.04461960433384741
    },
    "hendrycksTest-public_relations": {
      "acc": 0.2909090909090909,
      "acc_stderr": 0.04350271442923243,
      "acc_norm": 0.17272727272727273,
      "acc_norm_stderr": 0.03620691833929219
    },
    "hendrycksTest-astronomy": {
      "acc": 0.21710526315789475,
      "acc_stderr": 0.033550453048829226,
      "acc_norm": 0.3355263157894737,
      "acc_norm_stderr": 0.03842498559395271
    },
    "hendrycksTest-sociology": {
      "acc": 0.2885572139303483,
      "acc_stderr": 0.03203841040213321,
      "acc_norm": 0.2885572139303483,
      "acc_norm_stderr": 0.03203841040213322
    },
    "hendrycksTest-electrical_engineering": {
      "acc": 0.3103448275862069,
      "acc_stderr": 0.03855289616378949,
      "acc_norm": 0.3103448275862069,
      "acc_norm_stderr": 0.03855289616378948
    },
    "hendrycksTest-human_sexuality": {
      "acc": 0.3816793893129771,
      "acc_stderr": 0.042607351576445594,
      "acc_norm": 0.3053435114503817,
      "acc_norm_stderr": 0.04039314978724561
    },
    "hendrycksTest-college_chemistry": {
      "acc": 0.29,
      "acc_stderr": 0.045604802157206845,
      "acc_norm": 0.3,
      "acc_norm_stderr": 0.046056618647183814
    },
    "hendrycksTest-human_aging": {
      "acc": 0.30493273542600896,
      "acc_stderr": 0.030898610882477515,
      "acc_norm": 0.28699551569506726,
      "acc_norm_stderr": 0.030360379710291936
    },
    "hendrycksTest-prehistory": {
      "acc": 0.24074074074074073,
      "acc_stderr": 0.023788583551658533,
      "acc_norm": 0.19444444444444445,
      "acc_norm_stderr": 0.022021366100220204
    },
    "arc_challenge": {
      "acc": 0.2781569965870307,
      "acc_stderr": 0.013094469919538812,
      "acc_norm": 0.30631399317406144,
      "acc_norm_stderr": 0.01347058441727651
    },
    "hendrycksTest-clinical_knowledge": {
      "acc": 0.24150943396226415,
      "acc_stderr": 0.02634148037111836,
      "acc_norm": 0.30943396226415093,
      "acc_norm_stderr": 0.028450154794118627
    },
    "piqa": {
      "acc": 0.735582154515778,
      "acc_stderr": 0.010289787244767168,
      "acc_norm": 0.720892274211099,
      "acc_norm_stderr": 0.010465657948498231
    },
    "hendrycksTest-high_school_biology": {
      "acc": 0.23225806451612904,
      "acc_stderr": 0.02402225613030824,
      "acc_norm": 0.27741935483870966,
      "acc_norm_stderr": 0.025470196835900055
    },
    "hendrycksTest-high_school_microeconomics": {
      "acc": 0.24369747899159663,
      "acc_stderr": 0.027886828078380558,
      "acc_norm": 0.31932773109243695,
      "acc_norm_stderr": 0.030283995525884396
    },
    "logiqa": {
      "acc": 0.21658986175115208,
      "acc_stderr": 0.016156860583178303,
      "acc_norm": 0.27956989247311825,
      "acc_norm_stderr": 0.017602909186822453
    },
    "hendrycksTest-management": {
      "acc": 0.17475728155339806,
      "acc_stderr": 0.037601780060266224,
      "acc_norm": 0.24271844660194175,
      "acc_norm_stderr": 0.04245022486384493
    },
    "hendrycksTest-elementary_mathematics": {
      "acc": 0.20899470899470898,
      "acc_stderr": 0.020940481565334845,
      "acc_norm": 0.24603174603174602,
      "acc_norm_stderr": 0.022182037202948368
    },
    "hendrycksTest-logical_fallacies": {
      "acc": 0.17791411042944785,
      "acc_stderr": 0.03004735765580665,
      "acc_norm": 0.27607361963190186,
      "acc_norm_stderr": 0.0351238528370505
    },
    "hendrycksTest-miscellaneous": {
      "acc": 0.2503192848020434,
      "acc_stderr": 0.015491088951494583,
      "acc_norm": 0.27586206896551724,
      "acc_norm_stderr": 0.01598281477469563
    },
    "hendrycksTest-machine_learning": {
      "acc": 0.2857142857142857,
      "acc_stderr": 0.04287858751340456,
      "acc_norm": 0.23214285714285715,
      "acc_norm_stderr": 0.040073418097558065
    },
    "hendrycksTest-anatomy": {
      "acc": 0.21481481481481482,
      "acc_stderr": 0.03547854198560825,
      "acc_norm": 0.21481481481481482,
      "acc_norm_stderr": 0.035478541985608264
    },
    "hendrycksTest-college_mathematics": {
      "acc": 0.16,
      "acc_stderr": 0.03684529491774708,
      "acc_norm": 0.28,
      "acc_norm_stderr": 0.045126085985421296
    },
    "hendrycksTest-business_ethics": {
      "acc": 0.32,
      "acc_stderr": 0.046882617226215034,
      "acc_norm": 0.3,
      "acc_norm_stderr": 0.046056618647183814
    },
    "hendrycksTest-professional_medicine": {
      "acc": 0.23161764705882354,
      "acc_stderr": 0.025626533803777562,
      "acc_norm": 0.2536764705882353,
      "acc_norm_stderr": 0.026431329870789524
    },
    "hendrycksTest-formal_logic": {
      "acc": 0.30952380952380953,
      "acc_stderr": 0.04134913018303316,
      "acc_norm": 0.2777777777777778,
      "acc_norm_stderr": 0.040061680838488774
    },
    "hendrycksTest-high_school_us_history": {
      "acc": 0.24509803921568626,
      "acc_stderr": 0.03019028245350195,
      "acc_norm": 0.2696078431372549,
      "acc_norm_stderr": 0.031145570659486782
    },
    "arc_easy": {
      "acc": 0.6102693602693603,
      "acc_stderr": 0.010007169391797051,
      "acc_norm": 0.5551346801346801,
      "acc_norm_stderr": 0.010197216690356427
    },
    "hendrycksTest-college_computer_science": {
      "acc": 0.27,
      "acc_stderr": 0.0446196043338474,
      "acc_norm": 0.28,
      "acc_norm_stderr": 0.04512608598542128
    },
    "hendrycksTest-professional_psychology": {
      "acc": 0.25326797385620914,
      "acc_stderr": 0.017593486895366835,
      "acc_norm": 0.26633986928104575,
      "acc_norm_stderr": 0.017883188134667185
    },
    "hendrycksTest-marketing": {
      "acc": 0.2863247863247863,
      "acc_stderr": 0.029614323690456648,