{
  "results": {
    "hendrycksTest-high_school_microeconomics": {
      "acc": 0.2605042016806723,
      "acc_stderr": 0.028510251512341944,
      "acc_norm": 0.3235294117647059,
      "acc_norm_stderr": 0.030388353551886845
    },
    "hendrycksTest-high_school_us_history": {
      "acc": 0.25,
      "acc_stderr": 0.03039153369274154,
      "acc_norm": 0.29411764705882354,
      "acc_norm_stderr": 0.03198001660115071
    },
    "piqa": {
      "acc": 0.7274211099020674,
      "acc_stderr": 0.010389256803296018,
      "acc_norm": 0.720892274211099,
      "acc_norm_stderr": 0.010465657948498231
    },
    "hendrycksTest-clinical_knowledge": {
      "acc": 0.2641509433962264,
      "acc_stderr": 0.027134291628741702,
      "acc_norm": 0.30566037735849055,
      "acc_norm_stderr": 0.028353298073322666
    },
    "hendrycksTest-college_biology": {
      "acc": 0.2916666666666667,
      "acc_stderr": 0.03800968060554859,
      "acc_norm": 0.24305555555555555,
      "acc_norm_stderr": 0.035868792800803406
    },
    "hendrycksTest-high_school_world_history": {
      "acc": 0.25316455696202533,
      "acc_stderr": 0.028304657943035293,
      "acc_norm": 0.2869198312236287,
      "acc_norm_stderr": 0.02944377302259469
    },
    "wsc": {
      "acc": 0.36538461538461536,
      "acc_stderr": 0.0474473339327792
    },
    "hendrycksTest-formal_logic": {
      "acc": 0.3253968253968254,
      "acc_stderr": 0.04190596438871137,
      "acc_norm": 0.24603174603174602,
      "acc_norm_stderr": 0.038522733649243156
    },
    "hendrycksTest-world_religions": {
      "acc": 0.27485380116959063,
      "acc_stderr": 0.03424042924691584,
      "acc_norm": 0.2982456140350877,
      "acc_norm_stderr": 0.03508771929824563
    },
    "hendrycksTest-prehistory": {
      "acc": 0.22530864197530864,
      "acc_stderr": 0.02324620264781975,
      "acc_norm": 0.2191358024691358,
      "acc_norm_stderr": 0.02301670564026219
    },
    "hendrycksTest-moral_scenarios": {
      "acc": 0.23798882681564246,
      "acc_stderr": 0.014242630070574915,
      "acc_norm": 0.2737430167597765,
      "acc_norm_stderr": 0.014912413096372428
    },
    "hendrycksTest-nutrition": {
      "acc": 0.3366013071895425,
      "acc_stderr": 0.02705797462449438,
      "acc_norm": 0.3954248366013072,
      "acc_norm_stderr": 0.027996723180631445
    },
    "lambada_openai": {
      "ppl": 5.5471035255629655,
      "ppl_stderr": 0.13555314411371422,
      "acc": 0.6274015136813507,
      "acc_stderr": 0.00673605147128904
    },
    "arc_easy": {
      "acc": 0.6186868686868687,
      "acc_stderr": 0.009966542497171016,
      "acc_norm": 0.5694444444444444,
      "acc_norm_stderr": 0.01016034539686008
    },
    "hendrycksTest-machine_learning": {
      "acc": 0.29464285714285715,
      "acc_stderr": 0.04327040932578728,
      "acc_norm": 0.19642857142857142,
      "acc_norm_stderr": 0.03770970049347019
    },
    "hendrycksTest-marketing": {
      "acc": 0.3034188034188034,
      "acc_stderr": 0.030118210106942666,
      "acc_norm": 0.3162393162393162,
      "acc_norm_stderr": 0.030463656747340247
    },
    "hendrycksTest-college_physics": {
      "acc": 0.23529411764705882,
      "acc_stderr": 0.04220773659171452,
      "acc_norm": 0.2647058823529412,
      "acc_norm_stderr": 0.043898699568087785
    },
    "logiqa": {
      "acc": 0.21351766513056836,
      "acc_stderr": 0.016073287529685218,
      "acc_norm": 0.2672811059907834,
      "acc_norm_stderr": 0.017357858622410096
    },
    "hendrycksTest-college_computer_science": {
      "acc": 0.32,
      "acc_stderr": 0.046882617226215034,
      "acc_norm": 0.26,
      "acc_norm_stderr": 0.04408440022768079
    },
    "hendrycksTest-jurisprudence": {
      "acc": 0.24074074074074073,
      "acc_stderr": 0.0413311944024384,
      "acc_norm": 0.4166666666666667,
      "acc_norm_stderr": 0.04766075165356461
    },
    "hendrycksTest-miscellaneous": {
      "acc": 0.2796934865900383,
      "acc_stderr": 0.016050792148036532,
      "acc_norm": 0.26436781609195403,
      "acc_norm_stderr": 0.015769984840690518
    },
    "hendrycksTest-philosophy": {
      "acc": 0.26366559485530544,
      "acc_stderr": 0.02502553850053234,
      "acc_norm": 0.3247588424437299,
      "acc_norm_stderr": 0.026596782287697043
    },
    "hendrycksTest-public_relations": {
      "acc": 0.2909090909090909,
      "acc_stderr": 0.04350271442923243,
      "acc_norm": 0.16363636363636364,
      "acc_norm_stderr": 0.035434330542986774
    },
    "hendrycksTest-computer_security": {
      "acc": 0.29,
      "acc_stderr": 0.04560480215720683,
      "acc_norm": 0.37,
      "acc_norm_stderr": 0.04852365870939099
    },
    "hendrycksTest-astronomy": {
      "acc": 0.23684210526315788,
      "acc_stderr": 0.03459777606810536,
      "acc_norm": 0.3157894736842105,
      "acc_norm_stderr": 0.037827289808654706
    },
    "hendrycksTest-high_school_chemistry": {
      "acc": 0.21182266009852216,
      "acc_stderr": 0.02874898368994106,
      "acc_norm": 0.29064039408866993,
      "acc_norm_stderr": 0.03194740072265541
    },
    "hendrycksTest-virology": {
      "acc": 0.3373493975903614,
      "acc_stderr": 0.03680783690727581,
      "acc_norm": 0.29518072289156627,
      "acc_norm_stderr": 0.0355092018568963
    },
    "hendrycksTest-professional_law": {
      "acc": 0.27835723598435463,
      "acc_stderr": 0.01144699019738099,
      "acc_norm": 0.2940026075619296,
      "acc_norm_stderr": 0.011636062953698609
    },
    "hendrycksTest-high_school_psychology": {
      "acc": 0.22752293577981653,
      "acc_stderr": 0.0179744635787765,
      "acc_norm": 0.23119266055045873,
      "acc_norm_stderr": 0.018075750241633156
    },
    "hendrycksTest-college_mathematics": {
      "acc": 0.19,
      "acc_stderr": 0.03942772444036623,
      "acc_norm": 0.3,
      "acc_norm_stderr": 0.046056618647183814
    },
    "hendrycksTest-high_school_european_history": {
      "acc": 0.2545454545454545,
      "acc_stderr": 0.0340150671524904,
      "acc_norm": 0.26666666666666666,
      "acc_norm_stderr": 0.03453131801885415
    },
    "hendrycksTest-abstract_algebra": {
      "acc": 0.27,
      "acc_stderr": 0.0446196043338474,
      "acc_norm": 0.25,
      "acc_norm_stderr": 0.04351941398892446
    },
    "hendrycksTest-high_school_mathematics": {
      "acc": 0.2,
      "acc_stderr": 0.02438843043398766,
      "acc_norm": 0.24074074074074073,
      "acc_norm_stderr": 0.0260671592222758
    },
    "hendrycksTest-anatomy": {
      "acc": 0.22962962962962963,
      "acc_stderr": 0.03633384414073464,
      "acc_norm": 0.2,
      "acc_norm_stderr": 0.034554737023254366
    },
    "hendrycksTest-security_studies": {
      "acc": 0.37551020408163266,
      "acc_stderr": 0.031001209039894843,
      "acc_norm": 0.30612244897959184,
      "acc_norm_stderr": 0.029504896454595964
    },
    "hendrycksTest-high_school_geography": {
      "acc": 0.24242424242424243,
      "acc_stderr": 0.030532892233932026,
      "acc_norm": 0.3181818181818182,
      "acc_norm_stderr": 0.03318477333845331
    },
    "hendrycksTest-high_school_macroeconomics": {
      "acc": 0.23846153846153847,
      "acc_stderr": 0.021606294494647727,
      "acc_norm": 0.2564102564102564,
      "acc_norm_stderr": 0.022139081103971538
    },
    "winogrande": {
      "acc": 0.5808997632202052,
      "acc_stderr": 0.013867325192210114
    },
    "hendrycksTest-international_law": {
      "acc": 0.19834710743801653,
      "acc_stderr": 0.036401182719909456,
      "acc_norm": 0.4628099173553719,
      "acc_norm_stderr": 0.04551711196104218
    },
    "hendrycksTest-high_school_computer_science": {
      "acc": 0.21,
      "acc_stderr": 0.04093601807403326,
      "acc_norm": 0.23,
      "acc_norm_stderr": 0.04229525846816506
    },
    "hendrycksTest-elementary_mathematics": {
      "acc": 0.25132275132275134,
      "acc_stderr": 0.022340482339643895,
      "acc_norm": 0.23544973544973544,
      "acc_norm_stderr": 0.021851509822031715
    },