{
  "results": {
    "hendrycksTest-sociology": {
      "acc": 0.30845771144278605,
      "acc_stderr": 0.03265819588512697,
      "acc_norm": 0.26865671641791045,
      "acc_norm_stderr": 0.03134328358208954
    },
    "hendrycksTest-college_computer_science": {
      "acc": 0.29,
      "acc_stderr": 0.045604802157206845,
      "acc_norm": 0.3,
      "acc_norm_stderr": 0.046056618647183814
    },
    "hendrycksTest-high_school_european_history": {
      "acc": 0.22424242424242424,
      "acc_stderr": 0.032568666616811015,
      "acc_norm": 0.26666666666666666,
      "acc_norm_stderr": 0.03453131801885415
    },
    "hendrycksTest-moral_disputes": {
      "acc": 0.26011560693641617,
      "acc_stderr": 0.023618678310069367,
      "acc_norm": 0.3439306358381503,
      "acc_norm_stderr": 0.025574123786546648
    },
    "hendrycksTest-high_school_microeconomics": {
      "acc": 0.2605042016806723,
      "acc_stderr": 0.028510251512341947,
      "acc_norm": 0.3277310924369748,
      "acc_norm_stderr": 0.030489911417673227
    },
    "hendrycksTest-high_school_us_history": {
      "acc": 0.22549019607843138,
      "acc_stderr": 0.029331162294251735,
      "acc_norm": 0.27941176470588236,
      "acc_norm_stderr": 0.031493281045079556
    },
    "piqa": {
      "acc": 0.7252448313384113,
      "acc_stderr": 0.010415033676676042,
      "acc_norm": 0.7176278563656148,
      "acc_norm_stderr": 0.010502821668555349
    },
    "hendrycksTest-moral_scenarios": {
      "acc": 0.23798882681564246,
      "acc_stderr": 0.014242630070574915,
      "acc_norm": 0.24134078212290502,
      "acc_norm_stderr": 0.014310999547961471
    },
    "hendrycksTest-jurisprudence": {
      "acc": 0.3055555555555556,
      "acc_stderr": 0.04453197507374983,
      "acc_norm": 0.4074074074074074,
      "acc_norm_stderr": 0.04750077341199986
    },
    "hendrycksTest-econometrics": {
      "acc": 0.24561403508771928,
      "acc_stderr": 0.04049339297748141,
      "acc_norm": 0.2543859649122807,
      "acc_norm_stderr": 0.040969851398436716
    },
    "hendrycksTest-global_facts": {
      "acc": 0.23,
      "acc_stderr": 0.04229525846816506,
      "acc_norm": 0.23,
      "acc_norm_stderr": 0.042295258468165065
    },
    "hendrycksTest-us_foreign_policy": {
      "acc": 0.27,
      "acc_stderr": 0.04461960433384741,
      "acc_norm": 0.34,
      "acc_norm_stderr": 0.047609522856952365
    },
    "hendrycksTest-professional_accounting": {
      "acc": 0.24113475177304963,
      "acc_stderr": 0.025518731049537755,
      "acc_norm": 0.2730496453900709,
      "acc_norm_stderr": 0.026577860943307857
    },
    "hendrycksTest-public_relations": {
      "acc": 0.23636363636363636,
      "acc_stderr": 0.04069306319721377,
      "acc_norm": 0.17272727272727273,
      "acc_norm_stderr": 0.03620691833929218
    },
    "hendrycksTest-college_mathematics": {
      "acc": 0.16,
      "acc_stderr": 0.036845294917747094,
      "acc_norm": 0.32,
      "acc_norm_stderr": 0.046882617226215034
    },
    "wsc": {
      "acc": 0.36538461538461536,
      "acc_stderr": 0.0474473339327792
    },
    "hendrycksTest-high_school_computer_science": {
      "acc": 0.27,
      "acc_stderr": 0.04461960433384741,
      "acc_norm": 0.3,
      "acc_norm_stderr": 0.04605661864718381
    },
    "hendrycksTest-college_medicine": {
      "acc": 0.2543352601156069,
      "acc_stderr": 0.0332055644308557,
      "acc_norm": 0.27167630057803466,
      "acc_norm_stderr": 0.0339175032232166
    },
    "hendrycksTest-philosophy": {
      "acc": 0.24115755627009647,
      "acc_stderr": 0.024296594034763426,
      "acc_norm": 0.2990353697749196,
      "acc_norm_stderr": 0.026003301117885135
    },
    "hendrycksTest-virology": {
      "acc": 0.3433734939759036,
      "acc_stderr": 0.03696584317010601,
      "acc_norm": 0.28313253012048195,
      "acc_norm_stderr": 0.03507295431370518
    },
    "hendrycksTest-high_school_statistics": {
      "acc": 0.25462962962962965,
      "acc_stderr": 0.029711275860005364,
      "acc_norm": 0.2916666666666667,
      "acc_norm_stderr": 0.030998666304560517
    },
    "hendrycksTest-college_biology": {
      "acc": 0.25,
      "acc_stderr": 0.03621034121889507,
      "acc_norm": 0.22916666666666666,
      "acc_norm_stderr": 0.035146974678623884
    },
    "hendrycksTest-logical_fallacies": {
      "acc": 0.1901840490797546,
      "acc_stderr": 0.030833491146281252,
      "acc_norm": 0.2822085889570552,
      "acc_norm_stderr": 0.03536117886664743
    },
    "hendrycksTest-abstract_algebra": {
      "acc": 0.22,
      "acc_stderr": 0.04163331998932269,
      "acc_norm": 0.27,
      "acc_norm_stderr": 0.0446196043338474
    },
    "hendrycksTest-human_aging": {
      "acc": 0.3004484304932735,
      "acc_stderr": 0.030769352008229143,
      "acc_norm": 0.24663677130044842,
      "acc_norm_stderr": 0.028930413120910888
    },
    "hendrycksTest-machine_learning": {
      "acc": 0.29464285714285715,
      "acc_stderr": 0.04327040932578728,
      "acc_norm": 0.25,
      "acc_norm_stderr": 0.04109974682633932
    },
    "hendrycksTest-professional_law": {
      "acc": 0.27640156453715775,
      "acc_stderr": 0.01142215319455358,
      "acc_norm": 0.29791395045632335,
      "acc_norm_stderr": 0.011680717340400049
    },
    "hendrycksTest-astronomy": {
      "acc": 0.23684210526315788,
      "acc_stderr": 0.03459777606810537,
      "acc_norm": 0.35526315789473684,
      "acc_norm_stderr": 0.03894734487013316
    },
    "hendrycksTest-high_school_world_history": {
      "acc": 0.2616033755274262,
      "acc_stderr": 0.028609516716994934,
      "acc_norm": 0.2911392405063291,
      "acc_norm_stderr": 0.02957160106575337
    },
    "hendrycksTest-clinical_knowledge": {
      "acc": 0.2943396226415094,
      "acc_stderr": 0.028049186315695248,
      "acc_norm": 0.32075471698113206,
      "acc_norm_stderr": 0.028727502957880267
    },
    "hendrycksTest-electrical_engineering": {
      "acc": 0.3103448275862069,
      "acc_stderr": 0.03855289616378949,
      "acc_norm": 0.31724137931034485,
      "acc_norm_stderr": 0.038783523721386215
    },
    "hendrycksTest-professional_psychology": {
      "acc": 0.2761437908496732,
      "acc_stderr": 0.018087276935663137,
      "acc_norm": 0.28594771241830064,
      "acc_norm_stderr": 0.01828048507295467
    },
    "hendrycksTest-miscellaneous": {
      "acc": 0.26947637292464877,
      "acc_stderr": 0.01586624307321505,
      "acc_norm": 0.26309067688378035,
      "acc_norm_stderr": 0.015745497169049046
    },
    "lambada_openai": {
      "ppl": 6.360352356135211,
      "ppl_stderr": 0.16297659710102846,
      "acc": 0.609353774500291,
      "acc_stderr": 0.006797334493142836
    },
    "hendrycksTest-high_school_chemistry": {
      "acc": 0.15270935960591134,
      "acc_stderr": 0.025308904539380627,
      "acc_norm": 0.24630541871921183,
      "acc_norm_stderr": 0.030315099285617708
    },
    "arc_easy": {
      "acc": 0.5980639730639731,
      "acc_stderr": 0.010060521220920566,
      "acc_norm": 0.5433501683501684,
      "acc_norm_stderr": 0.010221149650118189
    },
    "hendrycksTest-formal_logic": {
      "acc": 0.2698412698412698,
      "acc_stderr": 0.03970158273235172,
      "acc_norm": 0.25396825396825395,
      "acc_norm_stderr": 0.038932596106046734
    },
    "hendrycksTest-conceptual_physics": {
      "acc": 0.2127659574468085,
      "acc_stderr": 0.026754391348039763,
      "acc_norm": 0.16595744680851063,
      "acc_norm_stderr": 0.024321174751038677
    },
    "hendrycksTest-high_school_macroeconomics": {
      "acc": 0.2230769230769231,
      "acc_stderr": 0.02110773012724399,
      "acc_norm": 0.24102564102564103,
      "acc_norm_stderr": 0.021685546665333174
    },
    "hendrycksTest-security_studies": {
      "acc": 0.3346938775510204,
      "acc_stderr": 0.030209235226242307,
      "acc_norm": 0.30612244897959184,
      "acc_norm_stderr": 0.029504896454595964
    },
    "hendrycksTest-marketing": {
      "acc": 0.2863247863247863,