{
  "results": {
    "hendrycksTest-college_biology": {
      "acc": 0.2013888888888889,
      "acc_stderr": 0.033536474697138406,
      "acc_norm": 0.22916666666666666,
      "acc_norm_stderr": 0.03514697467862388
    },
    "hendrycksTest-professional_law": {
      "acc": 0.2692307692307692,
      "acc_stderr": 0.011328734403140318,
      "acc_norm": 0.2985658409387223,
      "acc_norm_stderr": 0.011688060141794226
    },
    "arc_challenge": {
      "acc": 0.2150170648464164,
      "acc_stderr": 0.012005717634133614,
      "acc_norm": 0.24488054607508533,
      "acc_norm_stderr": 0.012566273985131354
    },
    "hendrycksTest-virology": {
      "acc": 0.3192771084337349,
      "acc_stderr": 0.0362933532994786,
      "acc_norm": 0.3313253012048193,
      "acc_norm_stderr": 0.03664314777288086
    },
    "hendrycksTest-computer_security": {
      "acc": 0.3,
      "acc_stderr": 0.046056618647183814,
      "acc_norm": 0.32,
      "acc_norm_stderr": 0.046882617226215034
    },
    "hendrycksTest-nutrition": {
      "acc": 0.30392156862745096,
      "acc_stderr": 0.026336613469046644,
      "acc_norm": 0.39215686274509803,
      "acc_norm_stderr": 0.027956046165424516
    },
    "hendrycksTest-prehistory": {
      "acc": 0.25925925925925924,
      "acc_stderr": 0.02438366553103545,
      "acc_norm": 0.18518518518518517,
      "acc_norm_stderr": 0.0216138093952248
    },
    "hendrycksTest-high_school_biology": {
      "acc": 0.23225806451612904,
      "acc_stderr": 0.02402225613030824,
      "acc_norm": 0.27419354838709675,
      "acc_norm_stderr": 0.025378139970885196
    },
    "hendrycksTest-conceptual_physics": {
      "acc": 0.251063829787234,
      "acc_stderr": 0.028346963777162452,
      "acc_norm": 0.17872340425531916,
      "acc_norm_stderr": 0.025045373272050978
    },
    "hendrycksTest-high_school_geography": {
      "acc": 0.23232323232323232,
      "acc_stderr": 0.030088629490217487,
      "acc_norm": 0.25252525252525254,
      "acc_norm_stderr": 0.030954055470365897
    },
    "hendrycksTest-college_computer_science": {
      "acc": 0.29,
      "acc_stderr": 0.045604802157206845,
      "acc_norm": 0.32,
      "acc_norm_stderr": 0.046882617226215034
    },
    "hendrycksTest-electrical_engineering": {
      "acc": 0.296551724137931,
      "acc_stderr": 0.038061426873099935,
      "acc_norm": 0.31724137931034485,
      "acc_norm_stderr": 0.03878352372138622
    },
    "hendrycksTest-high_school_european_history": {
      "acc": 0.2727272727272727,
      "acc_stderr": 0.0347769116216366,
      "acc_norm": 0.26666666666666666,
      "acc_norm_stderr": 0.034531318018854146
    },
    "hendrycksTest-jurisprudence": {
      "acc": 0.28703703703703703,
      "acc_stderr": 0.04373313040914761,
      "acc_norm": 0.4444444444444444,
      "acc_norm_stderr": 0.04803752235190193
    },
    "hendrycksTest-management": {
      "acc": 0.1650485436893204,
      "acc_stderr": 0.036756688322331886,
      "acc_norm": 0.23300970873786409,
      "acc_norm_stderr": 0.04185832598928315
    },
    "hendrycksTest-medical_genetics": {
      "acc": 0.3,
      "acc_stderr": 0.046056618647183814,
      "acc_norm": 0.35,
      "acc_norm_stderr": 0.04793724854411018
    },
    "hendrycksTest-econometrics": {
      "acc": 0.2807017543859649,
      "acc_stderr": 0.04227054451232201,
      "acc_norm": 0.23684210526315788,
      "acc_norm_stderr": 0.03999423879281336
    },
    "arc_easy": {
      "acc": 0.5206228956228957,
      "acc_stderr": 0.010251052755716103,
      "acc_norm": 0.45707070707070707,
      "acc_norm_stderr": 0.010221897564256056
    },
    "hendrycksTest-human_sexuality": {
      "acc": 0.3053435114503817,
      "acc_stderr": 0.0403931497872456,
      "acc_norm": 0.2824427480916031,
      "acc_norm_stderr": 0.03948406125768361
    },
    "hendrycksTest-high_school_macroeconomics": {
      "acc": 0.2230769230769231,
      "acc_stderr": 0.02110773012724399,
      "acc_norm": 0.26153846153846155,
      "acc_norm_stderr": 0.022282141204204426
    },
    "hendrycksTest-miscellaneous": {
      "acc": 0.25925925925925924,
      "acc_stderr": 0.015671006009339572,
      "acc_norm": 0.2681992337164751,
      "acc_norm_stderr": 0.015842430835269424
    },
    "hendrycksTest-security_studies": {
      "acc": 0.3795918367346939,
      "acc_stderr": 0.03106721126287247,
      "acc_norm": 0.2857142857142857,
      "acc_norm_stderr": 0.028920583220675592
    },
    "hendrycksTest-sociology": {
      "acc": 0.32338308457711445,
      "acc_stderr": 0.03307615947979035,
      "acc_norm": 0.2736318407960199,
      "acc_norm_stderr": 0.031524391865554016
    },
    "hendrycksTest-world_religions": {
      "acc": 0.27485380116959063,
      "acc_stderr": 0.034240429246915824,
      "acc_norm": 0.3333333333333333,
      "acc_norm_stderr": 0.03615507630310933
    },
    "hendrycksTest-high_school_statistics": {
      "acc": 0.25462962962962965,
      "acc_stderr": 0.02971127586000534,
      "acc_norm": 0.30092592592592593,
      "acc_norm_stderr": 0.03128039084329881
    },
    "hendrycksTest-public_relations": {
      "acc": 0.3181818181818182,
      "acc_stderr": 0.044612721759105085,
      "acc_norm": 0.2909090909090909,
      "acc_norm_stderr": 0.04350271442923243
    },
    "logiqa": {
      "acc": 0.21812596006144394,
      "acc_stderr": 0.01619814925841932,
      "acc_norm": 0.2887864823348694,
      "acc_norm_stderr": 0.01777590633653923
    },
    "hendrycksTest-professional_medicine": {
      "acc": 0.22058823529411764,
      "acc_stderr": 0.025187786660227262,
      "acc_norm": 0.2426470588235294,
      "acc_norm_stderr": 0.02604066247420126
    },
    "hendrycksTest-college_mathematics": {
      "acc": 0.19,
      "acc_stderr": 0.039427724440366234,
      "acc_norm": 0.28,
      "acc_norm_stderr": 0.045126085985421276
    },
    "hendrycksTest-astronomy": {
      "acc": 0.23026315789473684,
      "acc_stderr": 0.03426059424403165,
      "acc_norm": 0.34210526315789475,
      "acc_norm_stderr": 0.03860731599316092
    },
    "hendrycksTest-high_school_computer_science": {
      "acc": 0.21,
      "acc_stderr": 0.04093601807403326,
      "acc_norm": 0.31,
      "acc_norm_stderr": 0.04648231987117316
    },
    "hendrycksTest-business_ethics": {
      "acc": 0.43,
      "acc_stderr": 0.049756985195624284,
      "acc_norm": 0.32,
      "acc_norm_stderr": 0.046882617226215034
    },
    "hendrycksTest-high_school_world_history": {
      "acc": 0.25316455696202533,
      "acc_stderr": 0.028304657943035286,
      "acc_norm": 0.2489451476793249,
      "acc_norm_stderr": 0.028146970599422644
    },
    "hendrycksTest-formal_logic": {
      "acc": 0.3253968253968254,
      "acc_stderr": 0.04190596438871137,
      "acc_norm": 0.3412698412698413,
      "acc_norm_stderr": 0.04240799327574924
    },
    "hendrycksTest-clinical_knowledge": {
      "acc": 0.22641509433962265,
      "acc_stderr": 0.02575755989310677,
      "acc_norm": 0.2943396226415094,
      "acc_norm_stderr": 0.028049186315695248
    },
    "hendrycksTest-high_school_mathematics": {
      "acc": 0.2,
      "acc_stderr": 0.02438843043398766,
      "acc_norm": 0.26666666666666666,
      "acc_norm_stderr": 0.026962424325073817
    },
    "hendrycksTest-machine_learning": {
      "acc": 0.2767857142857143,
      "acc_stderr": 0.04246624336697626,
      "acc_norm": 0.26785714285714285,
      "acc_norm_stderr": 0.04203277291467762
    },
    "sciq": {
      "acc": 0.807,
      "acc_stderr": 0.012486268734370141,
      "acc_norm": 0.72,
      "acc_norm_stderr": 0.014205696104091493
    },
    "piqa": {
      "acc": 0.6675734494015234,
      "acc_stderr": 0.010991141557445587,
      "acc_norm": 0.6741022850924918,
      "acc_norm_stderr": 0.01093576021890396
    },
    "hendrycksTest-elementary_mathematics": {
      "acc": 0.22486772486772486,
      "acc_stderr": 0.021502096078229147,
      "acc_norm": 0.24603174603174602,
      "acc_norm_stderr": 0.022182037202948365
    },