{
  "results": {
    "hendrycksTest-business_ethics": {
      "acc": 0.32,
      "acc_stderr": 0.04688261722621504,
      "acc_norm": 0.31,
      "acc_norm_stderr": 0.04648231987117316
    },
    "hendrycksTest-formal_logic": {
      "acc": 0.25396825396825395,
      "acc_stderr": 0.03893259610604671,
      "acc_norm": 0.2619047619047619,
      "acc_norm_stderr": 0.03932537680392871
    },
    "hendrycksTest-human_sexuality": {
      "acc": 0.3435114503816794,
      "acc_stderr": 0.041649760719448786,
      "acc_norm": 0.26717557251908397,
      "acc_norm_stderr": 0.03880848301082396
    },
    "piqa": {
      "acc": 0.6006528835690969,
      "acc_stderr": 0.011427006685027257,
      "acc_norm": 0.602829162132753,
      "acc_norm_stderr": 0.011416453840790274
    },
    "hendrycksTest-moral_scenarios": {
      "acc": 0.24692737430167597,
      "acc_stderr": 0.014422292204808835,
      "acc_norm": 0.2446927374301676,
      "acc_norm_stderr": 0.014378169884098431
    },
    "logiqa": {
      "acc": 0.20583717357910905,
      "acc_stderr": 0.015858423219323875,
      "acc_norm": 0.26574500768049153,
      "acc_norm_stderr": 0.017326040808935687
    },
    "hendrycksTest-world_religions": {
      "acc": 0.2631578947368421,
      "acc_stderr": 0.03377310252209194,
      "acc_norm": 0.2807017543859649,
      "acc_norm_stderr": 0.03446296217088426
    },
    "hendrycksTest-econometrics": {
      "acc": 0.2719298245614035,
      "acc_stderr": 0.04185774424022056,
      "acc_norm": 0.2807017543859649,
      "acc_norm_stderr": 0.042270544512322004
    },
    "hendrycksTest-high_school_european_history": {
      "acc": 0.2909090909090909,
      "acc_stderr": 0.03546563019624335,
      "acc_norm": 0.3090909090909091,
      "acc_norm_stderr": 0.03608541011573967
    },
    "hendrycksTest-nutrition": {
      "acc": 0.2647058823529412,
      "acc_stderr": 0.025261691219729487,
      "acc_norm": 0.32679738562091504,
      "acc_norm_stderr": 0.02685729466328142
    },
    "hendrycksTest-professional_law": {
      "acc": 0.24967405475880053,
      "acc_stderr": 0.011054538377832327,
      "acc_norm": 0.28878748370273793,
      "acc_norm_stderr": 0.011574914757219971
    },
    "arc_easy": {
      "acc": 0.41203703703703703,
      "acc_stderr": 0.01009976585756278,
      "acc_norm": 0.3720538720538721,
      "acc_norm_stderr": 0.009918187193096464
    },
    "hendrycksTest-marketing": {
      "acc": 0.27350427350427353,
      "acc_stderr": 0.02920254015343117,
      "acc_norm": 0.33760683760683763,
      "acc_norm_stderr": 0.030980296992618558
    },
    "hendrycksTest-us_foreign_policy": {
      "acc": 0.27,
      "acc_stderr": 0.04461960433384741,
      "acc_norm": 0.29,
      "acc_norm_stderr": 0.04560480215720684
    },
    "hendrycksTest-high_school_psychology": {
      "acc": 0.26055045871559634,
      "acc_stderr": 0.018819182034850068,
      "acc_norm": 0.22752293577981653,
      "acc_norm_stderr": 0.017974463578776502
    },
    "hendrycksTest-professional_medicine": {
      "acc": 0.24632352941176472,
      "acc_stderr": 0.02617343857052,
      "acc_norm": 0.27205882352941174,
      "acc_norm_stderr": 0.02703304115168146
    },
    "hendrycksTest-high_school_physics": {
      "acc": 0.1986754966887417,
      "acc_stderr": 0.032578473844367746,
      "acc_norm": 0.2582781456953642,
      "acc_norm_stderr": 0.035737053147634576
    },
    "hendrycksTest-high_school_macroeconomics": {
      "acc": 0.22564102564102564,
      "acc_stderr": 0.021193632525148522,
      "acc_norm": 0.2692307692307692,
      "acc_norm_stderr": 0.022489389793654824
    },
    "hendrycksTest-electrical_engineering": {
      "acc": 0.2689655172413793,
      "acc_stderr": 0.03695183311650232,
      "acc_norm": 0.30344827586206896,
      "acc_norm_stderr": 0.038312260488503336
    },
    "hendrycksTest-professional_psychology": {
      "acc": 0.2761437908496732,
      "acc_stderr": 0.018087276935663137,
      "acc_norm": 0.2777777777777778,
      "acc_norm_stderr": 0.018120224251484587
    },
    "hendrycksTest-machine_learning": {
      "acc": 0.20535714285714285,
      "acc_stderr": 0.0383424102141907,
      "acc_norm": 0.25,
      "acc_norm_stderr": 0.04109974682633932
    },
    "hendrycksTest-abstract_algebra": {
      "acc": 0.2,
      "acc_stderr": 0.04020151261036844,
      "acc_norm": 0.23,
      "acc_norm_stderr": 0.04229525846816506
    },
    "hendrycksTest-security_studies": {
      "acc": 0.3306122448979592,
      "acc_stderr": 0.030116426296540603,
      "acc_norm": 0.2612244897959184,
      "acc_norm_stderr": 0.028123429335142773
    },
    "hendrycksTest-sociology": {
      "acc": 0.26865671641791045,
      "acc_stderr": 0.031343283582089536,
      "acc_norm": 0.2885572139303483,
      "acc_norm_stderr": 0.03203841040213322
    },
    "lambada_openai": {
      "ppl": 87.33182051719554,
      "ppl_stderr": 3.6636228675111604,
      "acc": 0.2627595575392975,
      "acc_stderr": 0.006131911939484161
    },
    "hendrycksTest-clinical_knowledge": {
      "acc": 0.25660377358490566,
      "acc_stderr": 0.026880647889051982,
      "acc_norm": 0.3471698113207547,
      "acc_norm_stderr": 0.029300101705549655
    },
    "hendrycksTest-college_medicine": {
      "acc": 0.26011560693641617,
      "acc_stderr": 0.03345036916788991,
      "acc_norm": 0.26011560693641617,
      "acc_norm_stderr": 0.03345036916788991
    },
    "hendrycksTest-college_computer_science": {
      "acc": 0.23,
      "acc_stderr": 0.04229525846816505,
      "acc_norm": 0.22,
      "acc_norm_stderr": 0.041633319989322695
    },
    "hendrycksTest-high_school_mathematics": {
      "acc": 0.13333333333333333,
      "acc_stderr": 0.020726180448133864,
      "acc_norm": 0.21851851851851853,
      "acc_norm_stderr": 0.02519575225182379
    },
    "hendrycksTest-human_aging": {
      "acc": 0.28699551569506726,
      "acc_stderr": 0.03036037971029195,
      "acc_norm": 0.23318385650224216,
      "acc_norm_stderr": 0.028380391147094713
    },
    "hendrycksTest-high_school_world_history": {
      "acc": 0.24050632911392406,
      "acc_stderr": 0.027820781981149675,
      "acc_norm": 0.28270042194092826,
      "acc_norm_stderr": 0.029312814153955914
    },
    "hendrycksTest-international_law": {
      "acc": 0.12396694214876033,
      "acc_stderr": 0.03008309871603521,
      "acc_norm": 0.4132231404958678,
      "acc_norm_stderr": 0.04495087843548408
    },
    "hendrycksTest-college_mathematics": {
      "acc": 0.18,
      "acc_stderr": 0.03861229196653697,
      "acc_norm": 0.27,
      "acc_norm_stderr": 0.044619604333847394
    },
    "hendrycksTest-high_school_computer_science": {
      "acc": 0.23,
      "acc_stderr": 0.042295258468165044,
      "acc_norm": 0.36,
      "acc_norm_stderr": 0.04824181513244218
    },
    "hendrycksTest-high_school_statistics": {
      "acc": 0.21296296296296297,
      "acc_stderr": 0.02792096314799367,
      "acc_norm": 0.25462962962962965,
      "acc_norm_stderr": 0.029711275860005344
    },
    "hendrycksTest-jurisprudence": {
      "acc": 0.21296296296296297,
      "acc_stderr": 0.0395783547198098,
      "acc_norm": 0.3888888888888889,
      "acc_norm_stderr": 0.047128212574267705
    },
    "hendrycksTest-prehistory": {
      "acc": 0.27469135802469136,
      "acc_stderr": 0.02483605786829468,
      "acc_norm": 0.23765432098765432,
      "acc_norm_stderr": 0.023683591837008553
    },
    "hendrycksTest-professional_accounting": {
      "acc": 0.24822695035460993,
      "acc_stderr": 0.025770015644290392,
      "acc_norm": 0.2624113475177305,
      "acc_norm_stderr": 0.026244920349842996
    },
    "hendrycksTest-college_biology": {
      "acc": 0.2708333333333333,
      "acc_stderr": 0.03716177437566015,
      "acc_norm": 0.2569444444444444,
      "acc_norm_stderr": 0.03653946969442099
    },
    "hendrycksTest-high_school_microeconomics": {
      "acc": 0.21428571428571427,
      "acc_stderr": 0.02665353159671549,
      "acc_norm": 0.3235294117647059,