{
  "results": {
    "hendrycksTest-clinical_knowledge": {
      "acc": 0.22641509433962265,
      "acc_stderr": 0.02575755989310676,
      "acc_norm": 0.2830188679245283,
      "acc_norm_stderr": 0.0277242364927009
    },
    "hendrycksTest-security_studies": {
      "acc": 0.3551020408163265,
      "acc_stderr": 0.030635655150387634,
      "acc_norm": 0.30612244897959184,
      "acc_norm_stderr": 0.029504896454595957
    },
    "lambada_openai": {
      "ppl": 12.04095270182914,
      "ppl_stderr": 0.3613030224220281,
      "acc": 0.49582767320007765,
      "acc_stderr": 0.006965735121159854
    },
    "hendrycksTest-high_school_geography": {
      "acc": 0.23232323232323232,
      "acc_stderr": 0.030088629490217487,
      "acc_norm": 0.2676767676767677,
      "acc_norm_stderr": 0.03154449888270285
    },
    "hendrycksTest-human_aging": {
      "acc": 0.30493273542600896,
      "acc_stderr": 0.030898610882477515,
      "acc_norm": 0.2825112107623318,
      "acc_norm_stderr": 0.030216831011508773
    },
    "hendrycksTest-moral_scenarios": {
      "acc": 0.23798882681564246,
      "acc_stderr": 0.014242630070574915,
      "acc_norm": 0.2424581005586592,
      "acc_norm_stderr": 0.01433352205921789
    },
    "hendrycksTest-elementary_mathematics": {
      "acc": 0.21693121693121692,
      "acc_stderr": 0.021227082449445055,
      "acc_norm": 0.24603174603174602,
      "acc_norm_stderr": 0.022182037202948365
    },
    "hendrycksTest-college_physics": {
      "acc": 0.23529411764705882,
      "acc_stderr": 0.04220773659171452,
      "acc_norm": 0.23529411764705882,
      "acc_norm_stderr": 0.04220773659171453
    },
    "hendrycksTest-college_medicine": {
      "acc": 0.19653179190751446,
      "acc_stderr": 0.030299574664788137,
      "acc_norm": 0.24277456647398843,
      "acc_norm_stderr": 0.0326926380614177
    },
    "hendrycksTest-electrical_engineering": {
      "acc": 0.33793103448275863,
      "acc_stderr": 0.039417076320648906,
      "acc_norm": 0.30344827586206896,
      "acc_norm_stderr": 0.038312260488503336
    },
    "hendrycksTest-high_school_microeconomics": {
      "acc": 0.25210084033613445,
      "acc_stderr": 0.028205545033277726,
      "acc_norm": 0.3277310924369748,
      "acc_norm_stderr": 0.030489911417673227
    },
    "hendrycksTest-college_biology": {
      "acc": 0.1875,
      "acc_stderr": 0.032639560491693344,
      "acc_norm": 0.22916666666666666,
      "acc_norm_stderr": 0.035146974678623884
    },
    "hendrycksTest-professional_medicine": {
      "acc": 0.25735294117647056,
      "acc_stderr": 0.02655651947004151,
      "acc_norm": 0.25,
      "acc_norm_stderr": 0.026303648393696036
    },
    "logiqa": {
      "acc": 0.2012288786482335,
      "acc_stderr": 0.0157253258274282,
      "acc_norm": 0.2903225806451613,
      "acc_norm_stderr": 0.01780386214853801
    },
    "hendrycksTest-professional_law": {
      "acc": 0.2666232073011734,
      "acc_stderr": 0.01129383603161214,
      "acc_norm": 0.29465449804432853,
      "acc_norm_stderr": 0.011643576764069562
    },
    "hendrycksTest-prehistory": {
      "acc": 0.24382716049382716,
      "acc_stderr": 0.02389187954195961,
      "acc_norm": 0.19753086419753085,
      "acc_norm_stderr": 0.02215288992789896
    },
    "hendrycksTest-college_computer_science": {
      "acc": 0.3,
      "acc_stderr": 0.04605661864718381,
      "acc_norm": 0.25,
      "acc_norm_stderr": 0.04351941398892446
    },
    "hendrycksTest-machine_learning": {
      "acc": 0.25892857142857145,
      "acc_stderr": 0.041577515398656284,
      "acc_norm": 0.25,
      "acc_norm_stderr": 0.04109974682633932
    },
    "arc_easy": {
      "acc": 0.5164141414141414,
      "acc_stderr": 0.010254253565929301,
      "acc_norm": 0.4515993265993266,
      "acc_norm_stderr": 0.01021160072640522
    },
    "wsc": {
      "acc": 0.625,
      "acc_stderr": 0.04770204856076104
    },
    "hendrycksTest-formal_logic": {
      "acc": 0.31746031746031744,
      "acc_stderr": 0.041634530313028585,
      "acc_norm": 0.29365079365079366,
      "acc_norm_stderr": 0.04073524322147127
    },
    "hendrycksTest-computer_security": {
      "acc": 0.31,
      "acc_stderr": 0.04648231987117316,
      "acc_norm": 0.39,
      "acc_norm_stderr": 0.04902071300001975
    },
    "hendrycksTest-anatomy": {
      "acc": 0.22962962962962963,
      "acc_stderr": 0.03633384414073465,
      "acc_norm": 0.2222222222222222,
      "acc_norm_stderr": 0.035914440841969694
    },
    "piqa": {
      "acc": 0.6719260065288357,
      "acc_stderr": 0.010954487135124234,
      "acc_norm": 0.6724700761697497,
      "acc_norm_stderr": 0.010949830482825468
    },
    "sciq": {
      "acc": 0.806,
      "acc_stderr": 0.012510816141264347,
      "acc_norm": 0.711,
      "acc_norm_stderr": 0.01434171135829618
    },
    "hendrycksTest-high_school_mathematics": {
      "acc": 0.21851851851851853,
      "acc_stderr": 0.025195752251823793,
      "acc_norm": 0.26666666666666666,
      "acc_norm_stderr": 0.026962424325073817
    },
    "hendrycksTest-international_law": {
      "acc": 0.18181818181818182,
      "acc_stderr": 0.03520893951097653,
      "acc_norm": 0.4628099173553719,
      "acc_norm_stderr": 0.04551711196104218
    },
    "hendrycksTest-high_school_computer_science": {
      "acc": 0.2,
      "acc_stderr": 0.04020151261036843,
      "acc_norm": 0.28,
      "acc_norm_stderr": 0.04512608598542128
    },
    "hendrycksTest-global_facts": {
      "acc": 0.19,
      "acc_stderr": 0.03942772444036625,
      "acc_norm": 0.18,
      "acc_norm_stderr": 0.038612291966536934
    },
    "hendrycksTest-econometrics": {
      "acc": 0.2982456140350877,
      "acc_stderr": 0.04303684033537314,
      "acc_norm": 0.22807017543859648,
      "acc_norm_stderr": 0.03947152782669415
    },
    "hendrycksTest-marketing": {
      "acc": 0.24786324786324787,
      "acc_stderr": 0.02828632407556438,
      "acc_norm": 0.2863247863247863,
      "acc_norm_stderr": 0.02961432369045665
    },
    "hendrycksTest-college_chemistry": {
      "acc": 0.22,
      "acc_stderr": 0.04163331998932269,
      "acc_norm": 0.29,
      "acc_norm_stderr": 0.045604802157206845
    },
    "hendrycksTest-jurisprudence": {
      "acc": 0.25925925925925924,
      "acc_stderr": 0.042365112580946336,
      "acc_norm": 0.4444444444444444,
      "acc_norm_stderr": 0.04803752235190193
    },
    "hendrycksTest-medical_genetics": {
      "acc": 0.3,
      "acc_stderr": 0.046056618647183814,
      "acc_norm": 0.38,
      "acc_norm_stderr": 0.04878317312145633
    },
    "hendrycksTest-logical_fallacies": {
      "acc": 0.2147239263803681,
      "acc_stderr": 0.032262193772867744,
      "acc_norm": 0.2822085889570552,
      "acc_norm_stderr": 0.03536117886664743
    },
    "arc_challenge": {
      "acc": 0.20733788395904437,
      "acc_stderr": 0.01184690578297136,
      "acc_norm": 0.24829351535836178,
      "acc_norm_stderr": 0.012624912868089762
    },
    "hendrycksTest-us_foreign_policy": {
      "acc": 0.24,
      "acc_stderr": 0.04292346959909284,
      "acc_norm": 0.34,
      "acc_norm_stderr": 0.04760952285695236
    },
    "hendrycksTest-high_school_european_history": {
      "acc": 0.23636363636363636,
      "acc_stderr": 0.033175059300091805,
      "acc_norm": 0.23636363636363636,
      "acc_norm_stderr": 0.03317505930009179
    },
    "hendrycksTest-public_relations": {
      "acc": 0.3181818181818182,
      "acc_stderr": 0.044612721759105085,
      "acc_norm": 0.2727272727272727,
      "acc_norm_stderr": 0.04265792110940588
    },
    "hendrycksTest-college_mathematics": {
      "acc": 0.17,
      "acc_stderr": 0.0377525168068637,
      "acc_norm": 0.32,
      "acc_norm_stderr": 0.04688261722621505
    },
    "hendrycksTest-management": {
      "acc": 0.17475728155339806,
      "acc_stderr": 0.0376017800602662,
      "acc_norm": 0.2524271844660194,
      "acc_norm_stderr": 0.04301250399690878
    },
    "winogrande": {
      "acc": 0.5256511444356748,