{
  "results": {
    "hendrycksTest-college_mathematics": {
      "acc": 0.26,
      "acc_stderr": 0.0440844002276808,
      "acc_norm": 0.3,
      "acc_norm_stderr": 0.046056618647183814
    },
    "hendrycksTest-moral_scenarios": {
      "acc": 0.23687150837988827,
      "acc_stderr": 0.01421957078810399,
      "acc_norm": 0.25139664804469275,
      "acc_norm_stderr": 0.01450897945355399
    },
    "hendrycksTest-high_school_physics": {
      "acc": 0.19205298013245034,
      "acc_stderr": 0.03216298420593614,
      "acc_norm": 0.1986754966887417,
      "acc_norm_stderr": 0.03257847384436775
    },
    "hendrycksTest-college_computer_science": {
      "acc": 0.25,
      "acc_stderr": 0.04351941398892446,
      "acc_norm": 0.3,
      "acc_norm_stderr": 0.046056618647183814
    },
    "hendrycksTest-high_school_world_history": {
      "acc": 0.25738396624472576,
      "acc_stderr": 0.028458820991460285,
      "acc_norm": 0.28270042194092826,
      "acc_norm_stderr": 0.02931281415395592
    },
    "hendrycksTest-high_school_us_history": {
      "acc": 0.2647058823529412,
      "acc_stderr": 0.03096451792692341,
      "acc_norm": 0.28921568627450983,
      "acc_norm_stderr": 0.03182231867647553
    },
    "hendrycksTest-nutrition": {
      "acc": 0.23202614379084968,
      "acc_stderr": 0.024170840879341002,
      "acc_norm": 0.35294117647058826,
      "acc_norm_stderr": 0.02736359328468493
    },
    "hendrycksTest-virology": {
      "acc": 0.2891566265060241,
      "acc_stderr": 0.03529486801511115,
      "acc_norm": 0.28313253012048195,
      "acc_norm_stderr": 0.03507295431370518
    },
    "hendrycksTest-computer_security": {
      "acc": 0.27,
      "acc_stderr": 0.0446196043338474,
      "acc_norm": 0.33,
      "acc_norm_stderr": 0.04725815626252605
    },
    "hendrycksTest-high_school_psychology": {
      "acc": 0.1853211009174312,
      "acc_stderr": 0.016659279700295838,
      "acc_norm": 0.22201834862385322,
      "acc_norm_stderr": 0.01781884956479664
    },
    "hendrycksTest-high_school_chemistry": {
      "acc": 0.18719211822660098,
      "acc_stderr": 0.027444924966882618,
      "acc_norm": 0.26108374384236455,
      "acc_norm_stderr": 0.030903796952114482
    },
    "hendrycksTest-human_sexuality": {
      "acc": 0.25190839694656486,
      "acc_stderr": 0.03807387116306085,
      "acc_norm": 0.29770992366412213,
      "acc_norm_stderr": 0.04010358942462203
    },
    "hendrycksTest-professional_medicine": {
      "acc": 0.19117647058823528,
      "acc_stderr": 0.02388688192244035,
      "acc_norm": 0.22058823529411764,
      "acc_norm_stderr": 0.02518778666022727
    },
    "hendrycksTest-high_school_european_history": {
      "acc": 0.17575757575757575,
      "acc_stderr": 0.02972094300622445,
      "acc_norm": 0.24848484848484848,
      "acc_norm_stderr": 0.03374402644139404
    },
    "hendrycksTest-human_aging": {
      "acc": 0.3273542600896861,
      "acc_stderr": 0.031493846709941306,
      "acc_norm": 0.2600896860986547,
      "acc_norm_stderr": 0.029442495585857473
    },
    "hendrycksTest-jurisprudence": {
      "acc": 0.23148148148148148,
      "acc_stderr": 0.04077494709252626,
      "acc_norm": 0.3888888888888889,
      "acc_norm_stderr": 0.0471282125742677
    },
    "hendrycksTest-marketing": {
      "acc": 0.29914529914529914,
      "acc_stderr": 0.029996951858349497,
      "acc_norm": 0.3247863247863248,
      "acc_norm_stderr": 0.030679022765498835
    },
    "hendrycksTest-elementary_mathematics": {
      "acc": 0.20899470899470898,
      "acc_stderr": 0.020940481565334842,
      "acc_norm": 0.2222222222222222,
      "acc_norm_stderr": 0.02141168439369419
    },
    "hendrycksTest-abstract_algebra": {
      "acc": 0.25,
      "acc_stderr": 0.04351941398892446,
      "acc_norm": 0.31,
      "acc_norm_stderr": 0.04648231987117316
    },
    "hendrycksTest-college_medicine": {
      "acc": 0.2023121387283237,
      "acc_stderr": 0.03063114553919882,
      "acc_norm": 0.23121387283236994,
      "acc_norm_stderr": 0.032147373020294696
    },
    "hendrycksTest-high_school_geography": {
      "acc": 0.17676767676767677,
      "acc_stderr": 0.027178752639044915,
      "acc_norm": 0.25252525252525254,
      "acc_norm_stderr": 0.030954055470365904
    },
    "hendrycksTest-professional_law": {
      "acc": 0.26988265971316816,
      "acc_stderr": 0.0113373810842504,
      "acc_norm": 0.2940026075619296,
      "acc_norm_stderr": 0.01163606295369861
    },
    "hendrycksTest-econometrics": {
      "acc": 0.30701754385964913,
      "acc_stderr": 0.04339138322579861,
      "acc_norm": 0.2631578947368421,
      "acc_norm_stderr": 0.04142439719489362
    },
    "hendrycksTest-public_relations": {
      "acc": 0.24545454545454545,
      "acc_stderr": 0.04122066502878285,
      "acc_norm": 0.22727272727272727,
      "acc_norm_stderr": 0.04013964554072773
    },
    "hendrycksTest-us_foreign_policy": {
      "acc": 0.25,
      "acc_stderr": 0.04351941398892446,
      "acc_norm": 0.33,
      "acc_norm_stderr": 0.047258156262526045
    },
    "hendrycksTest-formal_logic": {
      "acc": 0.29365079365079366,
      "acc_stderr": 0.04073524322147128,
      "acc_norm": 0.30952380952380953,
      "acc_norm_stderr": 0.04134913018303316
    },
    "hendrycksTest-logical_fallacies": {
      "acc": 0.2085889570552147,
      "acc_stderr": 0.031921934489347235,
      "acc_norm": 0.294478527607362,
      "acc_norm_stderr": 0.03581165790474082
    },
    "hendrycksTest-high_school_statistics": {
      "acc": 0.2175925925925926,
      "acc_stderr": 0.028139689444859676,
      "acc_norm": 0.27314814814814814,
      "acc_norm_stderr": 0.03038805130167812
    },
    "arc_challenge": {
      "acc": 0.20136518771331058,
      "acc_stderr": 0.011718927477444269,
      "acc_norm": 0.22013651877133106,
      "acc_norm_stderr": 0.012108124883460976
    },
    "piqa": {
      "acc": 0.6327529923830251,
      "acc_stderr": 0.011247128539690565,
      "acc_norm": 0.6398258977149075,
      "acc_norm_stderr": 0.01120037517666747
    },
    "hendrycksTest-miscellaneous": {
      "acc": 0.2554278416347382,
      "acc_stderr": 0.015594955384455772,
      "acc_norm": 0.25925925925925924,
      "acc_norm_stderr": 0.01567100600933958
    },
    "hendrycksTest-astronomy": {
      "acc": 0.20394736842105263,
      "acc_stderr": 0.032790004063100515,
      "acc_norm": 0.3092105263157895,
      "acc_norm_stderr": 0.037610708698674805
    },
    "hendrycksTest-college_biology": {
      "acc": 0.2152777777777778,
      "acc_stderr": 0.03437079344106135,
      "acc_norm": 0.22916666666666666,
      "acc_norm_stderr": 0.035146974678623884
    },
    "hendrycksTest-moral_disputes": {
      "acc": 0.2514450867052023,
      "acc_stderr": 0.023357365785874037,
      "acc_norm": 0.2976878612716763,
      "acc_norm_stderr": 0.024617055388676996
    },
    "logiqa": {
      "acc": 0.19969278033794163,
      "acc_stderr": 0.0156802459664206,
      "acc_norm": 0.25499231950844853,
      "acc_norm_stderr": 0.01709571410527983
    },
    "hendrycksTest-clinical_knowledge": {
      "acc": 0.21132075471698114,
      "acc_stderr": 0.025125766484827845,
      "acc_norm": 0.2981132075471698,
      "acc_norm_stderr": 0.02815283794249386
    },
    "hendrycksTest-philosophy": {
      "acc": 0.2379421221864952,
      "acc_stderr": 0.024185150647818707,
      "acc_norm": 0.28938906752411575,
      "acc_norm_stderr": 0.025755865922632928
    },
    "hendrycksTest-electrical_engineering": {
      "acc": 0.2689655172413793,
      "acc_stderr": 0.036951833116502325,
      "acc_norm": 0.31724137931034485,
      "acc_norm_stderr": 0.03878352372138623
    },
    "hendrycksTest-security_studies": {
      "acc": 0.3346938775510204,
      "acc_stderr": 0.030209235226242307,
      "acc_norm": 0.2530612244897959,
      "acc_norm_stderr": 0.02783302387139968
    },
    "wsc": {
      "acc": 0.36538461538461536,
      "acc_stderr": 0.0474473339327792
    },