{
  "results": {
    "hendrycksTest-conceptual_physics": {
      "acc": 0.23404255319148937,
      "acc_stderr": 0.02767845257821239,
      "acc_norm": 0.22127659574468084,
      "acc_norm_stderr": 0.02713634960242406
    },
    "hendrycksTest-college_computer_science": {
      "acc": 0.36,
      "acc_stderr": 0.04824181513244218,
      "acc_norm": 0.3,
      "acc_norm_stderr": 0.046056618647183814
    },
    "hendrycksTest-professional_psychology": {
      "acc": 0.25,
      "acc_stderr": 0.01751781884501444,
      "acc_norm": 0.27450980392156865,
      "acc_norm_stderr": 0.0180540274588152
    },
    "hendrycksTest-abstract_algebra": {
      "acc": 0.21,
      "acc_stderr": 0.040936018074033256,
      "acc_norm": 0.21,
      "acc_norm_stderr": 0.040936018074033256
    },
    "arc_challenge": {
      "acc": 0.20819112627986347,
      "acc_stderr": 0.011864866118448072,
      "acc_norm": 0.25341296928327645,
      "acc_norm_stderr": 0.012710896778378606
    },
    "hendrycksTest-astronomy": {
      "acc": 0.21052631578947367,
      "acc_stderr": 0.03317672787533157,
      "acc_norm": 0.29605263157894735,
      "acc_norm_stderr": 0.03715062154998903
    },
    "hendrycksTest-college_biology": {
      "acc": 0.2986111111111111,
      "acc_stderr": 0.03827052357950756,
      "acc_norm": 0.2638888888888889,
      "acc_norm_stderr": 0.03685651095897532
    },
    "hendrycksTest-college_physics": {
      "acc": 0.18627450980392157,
      "acc_stderr": 0.038739587141493524,
      "acc_norm": 0.24509803921568626,
      "acc_norm_stderr": 0.042801058373643945
    },
    "hendrycksTest-marketing": {
      "acc": 0.2948717948717949,
      "acc_stderr": 0.029872577708891148,
      "acc_norm": 0.31196581196581197,
      "acc_norm_stderr": 0.03035152732334496
    },
    "hendrycksTest-high_school_computer_science": {
      "acc": 0.22,
      "acc_stderr": 0.0416333199893227,
      "acc_norm": 0.27,
      "acc_norm_stderr": 0.0446196043338474
    },
    "hendrycksTest-nutrition": {
      "acc": 0.28431372549019607,
      "acc_stderr": 0.025829163272757468,
      "acc_norm": 0.3790849673202614,
      "acc_norm_stderr": 0.027780141207023337
    },
    "hendrycksTest-high_school_physics": {
      "acc": 0.2185430463576159,
      "acc_stderr": 0.03374235550425694,
      "acc_norm": 0.23178807947019867,
      "acc_norm_stderr": 0.03445406271987053
    },
    "hendrycksTest-high_school_chemistry": {
      "acc": 0.22167487684729065,
      "acc_stderr": 0.029225575892489593,
      "acc_norm": 0.27586206896551724,
      "acc_norm_stderr": 0.03144712581678243
    },
    "arc_easy": {
      "acc": 0.5227272727272727,
      "acc_stderr": 0.010249179090605973,
      "acc_norm": 0.4541245791245791,
      "acc_norm_stderr": 0.010216507710244092
    },
    "hendrycksTest-international_law": {
      "acc": 0.15702479338842976,
      "acc_stderr": 0.03321244842547129,
      "acc_norm": 0.4462809917355372,
      "acc_norm_stderr": 0.0453793517794788
    },
    "hendrycksTest-world_religions": {
      "acc": 0.30409356725146197,
      "acc_stderr": 0.03528211258245231,
      "acc_norm": 0.36257309941520466,
      "acc_norm_stderr": 0.0368713061556206
    },
    "hendrycksTest-high_school_world_history": {
      "acc": 0.22784810126582278,
      "acc_stderr": 0.02730348459906943,
      "acc_norm": 0.24472573839662448,
      "acc_norm_stderr": 0.02798569938703642
    },
    "sciq": {
      "acc": 0.824,
      "acc_stderr": 0.012048616898597505,
      "acc_norm": 0.726,
      "acc_norm_stderr": 0.014111099288259588
    },
    "hendrycksTest-business_ethics": {
      "acc": 0.39,
      "acc_stderr": 0.04902071300001975,
      "acc_norm": 0.29,
      "acc_norm_stderr": 0.04560480215720683
    },
    "hendrycksTest-moral_disputes": {
      "acc": 0.28034682080924855,
      "acc_stderr": 0.02418242749657762,
      "acc_norm": 0.32947976878612717,
      "acc_norm_stderr": 0.025305258131879713
    },
    "winogrande": {
      "acc": 0.5185477505919495,
      "acc_stderr": 0.014042813708888378
    },
    "hendrycksTest-electrical_engineering": {
      "acc": 0.30344827586206896,
      "acc_stderr": 0.03831226048850333,
      "acc_norm": 0.3103448275862069,
      "acc_norm_stderr": 0.03855289616378948
    },
    "hendrycksTest-sociology": {
      "acc": 0.30845771144278605,
      "acc_stderr": 0.03265819588512697,
      "acc_norm": 0.3034825870646766,
      "acc_norm_stderr": 0.03251006816458618
    },
    "hendrycksTest-global_facts": {
      "acc": 0.16,
      "acc_stderr": 0.03684529491774708,
      "acc_norm": 0.19,
      "acc_norm_stderr": 0.03942772444036625
    },
    "logiqa": {
      "acc": 0.20430107526881722,
      "acc_stderr": 0.01581441143693469,
      "acc_norm": 0.29185867895545314,
      "acc_norm_stderr": 0.017831570553971925
    },
    "hendrycksTest-professional_law": {
      "acc": 0.25749674054758803,
      "acc_stderr": 0.011167706014904154,
      "acc_norm": 0.2953063885267275,
      "acc_norm_stderr": 0.011651061936208813
    },
    "hendrycksTest-miscellaneous": {
      "acc": 0.2554278416347382,
      "acc_stderr": 0.015594955384455779,
      "acc_norm": 0.2515964240102171,
      "acc_norm_stderr": 0.015517322365529614
    },
    "hendrycksTest-professional_accounting": {
      "acc": 0.2553191489361702,
      "acc_stderr": 0.026011992930902013,
      "acc_norm": 0.24822695035460993,
      "acc_norm_stderr": 0.0257700156442904
    },
    "hendrycksTest-anatomy": {
      "acc": 0.25925925925925924,
      "acc_stderr": 0.037857144650666544,
      "acc_norm": 0.21481481481481482,
      "acc_norm_stderr": 0.035478541985608264
    },
    "hendrycksTest-moral_scenarios": {
      "acc": 0.23798882681564246,
      "acc_stderr": 0.014242630070574915,
      "acc_norm": 0.27039106145251396,
      "acc_norm_stderr": 0.014854993938010092
    },
    "hendrycksTest-high_school_government_and_politics": {
      "acc": 0.23834196891191708,
      "acc_stderr": 0.030748905363909895,
      "acc_norm": 0.2694300518134715,
      "acc_norm_stderr": 0.03201867122877794
    },
    "hendrycksTest-computer_security": {
      "acc": 0.3,
      "acc_stderr": 0.046056618647183814,
      "acc_norm": 0.38,
      "acc_norm_stderr": 0.04878317312145632
    },
    "lambada_openai": {
      "ppl": 11.082852045729362,
      "ppl_stderr": 0.32866077661917176,
      "acc": 0.5024257713953038,
      "acc_stderr": 0.006965895675973334
    },
    "hendrycksTest-college_chemistry": {
      "acc": 0.3,
      "acc_stderr": 0.046056618647183814,
      "acc_norm": 0.33,
      "acc_norm_stderr": 0.04725815626252605
    },
    "hendrycksTest-high_school_mathematics": {
      "acc": 0.2,
      "acc_stderr": 0.02438843043398766,
      "acc_norm": 0.25555555555555554,
      "acc_norm_stderr": 0.02659393910184407
    },
    "hendrycksTest-us_foreign_policy": {
      "acc": 0.32,
      "acc_stderr": 0.046882617226215034,
      "acc_norm": 0.33,
      "acc_norm_stderr": 0.04725815626252606
    },
    "hendrycksTest-human_sexuality": {
      "acc": 0.3053435114503817,
      "acc_stderr": 0.040393149787245605,
      "acc_norm": 0.2900763358778626,
      "acc_norm_stderr": 0.03980066246467765
    },
    "hendrycksTest-security_studies": {
      "acc": 0.4122448979591837,
      "acc_stderr": 0.031512360446742806,
      "acc_norm": 0.2897959183673469,
      "acc_norm_stderr": 0.02904308868330433
    },
    "hendrycksTest-college_mathematics": {
      "acc": 0.25,
      "acc_stderr": 0.04351941398892446,
      "acc_norm": 0.31,
      "acc_norm_stderr": 0.04648231987117316
    },
    "hendrycksTest-high_school_statistics": {
      "acc": 0.19444444444444445,
      "acc_stderr": 0.026991454502036726,
      "acc_norm": 0.2916666666666667,
      "acc_norm_stderr": 0.030998666304560517
    },
    "hendrycksTest-philosophy": {
      "acc": 0.26366559485530544,
      "acc_stderr": 0.02502553850053234,
      "acc_norm": 0.3215434083601286,
      "acc_norm_stderr": 0.026527724079528872
    },