{
  "results": {
    "hendrycksTest-professional_accounting": {
      "acc": 0.22340425531914893,
      "acc_stderr": 0.02484792135806396,
      "acc_norm": 0.2553191489361702,
      "acc_norm_stderr": 0.02601199293090201
    },
    "hendrycksTest-moral_disputes": {
      "acc": 0.2630057803468208,
      "acc_stderr": 0.023703099525258165,
      "acc_norm": 0.3063583815028902,
      "acc_norm_stderr": 0.024818350129436593
    },
    "arc_easy": {
      "acc": 0.4562289562289562,
      "acc_stderr": 0.010220394383722015,
      "acc_norm": 0.42676767676767674,
      "acc_norm_stderr": 0.01014914104395565
    },
    "wsc": {
      "acc": 0.36538461538461536,
      "acc_stderr": 0.0474473339327792
    },
    "sciq": {
      "acc": 0.777,
      "acc_stderr": 0.013169830843425689,
      "acc_norm": 0.689,
      "acc_norm_stderr": 0.014645596385722694
    },
    "hendrycksTest-college_mathematics": {
      "acc": 0.2,
      "acc_stderr": 0.04020151261036845,
      "acc_norm": 0.27,
      "acc_norm_stderr": 0.044619604333847394
    },
    "hendrycksTest-high_school_computer_science": {
      "acc": 0.29,
      "acc_stderr": 0.04560480215720684,
      "acc_norm": 0.34,
      "acc_norm_stderr": 0.047609522856952365
    },
    "hendrycksTest-logical_fallacies": {
      "acc": 0.19631901840490798,
      "acc_stderr": 0.031207970394709215,
      "acc_norm": 0.26993865030674846,
      "acc_norm_stderr": 0.03487825168497892
    },
    "hendrycksTest-abstract_algebra": {
      "acc": 0.27,
      "acc_stderr": 0.0446196043338474,
      "acc_norm": 0.32,
      "acc_norm_stderr": 0.046882617226215034
    },
    "hendrycksTest-professional_medicine": {
      "acc": 0.20220588235294118,
      "acc_stderr": 0.024398192986654924,
      "acc_norm": 0.21323529411764705,
      "acc_norm_stderr": 0.02488097151229426
    },
    "hendrycksTest-business_ethics": {
      "acc": 0.33,
      "acc_stderr": 0.04725815626252604,
      "acc_norm": 0.26,
      "acc_norm_stderr": 0.04408440022768079
    },
    "hendrycksTest-high_school_chemistry": {
      "acc": 0.19704433497536947,
      "acc_stderr": 0.02798672466673622,
      "acc_norm": 0.26108374384236455,
      "acc_norm_stderr": 0.030903796952114475
    },
    "hendrycksTest-econometrics": {
      "acc": 0.2543859649122807,
      "acc_stderr": 0.040969851398436716,
      "acc_norm": 0.22807017543859648,
      "acc_norm_stderr": 0.03947152782669415
    },
    "hendrycksTest-high_school_european_history": {
      "acc": 0.24848484848484848,
      "acc_stderr": 0.03374402644139404,
      "acc_norm": 0.2787878787878788,
      "acc_norm_stderr": 0.03501438706296781
    },
    "hendrycksTest-human_sexuality": {
      "acc": 0.2900763358778626,
      "acc_stderr": 0.03980066246467765,
      "acc_norm": 0.31297709923664124,
      "acc_norm_stderr": 0.04066962905677697
    },
    "hendrycksTest-college_physics": {
      "acc": 0.2549019607843137,
      "acc_stderr": 0.04336432707993178,
      "acc_norm": 0.21568627450980393,
      "acc_norm_stderr": 0.04092563958237653
    },
    "hendrycksTest-high_school_geography": {
      "acc": 0.16161616161616163,
      "acc_stderr": 0.026225919863629297,
      "acc_norm": 0.23232323232323232,
      "acc_norm_stderr": 0.030088629490217483
    },
    "hendrycksTest-philosophy": {
      "acc": 0.21543408360128619,
      "acc_stderr": 0.02335022547547143,
      "acc_norm": 0.2861736334405145,
      "acc_norm_stderr": 0.025670259242188947
    },
    "hendrycksTest-machine_learning": {
      "acc": 0.23214285714285715,
      "acc_stderr": 0.04007341809755804,
      "acc_norm": 0.22321428571428573,
      "acc_norm_stderr": 0.039523019677025116
    },
    "hendrycksTest-international_law": {
      "acc": 0.18181818181818182,
      "acc_stderr": 0.03520893951097652,
      "acc_norm": 0.4132231404958678,
      "acc_norm_stderr": 0.04495087843548408
    },
    "hendrycksTest-us_foreign_policy": {
      "acc": 0.27,
      "acc_stderr": 0.04461960433384741,
      "acc_norm": 0.32,
      "acc_norm_stderr": 0.046882617226215034
    },
    "hendrycksTest-college_medicine": {
      "acc": 0.1676300578034682,
      "acc_stderr": 0.02848196303214339,
      "acc_norm": 0.2138728323699422,
      "acc_norm_stderr": 0.031265112061730424
    },
    "hendrycksTest-conceptual_physics": {
      "acc": 0.25957446808510637,
      "acc_stderr": 0.02865917937429232,
      "acc_norm": 0.20851063829787234,
      "acc_norm_stderr": 0.026556982117838714
    },
    "arc_challenge": {
      "acc": 0.18088737201365188,
      "acc_stderr": 0.011248574467407048,
      "acc_norm": 0.22525597269624573,
      "acc_norm_stderr": 0.012207839995407305
    },
    "hendrycksTest-college_chemistry": {
      "acc": 0.26,
      "acc_stderr": 0.04408440022768077,
      "acc_norm": 0.31,
      "acc_norm_stderr": 0.04648231987117316
    },
    "hendrycksTest-security_studies": {
      "acc": 0.3224489795918367,
      "acc_stderr": 0.02992310056368391,
      "acc_norm": 0.27755102040816326,
      "acc_norm_stderr": 0.028666857790274645
    },
    "hendrycksTest-miscellaneous": {
      "acc": 0.2503192848020434,
      "acc_stderr": 0.01549108895149459,
      "acc_norm": 0.2669220945083014,
      "acc_norm_stderr": 0.015818450894777562
    },
    "hendrycksTest-astronomy": {
      "acc": 0.15789473684210525,
      "acc_stderr": 0.029674167520101425,
      "acc_norm": 0.3026315789473684,
      "acc_norm_stderr": 0.03738520676119669
    },
    "hendrycksTest-high_school_macroeconomics": {
      "acc": 0.2282051282051282,
      "acc_stderr": 0.02127839386358628,
      "acc_norm": 0.2743589743589744,
      "acc_norm_stderr": 0.02262276576749322
    },
    "hendrycksTest-medical_genetics": {
      "acc": 0.28,
      "acc_stderr": 0.04512608598542128,
      "acc_norm": 0.32,
      "acc_norm_stderr": 0.046882617226215034
    },
    "hendrycksTest-sociology": {
      "acc": 0.2885572139303483,
      "acc_stderr": 0.03203841040213321,
      "acc_norm": 0.2935323383084577,
      "acc_norm_stderr": 0.032200241045342054
    },
    "hendrycksTest-anatomy": {
      "acc": 0.18518518518518517,
      "acc_stderr": 0.03355677216313142,
      "acc_norm": 0.2222222222222222,
      "acc_norm_stderr": 0.0359144408419697
    },
    "hendrycksTest-high_school_world_history": {
      "acc": 0.24050632911392406,
      "acc_stderr": 0.02782078198114968,
      "acc_norm": 0.2616033755274262,
      "acc_norm_stderr": 0.028609516716994934
    },
    "hendrycksTest-high_school_biology": {
      "acc": 0.22258064516129034,
      "acc_stderr": 0.023664216671642518,
      "acc_norm": 0.267741935483871,
      "acc_norm_stderr": 0.025189006660212385
    },
    "hendrycksTest-management": {
      "acc": 0.1650485436893204,
      "acc_stderr": 0.036756688322331886,
      "acc_norm": 0.21359223300970873,
      "acc_norm_stderr": 0.040580420156460344
    },
    "piqa": {
      "acc": 0.6284004352557128,
      "acc_stderr": 0.011274603006724749,
      "acc_norm": 0.6316648531011969,
      "acc_norm_stderr": 0.011254089354334348
    },
    "hendrycksTest-college_biology": {
      "acc": 0.2361111111111111,
      "acc_stderr": 0.03551446610810826,
      "acc_norm": 0.25,
      "acc_norm_stderr": 0.03621034121889507
    },
    "hendrycksTest-elementary_mathematics": {
      "acc": 0.20899470899470898,
      "acc_stderr": 0.02094048156533485,
      "acc_norm": 0.23015873015873015,
      "acc_norm_stderr": 0.02167921966369314
    },
    "hendrycksTest-computer_security": {
      "acc": 0.27,
      "acc_stderr": 0.0446196043338474,
      "acc_norm": 0.3,
      "acc_norm_stderr": 0.046056618647183814
    },
    "hendrycksTest-high_school_psychology": {
      "acc": 0.22385321100917432,
      "acc_stderr": 0.01787121776779022,
      "acc_norm": 0.25137614678899084,
      "acc_norm_stderr": 0.018599206360287415
    },
    "hendrycksTest-high_school_us_history": {
      "acc": 0.27941176470588236,
      "acc_stderr": 0.03149328104507957,
      "acc_norm": 0.25,