{
  "results": {
    "hendrycksTest-high_school_us_history": {
      "acc": 0.24509803921568626,
      "acc_stderr": 0.030190282453501936,
      "acc_norm": 0.25,
      "acc_norm_stderr": 0.03039153369274154
    },
    "hendrycksTest-professional_psychology": {
      "acc": 0.2630718954248366,
      "acc_stderr": 0.017812676542320653,
      "acc_norm": 0.27450980392156865,
      "acc_norm_stderr": 0.0180540274588152
    },
    "hendrycksTest-high_school_computer_science": {
      "acc": 0.23,
      "acc_stderr": 0.04229525846816507,
      "acc_norm": 0.24,
      "acc_norm_stderr": 0.04292346959909281
    },
    "hendrycksTest-marketing": {
      "acc": 0.3547008547008547,
      "acc_stderr": 0.03134250486245402,
      "acc_norm": 0.33760683760683763,
      "acc_norm_stderr": 0.030980296992618558
    },
    "hendrycksTest-elementary_mathematics": {
      "acc": 0.2671957671957672,
      "acc_stderr": 0.022789673145776564,
      "acc_norm": 0.2830687830687831,
      "acc_norm_stderr": 0.023201392938194974
    },
    "hendrycksTest-college_medicine": {
      "acc": 0.21965317919075145,
      "acc_stderr": 0.031568093627031744,
      "acc_norm": 0.3063583815028902,
      "acc_norm_stderr": 0.03514942551267437
    },
    "hendrycksTest-nutrition": {
      "acc": 0.35947712418300654,
      "acc_stderr": 0.027475969910660956,
      "acc_norm": 0.39215686274509803,
      "acc_norm_stderr": 0.02795604616542451
    },
    "hendrycksTest-college_biology": {
      "acc": 0.19444444444444445,
      "acc_stderr": 0.03309615177059006,
      "acc_norm": 0.22916666666666666,
      "acc_norm_stderr": 0.035146974678623884
    },
    "hendrycksTest-professional_law": {
      "acc": 0.27509778357235987,
      "acc_stderr": 0.011405443620996939,
      "acc_norm": 0.288135593220339,
      "acc_norm_stderr": 0.01156714066132457
    },
    "hendrycksTest-high_school_chemistry": {
      "acc": 0.22660098522167488,
      "acc_stderr": 0.029454863835293003,
      "acc_norm": 0.3251231527093596,
      "acc_norm_stderr": 0.032957975663112704
    },
    "hendrycksTest-sociology": {
      "acc": 0.27860696517412936,
      "acc_stderr": 0.031700561834973086,
      "acc_norm": 0.2885572139303483,
      "acc_norm_stderr": 0.03203841040213322
    },
    "hendrycksTest-high_school_macroeconomics": {
      "acc": 0.2512820512820513,
      "acc_stderr": 0.021992016662370554,
      "acc_norm": 0.2717948717948718,
      "acc_norm_stderr": 0.022556551010132354
    },
    "sciq": {
      "acc": 0.911,
      "acc_stderr": 0.009008893392651523,
      "acc_norm": 0.846,
      "acc_norm_stderr": 0.011419913065098701
    },
    "hendrycksTest-prehistory": {
      "acc": 0.23765432098765432,
      "acc_stderr": 0.02368359183700855,
      "acc_norm": 0.21604938271604937,
      "acc_norm_stderr": 0.022899162918445806
    },
    "hendrycksTest-philosophy": {
      "acc": 0.2379421221864952,
      "acc_stderr": 0.024185150647818707,
      "acc_norm": 0.31189710610932475,
      "acc_norm_stderr": 0.02631185807185416
    },
    "arc_easy": {
      "acc": 0.67003367003367,
      "acc_stderr": 0.00964831157424104,
      "acc_norm": 0.6102693602693603,
      "acc_norm_stderr": 0.010007169391797051
    },
    "hendrycksTest-conceptual_physics": {
      "acc": 0.28085106382978725,
      "acc_stderr": 0.02937917046412481,
      "acc_norm": 0.19148936170212766,
      "acc_norm_stderr": 0.025722149992637805
    },
    "hendrycksTest-human_aging": {
      "acc": 0.3004484304932735,
      "acc_stderr": 0.03076935200822915,
      "acc_norm": 0.21076233183856502,
      "acc_norm_stderr": 0.027373095500540193
    },
    "hendrycksTest-management": {
      "acc": 0.30097087378640774,
      "acc_stderr": 0.04541609446503947,
      "acc_norm": 0.2912621359223301,
      "acc_norm_stderr": 0.04498676320572922
    },
    "hendrycksTest-moral_scenarios": {
      "acc": 0.25139664804469275,
      "acc_stderr": 0.014508979453553976,
      "acc_norm": 0.27262569832402234,
      "acc_norm_stderr": 0.014893391735249588
    },
    "hendrycksTest-professional_medicine": {
      "acc": 0.27205882352941174,
      "acc_stderr": 0.02703304115168146,
      "acc_norm": 0.2867647058823529,
      "acc_norm_stderr": 0.027472274473233818
    },
    "hendrycksTest-logical_fallacies": {
      "acc": 0.22699386503067484,
      "acc_stderr": 0.03291099578615767,
      "acc_norm": 0.32515337423312884,
      "acc_norm_stderr": 0.03680350371286461
    },
    "hendrycksTest-computer_security": {
      "acc": 0.31,
      "acc_stderr": 0.04648231987117316,
      "acc_norm": 0.34,
      "acc_norm_stderr": 0.04760952285695236
    },
    "hendrycksTest-public_relations": {
      "acc": 0.35454545454545455,
      "acc_stderr": 0.04582004841505417,
      "acc_norm": 0.22727272727272727,
      "acc_norm_stderr": 0.040139645540727714
    },
    "hendrycksTest-human_sexuality": {
      "acc": 0.4122137404580153,
      "acc_stderr": 0.04317171194870254,
      "acc_norm": 0.32061068702290074,
      "acc_norm_stderr": 0.04093329229834278
    },
    "hendrycksTest-business_ethics": {
      "acc": 0.26,
      "acc_stderr": 0.04408440022768077,
      "acc_norm": 0.23,
      "acc_norm_stderr": 0.042295258468165065
    },
    "hendrycksTest-virology": {
      "acc": 0.3674698795180723,
      "acc_stderr": 0.03753267402120574,
      "acc_norm": 0.29518072289156627,
      "acc_norm_stderr": 0.0355092018568963
    },
    "wsc": {
      "acc": 0.3942307692307692,
      "acc_stderr": 0.04815154775990711
    },
    "hendrycksTest-high_school_world_history": {
      "acc": 0.25738396624472576,
      "acc_stderr": 0.0284588209914603,
      "acc_norm": 0.26582278481012656,
      "acc_norm_stderr": 0.02875679962965834
    },
    "hendrycksTest-global_facts": {
      "acc": 0.32,
      "acc_stderr": 0.04688261722621503,
      "acc_norm": 0.32,
      "acc_norm_stderr": 0.046882617226215034
    },
    "hendrycksTest-medical_genetics": {
      "acc": 0.35,
      "acc_stderr": 0.04793724854411019,
      "acc_norm": 0.38,
      "acc_norm_stderr": 0.048783173121456316
    },
    "hendrycksTest-high_school_microeconomics": {
      "acc": 0.22268907563025211,
      "acc_stderr": 0.027025433498882395,
      "acc_norm": 0.33613445378151263,
      "acc_norm_stderr": 0.030684737115135363
    },
    "hendrycksTest-international_law": {
      "acc": 0.2231404958677686,
      "acc_stderr": 0.03800754475228733,
      "acc_norm": 0.47107438016528924,
      "acc_norm_stderr": 0.04556710331269498
    },
    "hendrycksTest-machine_learning": {
      "acc": 0.30357142857142855,
      "acc_stderr": 0.04364226155841044,
      "acc_norm": 0.26785714285714285,
      "acc_norm_stderr": 0.04203277291467763
    },
    "hendrycksTest-professional_accounting": {
      "acc": 0.21631205673758866,
      "acc_stderr": 0.024561720560562793,
      "acc_norm": 0.20212765957446807,
      "acc_norm_stderr": 0.02395666823785024
    },
    "hendrycksTest-us_foreign_policy": {
      "acc": 0.35,
      "acc_stderr": 0.047937248544110196,
      "acc_norm": 0.36,
      "acc_norm_stderr": 0.04824181513244218
    },
    "hendrycksTest-high_school_psychology": {
      "acc": 0.27522935779816515,
      "acc_stderr": 0.019149093743155203,
      "acc_norm": 0.24954128440366974,
      "acc_norm_stderr": 0.01855389762950162
    },
    "hendrycksTest-college_chemistry": {
      "acc": 0.3,
      "acc_stderr": 0.046056618647183814,
      "acc_norm": 0.36,
      "acc_norm_stderr": 0.04824181513244218
    },
    "hendrycksTest-miscellaneous": {
      "acc": 0.2656449553001277,
      "acc_stderr": 0.015794302487888722,
      "acc_norm": 0.24393358876117496,
      "acc_norm_stderr": 0.015357212665829475
    },
    "hendrycksTest-high_school_government_and_politics": {
      "acc": 0.22797927461139897,
      "acc_stderr": 0.030276909945178256,
      "acc_norm": 0.22797927461139897,
      "acc_norm_stderr": 0.030276909945178256
    },
    "hendrycksTest-world_religions": {
      "acc": 0.3157894736842105,