{
  "results": {
    "hendrycksTest-professional_psychology": {
      "acc": 0.27124183006535946,
      "acc_stderr": 0.01798661530403031,
      "acc_norm": 0.26143790849673204,
      "acc_norm_stderr": 0.017776947157528037
    },
    "hendrycksTest-high_school_computer_science": {
      "acc": 0.2,
      "acc_stderr": 0.040201512610368445,
      "acc_norm": 0.28,
      "acc_norm_stderr": 0.04512608598542128
    },
    "hendrycksTest-high_school_statistics": {
      "acc": 0.27314814814814814,
      "acc_stderr": 0.030388051301678116,
      "acc_norm": 0.30092592592592593,
      "acc_norm_stderr": 0.03128039084329881
    },
    "lambada_openai": {
      "ppl": 4.928150904681545,
      "ppl_stderr": 0.11431151667974634,
      "acc": 0.6471958082670289,
      "acc_stderr": 0.006657279471298494
    },
    "hendrycksTest-high_school_biology": {
      "acc": 0.25161290322580643,
      "acc_stderr": 0.02468597928623995,
      "acc_norm": 0.2870967741935484,
      "acc_norm_stderr": 0.025736542745594525
    },
    "hendrycksTest-philosophy": {
      "acc": 0.21543408360128619,
      "acc_stderr": 0.02335022547547142,
      "acc_norm": 0.3054662379421222,
      "acc_norm_stderr": 0.026160584450140488
    },
    "hendrycksTest-professional_law": {
      "acc": 0.27249022164276404,
      "acc_stderr": 0.01137165829431153,
      "acc_norm": 0.29921773142112124,
      "acc_norm_stderr": 0.011695374630696038
    },
    "hendrycksTest-moral_disputes": {
      "acc": 0.2774566473988439,
      "acc_stderr": 0.024105712607754307,
      "acc_norm": 0.3468208092485549,
      "acc_norm_stderr": 0.025624723994030457
    },
    "hendrycksTest-college_computer_science": {
      "acc": 0.26,
      "acc_stderr": 0.044084400227680794,
      "acc_norm": 0.3,
      "acc_norm_stderr": 0.046056618647183814
    },
    "hendrycksTest-world_religions": {
      "acc": 0.38011695906432746,
      "acc_stderr": 0.037229657413855394,
      "acc_norm": 0.40350877192982454,
      "acc_norm_stderr": 0.03762738699917055
    },
    "hendrycksTest-international_law": {
      "acc": 0.2396694214876033,
      "acc_stderr": 0.03896878985070417,
      "acc_norm": 0.4380165289256198,
      "acc_norm_stderr": 0.045291468044357915
    },
    "hendrycksTest-high_school_psychology": {
      "acc": 0.27706422018348625,
      "acc_stderr": 0.01918848259016954,
      "acc_norm": 0.26972477064220185,
      "acc_norm_stderr": 0.01902848671111544
    },
    "hendrycksTest-anatomy": {
      "acc": 0.25925925925925924,
      "acc_stderr": 0.03785714465066654,
      "acc_norm": 0.25925925925925924,
      "acc_norm_stderr": 0.037857144650666544
    },
    "hendrycksTest-medical_genetics": {
      "acc": 0.27,
      "acc_stderr": 0.04461960433384739,
      "acc_norm": 0.37,
      "acc_norm_stderr": 0.04852365870939099
    },
    "hendrycksTest-machine_learning": {
      "acc": 0.24107142857142858,
      "acc_stderr": 0.04059867246952686,
      "acc_norm": 0.23214285714285715,
      "acc_norm_stderr": 0.04007341809755807
    },
    "hendrycksTest-miscellaneous": {
      "acc": 0.2937420178799489,
      "acc_stderr": 0.01628775938849167,
      "acc_norm": 0.2796934865900383,
      "acc_norm_stderr": 0.016050792148036553
    },
    "hendrycksTest-abstract_algebra": {
      "acc": 0.21,
      "acc_stderr": 0.040936018074033256,
      "acc_norm": 0.22,
      "acc_norm_stderr": 0.041633319989322695
    },
    "hendrycksTest-conceptual_physics": {
      "acc": 0.23404255319148937,
      "acc_stderr": 0.027678452578212404,
      "acc_norm": 0.18723404255319148,
      "acc_norm_stderr": 0.025501588341883586
    },
    "hendrycksTest-high_school_chemistry": {
      "acc": 0.2512315270935961,
      "acc_stderr": 0.030516530732694433,
      "acc_norm": 0.33497536945812806,
      "acc_norm_stderr": 0.033208527423483104
    },
    "hendrycksTest-jurisprudence": {
      "acc": 0.2962962962962963,
      "acc_stderr": 0.044143436668549335,
      "acc_norm": 0.4166666666666667,
      "acc_norm_stderr": 0.04766075165356461
    },
    "hendrycksTest-formal_logic": {
      "acc": 0.30952380952380953,
      "acc_stderr": 0.04134913018303316,
      "acc_norm": 0.2698412698412698,
      "acc_norm_stderr": 0.039701582732351734
    },
    "logiqa": {
      "acc": 0.2119815668202765,
      "acc_stderr": 0.01603099796061939,
      "acc_norm": 0.3010752688172043,
      "acc_norm_stderr": 0.017992688742668236
    },
    "hendrycksTest-nutrition": {
      "acc": 0.35294117647058826,
      "acc_stderr": 0.027363593284684965,
      "acc_norm": 0.3954248366013072,
      "acc_norm_stderr": 0.027996723180631438
    },
    "hendrycksTest-logical_fallacies": {
      "acc": 0.2331288343558282,
      "acc_stderr": 0.0332201579577674,
      "acc_norm": 0.26993865030674846,
      "acc_norm_stderr": 0.03487825168497892
    },
    "hendrycksTest-prehistory": {
      "acc": 0.24074074074074073,
      "acc_stderr": 0.02378858355165854,
      "acc_norm": 0.20679012345679013,
      "acc_norm_stderr": 0.022535006705942818
    },
    "arc_challenge": {
      "acc": 0.2986348122866894,
      "acc_stderr": 0.013374078615068754,
      "acc_norm": 0.3370307167235495,
      "acc_norm_stderr": 0.013813476652902276
    },
    "arc_easy": {
      "acc": 0.6494107744107744,
      "acc_stderr": 0.00979100382983156,
      "acc_norm": 0.6064814814814815,
      "acc_norm_stderr": 0.01002442688429257
    },
    "hendrycksTest-econometrics": {
      "acc": 0.24561403508771928,
      "acc_stderr": 0.040493392977481404,
      "acc_norm": 0.23684210526315788,
      "acc_norm_stderr": 0.039994238792813365
    },
    "hendrycksTest-high_school_macroeconomics": {
      "acc": 0.26666666666666666,
      "acc_stderr": 0.02242127361292371,
      "acc_norm": 0.30256410256410254,
      "acc_norm_stderr": 0.02329088805377272
    },
    "hendrycksTest-professional_medicine": {
      "acc": 0.23529411764705882,
      "acc_stderr": 0.025767252010855963,
      "acc_norm": 0.24632352941176472,
      "acc_norm_stderr": 0.02617343857052
    },
    "hendrycksTest-clinical_knowledge": {
      "acc": 0.2339622641509434,
      "acc_stderr": 0.02605529690115292,
      "acc_norm": 0.3018867924528302,
      "acc_norm_stderr": 0.028254200344438655
    },
    "hendrycksTest-moral_scenarios": {
      "acc": 0.25027932960893856,
      "acc_stderr": 0.014487500852850412,
      "acc_norm": 0.27150837988826815,
      "acc_norm_stderr": 0.014874252168095273
    },
    "sciq": {
      "acc": 0.899,
      "acc_stderr": 0.009533618929340994,
      "acc_norm": 0.863,
      "acc_norm_stderr": 0.010878848714333316
    },
    "hendrycksTest-business_ethics": {
      "acc": 0.32,
      "acc_stderr": 0.046882617226215034,
      "acc_norm": 0.31,
      "acc_norm_stderr": 0.04648231987117316
    },
    "hendrycksTest-professional_accounting": {
      "acc": 0.24468085106382978,
      "acc_stderr": 0.025645553622266722,
      "acc_norm": 0.24822695035460993,
      "acc_norm_stderr": 0.02577001564429039
    },
    "hendrycksTest-human_sexuality": {
      "acc": 0.3816793893129771,
      "acc_stderr": 0.042607351576445594,
      "acc_norm": 0.3282442748091603,
      "acc_norm_stderr": 0.041184385658062976
    },
    "hendrycksTest-human_aging": {
      "acc": 0.26905829596412556,
      "acc_stderr": 0.029763779406874972,
      "acc_norm": 0.2062780269058296,
      "acc_norm_stderr": 0.027157150479563824
    },
    "hendrycksTest-security_studies": {
      "acc": 0.3673469387755102,
      "acc_stderr": 0.03086214492108756,
      "acc_norm": 0.2938775510204082,
      "acc_norm_stderr": 0.02916273841024977
    },
    "wsc": {
      "acc": 0.375,
      "acc_stderr": 0.04770204856076104
    },
    "hendrycksTest-computer_security": {
      "acc": 0.26,
      "acc_stderr": 0.04408440022768079,
      "acc_norm": 0.34,
      "acc_norm_stderr": 0.04760952285695235
    },
    "winogrande": {
      "acc": 0.595895816890292,
      "acc_stderr": 0.013791610664670854
    },