{
  "results": {
    "hendrycksTest-astronomy": {
      "acc": 0.23026315789473684,
      "acc_stderr": 0.03426059424403164,
      "acc_norm": 0.3684210526315789,
      "acc_norm_stderr": 0.03925523381052932
    },
    "hendrycksTest-high_school_mathematics": {
      "acc": 0.2518518518518518,
      "acc_stderr": 0.026466117538959916,
      "acc_norm": 0.28888888888888886,
      "acc_norm_stderr": 0.027634907264178544
    },
    "hendrycksTest-anatomy": {
      "acc": 0.2740740740740741,
      "acc_stderr": 0.03853254836552004,
      "acc_norm": 0.24444444444444444,
      "acc_norm_stderr": 0.037125378336148665
    },
    "hendrycksTest-econometrics": {
      "acc": 0.2719298245614035,
      "acc_stderr": 0.04185774424022056,
      "acc_norm": 0.22807017543859648,
      "acc_norm_stderr": 0.03947152782669415
    },
    "hendrycksTest-machine_learning": {
      "acc": 0.19642857142857142,
      "acc_stderr": 0.03770970049347019,
      "acc_norm": 0.23214285714285715,
      "acc_norm_stderr": 0.04007341809755805
    },
    "hendrycksTest-marketing": {
      "acc": 0.36324786324786323,
      "acc_stderr": 0.03150712523091264,
      "acc_norm": 0.34615384615384615,
      "acc_norm_stderr": 0.031166957367235903
    },
    "hendrycksTest-public_relations": {
      "acc": 0.2727272727272727,
      "acc_stderr": 0.04265792110940588,
      "acc_norm": 0.19090909090909092,
      "acc_norm_stderr": 0.03764425585984925
    },
    "hendrycksTest-college_chemistry": {
      "acc": 0.29,
      "acc_stderr": 0.045604802157206845,
      "acc_norm": 0.35,
      "acc_norm_stderr": 0.0479372485441102
    },
    "hendrycksTest-professional_accounting": {
      "acc": 0.24468085106382978,
      "acc_stderr": 0.025645553622266733,
      "acc_norm": 0.23404255319148937,
      "acc_norm_stderr": 0.025257861359432407
    },
    "hendrycksTest-sociology": {
      "acc": 0.27860696517412936,
      "acc_stderr": 0.031700561834973086,
      "acc_norm": 0.24875621890547264,
      "acc_norm_stderr": 0.030567675938916718
    },
    "hendrycksTest-high_school_world_history": {
      "acc": 0.25316455696202533,
      "acc_stderr": 0.028304657943035293,
      "acc_norm": 0.27848101265822783,
      "acc_norm_stderr": 0.029178682304842548
    },
    "hendrycksTest-conceptual_physics": {
      "acc": 0.2978723404255319,
      "acc_stderr": 0.029896145682095462,
      "acc_norm": 0.18723404255319148,
      "acc_norm_stderr": 0.02550158834188359
    },
    "hendrycksTest-medical_genetics": {
      "acc": 0.35,
      "acc_stderr": 0.04793724854411018,
      "acc_norm": 0.4,
      "acc_norm_stderr": 0.049236596391733084
    },
    "hendrycksTest-us_foreign_policy": {
      "acc": 0.29,
      "acc_stderr": 0.045604802157206845,
      "acc_norm": 0.35,
      "acc_norm_stderr": 0.047937248544110196
    },
    "hendrycksTest-elementary_mathematics": {
      "acc": 0.24867724867724866,
      "acc_stderr": 0.02226181769240016,
      "acc_norm": 0.2724867724867725,
      "acc_norm_stderr": 0.022930973071633356
    },
    "hendrycksTest-high_school_geography": {
      "acc": 0.22727272727272727,
      "acc_stderr": 0.02985751567338641,
      "acc_norm": 0.30303030303030304,
      "acc_norm_stderr": 0.032742879140268674
    },
    "hendrycksTest-professional_medicine": {
      "acc": 0.26838235294117646,
      "acc_stderr": 0.026917481224377204,
      "acc_norm": 0.25735294117647056,
      "acc_norm_stderr": 0.02655651947004152
    },
    "hendrycksTest-security_studies": {
      "acc": 0.42448979591836733,
      "acc_stderr": 0.031642094879429414,
      "acc_norm": 0.3224489795918367,
      "acc_norm_stderr": 0.029923100563683906
    },
    "hendrycksTest-professional_law": {
      "acc": 0.26140808344198174,
      "acc_stderr": 0.01122252816977131,
      "acc_norm": 0.2900912646675359,
      "acc_norm_stderr": 0.011590375554733095
    },
    "hendrycksTest-logical_fallacies": {
      "acc": 0.22699386503067484,
      "acc_stderr": 0.032910995786157686,
      "acc_norm": 0.3128834355828221,
      "acc_norm_stderr": 0.03642914578292406
    },
    "hendrycksTest-high_school_physics": {
      "acc": 0.23841059602649006,
      "acc_stderr": 0.034791855725996586,
      "acc_norm": 0.2582781456953642,
      "acc_norm_stderr": 0.035737053147634576
    },
    "hendrycksTest-global_facts": {
      "acc": 0.23,
      "acc_stderr": 0.04229525846816505,
      "acc_norm": 0.25,
      "acc_norm_stderr": 0.04351941398892446
    },
    "piqa": {
      "acc": 0.733949945593036,
      "acc_stderr": 0.010310039263352831,
      "acc_norm": 0.7383025027203483,
      "acc_norm_stderr": 0.010255630772708232
    },
    "hendrycksTest-high_school_european_history": {
      "acc": 0.2909090909090909,
      "acc_stderr": 0.03546563019624336,
      "acc_norm": 0.2787878787878788,
      "acc_norm_stderr": 0.03501438706296781
    },
    "hendrycksTest-high_school_statistics": {
      "acc": 0.22685185185185186,
      "acc_stderr": 0.028561650102422263,
      "acc_norm": 0.30092592592592593,
      "acc_norm_stderr": 0.03128039084329881
    },
    "hendrycksTest-high_school_biology": {
      "acc": 0.25483870967741934,
      "acc_stderr": 0.024790118459332208,
      "acc_norm": 0.27741935483870966,
      "acc_norm_stderr": 0.025470196835900055
    },
    "hendrycksTest-miscellaneous": {
      "acc": 0.2656449553001277,
      "acc_stderr": 0.01579430248788872,
      "acc_norm": 0.26947637292464877,
      "acc_norm_stderr": 0.01586624307321505
    },
    "wsc": {
      "acc": 0.36538461538461536,
      "acc_stderr": 0.0474473339327792
    },
    "hendrycksTest-jurisprudence": {
      "acc": 0.25,
      "acc_stderr": 0.04186091791394607,
      "acc_norm": 0.46296296296296297,
      "acc_norm_stderr": 0.04820403072760627
    },
    "hendrycksTest-high_school_government_and_politics": {
      "acc": 0.20725388601036268,
      "acc_stderr": 0.02925282329180363,
      "acc_norm": 0.2694300518134715,
      "acc_norm_stderr": 0.03201867122877794
    },
    "hendrycksTest-high_school_psychology": {
      "acc": 0.25504587155963304,
      "acc_stderr": 0.018688500856535832,
      "acc_norm": 0.26788990825688075,
      "acc_norm_stderr": 0.018987462257978652
    },
    "hendrycksTest-business_ethics": {
      "acc": 0.36,
      "acc_stderr": 0.048241815132442176,
      "acc_norm": 0.27,
      "acc_norm_stderr": 0.044619604333847394
    },
    "hendrycksTest-management": {
      "acc": 0.22330097087378642,
      "acc_stderr": 0.04123553189891431,
      "acc_norm": 0.3106796116504854,
      "acc_norm_stderr": 0.04582124160161551
    },
    "hendrycksTest-college_mathematics": {
      "acc": 0.2,
      "acc_stderr": 0.04020151261036845,
      "acc_norm": 0.33,
      "acc_norm_stderr": 0.04725815626252605
    },
    "lambada_openai": {
      "ppl": 5.460666552317344,
      "ppl_stderr": 0.13024369433229888,
      "acc": 0.6307005627789637,
      "acc_stderr": 0.006723772413432531
    },
    "sciq": {
      "acc": 0.888,
      "acc_stderr": 0.009977753031397236,
      "acc_norm": 0.822,
      "acc_norm_stderr": 0.012102167676183585
    },
    "arc_easy": {
      "acc": 0.6523569023569024,
      "acc_stderr": 0.009771868846830909,
      "acc_norm": 0.5900673400673401,
      "acc_norm_stderr": 0.010091953527506243
    },
    "hendrycksTest-formal_logic": {
      "acc": 0.31746031746031744,
      "acc_stderr": 0.041634530313028585,
      "acc_norm": 0.2698412698412698,
      "acc_norm_stderr": 0.03970158273235172
    },
    "hendrycksTest-moral_scenarios": {
      "acc": 0.23575418994413408,
      "acc_stderr": 0.014196375686290804,
      "acc_norm": 0.27262569832402234,
      "acc_norm_stderr": 0.014893391735249588
    },
    "hendrycksTest-prehistory": {
      "acc": 0.2345679012345679,
      "acc_stderr": 0.023576881744005712,
      "acc_norm": 0.22530864197530864,
      "acc_norm_stderr": 0.02324620264781975
    },
    "hendrycksTest-abstract_algebra": {
      "acc": 0.22,
      "acc_stderr": 0.0416333199893227,
      "acc_norm": 0.22,