{
  "results": {
    "logiqa": {
      "acc": 0.2565284178187404,
      "acc_stderr": 0.01712944332788756,
      "acc_norm": 0.29185867895545314,
      "acc_norm_stderr": 0.017831570553971925
    },
    "hendrycksTest-human_sexuality": {
      "acc": 0.4122137404580153,
      "acc_stderr": 0.04317171194870254,
      "acc_norm": 0.32061068702290074,
      "acc_norm_stderr": 0.04093329229834278
    },
    "hendrycksTest-logical_fallacies": {
      "acc": 0.26380368098159507,
      "acc_stderr": 0.03462419931615623,
      "acc_norm": 0.294478527607362,
      "acc_norm_stderr": 0.03581165790474082
    },
    "hendrycksTest-astronomy": {
      "acc": 0.29605263157894735,
      "acc_stderr": 0.03715062154998904,
      "acc_norm": 0.3618421052631579,
      "acc_norm_stderr": 0.03910525752849724
    },
    "hendrycksTest-high_school_macroeconomics": {
      "acc": 0.258974358974359,
      "acc_stderr": 0.022211106810061675,
      "acc_norm": 0.2641025641025641,
      "acc_norm_stderr": 0.02235219373745327
    },
    "hendrycksTest-business_ethics": {
      "acc": 0.27,
      "acc_stderr": 0.0446196043338474,
      "acc_norm": 0.24,
      "acc_norm_stderr": 0.04292346959909284
    },
    "hendrycksTest-professional_medicine": {
      "acc": 0.28308823529411764,
      "acc_stderr": 0.02736586113151381,
      "acc_norm": 0.27205882352941174,
      "acc_norm_stderr": 0.02703304115168146
    },
    "hendrycksTest-security_studies": {
      "acc": 0.39591836734693875,
      "acc_stderr": 0.03130802899065686,
      "acc_norm": 0.3183673469387755,
      "acc_norm_stderr": 0.029822533793982062
    },
    "hendrycksTest-conceptual_physics": {
      "acc": 0.28936170212765955,
      "acc_stderr": 0.029644006577009618,
      "acc_norm": 0.2127659574468085,
      "acc_norm_stderr": 0.026754391348039773
    },
    "hendrycksTest-professional_accounting": {
      "acc": 0.24113475177304963,
      "acc_stderr": 0.02551873104953777,
      "acc_norm": 0.2127659574468085,
      "acc_norm_stderr": 0.024414612974307717
    },
    "hendrycksTest-world_religions": {
      "acc": 0.30994152046783624,
      "acc_stderr": 0.035469769593931624,
      "acc_norm": 0.3567251461988304,
      "acc_norm_stderr": 0.03674013002860954
    },
    "hendrycksTest-human_aging": {
      "acc": 0.29596412556053814,
      "acc_stderr": 0.0306365913486998,
      "acc_norm": 0.20179372197309417,
      "acc_norm_stderr": 0.02693611191280227
    },
    "hendrycksTest-global_facts": {
      "acc": 0.36,
      "acc_stderr": 0.04824181513244218,
      "acc_norm": 0.33,
      "acc_norm_stderr": 0.04725815626252604
    },
    "hendrycksTest-jurisprudence": {
      "acc": 0.3055555555555556,
      "acc_stderr": 0.044531975073749834,
      "acc_norm": 0.4537037037037037,
      "acc_norm_stderr": 0.04812917324536823
    },
    "hendrycksTest-high_school_computer_science": {
      "acc": 0.2,
      "acc_stderr": 0.04020151261036843,
      "acc_norm": 0.26,
      "acc_norm_stderr": 0.044084400227680794
    },
    "piqa": {
      "acc": 0.7578890097932536,
      "acc_stderr": 0.00999437126910438,
      "acc_norm": 0.763873775843308,
      "acc_norm_stderr": 0.009908965890558221
    },
    "hendrycksTest-nutrition": {
      "acc": 0.33986928104575165,
      "acc_stderr": 0.02712195607138888,
      "acc_norm": 0.39215686274509803,
      "acc_norm_stderr": 0.027956046165424513
    },
    "lambada_openai": {
      "ppl": 4.346224937177474,
      "ppl_stderr": 0.09598186925265928,
      "acc": 0.6790219289734135,
      "acc_stderr": 0.0065041665597646665
    },
    "hendrycksTest-high_school_world_history": {
      "acc": 0.25316455696202533,
      "acc_stderr": 0.0283046579430353,
      "acc_norm": 0.27848101265822783,
      "acc_norm_stderr": 0.029178682304842548
    },
    "hendrycksTest-virology": {
      "acc": 0.3433734939759036,
      "acc_stderr": 0.03696584317010601,
      "acc_norm": 0.3132530120481928,
      "acc_norm_stderr": 0.036108050180310235
    },
    "hendrycksTest-philosophy": {
      "acc": 0.24115755627009647,
      "acc_stderr": 0.024296594034763426,
      "acc_norm": 0.31189710610932475,
      "acc_norm_stderr": 0.02631185807185416
    },
    "wsc": {
      "acc": 0.375,
      "acc_stderr": 0.04770204856076104
    },
    "winogrande": {
      "acc": 0.6053670086819258,
      "acc_stderr": 0.01373691517237189
    },
    "hendrycksTest-college_physics": {
      "acc": 0.24509803921568626,
      "acc_stderr": 0.042801058373643966,
      "acc_norm": 0.27450980392156865,
      "acc_norm_stderr": 0.04440521906179327
    },
    "hendrycksTest-clinical_knowledge": {
      "acc": 0.27547169811320754,
      "acc_stderr": 0.02749566368372407,
      "acc_norm": 0.36981132075471695,
      "acc_norm_stderr": 0.029711421880107926
    },
    "hendrycksTest-public_relations": {
      "acc": 0.3090909090909091,
      "acc_stderr": 0.044262946482000985,
      "acc_norm": 0.22727272727272727,
      "acc_norm_stderr": 0.040139645540727714
    },
    "hendrycksTest-machine_learning": {
      "acc": 0.2767857142857143,
      "acc_stderr": 0.042466243366976256,
      "acc_norm": 0.24107142857142858,
      "acc_norm_stderr": 0.040598672469526885
    },
    "hendrycksTest-college_biology": {
      "acc": 0.1875,
      "acc_stderr": 0.032639560491693344,
      "acc_norm": 0.2152777777777778,
      "acc_norm_stderr": 0.03437079344106135
    },
    "hendrycksTest-high_school_psychology": {
      "acc": 0.25504587155963304,
      "acc_stderr": 0.018688500856535846,
      "acc_norm": 0.23669724770642203,
      "acc_norm_stderr": 0.018224078117299078
    },
    "hendrycksTest-high_school_biology": {
      "acc": 0.25161290322580643,
      "acc_stderr": 0.024685979286239966,
      "acc_norm": 0.2645161290322581,
      "acc_norm_stderr": 0.02509189237885928
    },
    "hendrycksTest-management": {
      "acc": 0.24271844660194175,
      "acc_stderr": 0.04245022486384495,
      "acc_norm": 0.3786407766990291,
      "acc_norm_stderr": 0.04802694698258975
    },
    "hendrycksTest-high_school_european_history": {
      "acc": 0.24242424242424243,
      "acc_stderr": 0.03346409881055953,
      "acc_norm": 0.3090909090909091,
      "acc_norm_stderr": 0.036085410115739666
    },
    "hendrycksTest-professional_law": {
      "acc": 0.2940026075619296,
      "acc_stderr": 0.011636062953698609,
      "acc_norm": 0.29921773142112124,
      "acc_norm_stderr": 0.01169537463069604
    },
    "hendrycksTest-high_school_chemistry": {
      "acc": 0.2413793103448276,
      "acc_stderr": 0.030108330718011625,
      "acc_norm": 0.28078817733990147,
      "acc_norm_stderr": 0.031618563353586086
    },
    "hendrycksTest-marketing": {
      "acc": 0.3333333333333333,
      "acc_stderr": 0.030882736974138653,
      "acc_norm": 0.3504273504273504,
      "acc_norm_stderr": 0.03125610824421881
    },
    "arc_challenge": {
      "acc": 0.3216723549488055,
      "acc_stderr": 0.013650488084494164,
      "acc_norm": 0.3515358361774744,
      "acc_norm_stderr": 0.013952413699600938
    },
    "hendrycksTest-moral_scenarios": {
      "acc": 0.23687150837988827,
      "acc_stderr": 0.01421957078810399,
      "acc_norm": 0.27262569832402234,
      "acc_norm_stderr": 0.014893391735249588
    },
    "hendrycksTest-elementary_mathematics": {
      "acc": 0.25132275132275134,
      "acc_stderr": 0.022340482339643895,
      "acc_norm": 0.29894179894179895,
      "acc_norm_stderr": 0.023577604791655816
    },
    "hendrycksTest-anatomy": {
      "acc": 0.2814814814814815,
      "acc_stderr": 0.03885004245800253,
      "acc_norm": 0.26666666666666666,
      "acc_norm_stderr": 0.038201699145179055
    },
    "hendrycksTest-high_school_statistics": {
      "acc": 0.2361111111111111,
      "acc_stderr": 0.02896370257079102,
      "acc_norm": 0.2962962962962963,
      "acc_norm_stderr": 0.031141447823536023
    },
    "hendrycksTest-sociology": {
      "acc": 0.2835820895522388,
      "acc_stderr": 0.031871875379197966,
      "acc_norm": 0.27860696517412936,