{
  "results": {
    "hendrycksTest-college_physics": {
      "acc": 0.2549019607843137,
      "acc_stderr": 0.04336432707993177,
      "acc_norm": 0.2647058823529412,
      "acc_norm_stderr": 0.04389869956808779
    },
    "hendrycksTest-marketing": {
      "acc": 0.2905982905982906,
      "acc_stderr": 0.029745048572674043,
      "acc_norm": 0.3247863247863248,
      "acc_norm_stderr": 0.03067902276549883
    },
    "hendrycksTest-us_foreign_policy": {
      "acc": 0.34,
      "acc_stderr": 0.04760952285695236,
      "acc_norm": 0.34,
      "acc_norm_stderr": 0.047609522856952365
    },
    "arc_easy": {
      "acc": 0.5353535353535354,
      "acc_stderr": 0.010234104543411438,
      "acc_norm": 0.48274410774410775,
      "acc_norm_stderr": 0.010253671674754631
    },
    "hendrycksTest-college_computer_science": {
      "acc": 0.28,
      "acc_stderr": 0.04512608598542128,
      "acc_norm": 0.28,
      "acc_norm_stderr": 0.04512608598542128
    },
    "hendrycksTest-high_school_biology": {
      "acc": 0.2161290322580645,
      "acc_stderr": 0.023415293433568525,
      "acc_norm": 0.25483870967741934,
      "acc_norm_stderr": 0.024790118459332208
    },
    "hendrycksTest-international_law": {
      "acc": 0.2231404958677686,
      "acc_stderr": 0.03800754475228733,
      "acc_norm": 0.45454545454545453,
      "acc_norm_stderr": 0.045454545454545456
    },
    "hendrycksTest-electrical_engineering": {
      "acc": 0.2620689655172414,
      "acc_stderr": 0.03664666337225256,
      "acc_norm": 0.2689655172413793,
      "acc_norm_stderr": 0.036951833116502325
    },
    "hendrycksTest-miscellaneous": {
      "acc": 0.26436781609195403,
      "acc_stderr": 0.01576998484069052,
      "acc_norm": 0.2720306513409962,
      "acc_norm_stderr": 0.01591336744750052
    },
    "hendrycksTest-college_mathematics": {
      "acc": 0.18,
      "acc_stderr": 0.03861229196653694,
      "acc_norm": 0.31,
      "acc_norm_stderr": 0.04648231987117316
    },
    "hendrycksTest-high_school_us_history": {
      "acc": 0.28921568627450983,
      "acc_stderr": 0.03182231867647554,
      "acc_norm": 0.27941176470588236,
      "acc_norm_stderr": 0.031493281045079556
    },
    "hendrycksTest-high_school_physics": {
      "acc": 0.2052980132450331,
      "acc_stderr": 0.03297986648473835,
      "acc_norm": 0.17880794701986755,
      "acc_norm_stderr": 0.03128744850600725
    },
    "hendrycksTest-moral_disputes": {
      "acc": 0.2832369942196532,
      "acc_stderr": 0.02425790170532337,
      "acc_norm": 0.315028901734104,
      "acc_norm_stderr": 0.025009313790069706
    },
    "hendrycksTest-professional_accounting": {
      "acc": 0.2553191489361702,
      "acc_stderr": 0.026011992930902006,
      "acc_norm": 0.2624113475177305,
      "acc_norm_stderr": 0.026244920349843003
    },
    "hendrycksTest-world_religions": {
      "acc": 0.38011695906432746,
      "acc_stderr": 0.037229657413855394,
      "acc_norm": 0.4093567251461988,
      "acc_norm_stderr": 0.03771283107626545
    },
    "hendrycksTest-human_sexuality": {
      "acc": 0.32061068702290074,
      "acc_stderr": 0.04093329229834278,
      "acc_norm": 0.3053435114503817,
      "acc_norm_stderr": 0.04039314978724561
    },
    "hendrycksTest-anatomy": {
      "acc": 0.2518518518518518,
      "acc_stderr": 0.03749850709174021,
      "acc_norm": 0.23703703703703705,
      "acc_norm_stderr": 0.03673731683969506
    },
    "hendrycksTest-formal_logic": {
      "acc": 0.30158730158730157,
      "acc_stderr": 0.04104947269903394,
      "acc_norm": 0.31746031746031744,
      "acc_norm_stderr": 0.04163453031302859
    },
    "hendrycksTest-high_school_microeconomics": {
      "acc": 0.2647058823529412,
      "acc_stderr": 0.028657491285071973,
      "acc_norm": 0.3277310924369748,
      "acc_norm_stderr": 0.030489911417673227
    },
    "hendrycksTest-nutrition": {
      "acc": 0.27124183006535946,
      "acc_stderr": 0.025457756696667864,
      "acc_norm": 0.33986928104575165,
      "acc_norm_stderr": 0.027121956071388852
    },
    "hendrycksTest-prehistory": {
      "acc": 0.25925925925925924,
      "acc_stderr": 0.02438366553103545,
      "acc_norm": 0.24382716049382716,
      "acc_norm_stderr": 0.023891879541959614
    },
    "hendrycksTest-global_facts": {
      "acc": 0.14,
      "acc_stderr": 0.0348735088019777,
      "acc_norm": 0.2,
      "acc_norm_stderr": 0.04020151261036845
    },
    "hendrycksTest-machine_learning": {
      "acc": 0.21428571428571427,
      "acc_stderr": 0.03894641120044792,
      "acc_norm": 0.21428571428571427,
      "acc_norm_stderr": 0.03894641120044793
    },
    "hendrycksTest-abstract_algebra": {
      "acc": 0.25,
      "acc_stderr": 0.04351941398892446,
      "acc_norm": 0.3,
      "acc_norm_stderr": 0.046056618647183814
    },
    "hendrycksTest-public_relations": {
      "acc": 0.23636363636363636,
      "acc_stderr": 0.04069306319721376,
      "acc_norm": 0.16363636363636364,
      "acc_norm_stderr": 0.035434330542986774
    },
    "hendrycksTest-management": {
      "acc": 0.1650485436893204,
      "acc_stderr": 0.036756688322331886,
      "acc_norm": 0.20388349514563106,
      "acc_norm_stderr": 0.039891398595317706
    },
    "hendrycksTest-virology": {
      "acc": 0.3253012048192771,
      "acc_stderr": 0.03647168523683227,
      "acc_norm": 0.2710843373493976,
      "acc_norm_stderr": 0.03460579907553028
    },
    "hendrycksTest-elementary_mathematics": {
      "acc": 0.2566137566137566,
      "acc_stderr": 0.022494510767503154,
      "acc_norm": 0.24867724867724866,
      "acc_norm_stderr": 0.02226181769240016
    },
    "hendrycksTest-professional_psychology": {
      "acc": 0.2679738562091503,
      "acc_stderr": 0.017917974069594726,
      "acc_norm": 0.26633986928104575,
      "acc_norm_stderr": 0.01788318813466719
    },
    "hendrycksTest-high_school_geography": {
      "acc": 0.21212121212121213,
      "acc_stderr": 0.029126522834586815,
      "acc_norm": 0.2676767676767677,
      "acc_norm_stderr": 0.03154449888270285
    },
    "hendrycksTest-clinical_knowledge": {
      "acc": 0.2641509433962264,
      "acc_stderr": 0.02713429162874172,
      "acc_norm": 0.35471698113207545,
      "acc_norm_stderr": 0.029445175328199586
    },
    "hendrycksTest-computer_security": {
      "acc": 0.3,
      "acc_stderr": 0.046056618647183814,
      "acc_norm": 0.31,
      "acc_norm_stderr": 0.04648231987117316
    },
    "hendrycksTest-medical_genetics": {
      "acc": 0.28,
      "acc_stderr": 0.045126085985421276,
      "acc_norm": 0.37,
      "acc_norm_stderr": 0.04852365870939099
    },
    "hendrycksTest-high_school_psychology": {
      "acc": 0.22201834862385322,
      "acc_stderr": 0.017818849564796624,
      "acc_norm": 0.23302752293577983,
      "acc_norm_stderr": 0.01812566918086149
    },
    "lambada_openai": {
      "ppl": 9.857392174969005,
      "ppl_stderr": 0.27855874889488597,
      "acc": 0.5200853871531147,
      "acc_stderr": 0.0069603549198322965
    },
    "hendrycksTest-logical_fallacies": {
      "acc": 0.20245398773006135,
      "acc_stderr": 0.03157065078911902,
      "acc_norm": 0.26993865030674846,
      "acc_norm_stderr": 0.03487825168497892
    },
    "hendrycksTest-business_ethics": {
      "acc": 0.31,
      "acc_stderr": 0.04648231987117316,
      "acc_norm": 0.3,
      "acc_norm_stderr": 0.046056618647183814
    },
    "hendrycksTest-high_school_mathematics": {
      "acc": 0.17777777777777778,
      "acc_stderr": 0.023310801260644894,
      "acc_norm": 0.2962962962962963,
      "acc_norm_stderr": 0.027840811495871923
    },
    "hendrycksTest-conceptual_physics": {
      "acc": 0.23829787234042554,
      "acc_stderr": 0.027851252973889767,
      "acc_norm": 0.2,
      "acc_norm_stderr": 0.0261488180184245
    },
    "hendrycksTest-sociology": {
      "acc": 0.29850746268656714,
      "acc_stderr": 0.032357437893550424,
      "acc_norm": 0.22885572139303484,
      "acc_norm_stderr": 0.02970528405677244
    },