{
  "results": {
    "hendrycksTest-miscellaneous": {
      "acc": 0.2554278416347382,
      "acc_stderr": 0.015594955384455766,
      "acc_norm": 0.25798212005108556,
      "acc_norm_stderr": 0.01564583018834895
    },
    "hendrycksTest-business_ethics": {
      "acc": 0.34,
      "acc_stderr": 0.04760952285695236,
      "acc_norm": 0.27,
      "acc_norm_stderr": 0.0446196043338474
    },
    "hendrycksTest-college_biology": {
      "acc": 0.2152777777777778,
      "acc_stderr": 0.03437079344106135,
      "acc_norm": 0.25,
      "acc_norm_stderr": 0.03621034121889507
    },
    "hendrycksTest-conceptual_physics": {
      "acc": 0.31063829787234043,
      "acc_stderr": 0.03025123757921317,
      "acc_norm": 0.19148936170212766,
      "acc_norm_stderr": 0.025722149992637805
    },
    "hendrycksTest-professional_psychology": {
      "acc": 0.27124183006535946,
      "acc_stderr": 0.017986615304030316,
      "acc_norm": 0.27450980392156865,
      "acc_norm_stderr": 0.018054027458815198
    },
    "hendrycksTest-college_medicine": {
      "acc": 0.26011560693641617,
      "acc_stderr": 0.033450369167889904,
      "acc_norm": 0.27167630057803466,
      "acc_norm_stderr": 0.03391750322321661
    },
    "winogrande": {
      "acc": 0.5919494869771112,
      "acc_stderr": 0.013812822643745034
    },
    "hendrycksTest-high_school_us_history": {
      "acc": 0.2696078431372549,
      "acc_stderr": 0.031145570659486782,
      "acc_norm": 0.27941176470588236,
      "acc_norm_stderr": 0.03149328104507956
    },
    "hendrycksTest-high_school_microeconomics": {
      "acc": 0.226890756302521,
      "acc_stderr": 0.02720537153827947,
      "acc_norm": 0.31512605042016806,
      "acc_norm_stderr": 0.03017680828897434
    },
    "logiqa": {
      "acc": 0.2350230414746544,
      "acc_stderr": 0.016631166823890958,
      "acc_norm": 0.282642089093702,
      "acc_norm_stderr": 0.017661585370360618
    },
    "hendrycksTest-professional_medicine": {
      "acc": 0.28308823529411764,
      "acc_stderr": 0.027365861131513812,
      "acc_norm": 0.27205882352941174,
      "acc_norm_stderr": 0.02703304115168146
    },
    "hendrycksTest-public_relations": {
      "acc": 0.2818181818181818,
      "acc_stderr": 0.04309118709946458,
      "acc_norm": 0.21818181818181817,
      "acc_norm_stderr": 0.039559328617958335
    },
    "hendrycksTest-elementary_mathematics": {
      "acc": 0.2698412698412698,
      "acc_stderr": 0.022860838309232072,
      "acc_norm": 0.29365079365079366,
      "acc_norm_stderr": 0.023456037383982026
    },
    "hendrycksTest-management": {
      "acc": 0.2524271844660194,
      "acc_stderr": 0.04301250399690879,
      "acc_norm": 0.33980582524271846,
      "acc_norm_stderr": 0.04689765937278133
    },
    "hendrycksTest-philosophy": {
      "acc": 0.2508038585209003,
      "acc_stderr": 0.024619771956697168,
      "acc_norm": 0.3215434083601286,
      "acc_norm_stderr": 0.026527724079528872
    },
    "hendrycksTest-jurisprudence": {
      "acc": 0.28703703703703703,
      "acc_stderr": 0.043733130409147614,
      "acc_norm": 0.42592592592592593,
      "acc_norm_stderr": 0.0478034362693679
    },
    "hendrycksTest-medical_genetics": {
      "acc": 0.29,
      "acc_stderr": 0.045604802157206845,
      "acc_norm": 0.36,
      "acc_norm_stderr": 0.04824181513244218
    },
    "hendrycksTest-high_school_biology": {
      "acc": 0.25161290322580643,
      "acc_stderr": 0.024685979286239963,
      "acc_norm": 0.2806451612903226,
      "acc_norm_stderr": 0.025560604721022895
    },
    "hendrycksTest-human_sexuality": {
      "acc": 0.4351145038167939,
      "acc_stderr": 0.04348208051644858,
      "acc_norm": 0.3053435114503817,
      "acc_norm_stderr": 0.04039314978724561
    },
    "hendrycksTest-prehistory": {
      "acc": 0.2345679012345679,
      "acc_stderr": 0.02357688174400572,
      "acc_norm": 0.2006172839506173,
      "acc_norm_stderr": 0.02228231394977487
    },
    "hendrycksTest-marketing": {
      "acc": 0.3418803418803419,
      "acc_stderr": 0.03107502852650775,
      "acc_norm": 0.3333333333333333,
      "acc_norm_stderr": 0.030882736974138653
    },
    "hendrycksTest-professional_accounting": {
      "acc": 0.21631205673758866,
      "acc_stderr": 0.02456172056056279,
      "acc_norm": 0.22695035460992907,
      "acc_norm_stderr": 0.02498710636564297
    },
    "sciq": {
      "acc": 0.901,
      "acc_stderr": 0.009449248027662746,
      "acc_norm": 0.846,
      "acc_norm_stderr": 0.011419913065098701
    },
    "piqa": {
      "acc": 0.7393906420021763,
      "acc_stderr": 0.010241826155811627,
      "acc_norm": 0.7529923830250272,
      "acc_norm_stderr": 0.010062268140772643
    },
    "hendrycksTest-high_school_chemistry": {
      "acc": 0.2315270935960591,
      "acc_stderr": 0.029678333141444444,
      "acc_norm": 0.28078817733990147,
      "acc_norm_stderr": 0.031618563353586086
    },
    "arc_easy": {
      "acc": 0.6553030303030303,
      "acc_stderr": 0.00975232158656978,
      "acc_norm": 0.601010101010101,
      "acc_norm_stderr": 0.010048240683798748
    },
    "lambada_openai": {
      "ppl": 4.775604099414077,
      "ppl_stderr": 0.10941095961624377,
      "acc": 0.6543760915971278,
      "acc_stderr": 0.0066256375285539265
    },
    "hendrycksTest-high_school_european_history": {
      "acc": 0.24242424242424243,
      "acc_stderr": 0.03346409881055953,
      "acc_norm": 0.28484848484848485,
      "acc_norm_stderr": 0.035243908445117836
    },
    "hendrycksTest-nutrition": {
      "acc": 0.3431372549019608,
      "acc_stderr": 0.02718449890994161,
      "acc_norm": 0.3888888888888889,
      "acc_norm_stderr": 0.02791405551046802
    },
    "hendrycksTest-astronomy": {
      "acc": 0.3092105263157895,
      "acc_stderr": 0.037610708698674805,
      "acc_norm": 0.375,
      "acc_norm_stderr": 0.039397364351956274
    },
    "wsc": {
      "acc": 0.36538461538461536,
      "acc_stderr": 0.0474473339327792
    },
    "hendrycksTest-security_studies": {
      "acc": 0.37142857142857144,
      "acc_stderr": 0.03093285879278986,
      "acc_norm": 0.3142857142857143,
      "acc_norm_stderr": 0.02971932942241747
    },
    "hendrycksTest-moral_disputes": {
      "acc": 0.2658959537572254,
      "acc_stderr": 0.02378620325550828,
      "acc_norm": 0.3352601156069364,
      "acc_norm_stderr": 0.02541600377316556
    },
    "hendrycksTest-econometrics": {
      "acc": 0.2982456140350877,
      "acc_stderr": 0.04303684033537315,
      "acc_norm": 0.2719298245614035,
      "acc_norm_stderr": 0.04185774424022056
    },
    "hendrycksTest-abstract_algebra": {
      "acc": 0.25,
      "acc_stderr": 0.04351941398892446,
      "acc_norm": 0.23,
      "acc_norm_stderr": 0.04229525846816506
    },
    "hendrycksTest-high_school_physics": {
      "acc": 0.23178807947019867,
      "acc_stderr": 0.03445406271987054,
      "acc_norm": 0.23841059602649006,
      "acc_norm_stderr": 0.034791855725996586
    },
    "hendrycksTest-electrical_engineering": {
      "acc": 0.36551724137931035,
      "acc_stderr": 0.04013124195424385,
      "acc_norm": 0.3448275862068966,
      "acc_norm_stderr": 0.039609335494512087
    },
    "hendrycksTest-high_school_government_and_politics": {
      "acc": 0.21243523316062177,
      "acc_stderr": 0.02951928261681725,
      "acc_norm": 0.22279792746113988,
      "acc_norm_stderr": 0.030031147977641538
    },
    "hendrycksTest-human_aging": {
      "acc": 0.3004484304932735,
      "acc_stderr": 0.030769352008229136,
      "acc_norm": 0.2062780269058296,
      "acc_norm_stderr": 0.027157150479563824
    },
    "hendrycksTest-college_physics": {
      "acc": 0.28431372549019607,
      "acc_stderr": 0.04488482852329017,
      "acc_norm": 0.27450980392156865,
      "acc_norm_stderr": 0.044405219061793254
    },
    "hendrycksTest-sociology": {
      "acc": 0.2935323383084577,
      "acc_stderr": 0.03220024104534205,
      "acc_norm": 0.2935323383084577,
      "acc_norm_stderr": 0.032200241045342054
    },