{
  "results": {
    "hendrycksTest-logical_fallacies": {
      "acc": 0.22699386503067484,
      "acc_stderr": 0.03291099578615771,
      "acc_norm": 0.31901840490797545,
      "acc_norm_stderr": 0.03661997551073836
    },
    "hendrycksTest-security_studies": {
      "acc": 0.32653061224489793,
      "acc_stderr": 0.030021056238440324,
      "acc_norm": 0.2693877551020408,
      "acc_norm_stderr": 0.02840125202902294
    },
    "hendrycksTest-moral_disputes": {
      "acc": 0.23410404624277456,
      "acc_stderr": 0.022797110278071138,
      "acc_norm": 0.2630057803468208,
      "acc_norm_stderr": 0.02370309952525817
    },
    "hendrycksTest-virology": {
      "acc": 0.28313253012048195,
      "acc_stderr": 0.03507295431370519,
      "acc_norm": 0.22289156626506024,
      "acc_norm_stderr": 0.03240004825594688
    },
    "hendrycksTest-us_foreign_policy": {
      "acc": 0.27,
      "acc_stderr": 0.04461960433384741,
      "acc_norm": 0.28,
      "acc_norm_stderr": 0.045126085985421276
    },
    "sciq": {
      "acc": 0.648,
      "acc_stderr": 0.01511040450564867,
      "acc_norm": 0.567,
      "acc_norm_stderr": 0.015676630912181327
    },
    "wsc": {
      "acc": 0.36538461538461536,
      "acc_stderr": 0.0474473339327792
    },
    "hendrycksTest-human_sexuality": {
      "acc": 0.3435114503816794,
      "acc_stderr": 0.041649760719448786,
      "acc_norm": 0.26717557251908397,
      "acc_norm_stderr": 0.03880848301082395
    },
    "hendrycksTest-professional_law": {
      "acc": 0.25358539765319427,
      "acc_stderr": 0.011111715336101136,
      "acc_norm": 0.25684485006518903,
      "acc_norm_stderr": 0.011158455853098865
    },
    "lambada_openai": {
      "ppl": 139.0102483747504,
      "ppl_stderr": 5.943577728934759,
      "acc": 0.20434698234038423,
      "acc_stderr": 0.005617693549227953
    },
    "hendrycksTest-miscellaneous": {
      "acc": 0.26053639846743293,
      "acc_stderr": 0.015696008563807082,
      "acc_norm": 0.2515964240102171,
      "acc_norm_stderr": 0.015517322365529641
    },
    "hendrycksTest-clinical_knowledge": {
      "acc": 0.2339622641509434,
      "acc_stderr": 0.02605529690115292,
      "acc_norm": 0.33584905660377357,
      "acc_norm_stderr": 0.029067220146644823
    },
    "hendrycksTest-prehistory": {
      "acc": 0.2808641975308642,
      "acc_stderr": 0.025006469755799204,
      "acc_norm": 0.21604938271604937,
      "acc_norm_stderr": 0.022899162918445806
    },
    "arc_challenge": {
      "acc": 0.16638225255972697,
      "acc_stderr": 0.010883248065964149,
      "acc_norm": 0.2158703071672355,
      "acc_norm_stderr": 0.012022975360030665
    },
    "hendrycksTest-machine_learning": {
      "acc": 0.25892857142857145,
      "acc_stderr": 0.04157751539865629,
      "acc_norm": 0.25,
      "acc_norm_stderr": 0.04109974682633932
    },
    "hendrycksTest-professional_accounting": {
      "acc": 0.22695035460992907,
      "acc_stderr": 0.02498710636564297,
      "acc_norm": 0.2375886524822695,
      "acc_norm_stderr": 0.025389512552729906
    },
    "hendrycksTest-professional_psychology": {
      "acc": 0.2761437908496732,
      "acc_stderr": 0.018087276935663137,
      "acc_norm": 0.28104575163398693,
      "acc_norm_stderr": 0.01818521895431809
    },
    "hendrycksTest-global_facts": {
      "acc": 0.23,
      "acc_stderr": 0.04229525846816506,
      "acc_norm": 0.19,
      "acc_norm_stderr": 0.039427724440366234
    },
    "hendrycksTest-high_school_government_and_politics": {
      "acc": 0.21761658031088082,
      "acc_stderr": 0.029778663037752954,
      "acc_norm": 0.29015544041450775,
      "acc_norm_stderr": 0.03275264467791516
    },
    "logiqa": {
      "acc": 0.23348694316436253,
      "acc_stderr": 0.016593362460570887,
      "acc_norm": 0.2534562211981567,
      "acc_norm_stderr": 0.01706170543978574
    },
    "hendrycksTest-jurisprudence": {
      "acc": 0.17592592592592593,
      "acc_stderr": 0.036809181416738807,
      "acc_norm": 0.2962962962962963,
      "acc_norm_stderr": 0.04414343666854933
    },
    "hendrycksTest-computer_security": {
      "acc": 0.24,
      "acc_stderr": 0.04292346959909284,
      "acc_norm": 0.26,
      "acc_norm_stderr": 0.0440844002276808
    },
    "hendrycksTest-public_relations": {
      "acc": 0.33636363636363636,
      "acc_stderr": 0.04525393596302506,
      "acc_norm": 0.22727272727272727,
      "acc_norm_stderr": 0.04013964554072773
    },
    "hendrycksTest-astronomy": {
      "acc": 0.2236842105263158,
      "acc_stderr": 0.03391160934343602,
      "acc_norm": 0.3618421052631579,
      "acc_norm_stderr": 0.03910525752849725
    },
    "hendrycksTest-human_aging": {
      "acc": 0.3004484304932735,
      "acc_stderr": 0.030769352008229136,
      "acc_norm": 0.2556053811659193,
      "acc_norm_stderr": 0.029275891003969927
    },
    "hendrycksTest-high_school_world_history": {
      "acc": 0.22784810126582278,
      "acc_stderr": 0.02730348459906943,
      "acc_norm": 0.24050632911392406,
      "acc_norm_stderr": 0.027820781981149678
    },
    "hendrycksTest-high_school_psychology": {
      "acc": 0.28073394495412846,
      "acc_stderr": 0.019266055045871616,
      "acc_norm": 0.27155963302752295,
      "acc_norm_stderr": 0.019069098363191428
    },
    "hendrycksTest-conceptual_physics": {
      "acc": 0.2680851063829787,
      "acc_stderr": 0.02895734278834235,
      "acc_norm": 0.2127659574468085,
      "acc_norm_stderr": 0.026754391348039763
    },
    "winogrande": {
      "acc": 0.4956590370955012,
      "acc_stderr": 0.014051956064076911
    },
    "hendrycksTest-college_physics": {
      "acc": 0.18627450980392157,
      "acc_stderr": 0.038739587141493524,
      "acc_norm": 0.20588235294117646,
      "acc_norm_stderr": 0.04023382273617747
    },
    "hendrycksTest-econometrics": {
      "acc": 0.22807017543859648,
      "acc_stderr": 0.03947152782669415,
      "acc_norm": 0.21052631578947367,
      "acc_norm_stderr": 0.03835153954399421
    },
    "hendrycksTest-college_computer_science": {
      "acc": 0.27,
      "acc_stderr": 0.044619604333847394,
      "acc_norm": 0.25,
      "acc_norm_stderr": 0.04351941398892446
    },
    "hendrycksTest-high_school_biology": {
      "acc": 0.23225806451612904,
      "acc_stderr": 0.024022256130308235,
      "acc_norm": 0.2806451612903226,
      "acc_norm_stderr": 0.025560604721022895
    },
    "hendrycksTest-high_school_mathematics": {
      "acc": 0.1962962962962963,
      "acc_stderr": 0.02421742132741714,
      "acc_norm": 0.24444444444444444,
      "acc_norm_stderr": 0.026202766534652148
    },
    "hendrycksTest-high_school_microeconomics": {
      "acc": 0.23949579831932774,
      "acc_stderr": 0.02772206549336126,
      "acc_norm": 0.31932773109243695,
      "acc_norm_stderr": 0.0302839955258844
    },
    "hendrycksTest-elementary_mathematics": {
      "acc": 0.2804232804232804,
      "acc_stderr": 0.02313528797432562,
      "acc_norm": 0.2962962962962963,
      "acc_norm_stderr": 0.023517294335963286
    },
    "hendrycksTest-high_school_physics": {
      "acc": 0.2781456953642384,
      "acc_stderr": 0.03658603262763743,
      "acc_norm": 0.31125827814569534,
      "acc_norm_stderr": 0.03780445850526733
    },
    "hendrycksTest-high_school_statistics": {
      "acc": 0.24537037037037038,
      "acc_stderr": 0.029346665094372944,
      "acc_norm": 0.2638888888888889,
      "acc_norm_stderr": 0.030058202704309846
    },
    "hendrycksTest-high_school_european_history": {
      "acc": 0.21818181818181817,
      "acc_stderr": 0.03225078108306289,
      "acc_norm": 0.296969696969697,
      "acc_norm_stderr": 0.03567969772268049
    },
    "hendrycksTest-marketing": {
      "acc": 0.26495726495726496,
      "acc_stderr": 0.02891120880274946,
      "acc_norm": 0.31196581196581197,
      "acc_norm_stderr": 0.030351527323344944
    },
    "hendrycksTest-nutrition": {
      "acc": 0.2549019607843137,
      "acc_stderr": 0.024954184324879905,
      "acc_norm": 0.34967320261437906,