{
  "results": {
    "hendrycksTest-high_school_macroeconomics": {
      "acc": 0.25384615384615383,
      "acc_stderr": 0.022066054378726253,
      "acc_norm": 0.2846153846153846,
      "acc_norm_stderr": 0.022878322799706297
    },
    "hendrycksTest-formal_logic": {
      "acc": 0.2698412698412698,
      "acc_stderr": 0.03970158273235173,
      "acc_norm": 0.2619047619047619,
      "acc_norm_stderr": 0.0393253768039287
    },
    "hendrycksTest-marketing": {
      "acc": 0.2606837606837607,
      "acc_stderr": 0.028760348956523414,
      "acc_norm": 0.2863247863247863,
      "acc_norm_stderr": 0.02961432369045665
    },
    "hendrycksTest-astronomy": {
      "acc": 0.27631578947368424,
      "acc_stderr": 0.03639057569952925,
      "acc_norm": 0.3815789473684211,
      "acc_norm_stderr": 0.03953173377749194
    },
    "hendrycksTest-global_facts": {
      "acc": 0.22,
      "acc_stderr": 0.04163331998932268,
      "acc_norm": 0.21,
      "acc_norm_stderr": 0.040936018074033256
    },
    "hendrycksTest-security_studies": {
      "acc": 0.3224489795918367,
      "acc_stderr": 0.029923100563683913,
      "acc_norm": 0.2816326530612245,
      "acc_norm_stderr": 0.028795185574291303
    },
    "hendrycksTest-anatomy": {
      "acc": 0.2518518518518518,
      "acc_stderr": 0.0374985070917402,
      "acc_norm": 0.23703703703703705,
      "acc_norm_stderr": 0.03673731683969506
    },
    "hendrycksTest-elementary_mathematics": {
      "acc": 0.2275132275132275,
      "acc_stderr": 0.02159126940782379,
      "acc_norm": 0.2222222222222222,
      "acc_norm_stderr": 0.02141168439369419
    },
    "hendrycksTest-high_school_european_history": {
      "acc": 0.22424242424242424,
      "acc_stderr": 0.03256866661681102,
      "acc_norm": 0.34545454545454546,
      "acc_norm_stderr": 0.03713158067481912
    },
    "hendrycksTest-high_school_microeconomics": {
      "acc": 0.27310924369747897,
      "acc_stderr": 0.028942004040998164,
      "acc_norm": 0.35294117647058826,
      "acc_norm_stderr": 0.031041941304059278
    },
    "hendrycksTest-high_school_geography": {
      "acc": 0.2474747474747475,
      "acc_stderr": 0.030746300742124505,
      "acc_norm": 0.2676767676767677,
      "acc_norm_stderr": 0.03154449888270285
    },
    "hendrycksTest-human_aging": {
      "acc": 0.26905829596412556,
      "acc_stderr": 0.029763779406874975,
      "acc_norm": 0.24663677130044842,
      "acc_norm_stderr": 0.028930413120910874
    },
    "hendrycksTest-human_sexuality": {
      "acc": 0.3435114503816794,
      "acc_stderr": 0.041649760719448786,
      "acc_norm": 0.29770992366412213,
      "acc_norm_stderr": 0.040103589424622034
    },
    "hendrycksTest-econometrics": {
      "acc": 0.24561403508771928,
      "acc_stderr": 0.04049339297748142,
      "acc_norm": 0.2631578947368421,
      "acc_norm_stderr": 0.041424397194893624
    },
    "hendrycksTest-high_school_statistics": {
      "acc": 0.22685185185185186,
      "acc_stderr": 0.028561650102422273,
      "acc_norm": 0.25925925925925924,
      "acc_norm_stderr": 0.02988691054762696
    },
    "hendrycksTest-moral_disputes": {
      "acc": 0.23699421965317918,
      "acc_stderr": 0.02289408248992599,
      "acc_norm": 0.2832369942196532,
      "acc_norm_stderr": 0.024257901705323374
    },
    "hendrycksTest-high_school_world_history": {
      "acc": 0.2489451476793249,
      "acc_stderr": 0.028146970599422644,
      "acc_norm": 0.2869198312236287,
      "acc_norm_stderr": 0.029443773022594693
    },
    "hendrycksTest-us_foreign_policy": {
      "acc": 0.28,
      "acc_stderr": 0.045126085985421255,
      "acc_norm": 0.29,
      "acc_norm_stderr": 0.04560480215720684
    },
    "hendrycksTest-college_mathematics": {
      "acc": 0.18,
      "acc_stderr": 0.03861229196653697,
      "acc_norm": 0.25,
      "acc_norm_stderr": 0.04351941398892446
    },
    "hendrycksTest-management": {
      "acc": 0.22330097087378642,
      "acc_stderr": 0.04123553189891431,
      "acc_norm": 0.2524271844660194,
      "acc_norm_stderr": 0.04301250399690878
    },
    "hendrycksTest-miscellaneous": {
      "acc": 0.2515964240102171,
      "acc_stderr": 0.015517322365529612,
      "acc_norm": 0.24393358876117496,
      "acc_norm_stderr": 0.015357212665829479
    },
    "hendrycksTest-professional_medicine": {
      "acc": 0.2610294117647059,
      "acc_stderr": 0.026679252270103128,
      "acc_norm": 0.2757352941176471,
      "acc_norm_stderr": 0.027146271936625162
    },
    "hendrycksTest-sociology": {
      "acc": 0.19900497512437812,
      "acc_stderr": 0.028231365092758406,
      "acc_norm": 0.22885572139303484,
      "acc_norm_stderr": 0.029705284056772443
    },
    "hendrycksTest-high_school_psychology": {
      "acc": 0.27339449541284405,
      "acc_stderr": 0.01910929984609829,
      "acc_norm": 0.25871559633027524,
      "acc_norm_stderr": 0.01877605231961962
    },
    "hendrycksTest-professional_psychology": {
      "acc": 0.25980392156862747,
      "acc_stderr": 0.01774089950917779,
      "acc_norm": 0.25980392156862747,
      "acc_norm_stderr": 0.017740899509177795
    },
    "hendrycksTest-professional_accounting": {
      "acc": 0.24468085106382978,
      "acc_stderr": 0.02564555362226673,
      "acc_norm": 0.23049645390070922,
      "acc_norm_stderr": 0.02512373922687241
    },
    "logiqa": {
      "acc": 0.21351766513056836,
      "acc_stderr": 0.016073287529685225,
      "acc_norm": 0.2780337941628264,
      "acc_norm_stderr": 0.017573187770282706
    },
    "hendrycksTest-business_ethics": {
      "acc": 0.37,
      "acc_stderr": 0.048523658709391,
      "acc_norm": 0.32,
      "acc_norm_stderr": 0.046882617226215034
    },
    "hendrycksTest-public_relations": {
      "acc": 0.2545454545454545,
      "acc_stderr": 0.041723430387053825,
      "acc_norm": 0.19090909090909092,
      "acc_norm_stderr": 0.03764425585984926
    },
    "hendrycksTest-world_religions": {
      "acc": 0.22807017543859648,
      "acc_stderr": 0.032180937956023566,
      "acc_norm": 0.27485380116959063,
      "acc_norm_stderr": 0.03424042924691584
    },
    "piqa": {
      "acc": 0.5946681175190425,
      "acc_stderr": 0.011454816387346764,
      "acc_norm": 0.5816104461371056,
      "acc_norm_stderr": 0.011509380214588208
    },
    "hendrycksTest-high_school_us_history": {
      "acc": 0.24019607843137256,
      "acc_stderr": 0.02998373305591362,
      "acc_norm": 0.27941176470588236,
      "acc_norm_stderr": 0.03149328104507956
    },
    "hendrycksTest-logical_fallacies": {
      "acc": 0.22085889570552147,
      "acc_stderr": 0.03259177392742178,
      "acc_norm": 0.2822085889570552,
      "acc_norm_stderr": 0.03536117886664743
    },
    "hendrycksTest-professional_law": {
      "acc": 0.25488917861799215,
      "acc_stderr": 0.011130509812662979,
      "acc_norm": 0.2835723598435463,
      "acc_norm_stderr": 0.011511900775968312
    },
    "hendrycksTest-virology": {
      "acc": 0.24096385542168675,
      "acc_stderr": 0.03329394119073531,
      "acc_norm": 0.20481927710843373,
      "acc_norm_stderr": 0.03141784291663926
    },
    "hendrycksTest-philosophy": {
      "acc": 0.2090032154340836,
      "acc_stderr": 0.023093140398374224,
      "acc_norm": 0.2733118971061093,
      "acc_norm_stderr": 0.025311765975426122
    },
    "hendrycksTest-college_physics": {
      "acc": 0.18627450980392157,
      "acc_stderr": 0.03873958714149352,
      "acc_norm": 0.27450980392156865,
      "acc_norm_stderr": 0.04440521906179326
    },
    "arc_challenge": {
      "acc": 0.1766211604095563,
      "acc_stderr": 0.011144042769316494,
      "acc_norm": 0.21928327645051193,
      "acc_norm_stderr": 0.012091245787615734
    },
    "hendrycksTest-abstract_algebra": {
      "acc": 0.2,
      "acc_stderr": 0.04020151261036843,
      "acc_norm": 0.24,
      "acc_norm_stderr": 0.04292346959909284
    },
    "hendrycksTest-computer_security": {
      "acc": 0.19,
      "acc_stderr": 0.039427724440366234,
      "acc_norm": 0.25,