{
  "results": {
    "hendrycksTest-professional_law": {
      "acc": 0.2692307692307692,
      "acc_stderr": 0.011328734403140318,
      "acc_norm": 0.2777053455019557,
      "acc_norm_stderr": 0.011438741422769563
    },
    "hendrycksTest-high_school_macroeconomics": {
      "acc": 0.2564102564102564,
      "acc_stderr": 0.022139081103971527,
      "acc_norm": 0.27692307692307694,
      "acc_norm_stderr": 0.022688042352424994
    },
    "hendrycksTest-logical_fallacies": {
      "acc": 0.26993865030674846,
      "acc_stderr": 0.03487825168497892,
      "acc_norm": 0.2883435582822086,
      "acc_norm_stderr": 0.03559039531617342
    },
    "hendrycksTest-high_school_microeconomics": {
      "acc": 0.23949579831932774,
      "acc_stderr": 0.027722065493361276,
      "acc_norm": 0.3739495798319328,
      "acc_norm_stderr": 0.031429466378837076
    },
    "hendrycksTest-astronomy": {
      "acc": 0.19736842105263158,
      "acc_stderr": 0.03238981601699397,
      "acc_norm": 0.375,
      "acc_norm_stderr": 0.039397364351956274
    },
    "hendrycksTest-high_school_european_history": {
      "acc": 0.21818181818181817,
      "acc_stderr": 0.03225078108306289,
      "acc_norm": 0.24242424242424243,
      "acc_norm_stderr": 0.03346409881055953
    },
    "hendrycksTest-international_law": {
      "acc": 0.19008264462809918,
      "acc_stderr": 0.03581796951709282,
      "acc_norm": 0.38016528925619836,
      "acc_norm_stderr": 0.04431324501968431
    },
    "hendrycksTest-us_foreign_policy": {
      "acc": 0.3,
      "acc_stderr": 0.046056618647183814,
      "acc_norm": 0.31,
      "acc_norm_stderr": 0.04648231987117316
    },
    "sciq": {
      "acc": 0.679,
      "acc_stderr": 0.014770821817934645,
      "acc_norm": 0.615,
      "acc_norm_stderr": 0.015395194445410808
    },
    "hendrycksTest-professional_psychology": {
      "acc": 0.24836601307189543,
      "acc_stderr": 0.017479487001364764,
      "acc_norm": 0.27124183006535946,
      "acc_norm_stderr": 0.017986615304030295
    },
    "hendrycksTest-college_biology": {
      "acc": 0.3125,
      "acc_stderr": 0.038760854559127644,
      "acc_norm": 0.3055555555555556,
      "acc_norm_stderr": 0.03852084696008534
    },
    "logiqa": {
      "acc": 0.22734254992319508,
      "acc_stderr": 0.01643906767511774,
      "acc_norm": 0.2749615975422427,
      "acc_norm_stderr": 0.01751297178222521
    },
    "hendrycksTest-college_physics": {
      "acc": 0.16666666666666666,
      "acc_stderr": 0.03708284662416544,
      "acc_norm": 0.23529411764705882,
      "acc_norm_stderr": 0.04220773659171453
    },
    "hendrycksTest-electrical_engineering": {
      "acc": 0.2482758620689655,
      "acc_stderr": 0.03600105692727771,
      "acc_norm": 0.30344827586206896,
      "acc_norm_stderr": 0.038312260488503336
    },
    "hendrycksTest-high_school_mathematics": {
      "acc": 0.17407407407407408,
      "acc_stderr": 0.02311859603355185,
      "acc_norm": 0.26666666666666666,
      "acc_norm_stderr": 0.026962424325073838
    },
    "hendrycksTest-high_school_world_history": {
      "acc": 0.24472573839662448,
      "acc_stderr": 0.027985699387036416,
      "acc_norm": 0.3080168776371308,
      "acc_norm_stderr": 0.030052389335605695
    },
    "hendrycksTest-high_school_psychology": {
      "acc": 0.29908256880733947,
      "acc_stderr": 0.019630417285415182,
      "acc_norm": 0.26788990825688075,
      "acc_norm_stderr": 0.018987462257978652
    },
    "hendrycksTest-jurisprudence": {
      "acc": 0.23148148148148148,
      "acc_stderr": 0.04077494709252626,
      "acc_norm": 0.37037037037037035,
      "acc_norm_stderr": 0.04668408033024931
    },
    "hendrycksTest-management": {
      "acc": 0.20388349514563106,
      "acc_stderr": 0.0398913985953177,
      "acc_norm": 0.22330097087378642,
      "acc_norm_stderr": 0.04123553189891431
    },
    "hendrycksTest-moral_scenarios": {
      "acc": 0.23798882681564246,
      "acc_stderr": 0.014242630070574915,
      "acc_norm": 0.23798882681564246,
      "acc_norm_stderr": 0.014242630070574915
    },
    "arc_challenge": {
      "acc": 0.18003412969283278,
      "acc_stderr": 0.011227856729050054,
      "acc_norm": 0.20648464163822525,
      "acc_norm_stderr": 0.011828865619002316
    },
    "hendrycksTest-elementary_mathematics": {
      "acc": 0.23544973544973544,
      "acc_stderr": 0.02185150982203172,
      "acc_norm": 0.2328042328042328,
      "acc_norm_stderr": 0.02176596167215453
    },
    "hendrycksTest-prehistory": {
      "acc": 0.3117283950617284,
      "acc_stderr": 0.02577311116963045,
      "acc_norm": 0.24074074074074073,
      "acc_norm_stderr": 0.023788583551658544
    },
    "hendrycksTest-professional_accounting": {
      "acc": 0.2695035460992908,
      "acc_stderr": 0.02646903681859062,
      "acc_norm": 0.26595744680851063,
      "acc_norm_stderr": 0.026358065698880582
    },
    "hendrycksTest-clinical_knowledge": {
      "acc": 0.2339622641509434,
      "acc_stderr": 0.02605529690115292,
      "acc_norm": 0.32452830188679244,
      "acc_norm_stderr": 0.028815615713432118
    },
    "hendrycksTest-public_relations": {
      "acc": 0.23636363636363636,
      "acc_stderr": 0.04069306319721376,
      "acc_norm": 0.19090909090909092,
      "acc_norm_stderr": 0.03764425585984924
    },
    "hendrycksTest-college_computer_science": {
      "acc": 0.22,
      "acc_stderr": 0.041633319989322695,
      "acc_norm": 0.26,
      "acc_norm_stderr": 0.04408440022768078
    },
    "piqa": {
      "acc": 0.5914036996735582,
      "acc_stderr": 0.011469240387245146,
      "acc_norm": 0.5941240478781284,
      "acc_norm_stderr": 0.011457256809261782
    },
    "hendrycksTest-sociology": {
      "acc": 0.2835820895522388,
      "acc_stderr": 0.03187187537919797,
      "acc_norm": 0.30845771144278605,
      "acc_norm_stderr": 0.03265819588512699
    },
    "hendrycksTest-high_school_government_and_politics": {
      "acc": 0.2538860103626943,
      "acc_stderr": 0.03141024780565318,
      "acc_norm": 0.2538860103626943,
      "acc_norm_stderr": 0.03141024780565318
    },
    "hendrycksTest-virology": {
      "acc": 0.2469879518072289,
      "acc_stderr": 0.03357351982064536,
      "acc_norm": 0.2289156626506024,
      "acc_norm_stderr": 0.03270745277352477
    },
    "hendrycksTest-abstract_algebra": {
      "acc": 0.24,
      "acc_stderr": 0.04292346959909283,
      "acc_norm": 0.31,
      "acc_norm_stderr": 0.04648231987117316
    },
    "hendrycksTest-moral_disputes": {
      "acc": 0.2543352601156069,
      "acc_stderr": 0.023445826276545546,
      "acc_norm": 0.2861271676300578,
      "acc_norm_stderr": 0.02433214677913413
    },
    "hendrycksTest-high_school_chemistry": {
      "acc": 0.2019704433497537,
      "acc_stderr": 0.02824735012218027,
      "acc_norm": 0.270935960591133,
      "acc_norm_stderr": 0.031270907132976984
    },
    "hendrycksTest-nutrition": {
      "acc": 0.2581699346405229,
      "acc_stderr": 0.025058503316958157,
      "acc_norm": 0.3202614379084967,
      "acc_norm_stderr": 0.026716118380156844
    },
    "hendrycksTest-econometrics": {
      "acc": 0.21052631578947367,
      "acc_stderr": 0.038351539543994194,
      "acc_norm": 0.21929824561403508,
      "acc_norm_stderr": 0.03892431106518754
    },
    "hendrycksTest-marketing": {
      "acc": 0.2777777777777778,
      "acc_stderr": 0.02934311479809446,
      "acc_norm": 0.29914529914529914,
      "acc_norm_stderr": 0.029996951858349483
    },
    "hendrycksTest-high_school_physics": {
      "acc": 0.15894039735099338,
      "acc_stderr": 0.02985278852870104,
      "acc_norm": 0.2185430463576159,
      "acc_norm_stderr": 0.03374235550425694
    },
    "hendrycksTest-college_chemistry": {
      "acc": 0.27,
      "acc_stderr": 0.044619604333847394,
      "acc_norm": 0.33,
      "acc_norm_stderr": 0.04725815626252605
    },
    "hendrycksTest-professional_medicine": {
      "acc": 0.2647058823529412,
      "acc_stderr": 0.026799562024887678,