{
  "results": {
    "arc_challenge": {
      "acc": 0.21245733788395904,
      "acc_stderr": 0.011953482906582947,
      "acc_norm": 0.2568259385665529,
      "acc_norm_stderr": 0.0127669237941168
    },
    "winogrande": {
      "acc": 0.5303867403314917,
      "acc_stderr": 0.01402651083942875
    },
    "hendrycksTest-high_school_computer_science": {
      "acc": 0.24,
      "acc_stderr": 0.04292346959909284,
      "acc_norm": 0.26,
      "acc_norm_stderr": 0.04408440022768079
    },
    "hendrycksTest-management": {
      "acc": 0.1650485436893204,
      "acc_stderr": 0.036756688322331886,
      "acc_norm": 0.20388349514563106,
      "acc_norm_stderr": 0.0398913985953177
    },
    "hendrycksTest-high_school_macroeconomics": {
      "acc": 0.28205128205128205,
      "acc_stderr": 0.022815813098896607,
      "acc_norm": 0.26153846153846155,
      "acc_norm_stderr": 0.022282141204204426
    },
    "hendrycksTest-college_biology": {
      "acc": 0.25,
      "acc_stderr": 0.03621034121889507,
      "acc_norm": 0.25,
      "acc_norm_stderr": 0.03621034121889507
    },
    "hendrycksTest-professional_medicine": {
      "acc": 0.20588235294117646,
      "acc_stderr": 0.024562204314142314,
      "acc_norm": 0.23897058823529413,
      "acc_norm_stderr": 0.025905280644893006
    },
    "hendrycksTest-high_school_statistics": {
      "acc": 0.16666666666666666,
      "acc_stderr": 0.02541642838876747,
      "acc_norm": 0.2824074074074074,
      "acc_norm_stderr": 0.030701372111510937
    },
    "hendrycksTest-international_law": {
      "acc": 0.19008264462809918,
      "acc_stderr": 0.03581796951709282,
      "acc_norm": 0.4462809917355372,
      "acc_norm_stderr": 0.0453793517794788
    },
    "hendrycksTest-college_chemistry": {
      "acc": 0.24,
      "acc_stderr": 0.042923469599092816,
      "acc_norm": 0.32,
      "acc_norm_stderr": 0.04688261722621505
    },
    "hendrycksTest-global_facts": {
      "acc": 0.17,
      "acc_stderr": 0.0377525168068637,
      "acc_norm": 0.18,
      "acc_norm_stderr": 0.038612291966536934
    },
    "hendrycksTest-jurisprudence": {
      "acc": 0.2777777777777778,
      "acc_stderr": 0.043300437496507437,
      "acc_norm": 0.4074074074074074,
      "acc_norm_stderr": 0.04750077341199986
    },
    "hendrycksTest-world_religions": {
      "acc": 0.26900584795321636,
      "acc_stderr": 0.03401052620104089,
      "acc_norm": 0.3567251461988304,
      "acc_norm_stderr": 0.03674013002860954
    },
    "hendrycksTest-college_computer_science": {
      "acc": 0.34,
      "acc_stderr": 0.04760952285695235,
      "acc_norm": 0.28,
      "acc_norm_stderr": 0.045126085985421276
    },
    "hendrycksTest-college_physics": {
      "acc": 0.27450980392156865,
      "acc_stderr": 0.044405219061793275,
      "acc_norm": 0.27450980392156865,
      "acc_norm_stderr": 0.044405219061793275
    },
    "hendrycksTest-nutrition": {
      "acc": 0.2777777777777778,
      "acc_stderr": 0.02564686309713791,
      "acc_norm": 0.38235294117647056,
      "acc_norm_stderr": 0.02782610930728369
    },
    "sciq": {
      "acc": 0.829,
      "acc_stderr": 0.011912216456264613,
      "acc_norm": 0.735,
      "acc_norm_stderr": 0.013963164754809953
    },
    "hendrycksTest-college_medicine": {
      "acc": 0.24855491329479767,
      "acc_stderr": 0.03295304696818318,
      "acc_norm": 0.23699421965317918,
      "acc_norm_stderr": 0.03242414757483098
    },
    "arc_easy": {
      "acc": 0.5214646464646465,
      "acc_stderr": 0.010250325159456652,
      "acc_norm": 0.45707070707070707,
      "acc_norm_stderr": 0.010221897564256057
    },
    "hendrycksTest-public_relations": {
      "acc": 0.22727272727272727,
      "acc_stderr": 0.04013964554072775,
      "acc_norm": 0.22727272727272727,
      "acc_norm_stderr": 0.04013964554072773
    },
    "hendrycksTest-clinical_knowledge": {
      "acc": 0.2641509433962264,
      "acc_stderr": 0.02713429162874172,
      "acc_norm": 0.3169811320754717,
      "acc_norm_stderr": 0.028637235639800925
    },
    "piqa": {
      "acc": 0.6637649619151251,
      "acc_stderr": 0.011022346708970227,
      "acc_norm": 0.6730141458106638,
      "acc_norm_stderr": 0.010945157126978224
    },
    "lambada_openai": {
      "ppl": 10.183316008693065,
      "ppl_stderr": 0.30584460481133696,
      "acc": 0.5394915583155443,
      "acc_stderr": 0.00694421562124169
    },
    "hendrycksTest-sociology": {
      "acc": 0.32338308457711445,
      "acc_stderr": 0.03307615947979034,
      "acc_norm": 0.2935323383084577,
      "acc_norm_stderr": 0.032200241045342054
    },
    "hendrycksTest-high_school_government_and_politics": {
      "acc": 0.23316062176165803,
      "acc_stderr": 0.030516111371476008,
      "acc_norm": 0.2694300518134715,
      "acc_norm_stderr": 0.03201867122877793
    },
    "hendrycksTest-machine_learning": {
      "acc": 0.22321428571428573,
      "acc_stderr": 0.039523019677025116,
      "acc_norm": 0.2857142857142857,
      "acc_norm_stderr": 0.042878587513404565
    },
    "hendrycksTest-moral_disputes": {
      "acc": 0.2947976878612717,
      "acc_stderr": 0.024547617794803835,
      "acc_norm": 0.3265895953757225,
      "acc_norm_stderr": 0.025248264774242822
    },
    "hendrycksTest-electrical_engineering": {
      "acc": 0.3310344827586207,
      "acc_stderr": 0.039215453124671215,
      "acc_norm": 0.31724137931034485,
      "acc_norm_stderr": 0.03878352372138622
    },
    "hendrycksTest-high_school_physics": {
      "acc": 0.2251655629139073,
      "acc_stderr": 0.03410435282008936,
      "acc_norm": 0.2251655629139073,
      "acc_norm_stderr": 0.03410435282008936
    },
    "hendrycksTest-high_school_european_history": {
      "acc": 0.20606060606060606,
      "acc_stderr": 0.031584153240477086,
      "acc_norm": 0.2787878787878788,
      "acc_norm_stderr": 0.03501438706296781
    },
    "hendrycksTest-high_school_microeconomics": {
      "acc": 0.226890756302521,
      "acc_stderr": 0.027205371538279483,
      "acc_norm": 0.3235294117647059,
      "acc_norm_stderr": 0.030388353551886845
    },
    "hendrycksTest-professional_psychology": {
      "acc": 0.2434640522875817,
      "acc_stderr": 0.017362473762146627,
      "acc_norm": 0.25980392156862747,
      "acc_norm_stderr": 0.017740899509177788
    },
    "hendrycksTest-abstract_algebra": {
      "acc": 0.22,
      "acc_stderr": 0.0416333199893227,
      "acc_norm": 0.21,
      "acc_norm_stderr": 0.040936018074033256
    },
    "hendrycksTest-econometrics": {
      "acc": 0.2543859649122807,
      "acc_stderr": 0.040969851398436695,
      "acc_norm": 0.19298245614035087,
      "acc_norm_stderr": 0.03712454853721368
    },
    "hendrycksTest-security_studies": {
      "acc": 0.3673469387755102,
      "acc_stderr": 0.03086214492108756,
      "acc_norm": 0.2530612244897959,
      "acc_norm_stderr": 0.027833023871399683
    },
    "hendrycksTest-human_sexuality": {
      "acc": 0.2824427480916031,
      "acc_stderr": 0.03948406125768361,
      "acc_norm": 0.2900763358778626,
      "acc_norm_stderr": 0.03980066246467766
    },
    "hendrycksTest-professional_law": {
      "acc": 0.2666232073011734,
      "acc_stderr": 0.011293836031612143,
      "acc_norm": 0.2926988265971317,
      "acc_norm_stderr": 0.01162094919584952
    },
    "hendrycksTest-high_school_mathematics": {
      "acc": 0.18888888888888888,
      "acc_stderr": 0.0238653188622853,
      "acc_norm": 0.25555555555555554,
      "acc_norm_stderr": 0.026593939101844082
    },
    "hendrycksTest-logical_fallacies": {
      "acc": 0.2147239263803681,
      "acc_stderr": 0.03226219377286774,
      "acc_norm": 0.3006134969325153,
      "acc_norm_stderr": 0.03602511318806771
    },
    "hendrycksTest-conceptual_physics": {
      "acc": 0.2553191489361702,
      "acc_stderr": 0.028504856470514196,
      "acc_norm": 0.22127659574468084,
      "acc_norm_stderr": 0.02713634960242406
    },
    "hendrycksTest-computer_security": {
      "acc": 0.32,
      "acc_stderr": 0.046882617226215034,