{
  "results": {
    "hendrycksTest-high_school_statistics": {
      "acc": 0.2222222222222222,
      "acc_stderr": 0.028353212866863445,
      "acc_norm": 0.2777777777777778,
      "acc_norm_stderr": 0.0305467452649532
    },
    "hendrycksTest-college_mathematics": {
      "acc": 0.18,
      "acc_stderr": 0.038612291966536955,
      "acc_norm": 0.21,
      "acc_norm_stderr": 0.040936018074033256
    },
    "hendrycksTest-anatomy": {
      "acc": 0.22962962962962963,
      "acc_stderr": 0.03633384414073466,
      "acc_norm": 0.28888888888888886,
      "acc_norm_stderr": 0.0391545063041425
    },
    "hendrycksTest-jurisprudence": {
      "acc": 0.19444444444444445,
      "acc_stderr": 0.038260763248848646,
      "acc_norm": 0.32407407407407407,
      "acc_norm_stderr": 0.04524596007030049
    },
    "hendrycksTest-professional_accounting": {
      "acc": 0.26595744680851063,
      "acc_stderr": 0.026358065698880592,
      "acc_norm": 0.2695035460992908,
      "acc_norm_stderr": 0.026469036818590624
    },
    "hendrycksTest-miscellaneous": {
      "acc": 0.24904214559386972,
      "acc_stderr": 0.015464676163395983,
      "acc_norm": 0.23371647509578544,
      "acc_norm_stderr": 0.015133383278988841
    },
    "hendrycksTest-college_medicine": {
      "acc": 0.23121387283236994,
      "acc_stderr": 0.03214737302029469,
      "acc_norm": 0.26011560693641617,
      "acc_norm_stderr": 0.03345036916788992
    },
    "hendrycksTest-marketing": {
      "acc": 0.2606837606837607,
      "acc_stderr": 0.028760348956523414,
      "acc_norm": 0.2606837606837607,
      "acc_norm_stderr": 0.028760348956523414
    },
    "hendrycksTest-philosophy": {
      "acc": 0.21221864951768488,
      "acc_stderr": 0.023222756797435108,
      "acc_norm": 0.2733118971061093,
      "acc_norm_stderr": 0.025311765975426122
    },
    "sciq": {
      "acc": 0.602,
      "acc_stderr": 0.015486634102858922,
      "acc_norm": 0.548,
      "acc_norm_stderr": 0.015746235865880677
    },
    "hendrycksTest-astronomy": {
      "acc": 0.24342105263157895,
      "acc_stderr": 0.034923496688842384,
      "acc_norm": 0.35526315789473684,
      "acc_norm_stderr": 0.03894734487013316
    },
    "hendrycksTest-machine_learning": {
      "acc": 0.3125,
      "acc_stderr": 0.043994650575715215,
      "acc_norm": 0.2857142857142857,
      "acc_norm_stderr": 0.04287858751340455
    },
    "hendrycksTest-security_studies": {
      "acc": 0.34285714285714286,
      "acc_stderr": 0.030387262919547724,
      "acc_norm": 0.24489795918367346,
      "acc_norm_stderr": 0.02752963744017492
    },
    "hendrycksTest-conceptual_physics": {
      "acc": 0.2553191489361702,
      "acc_stderr": 0.028504856470514206,
      "acc_norm": 0.19148936170212766,
      "acc_norm_stderr": 0.025722149992637805
    },
    "hendrycksTest-world_religions": {
      "acc": 0.24561403508771928,
      "acc_stderr": 0.033014059469872487,
      "acc_norm": 0.28654970760233917,
      "acc_norm_stderr": 0.03467826685703826
    },
    "hendrycksTest-electrical_engineering": {
      "acc": 0.2896551724137931,
      "acc_stderr": 0.03780019230438014,
      "acc_norm": 0.3310344827586207,
      "acc_norm_stderr": 0.03921545312467122
    },
    "hendrycksTest-prehistory": {
      "acc": 0.25925925925925924,
      "acc_stderr": 0.02438366553103545,
      "acc_norm": 0.2037037037037037,
      "acc_norm_stderr": 0.022409674547304168
    },
    "hendrycksTest-professional_medicine": {
      "acc": 0.25,
      "acc_stderr": 0.026303648393696036,
      "acc_norm": 0.25735294117647056,
      "acc_norm_stderr": 0.026556519470041513
    },
    "hendrycksTest-clinical_knowledge": {
      "acc": 0.22641509433962265,
      "acc_stderr": 0.025757559893106737,
      "acc_norm": 0.3132075471698113,
      "acc_norm_stderr": 0.02854479331905533
    },
    "hendrycksTest-college_computer_science": {
      "acc": 0.23,
      "acc_stderr": 0.04229525846816506,
      "acc_norm": 0.24,
      "acc_norm_stderr": 0.04292346959909282
    },
    "hendrycksTest-high_school_geography": {
      "acc": 0.2777777777777778,
      "acc_stderr": 0.03191178226713547,
      "acc_norm": 0.3333333333333333,
      "acc_norm_stderr": 0.033586181457325226
    },
    "hendrycksTest-high_school_world_history": {
      "acc": 0.2320675105485232,
      "acc_stderr": 0.027479744550808524,
      "acc_norm": 0.2869198312236287,
      "acc_norm_stderr": 0.029443773022594693
    },
    "hendrycksTest-formal_logic": {
      "acc": 0.2857142857142857,
      "acc_stderr": 0.04040610178208841,
      "acc_norm": 0.2619047619047619,
      "acc_norm_stderr": 0.03932537680392871
    },
    "hendrycksTest-human_sexuality": {
      "acc": 0.29770992366412213,
      "acc_stderr": 0.040103589424622034,
      "acc_norm": 0.3053435114503817,
      "acc_norm_stderr": 0.04039314978724562
    },
    "hendrycksTest-international_law": {
      "acc": 0.1487603305785124,
      "acc_stderr": 0.03248470083807194,
      "acc_norm": 0.4380165289256198,
      "acc_norm_stderr": 0.045291468044357915
    },
    "logiqa": {
      "acc": 0.22734254992319508,
      "acc_stderr": 0.016439067675117755,
      "acc_norm": 0.2749615975422427,
      "acc_norm_stderr": 0.01751297178222521
    },
    "hendrycksTest-high_school_government_and_politics": {
      "acc": 0.22797927461139897,
      "acc_stderr": 0.030276909945178256,
      "acc_norm": 0.26424870466321243,
      "acc_norm_stderr": 0.03182155050916646
    },
    "winogrande": {
      "acc": 0.4972375690607735,
      "acc_stderr": 0.014052271211616457
    },
    "hendrycksTest-logical_fallacies": {
      "acc": 0.2822085889570552,
      "acc_stderr": 0.03536117886664743,
      "acc_norm": 0.27607361963190186,
      "acc_norm_stderr": 0.0351238528370505
    },
    "hendrycksTest-college_biology": {
      "acc": 0.2916666666666667,
      "acc_stderr": 0.038009680605548574,
      "acc_norm": 0.24305555555555555,
      "acc_norm_stderr": 0.03586879280080341
    },
    "hendrycksTest-moral_disputes": {
      "acc": 0.24566473988439305,
      "acc_stderr": 0.023176298203992012,
      "acc_norm": 0.2976878612716763,
      "acc_norm_stderr": 0.024617055388677
    },
    "hendrycksTest-college_physics": {
      "acc": 0.20588235294117646,
      "acc_stderr": 0.04023382273617747,
      "acc_norm": 0.2549019607843137,
      "acc_norm_stderr": 0.04336432707993177
    },
    "hendrycksTest-us_foreign_policy": {
      "acc": 0.26,
      "acc_stderr": 0.04408440022768078,
      "acc_norm": 0.34,
      "acc_norm_stderr": 0.04760952285695235
    },
    "wsc": {
      "acc": 0.3557692307692308,
      "acc_stderr": 0.04717221961050337
    },
    "hendrycksTest-high_school_biology": {
      "acc": 0.2161290322580645,
      "acc_stderr": 0.023415293433568525,
      "acc_norm": 0.3096774193548387,
      "acc_norm_stderr": 0.026302774983517418
    },
    "hendrycksTest-virology": {
      "acc": 0.24096385542168675,
      "acc_stderr": 0.033293941190735296,
      "acc_norm": 0.22289156626506024,
      "acc_norm_stderr": 0.03240004825594688
    },
    "piqa": {
      "acc": 0.5908596300326442,
      "acc_stderr": 0.011471593460443325,
      "acc_norm": 0.5767138193688792,
      "acc_norm_stderr": 0.011527699473614475
    },
    "hendrycksTest-high_school_chemistry": {
      "acc": 0.1724137931034483,
      "acc_stderr": 0.026577672183036586,
      "acc_norm": 0.2512315270935961,
      "acc_norm_stderr": 0.030516530732694436
    },
    "hendrycksTest-high_school_computer_science": {
      "acc": 0.26,
      "acc_stderr": 0.0440844002276808,
      "acc_norm": 0.32,
      "acc_norm_stderr": 0.04688261722621503
    },
    "hendrycksTest-sociology": {
      "acc": 0.24875621890547264,
      "acc_stderr": 0.030567675938916707,
      "acc_norm": 0.27860696517412936,
      "acc_norm_stderr": 0.031700561834973086
    },
    "hendrycksTest-global_facts": {
      "acc": 0.21,
      "acc_stderr": 0.040936018074033256,
      "acc_norm": 0.19,
      "acc_norm_stderr": 0.03942772444036625
    },