{
  "results": {
    "hendrycksTest-elementary_mathematics": {
      "acc": 0.24603174603174602,
      "acc_stderr": 0.02218203720294836,
      "acc_norm": 0.24603174603174602,
      "acc_norm_stderr": 0.022182037202948368
    },
    "hendrycksTest-high_school_microeconomics": {
      "acc": 0.24369747899159663,
      "acc_stderr": 0.02788682807838056,
      "acc_norm": 0.3277310924369748,
      "acc_norm_stderr": 0.030489911417673227
    },
    "hendrycksTest-management": {
      "acc": 0.1553398058252427,
      "acc_stderr": 0.035865947385739734,
      "acc_norm": 0.1941747572815534,
      "acc_norm_stderr": 0.03916667762822584
    },
    "hendrycksTest-nutrition": {
      "acc": 0.27450980392156865,
      "acc_stderr": 0.02555316999182651,
      "acc_norm": 0.38562091503267976,
      "acc_norm_stderr": 0.027870745278290313
    },
    "winogrande": {
      "acc": 0.5280189423835833,
      "acc_stderr": 0.014030404213405784
    },
    "hendrycksTest-miscellaneous": {
      "acc": 0.26309067688378035,
      "acc_stderr": 0.015745497169049043,
      "acc_norm": 0.2554278416347382,
      "acc_norm_stderr": 0.015594955384455772
    },
    "hendrycksTest-college_chemistry": {
      "acc": 0.24,
      "acc_stderr": 0.042923469599092816,
      "acc_norm": 0.31,
      "acc_norm_stderr": 0.04648231987117316
    },
    "hendrycksTest-professional_law": {
      "acc": 0.2561929595827901,
      "acc_stderr": 0.01114917315311058,
      "acc_norm": 0.2920469361147327,
      "acc_norm_stderr": 0.011613349136271812
    },
    "hendrycksTest-us_foreign_policy": {
      "acc": 0.35,
      "acc_stderr": 0.047937248544110196,
      "acc_norm": 0.38,
      "acc_norm_stderr": 0.04878317312145632
    },
    "hendrycksTest-security_studies": {
      "acc": 0.37551020408163266,
      "acc_stderr": 0.031001209039894843,
      "acc_norm": 0.27346938775510204,
      "acc_norm_stderr": 0.02853556033712844
    },
    "wsc": {
      "acc": 0.6153846153846154,
      "acc_stderr": 0.0479366886807504
    },
    "logiqa": {
      "acc": 0.22119815668202766,
      "acc_stderr": 0.016279743532401657,
      "acc_norm": 0.28110599078341014,
      "acc_norm_stderr": 0.017632374626460008
    },
    "sciq": {
      "acc": 0.834,
      "acc_stderr": 0.011772110370812197,
      "acc_norm": 0.752,
      "acc_norm_stderr": 0.013663187134877654
    },
    "hendrycksTest-professional_accounting": {
      "acc": 0.24822695035460993,
      "acc_stderr": 0.025770015644290385,
      "acc_norm": 0.23404255319148937,
      "acc_norm_stderr": 0.025257861359432407
    },
    "hendrycksTest-professional_medicine": {
      "acc": 0.21691176470588236,
      "acc_stderr": 0.02503584522771128,
      "acc_norm": 0.26838235294117646,
      "acc_norm_stderr": 0.026917481224377218
    },
    "hendrycksTest-high_school_geography": {
      "acc": 0.17676767676767677,
      "acc_stderr": 0.027178752639044915,
      "acc_norm": 0.2777777777777778,
      "acc_norm_stderr": 0.03191178226713547
    },
    "hendrycksTest-college_biology": {
      "acc": 0.25,
      "acc_stderr": 0.03621034121889507,
      "acc_norm": 0.2708333333333333,
      "acc_norm_stderr": 0.03716177437566017
    },
    "hendrycksTest-college_computer_science": {
      "acc": 0.32,
      "acc_stderr": 0.046882617226215034,
      "acc_norm": 0.28,
      "acc_norm_stderr": 0.045126085985421276
    },
    "hendrycksTest-college_physics": {
      "acc": 0.2549019607843137,
      "acc_stderr": 0.043364327079931785,
      "acc_norm": 0.27450980392156865,
      "acc_norm_stderr": 0.044405219061793275
    },
    "hendrycksTest-computer_security": {
      "acc": 0.33,
      "acc_stderr": 0.047258156262526045,
      "acc_norm": 0.38,
      "acc_norm_stderr": 0.04878317312145633
    },
    "hendrycksTest-high_school_biology": {
      "acc": 0.23225806451612904,
      "acc_stderr": 0.024022256130308235,
      "acc_norm": 0.2903225806451613,
      "acc_norm_stderr": 0.025822106119415898
    },
    "hendrycksTest-high_school_world_history": {
      "acc": 0.1940928270042194,
      "acc_stderr": 0.025744902532290927,
      "acc_norm": 0.24472573839662448,
      "acc_norm_stderr": 0.027985699387036423
    },
    "hendrycksTest-public_relations": {
      "acc": 0.20909090909090908,
      "acc_stderr": 0.03895091015724136,
      "acc_norm": 0.19090909090909092,
      "acc_norm_stderr": 0.03764425585984926
    },
    "hendrycksTest-virology": {
      "acc": 0.2891566265060241,
      "acc_stderr": 0.03529486801511115,
      "acc_norm": 0.3072289156626506,
      "acc_norm_stderr": 0.035915667978246635
    },
    "hendrycksTest-abstract_algebra": {
      "acc": 0.22,
      "acc_stderr": 0.041633319989322695,
      "acc_norm": 0.28,
      "acc_norm_stderr": 0.04512608598542127
    },
    "hendrycksTest-machine_learning": {
      "acc": 0.23214285714285715,
      "acc_stderr": 0.04007341809755805,
      "acc_norm": 0.21428571428571427,
      "acc_norm_stderr": 0.03894641120044793
    },
    "hendrycksTest-anatomy": {
      "acc": 0.25925925925925924,
      "acc_stderr": 0.03785714465066654,
      "acc_norm": 0.24444444444444444,
      "acc_norm_stderr": 0.037125378336148665
    },
    "hendrycksTest-business_ethics": {
      "acc": 0.39,
      "acc_stderr": 0.04902071300001975,
      "acc_norm": 0.29,
      "acc_norm_stderr": 0.04560480215720683
    },
    "hendrycksTest-formal_logic": {
      "acc": 0.2777777777777778,
      "acc_stderr": 0.040061680838488746,
      "acc_norm": 0.21428571428571427,
      "acc_norm_stderr": 0.03670066451047181
    },
    "hendrycksTest-world_religions": {
      "acc": 0.29239766081871343,
      "acc_stderr": 0.03488647713457922,
      "acc_norm": 0.32748538011695905,
      "acc_norm_stderr": 0.035993357714560276
    },
    "hendrycksTest-global_facts": {
      "acc": 0.15,
      "acc_stderr": 0.035887028128263686,
      "acc_norm": 0.16,
      "acc_norm_stderr": 0.03684529491774708
    },
    "piqa": {
      "acc": 0.6697497279651795,
      "acc_stderr": 0.010972947133006306,
      "acc_norm": 0.6719260065288357,
      "acc_norm_stderr": 0.010954487135124223
    },
    "hendrycksTest-human_aging": {
      "acc": 0.32286995515695066,
      "acc_stderr": 0.03138147637575499,
      "acc_norm": 0.2825112107623318,
      "acc_norm_stderr": 0.030216831011508783
    },
    "hendrycksTest-clinical_knowledge": {
      "acc": 0.27547169811320754,
      "acc_stderr": 0.027495663683724074,
      "acc_norm": 0.32075471698113206,
      "acc_norm_stderr": 0.028727502957880267
    },
    "hendrycksTest-international_law": {
      "acc": 0.1652892561983471,
      "acc_stderr": 0.03390780612972776,
      "acc_norm": 0.47107438016528924,
      "acc_norm_stderr": 0.04556710331269498
    },
    "hendrycksTest-prehistory": {
      "acc": 0.24691358024691357,
      "acc_stderr": 0.023993501709042103,
      "acc_norm": 0.20679012345679013,
      "acc_norm_stderr": 0.02253500670594282
    },
    "hendrycksTest-medical_genetics": {
      "acc": 0.28,
      "acc_stderr": 0.04512608598542127,
      "acc_norm": 0.33,
      "acc_norm_stderr": 0.047258156262526045
    },
    "hendrycksTest-college_medicine": {
      "acc": 0.23699421965317918,
      "acc_stderr": 0.03242414757483098,
      "acc_norm": 0.23699421965317918,
      "acc_norm_stderr": 0.03242414757483098
    },
    "hendrycksTest-conceptual_physics": {
      "acc": 0.2553191489361702,
      "acc_stderr": 0.028504856470514203,
      "acc_norm": 0.2170212765957447,
      "acc_norm_stderr": 0.026947483121496217
    },
    "lambada_openai": {
      "ppl": 10.873076679425044,
      "ppl_stderr": 0.32808460858058597,
      "acc": 0.5208616339996118,
      "acc_stderr": 0.006959911720851453
    },
    "hendrycksTest-moral_disputes": {
      "acc": 0.27167630057803466,
      "acc_stderr": 0.02394851290546836,
      "acc_norm": 0.3236994219653179,
      "acc_norm_stderr": 0.02519018132760841
    },
    "hendrycksTest-high_school_macroeconomics": {
      "acc": 0.29743589743589743,