{
  "results": {
    "hendrycksTest-international_law": {
      "acc": 0.19834710743801653,
      "acc_stderr": 0.03640118271990945,
      "acc_norm": 0.47107438016528924,
      "acc_norm_stderr": 0.04556710331269498
    },
    "sciq": {
      "acc": 0.917,
      "acc_stderr": 0.00872852720607479,
      "acc_norm": 0.859,
      "acc_norm_stderr": 0.01101091459599244
    },
    "hendrycksTest-medical_genetics": {
      "acc": 0.34,
      "acc_stderr": 0.04760952285695235,
      "acc_norm": 0.38,
      "acc_norm_stderr": 0.04878317312145632
    },
    "hendrycksTest-astronomy": {
      "acc": 0.27631578947368424,
      "acc_stderr": 0.03639057569952925,
      "acc_norm": 0.35526315789473684,
      "acc_norm_stderr": 0.03894734487013316
    },
    "hendrycksTest-miscellaneous": {
      "acc": 0.3218390804597701,
      "acc_stderr": 0.0167063814150579,
      "acc_norm": 0.2937420178799489,
      "acc_norm_stderr": 0.01628775938849167
    },
    "hendrycksTest-prehistory": {
      "acc": 0.2808641975308642,
      "acc_stderr": 0.025006469755799208,
      "acc_norm": 0.2191358024691358,
      "acc_norm_stderr": 0.023016705640262203
    },
    "hendrycksTest-elementary_mathematics": {
      "acc": 0.2962962962962963,
      "acc_stderr": 0.023517294335963286,
      "acc_norm": 0.31216931216931215,
      "acc_norm_stderr": 0.023865206836972606
    },
    "hendrycksTest-econometrics": {
      "acc": 0.21929824561403508,
      "acc_stderr": 0.03892431106518752,
      "acc_norm": 0.24561403508771928,
      "acc_norm_stderr": 0.04049339297748141
    },
    "hendrycksTest-professional_psychology": {
      "acc": 0.28431372549019607,
      "acc_stderr": 0.018249024411207664,
      "acc_norm": 0.2696078431372549,
      "acc_norm_stderr": 0.017952449196987866
    },
    "hendrycksTest-computer_security": {
      "acc": 0.26,
      "acc_stderr": 0.044084400227680794,
      "acc_norm": 0.37,
      "acc_norm_stderr": 0.04852365870939099
    },
    "hendrycksTest-college_mathematics": {
      "acc": 0.23,
      "acc_stderr": 0.04229525846816505,
      "acc_norm": 0.35,
      "acc_norm_stderr": 0.047937248544110196
    },
    "hendrycksTest-management": {
      "acc": 0.23300970873786409,
      "acc_stderr": 0.04185832598928315,
      "acc_norm": 0.32038834951456313,
      "acc_norm_stderr": 0.04620284082280039
    },
    "hendrycksTest-high_school_macroeconomics": {
      "acc": 0.24615384615384617,
      "acc_stderr": 0.021840866990423084,
      "acc_norm": 0.2846153846153846,
      "acc_norm_stderr": 0.02287832279970628
    },
    "hendrycksTest-high_school_physics": {
      "acc": 0.2185430463576159,
      "acc_stderr": 0.033742355504256936,
      "acc_norm": 0.23841059602649006,
      "acc_norm_stderr": 0.0347918557259966
    },
    "piqa": {
      "acc": 0.7513601741022851,
      "acc_stderr": 0.01008451123429685,
      "acc_norm": 0.7600652883569097,
      "acc_norm_stderr": 0.009963625892809545
    },
    "hendrycksTest-high_school_geography": {
      "acc": 0.21717171717171718,
      "acc_stderr": 0.029376616484945627,
      "acc_norm": 0.25757575757575757,
      "acc_norm_stderr": 0.03115626951964683
    },
    "hendrycksTest-high_school_statistics": {
      "acc": 0.24074074074074073,
      "acc_stderr": 0.029157522184605596,
      "acc_norm": 0.2824074074074074,
      "acc_norm_stderr": 0.030701372111510934
    },
    "hendrycksTest-human_sexuality": {
      "acc": 0.37404580152671757,
      "acc_stderr": 0.042438692422305246,
      "acc_norm": 0.2900763358778626,
      "acc_norm_stderr": 0.03980066246467765
    },
    "hendrycksTest-logical_fallacies": {
      "acc": 0.25766871165644173,
      "acc_stderr": 0.03436150827846917,
      "acc_norm": 0.27607361963190186,
      "acc_norm_stderr": 0.03512385283705051
    },
    "hendrycksTest-marketing": {
      "acc": 0.29914529914529914,
      "acc_stderr": 0.02999695185834948,
      "acc_norm": 0.3076923076923077,
      "acc_norm_stderr": 0.0302363899421731
    },
    "hendrycksTest-philosophy": {
      "acc": 0.24115755627009647,
      "acc_stderr": 0.024296594034763426,
      "acc_norm": 0.3054662379421222,
      "acc_norm_stderr": 0.026160584450140485
    },
    "hendrycksTest-professional_law": {
      "acc": 0.2711864406779661,
      "acc_stderr": 0.011354581451622985,
      "acc_norm": 0.2926988265971317,
      "acc_norm_stderr": 0.01162094919584952
    },
    "hendrycksTest-high_school_us_history": {
      "acc": 0.27450980392156865,
      "acc_stderr": 0.03132179803083291,
      "acc_norm": 0.28431372549019607,
      "acc_norm_stderr": 0.03166009679399812
    },
    "hendrycksTest-clinical_knowledge": {
      "acc": 0.26037735849056604,
      "acc_stderr": 0.027008766090708094,
      "acc_norm": 0.35471698113207545,
      "acc_norm_stderr": 0.029445175328199596
    },
    "hendrycksTest-nutrition": {
      "acc": 0.3431372549019608,
      "acc_stderr": 0.02718449890994161,
      "acc_norm": 0.39215686274509803,
      "acc_norm_stderr": 0.02795604616542451
    },
    "hendrycksTest-college_biology": {
      "acc": 0.2569444444444444,
      "acc_stderr": 0.03653946969442099,
      "acc_norm": 0.2569444444444444,
      "acc_norm_stderr": 0.03653946969442099
    },
    "wsc": {
      "acc": 0.375,
      "acc_stderr": 0.04770204856076104
    },
    "hendrycksTest-professional_medicine": {
      "acc": 0.29411764705882354,
      "acc_stderr": 0.02767846864214471,
      "acc_norm": 0.2647058823529412,
      "acc_norm_stderr": 0.026799562024887667
    },
    "arc_easy": {
      "acc": 0.6856060606060606,
      "acc_stderr": 0.009526702423162905,
      "acc_norm": 0.632996632996633,
      "acc_norm_stderr": 0.009890173658452118
    },
    "hendrycksTest-professional_accounting": {
      "acc": 0.2765957446808511,
      "acc_stderr": 0.026684564340461004,
      "acc_norm": 0.30141843971631205,
      "acc_norm_stderr": 0.02737412888263115
    },
    "hendrycksTest-machine_learning": {
      "acc": 0.2767857142857143,
      "acc_stderr": 0.042466243366976256,
      "acc_norm": 0.20535714285714285,
      "acc_norm_stderr": 0.03834241021419073
    },
    "hendrycksTest-college_physics": {
      "acc": 0.2647058823529412,
      "acc_stderr": 0.0438986995680878,
      "acc_norm": 0.28431372549019607,
      "acc_norm_stderr": 0.04488482852329017
    },
    "winogrande": {
      "acc": 0.6203630623520127,
      "acc_stderr": 0.01363924540371115
    },
    "hendrycksTest-high_school_government_and_politics": {
      "acc": 0.23316062176165803,
      "acc_stderr": 0.030516111371476008,
      "acc_norm": 0.26424870466321243,
      "acc_norm_stderr": 0.03182155050916647
    },
    "hendrycksTest-abstract_algebra": {
      "acc": 0.2,
      "acc_stderr": 0.040201512610368445,
      "acc_norm": 0.2,
      "acc_norm_stderr": 0.04020151261036845
    },
    "hendrycksTest-formal_logic": {
      "acc": 0.25396825396825395,
      "acc_stderr": 0.03893259610604671,
      "acc_norm": 0.23809523809523808,
      "acc_norm_stderr": 0.038095238095238126
    },
    "lambada_openai": {
      "ppl": 4.156182508553121,
      "ppl_stderr": 0.0902450312094666,
      "acc": 0.685814088880264,
      "acc_stderr": 0.0064670858666538945
    },
    "hendrycksTest-public_relations": {
      "acc": 0.2545454545454545,
      "acc_stderr": 0.04172343038705383,
      "acc_norm": 0.23636363636363636,
      "acc_norm_stderr": 0.04069306319721377
    },
    "hendrycksTest-human_aging": {
      "acc": 0.3183856502242152,
      "acc_stderr": 0.03126580522513714,
      "acc_norm": 0.242152466367713,
      "acc_norm_stderr": 0.028751392398694755
    },
    "hendrycksTest-college_computer_science": {
      "acc": 0.26,
      "acc_stderr": 0.04408440022768079,
      "acc_norm": 0.26,
      "acc_norm_stderr": 0.04408440022768078
    },
    "hendrycksTest-high_school_biology": {
      "acc": 0.24193548387096775,
      "acc_stderr": 0.024362599693031093,
      "acc_norm": 0.2870967741935484,
      "acc_norm_stderr": 0.025736542745594525
    },