{
  "results": {
    "hendrycksTest-college_mathematics": {
      "acc": 0.2,
      "acc_stderr": 0.040201512610368445,
      "acc_norm": 0.24,
      "acc_norm_stderr": 0.042923469599092816
    },
    "arc_challenge": {
      "acc": 0.16723549488054607,
      "acc_stderr": 0.010905532724601194,
      "acc_norm": 0.21160409556313994,
      "acc_norm_stderr": 0.011935916358632866
    },
    "hendrycksTest-global_facts": {
      "acc": 0.26,
      "acc_stderr": 0.044084400227680794,
      "acc_norm": 0.22,
      "acc_norm_stderr": 0.04163331998932269
    },
    "arc_easy": {
      "acc": 0.38636363636363635,
      "acc_stderr": 0.00999129677815963,
      "acc_norm": 0.3480639730639731,
      "acc_norm_stderr": 0.009774627600259014
    },
    "hendrycksTest-anatomy": {
      "acc": 0.22962962962962963,
      "acc_stderr": 0.03633384414073465,
      "acc_norm": 0.24444444444444444,
      "acc_norm_stderr": 0.037125378336148665
    },
    "hendrycksTest-college_physics": {
      "acc": 0.21568627450980393,
      "acc_stderr": 0.04092563958237655,
      "acc_norm": 0.28431372549019607,
      "acc_norm_stderr": 0.04488482852329017
    },
    "hendrycksTest-high_school_computer_science": {
      "acc": 0.3,
      "acc_stderr": 0.046056618647183814,
      "acc_norm": 0.32,
      "acc_norm_stderr": 0.04688261722621503
    },
    "hendrycksTest-high_school_world_history": {
      "acc": 0.26582278481012656,
      "acc_stderr": 0.028756799629658332,
      "acc_norm": 0.26582278481012656,
      "acc_norm_stderr": 0.028756799629658332
    },
    "hendrycksTest-high_school_government_and_politics": {
      "acc": 0.22279792746113988,
      "acc_stderr": 0.03003114797764154,
      "acc_norm": 0.23834196891191708,
      "acc_norm_stderr": 0.030748905363909902
    },
    "hendrycksTest-human_sexuality": {
      "acc": 0.29770992366412213,
      "acc_stderr": 0.040103589424622034,
      "acc_norm": 0.26717557251908397,
      "acc_norm_stderr": 0.03880848301082395
    },
    "hendrycksTest-professional_law": {
      "acc": 0.2470664928292047,
      "acc_stderr": 0.01101575225527933,
      "acc_norm": 0.2627118644067797,
      "acc_norm_stderr": 0.011240545514995676
    },
    "piqa": {
      "acc": 0.5946681175190425,
      "acc_stderr": 0.01145481638734677,
      "acc_norm": 0.5848748639825898,
      "acc_norm_stderr": 0.011496520442659136
    },
    "hendrycksTest-human_aging": {
      "acc": 0.29596412556053814,
      "acc_stderr": 0.03063659134869979,
      "acc_norm": 0.242152466367713,
      "acc_norm_stderr": 0.028751392398694755
    },
    "hendrycksTest-high_school_biology": {
      "acc": 0.24838709677419354,
      "acc_stderr": 0.02458002892148101,
      "acc_norm": 0.3096774193548387,
      "acc_norm_stderr": 0.026302774983517418
    },
    "hendrycksTest-formal_logic": {
      "acc": 0.3253968253968254,
      "acc_stderr": 0.041905964388711366,
      "acc_norm": 0.2857142857142857,
      "acc_norm_stderr": 0.04040610178208839
    },
    "logiqa": {
      "acc": 0.21505376344086022,
      "acc_stderr": 0.016115240864129177,
      "acc_norm": 0.26574500768049153,
      "acc_norm_stderr": 0.017326040808935694
    },
    "hendrycksTest-high_school_macroeconomics": {
      "acc": 0.2717948717948718,
      "acc_stderr": 0.02255655101013236,
      "acc_norm": 0.2794871794871795,
      "acc_norm_stderr": 0.02275238883977683
    },
    "hendrycksTest-high_school_statistics": {
      "acc": 0.2222222222222222,
      "acc_stderr": 0.02835321286686343,
      "acc_norm": 0.25,
      "acc_norm_stderr": 0.029531221160930918
    },
    "hendrycksTest-machine_learning": {
      "acc": 0.2857142857142857,
      "acc_stderr": 0.04287858751340456,
      "acc_norm": 0.23214285714285715,
      "acc_norm_stderr": 0.04007341809755808
    },
    "hendrycksTest-international_law": {
      "acc": 0.1487603305785124,
      "acc_stderr": 0.03248470083807194,
      "acc_norm": 0.4132231404958678,
      "acc_norm_stderr": 0.04495087843548408
    },
    "hendrycksTest-public_relations": {
      "acc": 0.2909090909090909,
      "acc_stderr": 0.04350271442923243,
      "acc_norm": 0.23636363636363636,
      "acc_norm_stderr": 0.04069306319721376
    },
    "hendrycksTest-high_school_chemistry": {
      "acc": 0.21674876847290642,
      "acc_stderr": 0.02899033125251624,
      "acc_norm": 0.3054187192118227,
      "acc_norm_stderr": 0.03240661565868408
    },
    "hendrycksTest-professional_medicine": {
      "acc": 0.25,
      "acc_stderr": 0.026303648393696036,
      "acc_norm": 0.29044117647058826,
      "acc_norm_stderr": 0.027576468622740522
    },
    "sciq": {
      "acc": 0.623,
      "acc_stderr": 0.015333170125779857,
      "acc_norm": 0.574,
      "acc_norm_stderr": 0.015645087688113814
    },
    "hendrycksTest-business_ethics": {
      "acc": 0.4,
      "acc_stderr": 0.049236596391733084,
      "acc_norm": 0.32,
      "acc_norm_stderr": 0.046882617226215034
    },
    "hendrycksTest-college_biology": {
      "acc": 0.2916666666666667,
      "acc_stderr": 0.038009680605548574,
      "acc_norm": 0.2638888888888889,
      "acc_norm_stderr": 0.03685651095897532
    },
    "hendrycksTest-miscellaneous": {
      "acc": 0.23371647509578544,
      "acc_stderr": 0.01513338327898885,
      "acc_norm": 0.24393358876117496,
      "acc_norm_stderr": 0.01535721266582947
    },
    "hendrycksTest-astronomy": {
      "acc": 0.25,
      "acc_stderr": 0.03523807393012047,
      "acc_norm": 0.375,
      "acc_norm_stderr": 0.039397364351956274
    },
    "hendrycksTest-sociology": {
      "acc": 0.2736318407960199,
      "acc_stderr": 0.031524391865554044,
      "acc_norm": 0.25870646766169153,
      "acc_norm_stderr": 0.03096590312357304
    },
    "hendrycksTest-abstract_algebra": {
      "acc": 0.16,
      "acc_stderr": 0.03684529491774708,
      "acc_norm": 0.25,
      "acc_norm_stderr": 0.04351941398892446
    },
    "hendrycksTest-clinical_knowledge": {
      "acc": 0.21509433962264152,
      "acc_stderr": 0.025288394502891373,
      "acc_norm": 0.27169811320754716,
      "acc_norm_stderr": 0.027377706624670716
    },
    "hendrycksTest-high_school_mathematics": {
      "acc": 0.18888888888888888,
      "acc_stderr": 0.0238653188622853,
      "acc_norm": 0.2518518518518518,
      "acc_norm_stderr": 0.026466117538959905
    },
    "hendrycksTest-professional_psychology": {
      "acc": 0.2630718954248366,
      "acc_stderr": 0.017812676542320657,
      "acc_norm": 0.26633986928104575,
      "acc_norm_stderr": 0.017883188134667195
    },
    "hendrycksTest-moral_disputes": {
      "acc": 0.27167630057803466,
      "acc_stderr": 0.02394851290546837,
      "acc_norm": 0.2947976878612717,
      "acc_norm_stderr": 0.024547617794803828
    },
    "hendrycksTest-moral_scenarios": {
      "acc": 0.24692737430167597,
      "acc_stderr": 0.014422292204808845,
      "acc_norm": 0.24692737430167597,
      "acc_norm_stderr": 0.014422292204808862
    },
    "hendrycksTest-computer_security": {
      "acc": 0.19,
      "acc_stderr": 0.039427724440366234,
      "acc_norm": 0.23,
      "acc_norm_stderr": 0.04229525846816503
    },
    "hendrycksTest-us_foreign_policy": {
      "acc": 0.25,
      "acc_stderr": 0.04351941398892446,
      "acc_norm": 0.31,
      "acc_norm_stderr": 0.04648231987117316
    },
    "wsc": {
      "acc": 0.36538461538461536,
      "acc_stderr": 0.0474473339327792
    },
    "hendrycksTest-elementary_mathematics": {
      "acc": 0.24867724867724866,
      "acc_stderr": 0.022261817692400182,
      "acc_norm": 0.24074074074074073,
      "acc_norm_stderr": 0.02201908001221789
    },
    "hendrycksTest-nutrition": {
      "acc": 0.24836601307189543,
      "acc_stderr": 0.024739981355113592,
      "acc_norm": 0.369281045751634,
      "acc_norm_stderr": 0.02763417668960266
    },
    "hendrycksTest-high_school_european_history": {
      "acc": 0.2545454545454545,
      "acc_stderr": 0.03401506715249039,
      "acc_norm": 0.3090909090909091,