{
  "results": {
    "hendrycksTest-human_aging": {
      "acc": 0.30493273542600896,
      "acc_stderr": 0.030898610882477518,
      "acc_norm": 0.2242152466367713,
      "acc_norm_stderr": 0.027991534258519527
    },
    "piqa": {
      "acc": 0.7524483133841132,
      "acc_stderr": 0.010069703966857106,
      "acc_norm": 0.7600652883569097,
      "acc_norm_stderr": 0.009963625892809545
    },
    "winogrande": {
      "acc": 0.6172059984214681,
      "acc_stderr": 0.01366094610944201
    },
    "hendrycksTest-high_school_microeconomics": {
      "acc": 0.27310924369747897,
      "acc_stderr": 0.028942004040998167,
      "acc_norm": 0.3319327731092437,
      "acc_norm_stderr": 0.030588697013783663
    },
    "hendrycksTest-security_studies": {
      "acc": 0.3673469387755102,
      "acc_stderr": 0.03086214492108756,
      "acc_norm": 0.27346938775510204,
      "acc_norm_stderr": 0.02853556033712844
    },
    "hendrycksTest-abstract_algebra": {
      "acc": 0.18,
      "acc_stderr": 0.038612291966536955,
      "acc_norm": 0.21,
      "acc_norm_stderr": 0.040936018074033256
    },
    "hendrycksTest-high_school_mathematics": {
      "acc": 0.24444444444444444,
      "acc_stderr": 0.02620276653465215,
      "acc_norm": 0.2814814814814815,
      "acc_norm_stderr": 0.02742001935094527
    },
    "arc_easy": {
      "acc": 0.6822390572390572,
      "acc_stderr": 0.009554033064443064,
      "acc_norm": 0.6233164983164983,
      "acc_norm_stderr": 0.009942848077476163
    },
    "hendrycksTest-college_physics": {
      "acc": 0.23529411764705882,
      "acc_stderr": 0.04220773659171453,
      "acc_norm": 0.2647058823529412,
      "acc_norm_stderr": 0.04389869956808779
    },
    "hendrycksTest-philosophy": {
      "acc": 0.2347266881028939,
      "acc_stderr": 0.024071805887677045,
      "acc_norm": 0.3086816720257235,
      "acc_norm_stderr": 0.02623696588115326
    },
    "hendrycksTest-human_sexuality": {
      "acc": 0.35877862595419846,
      "acc_stderr": 0.04206739313864908,
      "acc_norm": 0.29770992366412213,
      "acc_norm_stderr": 0.040103589424622034
    },
    "hendrycksTest-logical_fallacies": {
      "acc": 0.2392638036809816,
      "acc_stderr": 0.033519538795212696,
      "acc_norm": 0.2883435582822086,
      "acc_norm_stderr": 0.03559039531617342
    },
    "hendrycksTest-high_school_world_history": {
      "acc": 0.25316455696202533,
      "acc_stderr": 0.028304657943035293,
      "acc_norm": 0.29957805907172996,
      "acc_norm_stderr": 0.029818024749753095
    },
    "hendrycksTest-professional_medicine": {
      "acc": 0.29411764705882354,
      "acc_stderr": 0.027678468642144707,
      "acc_norm": 0.2647058823529412,
      "acc_norm_stderr": 0.026799562024887674
    },
    "hendrycksTest-high_school_european_history": {
      "acc": 0.24848484848484848,
      "acc_stderr": 0.03374402644139405,
      "acc_norm": 0.32727272727272727,
      "acc_norm_stderr": 0.03663974994391242
    },
    "hendrycksTest-nutrition": {
      "acc": 0.3366013071895425,
      "acc_stderr": 0.02705797462449438,
      "acc_norm": 0.40522875816993464,
      "acc_norm_stderr": 0.028110928492809075
    },
    "hendrycksTest-astronomy": {
      "acc": 0.24342105263157895,
      "acc_stderr": 0.034923496688842384,
      "acc_norm": 0.34868421052631576,
      "acc_norm_stderr": 0.0387813988879761
    },
    "wsc": {
      "acc": 0.36538461538461536,
      "acc_stderr": 0.047447333932779195
    },
    "hendrycksTest-conceptual_physics": {
      "acc": 0.28085106382978725,
      "acc_stderr": 0.029379170464124818,
      "acc_norm": 0.17872340425531916,
      "acc_norm_stderr": 0.02504537327205098
    },
    "hendrycksTest-college_chemistry": {
      "acc": 0.29,
      "acc_stderr": 0.04560480215720684,
      "acc_norm": 0.32,
      "acc_norm_stderr": 0.046882617226215034
    },
    "hendrycksTest-moral_disputes": {
      "acc": 0.2861271676300578,
      "acc_stderr": 0.024332146779134135,
      "acc_norm": 0.34104046242774566,
      "acc_norm_stderr": 0.02552247463212161
    },
    "hendrycksTest-moral_scenarios": {
      "acc": 0.23687150837988827,
      "acc_stderr": 0.01421957078810399,
      "acc_norm": 0.27262569832402234,
      "acc_norm_stderr": 0.014893391735249588
    },
    "hendrycksTest-public_relations": {
      "acc": 0.2727272727272727,
      "acc_stderr": 0.04265792110940588,
      "acc_norm": 0.20909090909090908,
      "acc_norm_stderr": 0.03895091015724138
    },
    "hendrycksTest-high_school_macroeconomics": {
      "acc": 0.24358974358974358,
      "acc_stderr": 0.02176373368417394,
      "acc_norm": 0.2794871794871795,
      "acc_norm_stderr": 0.022752388839776826
    },
    "hendrycksTest-us_foreign_policy": {
      "acc": 0.36,
      "acc_stderr": 0.04824181513244218,
      "acc_norm": 0.35,
      "acc_norm_stderr": 0.047937248544110196
    },
    "hendrycksTest-formal_logic": {
      "acc": 0.25396825396825395,
      "acc_stderr": 0.03893259610604673,
      "acc_norm": 0.2222222222222222,
      "acc_norm_stderr": 0.037184890068181146
    },
    "hendrycksTest-econometrics": {
      "acc": 0.22807017543859648,
      "acc_stderr": 0.03947152782669415,
      "acc_norm": 0.23684210526315788,
      "acc_norm_stderr": 0.03999423879281335
    },
    "hendrycksTest-high_school_physics": {
      "acc": 0.23178807947019867,
      "acc_stderr": 0.034454062719870546,
      "acc_norm": 0.25165562913907286,
      "acc_norm_stderr": 0.035433042343899844
    },
    "hendrycksTest-miscellaneous": {
      "acc": 0.3269476372924649,
      "acc_stderr": 0.016774908180131467,
      "acc_norm": 0.2848020434227331,
      "acc_norm_stderr": 0.016139174096522563
    },
    "sciq": {
      "acc": 0.91,
      "acc_stderr": 0.009054390204866444,
      "acc_norm": 0.847,
      "acc_norm_stderr": 0.011389500459665537
    },
    "hendrycksTest-college_computer_science": {
      "acc": 0.26,
      "acc_stderr": 0.04408440022768078,
      "acc_norm": 0.24,
      "acc_norm_stderr": 0.042923469599092816
    },
    "hendrycksTest-business_ethics": {
      "acc": 0.35,
      "acc_stderr": 0.04793724854411019,
      "acc_norm": 0.33,
      "acc_norm_stderr": 0.04725815626252604
    },
    "hendrycksTest-high_school_biology": {
      "acc": 0.2645161290322581,
      "acc_stderr": 0.02509189237885928,
      "acc_norm": 0.27419354838709675,
      "acc_norm_stderr": 0.025378139970885193
    },
    "hendrycksTest-college_biology": {
      "acc": 0.22916666666666666,
      "acc_stderr": 0.03514697467862388,
      "acc_norm": 0.2638888888888889,
      "acc_norm_stderr": 0.03685651095897532
    },
    "hendrycksTest-international_law": {
      "acc": 0.19834710743801653,
      "acc_stderr": 0.036401182719909456,
      "acc_norm": 0.45454545454545453,
      "acc_norm_stderr": 0.04545454545454545
    },
    "hendrycksTest-high_school_us_history": {
      "acc": 0.28431372549019607,
      "acc_stderr": 0.03166009679399812,
      "acc_norm": 0.27450980392156865,
      "acc_norm_stderr": 0.03132179803083291
    },
    "hendrycksTest-machine_learning": {
      "acc": 0.24107142857142858,
      "acc_stderr": 0.04059867246952687,
      "acc_norm": 0.21428571428571427,
      "acc_norm_stderr": 0.038946411200447915
    },
    "logiqa": {
      "acc": 0.2073732718894009,
      "acc_stderr": 0.01590208491387633,
      "acc_norm": 0.2780337941628264,
      "acc_norm_stderr": 0.017573187770282713
    },
    "hendrycksTest-high_school_chemistry": {
      "acc": 0.21674876847290642,
      "acc_stderr": 0.028990331252516235,
      "acc_norm": 0.3694581280788177,
      "acc_norm_stderr": 0.03395970381998573
    },
    "hendrycksTest-high_school_psychology": {
      "acc": 0.24220183486238533,
      "acc_stderr": 0.018368176306598615,
      "acc_norm": 0.24954128440366974,
      "acc_norm_stderr": 0.01855389762950162
    },
    "hendrycksTest-medical_genetics": {
      "acc": 0.34,
      "acc_stderr": 0.047609522856952344,
      "acc_norm": 0.36,
      "acc_norm_stderr": 0.04824181513244218
    },