{
  "results": {
    "hendrycksTest-international_law": {
      "acc": 0.18181818181818182,
      "acc_stderr": 0.03520893951097652,
      "acc_norm": 0.4380165289256198,
      "acc_norm_stderr": 0.045291468044357915
    },
    "hendrycksTest-college_biology": {
      "acc": 0.2638888888888889,
      "acc_stderr": 0.03685651095897532,
      "acc_norm": 0.25,
      "acc_norm_stderr": 0.03621034121889507
    },
    "arc_challenge": {
      "acc": 0.21245733788395904,
      "acc_stderr": 0.01195348290658294,
      "acc_norm": 0.2627986348122867,
      "acc_norm_stderr": 0.012862523175351333
    },
    "hendrycksTest-business_ethics": {
      "acc": 0.35,
      "acc_stderr": 0.047937248544110196,
      "acc_norm": 0.3,
      "acc_norm_stderr": 0.046056618647183814
    },
    "hendrycksTest-philosophy": {
      "acc": 0.24437299035369775,
      "acc_stderr": 0.024406162094668903,
      "acc_norm": 0.2990353697749196,
      "acc_norm_stderr": 0.02600330111788514
    },
    "hendrycksTest-moral_disputes": {
      "acc": 0.29190751445086704,
      "acc_stderr": 0.02447699407624734,
      "acc_norm": 0.3208092485549133,
      "acc_norm_stderr": 0.025131000233647897
    },
    "hendrycksTest-college_mathematics": {
      "acc": 0.24,
      "acc_stderr": 0.042923469599092816,
      "acc_norm": 0.34,
      "acc_norm_stderr": 0.04760952285695235
    },
    "hendrycksTest-college_chemistry": {
      "acc": 0.26,
      "acc_stderr": 0.04408440022768078,
      "acc_norm": 0.31,
      "acc_norm_stderr": 0.04648231987117316
    },
    "wsc": {
      "acc": 0.5961538461538461,
      "acc_stderr": 0.048346889526540184
    },
    "hendrycksTest-college_physics": {
      "acc": 0.2549019607843137,
      "acc_stderr": 0.04336432707993179,
      "acc_norm": 0.28431372549019607,
      "acc_norm_stderr": 0.04488482852329017
    },
    "hendrycksTest-world_religions": {
      "acc": 0.27485380116959063,
      "acc_stderr": 0.03424042924691584,
      "acc_norm": 0.3742690058479532,
      "acc_norm_stderr": 0.03711601185389481
    },
    "hendrycksTest-high_school_us_history": {
      "acc": 0.28921568627450983,
      "acc_stderr": 0.031822318676475544,
      "acc_norm": 0.3088235294117647,
      "acc_norm_stderr": 0.03242661719827218
    },
    "hendrycksTest-professional_psychology": {
      "acc": 0.2369281045751634,
      "acc_stderr": 0.01720166216978979,
      "acc_norm": 0.25326797385620914,
      "acc_norm_stderr": 0.01759348689536683
    },
    "hendrycksTest-us_foreign_policy": {
      "acc": 0.33,
      "acc_stderr": 0.04725815626252606,
      "acc_norm": 0.34,
      "acc_norm_stderr": 0.04760952285695236
    },
    "hendrycksTest-high_school_geography": {
      "acc": 0.18686868686868688,
      "acc_stderr": 0.027772533334218967,
      "acc_norm": 0.2878787878787879,
      "acc_norm_stderr": 0.03225883512300992
    },
    "hendrycksTest-high_school_statistics": {
      "acc": 0.18518518518518517,
      "acc_stderr": 0.026491914727355164,
      "acc_norm": 0.2916666666666667,
      "acc_norm_stderr": 0.030998666304560517
    },
    "hendrycksTest-high_school_government_and_politics": {
      "acc": 0.22279792746113988,
      "acc_stderr": 0.03003114797764154,
      "acc_norm": 0.2538860103626943,
      "acc_norm_stderr": 0.03141024780565319
    },
    "hendrycksTest-human_sexuality": {
      "acc": 0.29770992366412213,
      "acc_stderr": 0.040103589424622034,
      "acc_norm": 0.29770992366412213,
      "acc_norm_stderr": 0.040103589424622034
    },
    "arc_easy": {
      "acc": 0.5277777777777778,
      "acc_stderr": 0.010243938285881118,
      "acc_norm": 0.45875420875420875,
      "acc_norm_stderr": 0.01022481573025582
    },
    "lambada_openai": {
      "ppl": 10.37216442200129,
      "ppl_stderr": 0.3084225370451948,
      "acc": 0.5245488065204735,
      "acc_stderr": 0.006957576583374081
    },
    "hendrycksTest-high_school_mathematics": {
      "acc": 0.21481481481481482,
      "acc_stderr": 0.025040443877000686,
      "acc_norm": 0.2814814814814815,
      "acc_norm_stderr": 0.027420019350945273
    },
    "hendrycksTest-high_school_psychology": {
      "acc": 0.20550458715596331,
      "acc_stderr": 0.017324352325016022,
      "acc_norm": 0.24220183486238533,
      "acc_norm_stderr": 0.018368176306598618
    },
    "hendrycksTest-high_school_microeconomics": {
      "acc": 0.23949579831932774,
      "acc_stderr": 0.027722065493361273,
      "acc_norm": 0.31092436974789917,
      "acc_norm_stderr": 0.030066761582977913
    },
    "hendrycksTest-high_school_world_history": {
      "acc": 0.2109704641350211,
      "acc_stderr": 0.02655837250266192,
      "acc_norm": 0.2489451476793249,
      "acc_norm_stderr": 0.028146970599422644
    },
    "hendrycksTest-college_computer_science": {
      "acc": 0.35,
      "acc_stderr": 0.0479372485441102,
      "acc_norm": 0.28,
      "acc_norm_stderr": 0.04512608598542128
    },
    "logiqa": {
      "acc": 0.2119815668202765,
      "acc_stderr": 0.016030997960619388,
      "acc_norm": 0.2887864823348694,
      "acc_norm_stderr": 0.017775906336539228
    },
    "hendrycksTest-high_school_physics": {
      "acc": 0.23178807947019867,
      "acc_stderr": 0.034454062719870546,
      "acc_norm": 0.23841059602649006,
      "acc_norm_stderr": 0.03479185572599659
    },
    "hendrycksTest-professional_accounting": {
      "acc": 0.24822695035460993,
      "acc_stderr": 0.025770015644290396,
      "acc_norm": 0.2375886524822695,
      "acc_norm_stderr": 0.025389512552729903
    },
    "hendrycksTest-medical_genetics": {
      "acc": 0.31,
      "acc_stderr": 0.04648231987117316,
      "acc_norm": 0.33,
      "acc_norm_stderr": 0.047258156262526045
    },
    "hendrycksTest-security_studies": {
      "acc": 0.3795918367346939,
      "acc_stderr": 0.031067211262872464,
      "acc_norm": 0.27346938775510204,
      "acc_norm_stderr": 0.02853556033712844
    },
    "hendrycksTest-marketing": {
      "acc": 0.32051282051282054,
      "acc_stderr": 0.030572811310299614,
      "acc_norm": 0.31196581196581197,
      "acc_norm_stderr": 0.030351527323344948
    },
    "hendrycksTest-nutrition": {
      "acc": 0.2777777777777778,
      "acc_stderr": 0.025646863097137918,
      "acc_norm": 0.39869281045751637,
      "acc_norm_stderr": 0.028036092273891762
    },
    "hendrycksTest-high_school_biology": {
      "acc": 0.22258064516129034,
      "acc_stderr": 0.023664216671642507,
      "acc_norm": 0.29354838709677417,
      "acc_norm_stderr": 0.0259060870213193
    },
    "piqa": {
      "acc": 0.6751904243743199,
      "acc_stderr": 0.010926296238294032,
      "acc_norm": 0.6708378672470077,
      "acc_norm_stderr": 0.010963750414134695
    },
    "hendrycksTest-high_school_european_history": {
      "acc": 0.23030303030303031,
      "acc_stderr": 0.03287666758603488,
      "acc_norm": 0.30303030303030304,
      "acc_norm_stderr": 0.035886248000917075
    },
    "hendrycksTest-abstract_algebra": {
      "acc": 0.21,
      "acc_stderr": 0.040936018074033256,
      "acc_norm": 0.28,
      "acc_norm_stderr": 0.04512608598542127
    },
    "hendrycksTest-clinical_knowledge": {
      "acc": 0.2679245283018868,
      "acc_stderr": 0.027257260322494845,
      "acc_norm": 0.32075471698113206,
      "acc_norm_stderr": 0.028727502957880267
    },
    "hendrycksTest-jurisprudence": {
      "acc": 0.26851851851851855,
      "acc_stderr": 0.04284467968052192,
      "acc_norm": 0.4074074074074074,
      "acc_norm_stderr": 0.04750077341199986
    },
    "hendrycksTest-computer_security": {
      "acc": 0.26,
      "acc_stderr": 0.04408440022768078,
      "acc_norm": 0.36,
      "acc_norm_stderr": 0.048241815132442176
    },
    "hendrycksTest-management": {
      "acc": 0.1650485436893204,
      "acc_stderr": 0.036756688322331886,
      "acc_norm": 0.24271844660194175,
      "acc_norm_stderr": 0.04245022486384493
    },
    "hendrycksTest-professional_medicine": {
      "acc": 0.22426470588235295,
      "acc_stderr": 0.02533684856333237,