{
  "results": {
    "lambada_openai": {
      "ppl": 168.16167896025308,
      "ppl_stderr": 7.281160275906489,
      "acc": 0.16786338055501648,
      "acc_stderr": 0.0052069975392886325
    },
    "hendrycksTest-electrical_engineering": {
      "acc": 0.2827586206896552,
      "acc_stderr": 0.03752833958003337,
      "acc_norm": 0.27586206896551724,
      "acc_norm_stderr": 0.03724563619774632
    },
    "hendrycksTest-marketing": {
      "acc": 0.25213675213675213,
      "acc_stderr": 0.02844796547623102,
      "acc_norm": 0.32905982905982906,
      "acc_norm_stderr": 0.030782321577688156
    },
    "hendrycksTest-high_school_macroeconomics": {
      "acc": 0.24102564102564103,
      "acc_stderr": 0.021685546665333198,
      "acc_norm": 0.26666666666666666,
      "acc_norm_stderr": 0.022421273612923717
    },
    "hendrycksTest-formal_logic": {
      "acc": 0.2698412698412698,
      "acc_stderr": 0.03970158273235172,
      "acc_norm": 0.23809523809523808,
      "acc_norm_stderr": 0.03809523809523811
    },
    "hendrycksTest-high_school_government_and_politics": {
      "acc": 0.22797927461139897,
      "acc_stderr": 0.03027690994517826,
      "acc_norm": 0.24870466321243523,
      "acc_norm_stderr": 0.031195840877700283
    },
    "hendrycksTest-philosophy": {
      "acc": 0.2090032154340836,
      "acc_stderr": 0.023093140398374224,
      "acc_norm": 0.2765273311897106,
      "acc_norm_stderr": 0.02540383297817961
    },
    "hendrycksTest-high_school_physics": {
      "acc": 0.2119205298013245,
      "acc_stderr": 0.03336767086567978,
      "acc_norm": 0.2185430463576159,
      "acc_norm_stderr": 0.03374235550425694
    },
    "hendrycksTest-sociology": {
      "acc": 0.22388059701492538,
      "acc_stderr": 0.029475250236017193,
      "acc_norm": 0.21393034825870647,
      "acc_norm_stderr": 0.028996909693328916
    },
    "hendrycksTest-moral_scenarios": {
      "acc": 0.2581005586592179,
      "acc_stderr": 0.014635185616527829,
      "acc_norm": 0.25921787709497207,
      "acc_norm_stderr": 0.014655780837497714
    },
    "hendrycksTest-global_facts": {
      "acc": 0.22,
      "acc_stderr": 0.04163331998932269,
      "acc_norm": 0.21,
      "acc_norm_stderr": 0.040936018074033256
    },
    "hendrycksTest-us_foreign_policy": {
      "acc": 0.26,
      "acc_stderr": 0.04408440022768078,
      "acc_norm": 0.29,
      "acc_norm_stderr": 0.04560480215720684
    },
    "hendrycksTest-human_sexuality": {
      "acc": 0.3053435114503817,
      "acc_stderr": 0.040393149787245605,
      "acc_norm": 0.26717557251908397,
      "acc_norm_stderr": 0.03880848301082395
    },
    "hendrycksTest-elementary_mathematics": {
      "acc": 0.24603174603174602,
      "acc_stderr": 0.022182037202948365,
      "acc_norm": 0.25396825396825395,
      "acc_norm_stderr": 0.022418042891113946
    },
    "hendrycksTest-professional_law": {
      "acc": 0.242503259452412,
      "acc_stderr": 0.010946570966348775,
      "acc_norm": 0.2666232073011734,
      "acc_norm_stderr": 0.011293836031612147
    },
    "hendrycksTest-high_school_chemistry": {
      "acc": 0.2019704433497537,
      "acc_stderr": 0.02824735012218029,
      "acc_norm": 0.2660098522167488,
      "acc_norm_stderr": 0.03108982600293752
    },
    "hendrycksTest-human_aging": {
      "acc": 0.25112107623318386,
      "acc_stderr": 0.02910522083322462,
      "acc_norm": 0.21524663677130046,
      "acc_norm_stderr": 0.02758406660220826
    },
    "hendrycksTest-logical_fallacies": {
      "acc": 0.22085889570552147,
      "acc_stderr": 0.032591773927421776,
      "acc_norm": 0.25766871165644173,
      "acc_norm_stderr": 0.03436150827846917
    },
    "hendrycksTest-world_religions": {
      "acc": 0.2222222222222222,
      "acc_stderr": 0.03188578017686399,
      "acc_norm": 0.2573099415204678,
      "acc_norm_stderr": 0.03352799844161865
    },
    "hendrycksTest-anatomy": {
      "acc": 0.2814814814814815,
      "acc_stderr": 0.03885004245800254,
      "acc_norm": 0.3111111111111111,
      "acc_norm_stderr": 0.03999262876617723
    },
    "hendrycksTest-high_school_computer_science": {
      "acc": 0.29,
      "acc_stderr": 0.04560480215720683,
      "acc_norm": 0.31,
      "acc_norm_stderr": 0.04648231987117316
    },
    "hendrycksTest-high_school_geography": {
      "acc": 0.29797979797979796,
      "acc_stderr": 0.03258630383836555,
      "acc_norm": 0.2676767676767677,
      "acc_norm_stderr": 0.03154449888270285
    },
    "hendrycksTest-machine_learning": {
      "acc": 0.2767857142857143,
      "acc_stderr": 0.04246624336697625,
      "acc_norm": 0.26785714285714285,
      "acc_norm_stderr": 0.042032772914677614
    },
    "piqa": {
      "acc": 0.6006528835690969,
      "acc_stderr": 0.011427006685027255,
      "acc_norm": 0.588683351468988,
      "acc_norm_stderr": 0.011480860577192815
    },
    "hendrycksTest-clinical_knowledge": {
      "acc": 0.2490566037735849,
      "acc_stderr": 0.026616482980501708,
      "acc_norm": 0.33962264150943394,
      "acc_norm_stderr": 0.02914690474779834
    },
    "hendrycksTest-high_school_statistics": {
      "acc": 0.25,
      "acc_stderr": 0.029531221160930918,
      "acc_norm": 0.25925925925925924,
      "acc_norm_stderr": 0.02988691054762696
    },
    "hendrycksTest-medical_genetics": {
      "acc": 0.23,
      "acc_stderr": 0.04229525846816505,
      "acc_norm": 0.37,
      "acc_norm_stderr": 0.04852365870939099
    },
    "hendrycksTest-high_school_psychology": {
      "acc": 0.28073394495412846,
      "acc_stderr": 0.019266055045871616,
      "acc_norm": 0.24770642201834864,
      "acc_norm_stderr": 0.01850814360254782
    },
    "hendrycksTest-high_school_biology": {
      "acc": 0.24193548387096775,
      "acc_stderr": 0.024362599693031086,
      "acc_norm": 0.29354838709677417,
      "acc_norm_stderr": 0.02590608702131929
    },
    "hendrycksTest-college_chemistry": {
      "acc": 0.33,
      "acc_stderr": 0.047258156262526045,
      "acc_norm": 0.35,
      "acc_norm_stderr": 0.047937248544110196
    },
    "hendrycksTest-miscellaneous": {
      "acc": 0.24648786717752236,
      "acc_stderr": 0.015411308769686929,
      "acc_norm": 0.24010217113665389,
      "acc_norm_stderr": 0.015274685213734188
    },
    "hendrycksTest-econometrics": {
      "acc": 0.24561403508771928,
      "acc_stderr": 0.040493392977481425,
      "acc_norm": 0.22807017543859648,
      "acc_norm_stderr": 0.03947152782669415
    },
    "hendrycksTest-virology": {
      "acc": 0.2289156626506024,
      "acc_stderr": 0.03270745277352477,
      "acc_norm": 0.21686746987951808,
      "acc_norm_stderr": 0.03208284450356365
    },
    "hendrycksTest-prehistory": {
      "acc": 0.2654320987654321,
      "acc_stderr": 0.02456922360046085,
      "acc_norm": 0.21296296296296297,
      "acc_norm_stderr": 0.0227797190887334
    },
    "hendrycksTest-high_school_world_history": {
      "acc": 0.23628691983122363,
      "acc_stderr": 0.02765215314415928,
      "acc_norm": 0.2869198312236287,
      "acc_norm_stderr": 0.029443773022594693
    },
    "hendrycksTest-high_school_mathematics": {
      "acc": 0.17407407407407408,
      "acc_stderr": 0.023118596033551847,
      "acc_norm": 0.24444444444444444,
      "acc_norm_stderr": 0.02620276653465215
    },
    "arc_easy": {
      "acc": 0.3808922558922559,
      "acc_stderr": 0.00996442821226038,
      "acc_norm": 0.3543771043771044,
      "acc_norm_stderr": 0.009815004030251743
    },
    "hendrycksTest-college_biology": {
      "acc": 0.3125,
      "acc_stderr": 0.038760854559127644,
      "acc_norm": 0.2569444444444444,
      "acc_norm_stderr": 0.03653946969442099
    },
    "sciq": {
      "acc": 0.598,
      "acc_stderr": 0.015512467135715077,
      "acc_norm": 0.552,
      "acc_norm_stderr": 0.015733516566347833
    },
    "hendrycksTest-astronomy": {
      "acc": 0.28289473684210525,
      "acc_stderr": 0.03665349695640767,
      "acc_norm": 0.375,
      "acc_norm_stderr": 0.039397364351956274
    },