{
  "results": {
    "hendrycksTest-us_foreign_policy": {
      "acc": 0.33,
      "acc_stderr": 0.04725815626252605,
      "acc_norm": 0.41,
      "acc_norm_stderr": 0.049431107042371025
    },
    "arc_challenge": {
      "acc": 0.3370307167235495,
      "acc_stderr": 0.013813476652902272,
      "acc_norm": 0.3532423208191126,
      "acc_norm_stderr": 0.013967822714840055
    },
    "hendrycksTest-high_school_computer_science": {
      "acc": 0.22,
      "acc_stderr": 0.041633319989322716,
      "acc_norm": 0.27,
      "acc_norm_stderr": 0.044619604333847394
    },
    "hendrycksTest-econometrics": {
      "acc": 0.24561403508771928,
      "acc_stderr": 0.0404933929774814,
      "acc_norm": 0.24561403508771928,
      "acc_norm_stderr": 0.04049339297748142
    },
    "hendrycksTest-philosophy": {
      "acc": 0.24115755627009647,
      "acc_stderr": 0.02429659403476343,
      "acc_norm": 0.3247588424437299,
      "acc_norm_stderr": 0.026596782287697046
    },
    "hendrycksTest-college_computer_science": {
      "acc": 0.28,
      "acc_stderr": 0.04512608598542127,
      "acc_norm": 0.23,
      "acc_norm_stderr": 0.04229525846816506
    },
    "hendrycksTest-college_medicine": {
      "acc": 0.21965317919075145,
      "acc_stderr": 0.031568093627031744,
      "acc_norm": 0.2832369942196532,
      "acc_norm_stderr": 0.034355680560478746
    },
    "hendrycksTest-high_school_chemistry": {
      "acc": 0.22660098522167488,
      "acc_stderr": 0.029454863835292982,
      "acc_norm": 0.3497536945812808,
      "acc_norm_stderr": 0.03355400904969566
    },
    "hendrycksTest-medical_genetics": {
      "acc": 0.34,
      "acc_stderr": 0.04760952285695235,
      "acc_norm": 0.38,
      "acc_norm_stderr": 0.048783173121456316
    },
    "hendrycksTest-prehistory": {
      "acc": 0.25925925925925924,
      "acc_stderr": 0.02438366553103545,
      "acc_norm": 0.2222222222222222,
      "acc_norm_stderr": 0.023132376234543325
    },
    "hendrycksTest-public_relations": {
      "acc": 0.2909090909090909,
      "acc_stderr": 0.04350271442923243,
      "acc_norm": 0.20909090909090908,
      "acc_norm_stderr": 0.03895091015724138
    },
    "hendrycksTest-nutrition": {
      "acc": 0.3464052287581699,
      "acc_stderr": 0.027245613047215372,
      "acc_norm": 0.4019607843137255,
      "acc_norm_stderr": 0.02807415894760066
    },
    "hendrycksTest-high_school_psychology": {
      "acc": 0.24770642201834864,
      "acc_stderr": 0.01850814360254781,
      "acc_norm": 0.24587155963302754,
      "acc_norm_stderr": 0.018461940968708446
    },
    "hendrycksTest-professional_medicine": {
      "acc": 0.27941176470588236,
      "acc_stderr": 0.027257202606114944,
      "acc_norm": 0.2647058823529412,
      "acc_norm_stderr": 0.026799562024887667
    },
    "wsc": {
      "acc": 0.46153846153846156,
      "acc_stderr": 0.04912048887947826
    },
    "hendrycksTest-anatomy": {
      "acc": 0.25925925925925924,
      "acc_stderr": 0.03785714465066654,
      "acc_norm": 0.2,
      "acc_norm_stderr": 0.034554737023254366
    },
    "hendrycksTest-logical_fallacies": {
      "acc": 0.22699386503067484,
      "acc_stderr": 0.032910995786157686,
      "acc_norm": 0.2822085889570552,
      "acc_norm_stderr": 0.03536117886664743
    },
    "hendrycksTest-abstract_algebra": {
      "acc": 0.23,
      "acc_stderr": 0.04229525846816506,
      "acc_norm": 0.21,
      "acc_norm_stderr": 0.040936018074033256
    },
    "hendrycksTest-formal_logic": {
      "acc": 0.29365079365079366,
      "acc_stderr": 0.040735243221471276,
      "acc_norm": 0.2698412698412698,
      "acc_norm_stderr": 0.039701582732351734
    },
    "hendrycksTest-global_facts": {
      "acc": 0.23,
      "acc_stderr": 0.04229525846816505,
      "acc_norm": 0.26,
      "acc_norm_stderr": 0.044084400227680794
    },
    "hendrycksTest-high_school_biology": {
      "acc": 0.2645161290322581,
      "acc_stderr": 0.02509189237885928,
      "acc_norm": 0.2870967741935484,
      "acc_norm_stderr": 0.025736542745594528
    },
    "hendrycksTest-jurisprudence": {
      "acc": 0.25,
      "acc_stderr": 0.04186091791394607,
      "acc_norm": 0.37962962962962965,
      "acc_norm_stderr": 0.04691521224077742
    },
    "hendrycksTest-conceptual_physics": {
      "acc": 0.2851063829787234,
      "acc_stderr": 0.029513196625539355,
      "acc_norm": 0.17446808510638298,
      "acc_norm_stderr": 0.024809442335503983
    },
    "hendrycksTest-marketing": {
      "acc": 0.2948717948717949,
      "acc_stderr": 0.029872577708891165,
      "acc_norm": 0.3076923076923077,
      "acc_norm_stderr": 0.030236389942173102
    },
    "hendrycksTest-virology": {
      "acc": 0.3132530120481928,
      "acc_stderr": 0.036108050180310235,
      "acc_norm": 0.2891566265060241,
      "acc_norm_stderr": 0.035294868015111155
    },
    "hendrycksTest-high_school_geography": {
      "acc": 0.23737373737373738,
      "acc_stderr": 0.030313710538198896,
      "acc_norm": 0.26262626262626265,
      "acc_norm_stderr": 0.031353050095330855
    },
    "hendrycksTest-computer_security": {
      "acc": 0.29,
      "acc_stderr": 0.045604802157206845,
      "acc_norm": 0.34,
      "acc_norm_stderr": 0.04760952285695235
    },
    "hendrycksTest-high_school_government_and_politics": {
      "acc": 0.26424870466321243,
      "acc_stderr": 0.03182155050916649,
      "acc_norm": 0.26424870466321243,
      "acc_norm_stderr": 0.03182155050916647
    },
    "hendrycksTest-high_school_macroeconomics": {
      "acc": 0.258974358974359,
      "acc_stderr": 0.022211106810061672,
      "acc_norm": 0.28205128205128205,
      "acc_norm_stderr": 0.022815813098896614
    },
    "hendrycksTest-clinical_knowledge": {
      "acc": 0.2188679245283019,
      "acc_stderr": 0.02544786382510862,
      "acc_norm": 0.3471698113207547,
      "acc_norm_stderr": 0.029300101705549652
    },
    "hendrycksTest-college_chemistry": {
      "acc": 0.27,
      "acc_stderr": 0.044619604333847394,
      "acc_norm": 0.27,
      "acc_norm_stderr": 0.0446196043338474
    },
    "hendrycksTest-professional_psychology": {
      "acc": 0.25980392156862747,
      "acc_stderr": 0.017740899509177788,
      "acc_norm": 0.2679738562091503,
      "acc_norm_stderr": 0.017917974069594726
    },
    "logiqa": {
      "acc": 0.21505376344086022,
      "acc_stderr": 0.01611524086412918,
      "acc_norm": 0.28417818740399386,
      "acc_norm_stderr": 0.01769054268019077
    },
    "hendrycksTest-miscellaneous": {
      "acc": 0.3103448275862069,
      "acc_stderr": 0.01654378502604831,
      "acc_norm": 0.2950191570881226,
      "acc_norm_stderr": 0.016308363772932728
    },
    "sciq": {
      "acc": 0.917,
      "acc_stderr": 0.008728527206074787,
      "acc_norm": 0.86,
      "acc_norm_stderr": 0.010978183844357803
    },
    "hendrycksTest-high_school_microeconomics": {
      "acc": 0.25210084033613445,
      "acc_stderr": 0.028205545033277723,
      "acc_norm": 0.33613445378151263,
      "acc_norm_stderr": 0.030684737115135367
    },
    "hendrycksTest-high_school_statistics": {
      "acc": 0.26851851851851855,
      "acc_stderr": 0.030225226160012386,
      "acc_norm": 0.32407407407407407,
      "acc_norm_stderr": 0.03191923445686185
    },
    "hendrycksTest-electrical_engineering": {
      "acc": 0.296551724137931,
      "acc_stderr": 0.03806142687309994,
      "acc_norm": 0.2827586206896552,
      "acc_norm_stderr": 0.037528339580033376
    },
    "hendrycksTest-moral_disputes": {
      "acc": 0.2543352601156069,
      "acc_stderr": 0.02344582627654555,
      "acc_norm": 0.33236994219653176,
      "acc_norm_stderr": 0.025361168749688218
    },
    "hendrycksTest-sociology": {
      "acc": 0.30845771144278605,
      "acc_stderr": 0.03265819588512697,
      "acc_norm": 0.2835820895522388,
      "acc_norm_stderr": 0.03187187537919797
    },
    "hendrycksTest-high_school_us_history": {
      "acc": 0.29901960784313725,
      "acc_stderr": 0.03213325717373618,
      "acc_norm": 0.28431372549019607,