{
  "results": {
    "hendrycksTest-international_law": {
      "acc": 0.1487603305785124,
      "acc_stderr": 0.03248470083807194,
      "acc_norm": 0.4297520661157025,
      "acc_norm_stderr": 0.04519082021319773
    },
    "hendrycksTest-high_school_us_history": {
      "acc": 0.24019607843137256,
      "acc_stderr": 0.02998373305591361,
      "acc_norm": 0.21568627450980393,
      "acc_norm_stderr": 0.028867431449849303
    },
    "hendrycksTest-moral_scenarios": {
      "acc": 0.2446927374301676,
      "acc_stderr": 0.014378169884098438,
      "acc_norm": 0.2335195530726257,
      "acc_norm_stderr": 0.014149575348976259
    },
    "piqa": {
      "acc": 0.5892274211099021,
      "acc_stderr": 0.011478565556775776,
      "acc_norm": 0.5788900979325353,
      "acc_norm_stderr": 0.011519701059151495
    },
    "hendrycksTest-medical_genetics": {
      "acc": 0.23,
      "acc_stderr": 0.04229525846816505,
      "acc_norm": 0.37,
      "acc_norm_stderr": 0.048523658709391
    },
    "hendrycksTest-philosophy": {
      "acc": 0.2090032154340836,
      "acc_stderr": 0.023093140398374224,
      "acc_norm": 0.2797427652733119,
      "acc_norm_stderr": 0.0254942593506949
    },
    "hendrycksTest-professional_accounting": {
      "acc": 0.24468085106382978,
      "acc_stderr": 0.025645553622266726,
      "acc_norm": 0.24113475177304963,
      "acc_norm_stderr": 0.025518731049537755
    },
    "hendrycksTest-security_studies": {
      "acc": 0.34285714285714286,
      "acc_stderr": 0.030387262919547728,
      "acc_norm": 0.27346938775510204,
      "acc_norm_stderr": 0.028535560337128438
    },
    "hendrycksTest-public_relations": {
      "acc": 0.2818181818181818,
      "acc_stderr": 0.043091187099464585,
      "acc_norm": 0.21818181818181817,
      "acc_norm_stderr": 0.03955932861795833
    },
    "lambada_openai": {
      "ppl": 149.9918754929711,
      "ppl_stderr": 6.460270780706472,
      "acc": 0.17989520667572287,
      "acc_stderr": 0.005351266054607622
    },
    "hendrycksTest-abstract_algebra": {
      "acc": 0.19,
      "acc_stderr": 0.03942772444036625,
      "acc_norm": 0.26,
      "acc_norm_stderr": 0.04408440022768078
    },
    "hendrycksTest-college_medicine": {
      "acc": 0.2774566473988439,
      "acc_stderr": 0.03414014007044036,
      "acc_norm": 0.28901734104046245,
      "acc_norm_stderr": 0.03456425745087001
    },
    "hendrycksTest-machine_learning": {
      "acc": 0.35714285714285715,
      "acc_stderr": 0.04547960999764376,
      "acc_norm": 0.30357142857142855,
      "acc_norm_stderr": 0.04364226155841044
    },
    "hendrycksTest-high_school_psychology": {
      "acc": 0.26605504587155965,
      "acc_stderr": 0.018946022322225597,
      "acc_norm": 0.26788990825688075,
      "acc_norm_stderr": 0.018987462257978652
    },
    "arc_challenge": {
      "acc": 0.16467576791808874,
      "acc_stderr": 0.010838369209479233,
      "acc_norm": 0.21160409556313994,
      "acc_norm_stderr": 0.01193591635863286
    },
    "hendrycksTest-miscellaneous": {
      "acc": 0.24265644955300128,
      "acc_stderr": 0.015329888940899856,
      "acc_norm": 0.2503192848020434,
      "acc_norm_stderr": 0.015491088951494581
    },
    "hendrycksTest-us_foreign_policy": {
      "acc": 0.22,
      "acc_stderr": 0.04163331998932269,
      "acc_norm": 0.3,
      "acc_norm_stderr": 0.046056618647183814
    },
    "hendrycksTest-jurisprudence": {
      "acc": 0.19444444444444445,
      "acc_stderr": 0.038260763248848646,
      "acc_norm": 0.32407407407407407,
      "acc_norm_stderr": 0.04524596007030049
    },
    "hendrycksTest-college_mathematics": {
      "acc": 0.2,
      "acc_stderr": 0.04020151261036845,
      "acc_norm": 0.19,
      "acc_norm_stderr": 0.039427724440366234
    },
    "hendrycksTest-elementary_mathematics": {
      "acc": 0.24338624338624337,
      "acc_stderr": 0.022101128787415446,
      "acc_norm": 0.24603174603174602,
      "acc_norm_stderr": 0.022182037202948368
    },
    "hendrycksTest-management": {
      "acc": 0.24271844660194175,
      "acc_stderr": 0.04245022486384497,
      "acc_norm": 0.2621359223300971,
      "acc_norm_stderr": 0.043546310772605956
    },
    "hendrycksTest-electrical_engineering": {
      "acc": 0.27586206896551724,
      "acc_stderr": 0.03724563619774632,
      "acc_norm": 0.27586206896551724,
      "acc_norm_stderr": 0.03724563619774632
    },
    "hendrycksTest-anatomy": {
      "acc": 0.28888888888888886,
      "acc_stderr": 0.0391545063041425,
      "acc_norm": 0.28888888888888886,
      "acc_norm_stderr": 0.0391545063041425
    },
    "hendrycksTest-college_chemistry": {
      "acc": 0.3,
      "acc_stderr": 0.046056618647183814,
      "acc_norm": 0.28,
      "acc_norm_stderr": 0.04512608598542127
    },
    "logiqa": {
      "acc": 0.23963133640552994,
      "acc_stderr": 0.016742766935101426,
      "acc_norm": 0.282642089093702,
      "acc_norm_stderr": 0.01766158537036062
    },
    "hendrycksTest-high_school_european_history": {
      "acc": 0.28484848484848485,
      "acc_stderr": 0.03524390844511783,
      "acc_norm": 0.3393939393939394,
      "acc_norm_stderr": 0.036974422050315967
    },
    "hendrycksTest-global_facts": {
      "acc": 0.19,
      "acc_stderr": 0.03942772444036625,
      "acc_norm": 0.22,
      "acc_norm_stderr": 0.04163331998932269
    },
    "hendrycksTest-business_ethics": {
      "acc": 0.44,
      "acc_stderr": 0.04988876515698589,
      "acc_norm": 0.34,
      "acc_norm_stderr": 0.04760952285695235
    },
    "hendrycksTest-world_religions": {
      "acc": 0.21052631578947367,
      "acc_stderr": 0.031267817146631786,
      "acc_norm": 0.29239766081871343,
      "acc_norm_stderr": 0.03488647713457923
    },
    "hendrycksTest-high_school_statistics": {
      "acc": 0.25,
      "acc_stderr": 0.029531221160930918,
      "acc_norm": 0.2638888888888889,
      "acc_norm_stderr": 0.030058202704309846
    },
    "hendrycksTest-college_physics": {
      "acc": 0.17647058823529413,
      "acc_stderr": 0.03793281185307809,
      "acc_norm": 0.2647058823529412,
      "acc_norm_stderr": 0.043898699568087785
    },
    "hendrycksTest-high_school_computer_science": {
      "acc": 0.27,
      "acc_stderr": 0.04461960433384741,
      "acc_norm": 0.32,
      "acc_norm_stderr": 0.04688261722621503
    },
    "hendrycksTest-high_school_physics": {
      "acc": 0.2781456953642384,
      "acc_stderr": 0.03658603262763743,
      "acc_norm": 0.23841059602649006,
      "acc_norm_stderr": 0.0347918557259966
    },
    "hendrycksTest-human_sexuality": {
      "acc": 0.29770992366412213,
      "acc_stderr": 0.040103589424622034,
      "acc_norm": 0.2748091603053435,
      "acc_norm_stderr": 0.03915345408847834
    },
    "hendrycksTest-moral_disputes": {
      "acc": 0.25722543352601157,
      "acc_stderr": 0.02353292543104429,
      "acc_norm": 0.30057803468208094,
      "acc_norm_stderr": 0.0246853168672578
    },
    "hendrycksTest-sociology": {
      "acc": 0.24378109452736318,
      "acc_stderr": 0.030360490154014645,
      "acc_norm": 0.23880597014925373,
      "acc_norm_stderr": 0.03014777593540922
    },
    "hendrycksTest-high_school_government_and_politics": {
      "acc": 0.25906735751295334,
      "acc_stderr": 0.03161877917935411,
      "acc_norm": 0.27979274611398963,
      "acc_norm_stderr": 0.03239637046735703
    },
    "hendrycksTest-nutrition": {
      "acc": 0.26143790849673204,
      "acc_stderr": 0.025160998214292456,
      "acc_norm": 0.33986928104575165,
      "acc_norm_stderr": 0.027121956071388845
    },
    "hendrycksTest-marketing": {
      "acc": 0.2863247863247863,
      "acc_stderr": 0.02961432369045665,
      "acc_norm": 0.32051282051282054,
      "acc_norm_stderr": 0.03057281131029961
    },
    "hendrycksTest-professional_law": {
      "acc": 0.25749674054758803,
      "acc_stderr": 0.01116770601490416,
      "acc_norm": 0.2796610169491525,
      "acc_norm_stderr": 0.011463397393861962
    },
    "winogrande": {
      "acc": 0.5043409629044988,