{
  "results": {
    "hendrycksTest-abstract_algebra": {
      "acc": 0.19,
      "acc_stderr": 0.03942772444036623,
      "acc_norm": 0.2,
      "acc_norm_stderr": 0.040201512610368445
    },
    "hendrycksTest-virology": {
      "acc": 0.2710843373493976,
      "acc_stderr": 0.034605799075530276,
      "acc_norm": 0.23493975903614459,
      "acc_norm_stderr": 0.03300533186128922
    },
    "hendrycksTest-computer_security": {
      "acc": 0.21,
      "acc_stderr": 0.040936018074033256,
      "acc_norm": 0.26,
      "acc_norm_stderr": 0.04408440022768079
    },
    "hendrycksTest-high_school_government_and_politics": {
      "acc": 0.24352331606217617,
      "acc_stderr": 0.030975436386845426,
      "acc_norm": 0.2538860103626943,
      "acc_norm_stderr": 0.03141024780565319
    },
    "hendrycksTest-marketing": {
      "acc": 0.23931623931623933,
      "acc_stderr": 0.027951826808924333,
      "acc_norm": 0.27350427350427353,
      "acc_norm_stderr": 0.02920254015343117
    },
    "winogrande": {
      "acc": 0.5177584846093133,
      "acc_stderr": 0.014043619596174962
    },
    "hendrycksTest-high_school_us_history": {
      "acc": 0.25980392156862747,
      "acc_stderr": 0.030778554678693275,
      "acc_norm": 0.23529411764705882,
      "acc_norm_stderr": 0.02977177522814565
    },
    "hendrycksTest-professional_accounting": {
      "acc": 0.24113475177304963,
      "acc_stderr": 0.025518731049537755,
      "acc_norm": 0.2375886524822695,
      "acc_norm_stderr": 0.025389512552729906
    },
    "hendrycksTest-college_mathematics": {
      "acc": 0.17,
      "acc_stderr": 0.0377525168068637,
      "acc_norm": 0.23,
      "acc_norm_stderr": 0.04229525846816506
    },
    "hendrycksTest-professional_law": {
      "acc": 0.25684485006518903,
      "acc_stderr": 0.011158455853098844,
      "acc_norm": 0.2685788787483703,
      "acc_norm_stderr": 0.011320056629121736
    },
    "lambada_openai": {
      "ppl": 139.90713716561444,
      "ppl_stderr": 6.03573280288246,
      "acc": 0.1954201436056666,
      "acc_stderr": 0.005524351636284549
    },
    "hendrycksTest-high_school_macroeconomics": {
      "acc": 0.27692307692307694,
      "acc_stderr": 0.022688042352424994,
      "acc_norm": 0.2794871794871795,
      "acc_norm_stderr": 0.022752388839776826
    },
    "hendrycksTest-high_school_microeconomics": {
      "acc": 0.22268907563025211,
      "acc_stderr": 0.027025433498882385,
      "acc_norm": 0.31932773109243695,
      "acc_norm_stderr": 0.0302839955258844
    },
    "hendrycksTest-moral_disputes": {
      "acc": 0.24566473988439305,
      "acc_stderr": 0.023176298203992016,
      "acc_norm": 0.3063583815028902,
      "acc_norm_stderr": 0.024818350129436593
    },
    "hendrycksTest-professional_medicine": {
      "acc": 0.23529411764705882,
      "acc_stderr": 0.025767252010855963,
      "acc_norm": 0.24632352941176472,
      "acc_norm_stderr": 0.02617343857052
    },
    "hendrycksTest-high_school_world_history": {
      "acc": 0.24472573839662448,
      "acc_stderr": 0.02798569938703641,
      "acc_norm": 0.3080168776371308,
      "acc_norm_stderr": 0.030052389335605695
    },
    "hendrycksTest-jurisprudence": {
      "acc": 0.18518518518518517,
      "acc_stderr": 0.03755265865037182,
      "acc_norm": 0.2962962962962963,
      "acc_norm_stderr": 0.04414343666854933
    },
    "hendrycksTest-management": {
      "acc": 0.2524271844660194,
      "acc_stderr": 0.0430125039969088,
      "acc_norm": 0.20388349514563106,
      "acc_norm_stderr": 0.039891398595317706
    },
    "hendrycksTest-moral_scenarios": {
      "acc": 0.2558659217877095,
      "acc_stderr": 0.014593620923210728,
      "acc_norm": 0.24692737430167597,
      "acc_norm_stderr": 0.01442229220480884
    },
    "hendrycksTest-high_school_psychology": {
      "acc": 0.26422018348623855,
      "acc_stderr": 0.018904164171510196,
      "acc_norm": 0.28623853211009176,
      "acc_norm_stderr": 0.019379436628919968
    },
    "hendrycksTest-human_aging": {
      "acc": 0.2914798206278027,
      "acc_stderr": 0.03050028317654591,
      "acc_norm": 0.19282511210762332,
      "acc_norm_stderr": 0.02647824096048936
    },
    "hendrycksTest-medical_genetics": {
      "acc": 0.25,
      "acc_stderr": 0.04351941398892446,
      "acc_norm": 0.36,
      "acc_norm_stderr": 0.04824181513244218
    },
    "hendrycksTest-college_physics": {
      "acc": 0.22549019607843138,
      "acc_stderr": 0.04158307533083286,
      "acc_norm": 0.2647058823529412,
      "acc_norm_stderr": 0.0438986995680878
    },
    "hendrycksTest-professional_psychology": {
      "acc": 0.2434640522875817,
      "acc_stderr": 0.017362473762146634,
      "acc_norm": 0.2761437908496732,
      "acc_norm_stderr": 0.018087276935663137
    },
    "hendrycksTest-astronomy": {
      "acc": 0.24342105263157895,
      "acc_stderr": 0.034923496688842384,
      "acc_norm": 0.34210526315789475,
      "acc_norm_stderr": 0.03860731599316092
    },
    "hendrycksTest-world_religions": {
      "acc": 0.22807017543859648,
      "acc_stderr": 0.032180937956023566,
      "acc_norm": 0.28654970760233917,
      "acc_norm_stderr": 0.034678266857038245
    },
    "hendrycksTest-elementary_mathematics": {
      "acc": 0.25132275132275134,
      "acc_stderr": 0.022340482339643895,
      "acc_norm": 0.25132275132275134,
      "acc_norm_stderr": 0.022340482339643895
    },
    "hendrycksTest-high_school_geography": {
      "acc": 0.2828282828282828,
      "acc_stderr": 0.03208779558786751,
      "acc_norm": 0.2828282828282828,
      "acc_norm_stderr": 0.032087795587867514
    },
    "hendrycksTest-public_relations": {
      "acc": 0.3,
      "acc_stderr": 0.04389311454644286,
      "acc_norm": 0.17272727272727273,
      "acc_norm_stderr": 0.03620691833929218
    },
    "hendrycksTest-security_studies": {
      "acc": 0.3673469387755102,
      "acc_stderr": 0.030862144921087565,
      "acc_norm": 0.2530612244897959,
      "acc_norm_stderr": 0.027833023871399683
    },
    "hendrycksTest-miscellaneous": {
      "acc": 0.2503192848020434,
      "acc_stderr": 0.015491088951494586,
      "acc_norm": 0.23116219667943805,
      "acc_norm_stderr": 0.015075523238101081
    },
    "hendrycksTest-high_school_biology": {
      "acc": 0.24838709677419354,
      "acc_stderr": 0.02458002892148101,
      "acc_norm": 0.2838709677419355,
      "acc_norm_stderr": 0.025649381063029268
    },
    "hendrycksTest-formal_logic": {
      "acc": 0.29365079365079366,
      "acc_stderr": 0.04073524322147126,
      "acc_norm": 0.2619047619047619,
      "acc_norm_stderr": 0.0393253768039287
    },
    "hendrycksTest-high_school_chemistry": {
      "acc": 0.23645320197044334,
      "acc_stderr": 0.02989611429173354,
      "acc_norm": 0.27586206896551724,
      "acc_norm_stderr": 0.031447125816782426
    },
    "hendrycksTest-clinical_knowledge": {
      "acc": 0.2188679245283019,
      "acc_stderr": 0.0254478638251086,
      "acc_norm": 0.28679245283018867,
      "acc_norm_stderr": 0.02783491252754407
    },
    "hendrycksTest-sociology": {
      "acc": 0.23880597014925373,
      "acc_stderr": 0.030147775935409217,
      "acc_norm": 0.22885572139303484,
      "acc_norm_stderr": 0.029705284056772443
    },
    "hendrycksTest-college_medicine": {
      "acc": 0.2254335260115607,
      "acc_stderr": 0.03186209851641144,
      "acc_norm": 0.2947976878612717,
      "acc_norm_stderr": 0.03476599607516478
    },
    "hendrycksTest-conceptual_physics": {
      "acc": 0.2425531914893617,
      "acc_stderr": 0.028020226271200214,
      "acc_norm": 0.18723404255319148,
      "acc_norm_stderr": 0.025501588341883583
    },
    "hendrycksTest-logical_fallacies": {
      "acc": 0.2331288343558282,
      "acc_stderr": 0.0332201579577674,
      "acc_norm": 0.2883435582822086,
      "acc_norm_stderr": 0.035590395316173425
    },
    "hendrycksTest-us_foreign_policy": {
      "acc": 0.26,
      "acc_stderr": 0.04408440022768078,
      "acc_norm": 0.28,