{
  "results": {
    "hendrycksTest-formal_logic": {
      "acc": 0.25396825396825395,
      "acc_stderr": 0.03893259610604673,
      "acc_norm": 0.2222222222222222,
      "acc_norm_stderr": 0.037184890068181146
    },
    "hendrycksTest-human_aging": {
      "acc": 0.30493273542600896,
      "acc_stderr": 0.030898610882477515,
      "acc_norm": 0.23766816143497757,
      "acc_norm_stderr": 0.028568079464714274
    },
    "hendrycksTest-medical_genetics": {
      "acc": 0.31,
      "acc_stderr": 0.04648231987117316,
      "acc_norm": 0.35,
      "acc_norm_stderr": 0.0479372485441102
    },
    "hendrycksTest-security_studies": {
      "acc": 0.363265306122449,
      "acc_stderr": 0.030789051139030806,
      "acc_norm": 0.27346938775510204,
      "acc_norm_stderr": 0.02853556033712844
    },
    "hendrycksTest-jurisprudence": {
      "acc": 0.25925925925925924,
      "acc_stderr": 0.04236511258094633,
      "acc_norm": 0.39814814814814814,
      "acc_norm_stderr": 0.04732332615978815
    },
    "hendrycksTest-astronomy": {
      "acc": 0.25,
      "acc_stderr": 0.03523807393012047,
      "acc_norm": 0.34868421052631576,
      "acc_norm_stderr": 0.038781398887976104
    },
    "hendrycksTest-professional_law": {
      "acc": 0.26792698826597133,
      "acc_stderr": 0.011311347690633869,
      "acc_norm": 0.29791395045632335,
      "acc_norm_stderr": 0.01168071734040005
    },
    "hendrycksTest-high_school_chemistry": {
      "acc": 0.21182266009852216,
      "acc_stderr": 0.02874898368994106,
      "acc_norm": 0.3399014778325123,
      "acc_norm_stderr": 0.033327690684107895
    },
    "hendrycksTest-public_relations": {
      "acc": 0.2545454545454545,
      "acc_stderr": 0.04172343038705383,
      "acc_norm": 0.21818181818181817,
      "acc_norm_stderr": 0.039559328617958335
    },
    "arc_easy": {
      "acc": 0.6801346801346801,
      "acc_stderr": 0.009570821820573581,
      "acc_norm": 0.6258417508417509,
      "acc_norm_stderr": 0.009929516948977625
    },
    "hendrycksTest-high_school_physics": {
      "acc": 0.2119205298013245,
      "acc_stderr": 0.03336767086567977,
      "acc_norm": 0.2582781456953642,
      "acc_norm_stderr": 0.035737053147634576
    },
    "hendrycksTest-global_facts": {
      "acc": 0.24,
      "acc_stderr": 0.042923469599092816,
      "acc_norm": 0.27,
      "acc_norm_stderr": 0.04461960433384739
    },
    "hendrycksTest-college_biology": {
      "acc": 0.2361111111111111,
      "acc_stderr": 0.03551446610810826,
      "acc_norm": 0.2569444444444444,
      "acc_norm_stderr": 0.03653946969442099
    },
    "hendrycksTest-electrical_engineering": {
      "acc": 0.2896551724137931,
      "acc_stderr": 0.03780019230438014,
      "acc_norm": 0.27586206896551724,
      "acc_norm_stderr": 0.03724563619774634
    },
    "hendrycksTest-philosophy": {
      "acc": 0.2347266881028939,
      "acc_stderr": 0.024071805887677048,
      "acc_norm": 0.3086816720257235,
      "acc_norm_stderr": 0.026236965881153262
    },
    "hendrycksTest-moral_disputes": {
      "acc": 0.2832369942196532,
      "acc_stderr": 0.02425790170532337,
      "acc_norm": 0.34971098265895956,
      "acc_norm_stderr": 0.02567428145653101
    },
    "hendrycksTest-business_ethics": {
      "acc": 0.34,
      "acc_stderr": 0.04760952285695235,
      "acc_norm": 0.33,
      "acc_norm_stderr": 0.04725815626252604
    },
    "hendrycksTest-professional_psychology": {
      "acc": 0.27124183006535946,
      "acc_stderr": 0.01798661530403031,
      "acc_norm": 0.2581699346405229,
      "acc_norm_stderr": 0.017704531653250068
    },
    "hendrycksTest-us_foreign_policy": {
      "acc": 0.35,
      "acc_stderr": 0.0479372485441102,
      "acc_norm": 0.35,
      "acc_norm_stderr": 0.0479372485441102
    },
    "hendrycksTest-high_school_us_history": {
      "acc": 0.27941176470588236,
      "acc_stderr": 0.031493281045079556,
      "acc_norm": 0.27450980392156865,
      "acc_norm_stderr": 0.03132179803083291
    },
    "hendrycksTest-high_school_computer_science": {
      "acc": 0.22,
      "acc_stderr": 0.041633319989322716,
      "acc_norm": 0.24,
      "acc_norm_stderr": 0.042923469599092816
    },
    "hendrycksTest-virology": {
      "acc": 0.37349397590361444,
      "acc_stderr": 0.037658451171688624,
      "acc_norm": 0.29518072289156627,
      "acc_norm_stderr": 0.0355092018568963
    },
    "hendrycksTest-college_mathematics": {
      "acc": 0.21,
      "acc_stderr": 0.040936018074033256,
      "acc_norm": 0.33,
      "acc_norm_stderr": 0.047258156262526045
    },
    "logiqa": {
      "acc": 0.20890937019969277,
      "acc_stderr": 0.015945399396423914,
      "acc_norm": 0.28110599078341014,
      "acc_norm_stderr": 0.017632374626460005
    },
    "hendrycksTest-high_school_european_history": {
      "acc": 0.26666666666666666,
      "acc_stderr": 0.034531318018854146,
      "acc_norm": 0.3212121212121212,
      "acc_norm_stderr": 0.03646204963253812
    },
    "hendrycksTest-professional_medicine": {
      "acc": 0.2867647058823529,
      "acc_stderr": 0.027472274473233818,
      "acc_norm": 0.26838235294117646,
      "acc_norm_stderr": 0.02691748122437722
    },
    "hendrycksTest-high_school_statistics": {
      "acc": 0.2638888888888889,
      "acc_stderr": 0.030058202704309846,
      "acc_norm": 0.30092592592592593,
      "acc_norm_stderr": 0.031280390843298804
    },
    "arc_challenge": {
      "acc": 0.3293515358361775,
      "acc_stderr": 0.013734057652635474,
      "acc_norm": 0.3438566552901024,
      "acc_norm_stderr": 0.013880644570156211
    },
    "hendrycksTest-high_school_mathematics": {
      "acc": 0.25555555555555554,
      "acc_stderr": 0.02659393910184406,
      "acc_norm": 0.2851851851851852,
      "acc_norm_stderr": 0.027528599210340492
    },
    "hendrycksTest-moral_scenarios": {
      "acc": 0.23798882681564246,
      "acc_stderr": 0.014242630070574917,
      "acc_norm": 0.27262569832402234,
      "acc_norm_stderr": 0.014893391735249588
    },
    "winogrande": {
      "acc": 0.6164167324388319,
      "acc_stderr": 0.013666275889539019
    },
    "hendrycksTest-machine_learning": {
      "acc": 0.22321428571428573,
      "acc_stderr": 0.039523019677025116,
      "acc_norm": 0.23214285714285715,
      "acc_norm_stderr": 0.040073418097558065
    },
    "hendrycksTest-sociology": {
      "acc": 0.27860696517412936,
      "acc_stderr": 0.031700561834973086,
      "acc_norm": 0.26865671641791045,
      "acc_norm_stderr": 0.03134328358208954
    },
    "lambada_openai": {
      "ppl": 4.139407090010879,
      "ppl_stderr": 0.08943403926494709,
      "acc": 0.6875606442848826,
      "acc_stderr": 0.006457292279746488
    },
    "hendrycksTest-econometrics": {
      "acc": 0.23684210526315788,
      "acc_stderr": 0.039994238792813386,
      "acc_norm": 0.2543859649122807,
      "acc_norm_stderr": 0.040969851398436716
    },
    "hendrycksTest-management": {
      "acc": 0.22330097087378642,
      "acc_stderr": 0.04123553189891431,
      "acc_norm": 0.2912621359223301,
      "acc_norm_stderr": 0.04498676320572921
    },
    "piqa": {
      "acc": 0.749727965179543,
      "acc_stderr": 0.010106561880089791,
      "acc_norm": 0.7600652883569097,
      "acc_norm_stderr": 0.009963625892809547
    },
    "wsc": {
      "acc": 0.375,
      "acc_stderr": 0.04770204856076104
    },
    "hendrycksTest-college_physics": {
      "acc": 0.22549019607843138,
      "acc_stderr": 0.041583075330832865,
      "acc_norm": 0.2549019607843137,
      "acc_norm_stderr": 0.04336432707993177
    },
    "hendrycksTest-logical_fallacies": {
      "acc": 0.22699386503067484,
      "acc_stderr": 0.032910995786157686,
      "acc_norm": 0.2822085889570552,
      "acc_norm_stderr": 0.03536117886664743
    },
    "hendrycksTest-college_computer_science": {
      "acc": 0.25,
      "acc_stderr": 0.04351941398892446,
      "acc_norm": 0.24,
      "acc_norm_stderr": 0.042923469599092816
    },
    "hendrycksTest-high_school_geography": {
      "acc": 0.23737373737373738,