{
  "results": {
    "hendrycksTest-high_school_macroeconomics": {
      "acc": 0.2512820512820513,
      "acc_stderr": 0.021992016662370547,
      "acc_norm": 0.2512820512820513,
      "acc_norm_stderr": 0.021992016662370554
    },
    "hendrycksTest-professional_accounting": {
      "acc": 0.2553191489361702,
      "acc_stderr": 0.02601199293090202,
      "acc_norm": 0.2730496453900709,
      "acc_norm_stderr": 0.026577860943307854
    },
    "lambada_openai": {
      "ppl": 22.541358241562687,
      "ppl_stderr": 0.718539993194938,
      "acc": 0.36561226470017466,
      "acc_stderr": 0.006709649590864069
    },
    "hendrycksTest-prehistory": {
      "acc": 0.2345679012345679,
      "acc_stderr": 0.02357688174400572,
      "acc_norm": 0.22839506172839505,
      "acc_norm_stderr": 0.023358211840626267
    },
    "hendrycksTest-sociology": {
      "acc": 0.30845771144278605,
      "acc_stderr": 0.032658195885126966,
      "acc_norm": 0.31840796019900497,
      "acc_norm_stderr": 0.03294118479054096
    },
    "hendrycksTest-conceptual_physics": {
      "acc": 0.28085106382978725,
      "acc_stderr": 0.02937917046412482,
      "acc_norm": 0.2170212765957447,
      "acc_norm_stderr": 0.02694748312149622
    },
    "arc_challenge": {
      "acc": 0.22610921501706485,
      "acc_stderr": 0.012224202097063281,
      "acc_norm": 0.24744027303754265,
      "acc_norm_stderr": 0.012610352663292673
    },
    "hendrycksTest-marketing": {
      "acc": 0.2606837606837607,
      "acc_stderr": 0.028760348956523414,
      "acc_norm": 0.25213675213675213,
      "acc_norm_stderr": 0.02844796547623101
    },
    "hendrycksTest-college_computer_science": {
      "acc": 0.29,
      "acc_stderr": 0.04560480215720684,
      "acc_norm": 0.27,
      "acc_norm_stderr": 0.0446196043338474
    },
    "hendrycksTest-machine_learning": {
      "acc": 0.17857142857142858,
      "acc_stderr": 0.036352091215778065,
      "acc_norm": 0.19642857142857142,
      "acc_norm_stderr": 0.03770970049347019
    },
    "hendrycksTest-security_studies": {
      "acc": 0.24489795918367346,
      "acc_stderr": 0.027529637440174927,
      "acc_norm": 0.20816326530612245,
      "acc_norm_stderr": 0.025991117672813292
    },
    "hendrycksTest-high_school_statistics": {
      "acc": 0.2824074074074074,
      "acc_stderr": 0.030701372111510927,
      "acc_norm": 0.3055555555555556,
      "acc_norm_stderr": 0.03141554629402544
    },
    "hendrycksTest-international_law": {
      "acc": 0.14049586776859505,
      "acc_stderr": 0.031722334260021585,
      "acc_norm": 0.256198347107438,
      "acc_norm_stderr": 0.03984979653302871
    },
    "hendrycksTest-human_sexuality": {
      "acc": 0.3893129770992366,
      "acc_stderr": 0.04276486542814591,
      "acc_norm": 0.35877862595419846,
      "acc_norm_stderr": 0.04206739313864908
    },
    "hendrycksTest-professional_psychology": {
      "acc": 0.24836601307189543,
      "acc_stderr": 0.017479487001364764,
      "acc_norm": 0.2581699346405229,
      "acc_norm_stderr": 0.017704531653250078
    },
    "hendrycksTest-human_aging": {
      "acc": 0.336322869955157,
      "acc_stderr": 0.031708824268455005,
      "acc_norm": 0.33183856502242154,
      "acc_norm_stderr": 0.031602951437766785
    },
    "hendrycksTest-management": {
      "acc": 0.21359223300970873,
      "acc_stderr": 0.04058042015646034,
      "acc_norm": 0.24271844660194175,
      "acc_norm_stderr": 0.04245022486384495
    },
    "hendrycksTest-abstract_algebra": {
      "acc": 0.18,
      "acc_stderr": 0.038612291966536955,
      "acc_norm": 0.25,
      "acc_norm_stderr": 0.04351941398892446
    },
    "hendrycksTest-business_ethics": {
      "acc": 0.28,
      "acc_stderr": 0.04512608598542127,
      "acc_norm": 0.25,
      "acc_norm_stderr": 0.04351941398892446
    },
    "hendrycksTest-college_biology": {
      "acc": 0.19444444444444445,
      "acc_stderr": 0.03309615177059006,
      "acc_norm": 0.2152777777777778,
      "acc_norm_stderr": 0.034370793441061344
    },
    "hendrycksTest-nutrition": {
      "acc": 0.2647058823529412,
      "acc_stderr": 0.025261691219729494,
      "acc_norm": 0.3300653594771242,
      "acc_norm_stderr": 0.026925654653615693
    },
    "hendrycksTest-high_school_physics": {
      "acc": 0.2913907284768212,
      "acc_stderr": 0.037101857261199946,
      "acc_norm": 0.304635761589404,
      "acc_norm_stderr": 0.037579499229433426
    },
    "hendrycksTest-moral_disputes": {
      "acc": 0.30057803468208094,
      "acc_stderr": 0.02468531686725781,
      "acc_norm": 0.28901734104046245,
      "acc_norm_stderr": 0.02440517393578324
    },
    "hendrycksTest-high_school_psychology": {
      "acc": 0.27339449541284405,
      "acc_stderr": 0.019109299846098275,
      "acc_norm": 0.25688073394495414,
      "acc_norm_stderr": 0.01873249292834246
    },
    "hendrycksTest-astronomy": {
      "acc": 0.1513157894736842,
      "acc_stderr": 0.029162631596843982,
      "acc_norm": 0.20394736842105263,
      "acc_norm_stderr": 0.032790004063100515
    },
    "hendrycksTest-econometrics": {
      "acc": 0.38596491228070173,
      "acc_stderr": 0.04579639422070434,
      "acc_norm": 0.30701754385964913,
      "acc_norm_stderr": 0.0433913832257986
    },
    "hendrycksTest-logical_fallacies": {
      "acc": 0.2392638036809816,
      "acc_stderr": 0.033519538795212696,
      "acc_norm": 0.26993865030674846,
      "acc_norm_stderr": 0.034878251684978906
    },
    "hendrycksTest-high_school_computer_science": {
      "acc": 0.2,
      "acc_stderr": 0.04020151261036843,
      "acc_norm": 0.26,
      "acc_norm_stderr": 0.044084400227680794
    },
    "hendrycksTest-world_religions": {
      "acc": 0.25146198830409355,
      "acc_stderr": 0.033275044238468436,
      "acc_norm": 0.26900584795321636,
      "acc_norm_stderr": 0.0340105262010409
    },
    "hendrycksTest-jurisprudence": {
      "acc": 0.2962962962962963,
      "acc_stderr": 0.044143436668549335,
      "acc_norm": 0.3333333333333333,
      "acc_norm_stderr": 0.04557239513497752
    },
    "hendrycksTest-professional_medicine": {
      "acc": 0.19852941176470587,
      "acc_stderr": 0.024231013370541104,
      "acc_norm": 0.20588235294117646,
      "acc_norm_stderr": 0.024562204314142314
    },
    "hendrycksTest-elementary_mathematics": {
      "acc": 0.25925925925925924,
      "acc_stderr": 0.022569897074918428,
      "acc_norm": 0.25396825396825395,
      "acc_norm_stderr": 0.022418042891113942
    },
    "hendrycksTest-high_school_mathematics": {
      "acc": 0.2814814814814815,
      "acc_stderr": 0.027420019350945277,
      "acc_norm": 0.3148148148148148,
      "acc_norm_stderr": 0.028317533496066482
    },
    "hendrycksTest-philosophy": {
      "acc": 0.24758842443729903,
      "acc_stderr": 0.024513879973621967,
      "acc_norm": 0.26688102893890675,
      "acc_norm_stderr": 0.02512263760881664
    },
    "hendrycksTest-high_school_government_and_politics": {
      "acc": 0.27979274611398963,
      "acc_stderr": 0.03239637046735703,
      "acc_norm": 0.29533678756476683,
      "acc_norm_stderr": 0.03292296639155141
    },
    "hendrycksTest-high_school_chemistry": {
      "acc": 0.19704433497536947,
      "acc_stderr": 0.027986724666736212,
      "acc_norm": 0.2413793103448276,
      "acc_norm_stderr": 0.030108330718011625
    },
    "sciq": {
      "acc": 0.864,
      "acc_stderr": 0.010845350230472988,
      "acc_norm": 0.842,
      "acc_norm_stderr": 0.011539894677559568
    },
    "hendrycksTest-high_school_world_history": {
      "acc": 0.270042194092827,
      "acc_stderr": 0.028900721906293426,
      "acc_norm": 0.26582278481012656,
      "acc_norm_stderr": 0.02875679962965834
    },
    "hendrycksTest-high_school_us_history": {
      "acc": 0.2647058823529412,
      "acc_stderr": 0.0309645179269234,
      "acc_norm": 0.27941176470588236,
      "acc_norm_stderr": 0.03149328104507955
    },
    "hendrycksTest-moral_scenarios": {
      "acc": 0.2424581005586592,