{
    "results": {
        "wikitext": {
            "word_perplexity": 24.921488808392205,
            "byte_perplexity": 1.8245943092919101,
            "bits_per_byte": 0.8675757226030617
        },
        "lambada": {
            "ppl": 14.941198275163732,
            "ppl_stderr": 0.46481063876243545,
            "acc": 0.45002910925674366,
            "acc_stderr": 0.0069311010032814474
        },
        "piqa": {
            "acc": 0.6692056583242655,
            "acc_stderr": 0.010977520584714424,
            "acc_norm": 0.6708378672470077,
            "acc_norm_stderr": 0.010963750414134697
        },
        "hellaswag": {
            "acc": 0.32642899820752835,
            "acc_stderr": 0.004679479763516778,
            "acc_norm": 0.38408683529177456,
            "acc_norm_stderr": 0.004853845750392166
        },
        "winogrande": {
            "acc": 0.5232833464877664,
            "acc_stderr": 0.014037241309573636
        },
        "mathqa": {
            "acc": 0.2324958123953099,
            "acc_stderr": 0.0077330093441520245,
            "acc_norm": 0.22780569514237856,
            "acc_norm_stderr": 0.00767796585382529
        },
        "pubmedqa": {
            "acc": 0.516,
            "acc_stderr": 0.01581119837311488
        },
        "arc_challenge": {
            "acc": 0.22610921501706485,
            "acc_stderr": 0.012224202097063284,
            "acc_norm": 0.26791808873720135,
            "acc_norm_stderr": 0.01294203019513643
        },
        "arc_easy": {
            "acc": 0.5084175084175084,
            "acc_stderr": 0.010258329515226455,
            "acc_norm": 0.4617003367003367,
            "acc_norm_stderr": 0.01022963982061052
        },
        "headqa": {
            "acc": 0.21553610503282275,
            "acc_stderr": 0.00785401953990917,
            "acc_norm": 0.26404084609773887,
            "acc_norm_stderr": 0.008419918655647611
        },
        "openbookqa": {
            "acc": 0.182,
            "acc_stderr": 0.01727277329773045,
            "acc_norm": 0.3,
            "acc_norm_stderr": 0.02051442622562805
        },
        "sciq": {
            "acc": 0.798,
            "acc_stderr": 0.012702651587655137,
            "acc_norm": 0.699,
            "acc_norm_stderr": 0.014512395033543145
        },
        "triviaqa": {
            "acc": 0.018297533810660304,
            "acc_stderr": 0.0012601333976634604
        }
    },
    "versions": {
        "wikitext": 1,
        "lambada": 0,
        "piqa": 0,
        "hellaswag": 0,
        "winogrande": 0,
        "mathqa": 0,
        "pubmedqa": 0,
        "arc_challenge": 0,
        "arc_easy": 0,
        "headqa": 0,
        "openbookqa": 0,
        "sciq": 0,
        "triviaqa": 0
    },
    "config": {
        "model": "neox",
        "model_args": {
            "distributed_backend": "nccl",
            "local_rank": 0,
            "rank": 0,
            "lazy_mpu_init": false,
            "short_seq_prob": 0.1,
            "eod_mask_loss": false,
            "adlr_autoresume": false,
            "adlr_autoresume_interval": 1000,
            "seed": 1234,
            "onnx_safe": false,
            "deepscale": false,
            "deepscale_config": null,
            "deepspeed_mpi": false,
            "user_script": "evaluate.py",
            "iteration": 7000,
            "do_train": null,
            "do_valid": null,
            "do_test": null,
            "global_num_gpus": 8,
            "text_gen_type": "unconditional",
            "temperature": 0.0,
            "top_p": 0.0,
            "top_k": 0,
            "return_logits": false,
            "maximum_tokens": 64,
            "sample_input_file": null,
            "sample_output_file": "samples.txt",
            "num_samples": 1,
            "recompute": false,
            "eval_results_prefix": "/fsx/igor/pythia/results/13B_deduped_new_seed_42-global_step7000",
            "eval_tasks": [
                "wikitext",
                "lambada",
                "piqa",
                "hellaswag",
                "winogrande",
                "mathqa",
                "pubmedqa",
                "arc_challenge",
                "arc_easy",
                "headqa",
                "openbookqa",
                "sciq",
                "triviaqa"
            ],
            "use_wandb": true,
            "wandb_group": "WLeNJsDot2QGtHRzacu5Y6_19hlkysr",
            "wandb_team": null,
            "wandb_project": "neox",
            "wandb_host": "https://api.wandb.ai",
            "wandb_init_all_ranks": false,
            "git_hash": "846c42d",
            "log_dir": "/fsx/igor/pythia/logs",
            "tensorboard_dir": null,
            "log_interval": 10,
            "log_grad_pct_zeros": false,
            "log_param_norm": false,
            "log_grad_norm": false,
            "log_optimizer_states": false,
            "log_gradient_noise_scale": false,
            "gradient_noise_scale_n_batches": 5,
            "gradient_noise_scale_cpu_offload": false,
            "pipe_parallel_size": 1,
            "model_parallel_size": 4,
            "pipe_partition_method": "type:transformer|mlp",
            "world_size": 8,
            "is_pipe_parallel": true,
            "data_path": null,
            "train_data_paths": null,
            "test_data_paths": null,
            "valid_data_paths": null,
            "train_data_weights": null,
            "valid_data_weights": null,
            "test_data_weights": null,
            "weight_by_num_documents": false,
            "weighted_sampler_alpha": 0.3,
            "data_impl": "mmap",
            "mmap_warmup": false,
            "save": null,