{
  "results": {
    "hendrycksTest-computer_security": {
      "acc": 0.3,
      "acc_stderr": 0.046056618647183814,
      "acc_norm": 0.35,
      "acc_norm_stderr": 0.0479372485441102
    },
    "hendrycksTest-econometrics": {
      "acc": 0.2982456140350877,
      "acc_stderr": 0.04303684033537315,
      "acc_norm": 0.22807017543859648,
      "acc_norm_stderr": 0.03947152782669415
    },
    "hendrycksTest-professional_accounting": {
      "acc": 0.2624113475177305,
      "acc_stderr": 0.026244920349843003,
      "acc_norm": 0.25886524822695034,
      "acc_norm_stderr": 0.026129572527180848
    },
    "hendrycksTest-professional_law": {
      "acc": 0.23402868318122555,
      "acc_stderr": 0.010813585552659684,
      "acc_norm": 0.258148631029987,
      "acc_norm_stderr": 0.011176923719313388
    },
    "hendrycksTest-professional_psychology": {
      "acc": 0.24183006535947713,
      "acc_stderr": 0.017322789207784326,
      "acc_norm": 0.24836601307189543,
      "acc_norm_stderr": 0.017479487001364764
    },
    "wsc": {
      "acc": 0.36538461538461536,
      "acc_stderr": 0.0474473339327792
    },
    "hendrycksTest-public_relations": {
      "acc": 0.2636363636363636,
      "acc_stderr": 0.04220224692971987,
      "acc_norm": 0.2909090909090909,
      "acc_norm_stderr": 0.04350271442923243
    },
    "hendrycksTest-formal_logic": {
      "acc": 0.3333333333333333,
      "acc_stderr": 0.04216370213557836,
      "acc_norm": 0.35714285714285715,
      "acc_norm_stderr": 0.04285714285714281
    },
    "hendrycksTest-us_foreign_policy": {
      "acc": 0.27,
      "acc_stderr": 0.044619604333847394,
      "acc_norm": 0.28,
      "acc_norm_stderr": 0.04512608598542128
    },
    "hendrycksTest-high_school_mathematics": {
      "acc": 0.24814814814814815,
      "acc_stderr": 0.0263357394040558,
      "acc_norm": 0.2851851851851852,
      "acc_norm_stderr": 0.02752859921034049
    },
    "hendrycksTest-high_school_physics": {
      "acc": 0.271523178807947,
      "acc_stderr": 0.03631329803969653,
      "acc_norm": 0.24503311258278146,
      "acc_norm_stderr": 0.035118075718047245
    },
    "hendrycksTest-high_school_statistics": {
      "acc": 0.2222222222222222,
      "acc_stderr": 0.028353212866863445,
      "acc_norm": 0.28703703703703703,
      "acc_norm_stderr": 0.03085199299325701
    },
    "hendrycksTest-anatomy": {
      "acc": 0.14074074074074075,
      "acc_stderr": 0.030041362609516876,
      "acc_norm": 0.14074074074074075,
      "acc_norm_stderr": 0.030041362609516873
    },
    "hendrycksTest-college_biology": {
      "acc": 0.25,
      "acc_stderr": 0.03621034121889507,
      "acc_norm": 0.25,
      "acc_norm_stderr": 0.03621034121889507
    },
    "sciq": {
      "acc": 0.899,
      "acc_stderr": 0.009533618929340987,
      "acc_norm": 0.905,
      "acc_norm_stderr": 0.009276910103103319
    },
    "hendrycksTest-clinical_knowledge": {
      "acc": 0.2490566037735849,
      "acc_stderr": 0.02661648298050171,
      "acc_norm": 0.28679245283018867,
      "acc_norm_stderr": 0.02783491252754407
    },
    "hendrycksTest-college_medicine": {
      "acc": 0.2774566473988439,
      "acc_stderr": 0.03414014007044036,
      "acc_norm": 0.3179190751445087,
      "acc_norm_stderr": 0.03550683989165582
    },
    "hendrycksTest-abstract_algebra": {
      "acc": 0.21,
      "acc_stderr": 0.040936018074033256,
      "acc_norm": 0.26,
      "acc_norm_stderr": 0.0440844002276808
    },
    "hendrycksTest-philosophy": {
      "acc": 0.22186495176848875,
      "acc_stderr": 0.023598858292863047,
      "acc_norm": 0.2733118971061093,
      "acc_norm_stderr": 0.025311765975426115
    },
    "hendrycksTest-high_school_world_history": {
      "acc": 0.23628691983122363,
      "acc_stderr": 0.02765215314415927,
      "acc_norm": 0.26582278481012656,
      "acc_norm_stderr": 0.028756799629658335
    },
    "hendrycksTest-virology": {
      "acc": 0.3253012048192771,
      "acc_stderr": 0.03647168523683227,
      "acc_norm": 0.3192771084337349,
      "acc_norm_stderr": 0.036293353299478595
    },
    "hendrycksTest-sociology": {
      "acc": 0.3034825870646766,
      "acc_stderr": 0.032510068164586195,
      "acc_norm": 0.3034825870646766,
      "acc_norm_stderr": 0.03251006816458619
    },
    "hendrycksTest-college_computer_science": {
      "acc": 0.35,
      "acc_stderr": 0.0479372485441102,
      "acc_norm": 0.37,
      "acc_norm_stderr": 0.04852365870939099
    },
    "hendrycksTest-jurisprudence": {
      "acc": 0.28703703703703703,
      "acc_stderr": 0.043733130409147614,
      "acc_norm": 0.32407407407407407,
      "acc_norm_stderr": 0.04524596007030048
    },
    "hendrycksTest-high_school_geography": {
      "acc": 0.1919191919191919,
      "acc_stderr": 0.02805779167298901,
      "acc_norm": 0.25757575757575757,
      "acc_norm_stderr": 0.031156269519646836
    },
    "hendrycksTest-human_sexuality": {
      "acc": 0.3969465648854962,
      "acc_stderr": 0.04291135671009224,
      "acc_norm": 0.3893129770992366,
      "acc_norm_stderr": 0.04276486542814591
    },
    "hendrycksTest-astronomy": {
      "acc": 0.19736842105263158,
      "acc_stderr": 0.03238981601699397,
      "acc_norm": 0.2631578947368421,
      "acc_norm_stderr": 0.035834961763610625
    },
    "arc_easy": {
      "acc": 0.5829124579124579,
      "acc_stderr": 0.010117738967781991,
      "acc_norm": 0.5681818181818182,
      "acc_norm_stderr": 0.010163945352271737
    },
    "logiqa": {
      "acc": 0.2196620583717358,
      "acc_stderr": 0.016239109414933933,
      "acc_norm": 0.2642089093701997,
      "acc_norm_stderr": 0.01729395454974451
    },
    "lambada_openai": {
      "ppl": 11.368575175291225,
      "ppl_stderr": 0.32341844655174123,
      "acc": 0.46322530564719583,
      "acc_stderr": 0.006947110835634445
    },
    "hendrycksTest-electrical_engineering": {
      "acc": 0.27586206896551724,
      "acc_stderr": 0.03724563619774634,
      "acc_norm": 0.25517241379310346,
      "acc_norm_stderr": 0.03632984052707842
    },
    "arc_challenge": {
      "acc": 0.25426621160409557,
      "acc_stderr": 0.012724999945157744,
      "acc_norm": 0.28668941979522183,
      "acc_norm_stderr": 0.013214986329274777
    },
    "hendrycksTest-professional_medicine": {
      "acc": 0.17647058823529413,
      "acc_stderr": 0.023157468308559345,
      "acc_norm": 0.1875,
      "acc_norm_stderr": 0.023709788253811766
    },
    "hendrycksTest-moral_disputes": {
      "acc": 0.2398843930635838,
      "acc_stderr": 0.02298959254312357,
      "acc_norm": 0.26878612716763006,
      "acc_norm_stderr": 0.02386800326250011
    },
    "hendrycksTest-conceptual_physics": {
      "acc": 0.251063829787234,
      "acc_stderr": 0.028346963777162452,
      "acc_norm": 0.22127659574468084,
      "acc_norm_stderr": 0.02713634960242406
    },
    "hendrycksTest-world_religions": {
      "acc": 0.3567251461988304,
      "acc_stderr": 0.03674013002860954,
      "acc_norm": 0.34502923976608185,
      "acc_norm_stderr": 0.03645981377388807
    },
    "hendrycksTest-moral_scenarios": {
      "acc": 0.2536312849162011,
      "acc_stderr": 0.014551553659369916,
      "acc_norm": 0.2659217877094972,
      "acc_norm_stderr": 0.014776765066438892
    },
    "hendrycksTest-security_studies": {
      "acc": 0.2530612244897959,
      "acc_stderr": 0.02783302387139968,
      "acc_norm": 0.2571428571428571,
      "acc_norm_stderr": 0.027979823538744546
    },
    "hendrycksTest-management": {
      "acc": 0.22330097087378642,
      "acc_stderr": 0.04123553189891431,
      "acc_norm": 0.24271844660194175,
      "acc_norm_stderr": 0.04245022486384495
    },
    "hendrycksTest-high_school_us_history": {
      "acc": 0.24019607843137256,
      "acc_stderr": 0.02998373305591361,
      "acc_norm": 0.2549019607843137,
      "acc_norm_stderr": 0.030587591351604243
    },
    "hendrycksTest-prehistory": {
      "acc": 0.25,
      "acc_stderr": 0.02409347123262133,
      "acc_norm": 0.21296296296296297,