{
  "results": {
    "hendrycksTest-marketing": {
      "acc": 0.3547008547008547,
      "acc_stderr": 0.03134250486245402,
      "acc_norm": 0.358974358974359,
      "acc_norm_stderr": 0.031426169937919246
    },
    "winogrande": {
      "acc": 0.6124704025256511,
      "acc_stderr": 0.013692354636016769
    },
    "hendrycksTest-high_school_microeconomics": {
      "acc": 0.24369747899159663,
      "acc_stderr": 0.02788682807838057,
      "acc_norm": 0.2689075630252101,
      "acc_norm_stderr": 0.02880139219363127
    },
    "hendrycksTest-high_school_world_history": {
      "acc": 0.22362869198312235,
      "acc_stderr": 0.027123298205229972,
      "acc_norm": 0.22784810126582278,
      "acc_norm_stderr": 0.02730348459906942
    },
    "hendrycksTest-business_ethics": {
      "acc": 0.29,
      "acc_stderr": 0.045604802157206845,
      "acc_norm": 0.3,
      "acc_norm_stderr": 0.046056618647183814
    },
    "hendrycksTest-public_relations": {
      "acc": 0.3090909090909091,
      "acc_stderr": 0.044262946482000985,
      "acc_norm": 0.2727272727272727,
      "acc_norm_stderr": 0.04265792110940588
    },
    "hendrycksTest-college_computer_science": {
      "acc": 0.34,
      "acc_stderr": 0.04760952285695235,
      "acc_norm": 0.33,
      "acc_norm_stderr": 0.04725815626252606
    },
    "hendrycksTest-professional_accounting": {
      "acc": 0.29432624113475175,
      "acc_stderr": 0.02718712701150381,
      "acc_norm": 0.25886524822695034,
      "acc_norm_stderr": 0.026129572527180848
    },
    "hendrycksTest-high_school_psychology": {
      "acc": 0.28623853211009176,
      "acc_stderr": 0.01937943662891997,
      "acc_norm": 0.28256880733944956,
      "acc_norm_stderr": 0.01930424349770715
    },
    "hendrycksTest-college_chemistry": {
      "acc": 0.28,
      "acc_stderr": 0.04512608598542128,
      "acc_norm": 0.26,
      "acc_norm_stderr": 0.04408440022768079
    },
    "hendrycksTest-security_studies": {
      "acc": 0.23673469387755103,
      "acc_stderr": 0.02721283588407316,
      "acc_norm": 0.19591836734693877,
      "acc_norm_stderr": 0.025409301953225678
    },
    "hendrycksTest-high_school_european_history": {
      "acc": 0.2727272727272727,
      "acc_stderr": 0.0347769116216366,
      "acc_norm": 0.3212121212121212,
      "acc_norm_stderr": 0.03646204963253811
    },
    "hendrycksTest-sociology": {
      "acc": 0.3034825870646766,
      "acc_stderr": 0.03251006816458618,
      "acc_norm": 0.2935323383084577,
      "acc_norm_stderr": 0.032200241045342054
    },
    "hendrycksTest-human_sexuality": {
      "acc": 0.4122137404580153,
      "acc_stderr": 0.04317171194870255,
      "acc_norm": 0.3816793893129771,
      "acc_norm_stderr": 0.042607351576445594
    },
    "hendrycksTest-global_facts": {
      "acc": 0.34,
      "acc_stderr": 0.04760952285695235,
      "acc_norm": 0.34,
      "acc_norm_stderr": 0.04760952285695235
    },
    "hendrycksTest-conceptual_physics": {
      "acc": 0.2170212765957447,
      "acc_stderr": 0.026947483121496217,
      "acc_norm": 0.225531914893617,
      "acc_norm_stderr": 0.027321078417387533
    },
    "arc_challenge": {
      "acc": 0.3097269624573379,
      "acc_stderr": 0.01351205841523836,
      "acc_norm": 0.3506825938566553,
      "acc_norm_stderr": 0.013944635930726096
    },
    "hendrycksTest-clinical_knowledge": {
      "acc": 0.2188679245283019,
      "acc_stderr": 0.0254478638251086,
      "acc_norm": 0.30566037735849055,
      "acc_norm_stderr": 0.028353298073322666
    },
    "hendrycksTest-professional_psychology": {
      "acc": 0.31209150326797386,
      "acc_stderr": 0.018745011201277657,
      "acc_norm": 0.3235294117647059,
      "acc_norm_stderr": 0.018926082916083397
    },
    "hendrycksTest-high_school_statistics": {
      "acc": 0.2916666666666667,
      "acc_stderr": 0.030998666304560534,
      "acc_norm": 0.3055555555555556,
      "acc_norm_stderr": 0.031415546294025445
    },
    "hendrycksTest-moral_disputes": {
      "acc": 0.2832369942196532,
      "acc_stderr": 0.02425790170532338,
      "acc_norm": 0.3208092485549133,
      "acc_norm_stderr": 0.025131000233647907
    },
    "hendrycksTest-anatomy": {
      "acc": 0.25925925925925924,
      "acc_stderr": 0.03785714465066654,
      "acc_norm": 0.3037037037037037,
      "acc_norm_stderr": 0.039725528847851375
    },
    "hendrycksTest-high_school_macroeconomics": {
      "acc": 0.2564102564102564,
      "acc_stderr": 0.02213908110397153,
      "acc_norm": 0.28205128205128205,
      "acc_norm_stderr": 0.022815813098896597
    },
    "piqa": {
      "acc": 0.7383025027203483,
      "acc_stderr": 0.01025563077270823,
      "acc_norm": 0.7388465723612623,
      "acc_norm_stderr": 0.010248738649935587
    },
    "hendrycksTest-elementary_mathematics": {
      "acc": 0.2698412698412698,
      "acc_stderr": 0.022860838309232072,
      "acc_norm": 0.2857142857142857,
      "acc_norm_stderr": 0.023266512213730578
    },
    "hendrycksTest-econometrics": {
      "acc": 0.2719298245614035,
      "acc_stderr": 0.04185774424022056,
      "acc_norm": 0.19298245614035087,
      "acc_norm_stderr": 0.03712454853721368
    },
    "hendrycksTest-high_school_physics": {
      "acc": 0.24503311258278146,
      "acc_stderr": 0.03511807571804723,
      "acc_norm": 0.24503311258278146,
      "acc_norm_stderr": 0.03511807571804724
    },
    "hendrycksTest-jurisprudence": {
      "acc": 0.2777777777777778,
      "acc_stderr": 0.04330043749650743,
      "acc_norm": 0.26851851851851855,
      "acc_norm_stderr": 0.04284467968052191
    },
    "hendrycksTest-us_foreign_policy": {
      "acc": 0.27,
      "acc_stderr": 0.04461960433384741,
      "acc_norm": 0.32,
      "acc_norm_stderr": 0.046882617226215034
    },
    "hendrycksTest-international_law": {
      "acc": 0.2727272727272727,
      "acc_stderr": 0.04065578140908705,
      "acc_norm": 0.33884297520661155,
      "acc_norm_stderr": 0.04320767807536669
    },
    "hendrycksTest-moral_scenarios": {
      "acc": 0.22793296089385476,
      "acc_stderr": 0.014030149950805098,
      "acc_norm": 0.2324022346368715,
      "acc_norm_stderr": 0.014125968754673392
    },
    "hendrycksTest-high_school_biology": {
      "acc": 0.2806451612903226,
      "acc_stderr": 0.0255606047210229,
      "acc_norm": 0.3161290322580645,
      "acc_norm_stderr": 0.026450874489042774
    },
    "hendrycksTest-world_religions": {
      "acc": 0.391812865497076,
      "acc_stderr": 0.037439798259263996,
      "acc_norm": 0.39766081871345027,
      "acc_norm_stderr": 0.03753638955761691
    },
    "hendrycksTest-college_medicine": {
      "acc": 0.2947976878612717,
      "acc_stderr": 0.03476599607516479,
      "acc_norm": 0.3063583815028902,
      "acc_norm_stderr": 0.03514942551267437
    },
    "hendrycksTest-medical_genetics": {
      "acc": 0.36,
      "acc_stderr": 0.048241815132442176,
      "acc_norm": 0.39,
      "acc_norm_stderr": 0.04902071300001975
    },
    "hendrycksTest-management": {
      "acc": 0.32038834951456313,
      "acc_stderr": 0.0462028408228004,
      "acc_norm": 0.32038834951456313,
      "acc_norm_stderr": 0.0462028408228004
    },
    "hendrycksTest-high_school_us_history": {
      "acc": 0.19117647058823528,
      "acc_stderr": 0.027599174300640766,
      "acc_norm": 0.22058823529411764,
      "acc_norm_stderr": 0.029102254389674065
    },
    "hendrycksTest-high_school_chemistry": {
      "acc": 0.27586206896551724,
      "acc_stderr": 0.0314471258167824,
      "acc_norm": 0.3054187192118227,
      "acc_norm_stderr": 0.03240661565868408
    },
    "hendrycksTest-virology": {
      "acc": 0.25903614457831325,
      "acc_stderr": 0.03410646614071857,
      "acc_norm": 0.3313253012048193,
      "acc_norm_stderr": 0.036643147772880864
    },
    "hendrycksTest-high_school_mathematics": {
      "acc": 0.2518518518518518,
      "acc_stderr": 0.02646611753895991,
      "acc_norm": 0.27037037037037037,
      "acc_norm_stderr": 0.027080372815145658
    },