{
  "results": {
    "hendrycksTest-computer_security": {
      "acc": 0.39,
      "acc_stderr": 0.04902071300001975,
      "acc_norm": 0.4,
      "acc_norm_stderr": 0.04923659639173309
    },
    "wsc": {
      "acc": 0.36538461538461536,
      "acc_stderr": 0.0474473339327792
    },
    "hendrycksTest-marketing": {
      "acc": 0.39316239316239315,
      "acc_stderr": 0.03199957924651047,
      "acc_norm": 0.4017094017094017,
      "acc_norm_stderr": 0.03211693751051622
    },
    "hendrycksTest-high_school_world_history": {
      "acc": 0.2869198312236287,
      "acc_stderr": 0.02944377302259469,
      "acc_norm": 0.28270042194092826,
      "acc_norm_stderr": 0.029312814153955924
    },
    "hendrycksTest-miscellaneous": {
      "acc": 0.3780332056194125,
      "acc_stderr": 0.017339844462104615,
      "acc_norm": 0.35759897828863346,
      "acc_norm_stderr": 0.017139488998803288
    },
    "hendrycksTest-econometrics": {
      "acc": 0.2807017543859649,
      "acc_stderr": 0.04227054451232199,
      "acc_norm": 0.2543859649122807,
      "acc_norm_stderr": 0.040969851398436716
    },
    "hendrycksTest-nutrition": {
      "acc": 0.3333333333333333,
      "acc_stderr": 0.026992544339297236,
      "acc_norm": 0.3562091503267974,
      "acc_norm_stderr": 0.02742047766262925
    },
    "hendrycksTest-astronomy": {
      "acc": 0.26973684210526316,
      "acc_stderr": 0.03611780560284898,
      "acc_norm": 0.3026315789473684,
      "acc_norm_stderr": 0.03738520676119668
    },
    "hendrycksTest-high_school_macroeconomics": {
      "acc": 0.2794871794871795,
      "acc_stderr": 0.02275238883977683,
      "acc_norm": 0.28974358974358977,
      "acc_norm_stderr": 0.023000628243687964
    },
    "hendrycksTest-prehistory": {
      "acc": 0.2654320987654321,
      "acc_stderr": 0.02456922360046085,
      "acc_norm": 0.25925925925925924,
      "acc_norm_stderr": 0.024383665531035447
    },
    "hendrycksTest-human_sexuality": {
      "acc": 0.366412213740458,
      "acc_stderr": 0.04225875451969639,
      "acc_norm": 0.31297709923664124,
      "acc_norm_stderr": 0.04066962905677697
    },
    "hendrycksTest-high_school_computer_science": {
      "acc": 0.29,
      "acc_stderr": 0.045604802157206845,
      "acc_norm": 0.34,
      "acc_norm_stderr": 0.04760952285695236
    },
    "hendrycksTest-college_computer_science": {
      "acc": 0.32,
      "acc_stderr": 0.04688261722621504,
      "acc_norm": 0.29,
      "acc_norm_stderr": 0.045604802157206845
    },
    "hendrycksTest-high_school_biology": {
      "acc": 0.3096774193548387,
      "acc_stderr": 0.026302774983517418,
      "acc_norm": 0.34838709677419355,
      "acc_norm_stderr": 0.027104826328100944
    },
    "hendrycksTest-business_ethics": {
      "acc": 0.32,
      "acc_stderr": 0.04688261722621505,
      "acc_norm": 0.35,
      "acc_norm_stderr": 0.047937248544110196
    },
    "hendrycksTest-virology": {
      "acc": 0.29518072289156627,
      "acc_stderr": 0.035509201856896294,
      "acc_norm": 0.3132530120481928,
      "acc_norm_stderr": 0.03610805018031024
    },
    "hendrycksTest-high_school_geography": {
      "acc": 0.3333333333333333,
      "acc_stderr": 0.03358618145732523,
      "acc_norm": 0.398989898989899,
      "acc_norm_stderr": 0.03488901616852732
    },
    "hendrycksTest-moral_disputes": {
      "acc": 0.32947976878612717,
      "acc_stderr": 0.025305258131879723,
      "acc_norm": 0.2947976878612717,
      "acc_norm_stderr": 0.024547617794803835
    },
    "hendrycksTest-sociology": {
      "acc": 0.2835820895522388,
      "acc_stderr": 0.03187187537919797,
      "acc_norm": 0.3034825870646766,
      "acc_norm_stderr": 0.032510068164586174
    },
    "hendrycksTest-college_biology": {
      "acc": 0.2847222222222222,
      "acc_stderr": 0.037738099906869355,
      "acc_norm": 0.3125,
      "acc_norm_stderr": 0.038760854559127644
    },
    "hendrycksTest-global_facts": {
      "acc": 0.34,
      "acc_stderr": 0.04760952285695236,
      "acc_norm": 0.34,
      "acc_norm_stderr": 0.04760952285695235
    },
    "arc_challenge": {
      "acc": 0.3677474402730375,
      "acc_stderr": 0.014090995618168472,
      "acc_norm": 0.3924914675767918,
      "acc_norm_stderr": 0.014269634635670714
    },
    "hendrycksTest-professional_psychology": {
      "acc": 0.29901960784313725,
      "acc_stderr": 0.018521756215423024,
      "acc_norm": 0.29901960784313725,
      "acc_norm_stderr": 0.018521756215423024
    },
    "hendrycksTest-human_aging": {
      "acc": 0.3183856502242152,
      "acc_stderr": 0.03126580522513713,
      "acc_norm": 0.26905829596412556,
      "acc_norm_stderr": 0.029763779406874965
    },
    "hendrycksTest-electrical_engineering": {
      "acc": 0.32413793103448274,
      "acc_stderr": 0.03900432069185555,
      "acc_norm": 0.32413793103448274,
      "acc_norm_stderr": 0.03900432069185553
    },
    "hendrycksTest-moral_scenarios": {
      "acc": 0.2435754189944134,
      "acc_stderr": 0.014355911964767864,
      "acc_norm": 0.2446927374301676,
      "acc_norm_stderr": 0.014378169884098424
    },
    "hendrycksTest-abstract_algebra": {
      "acc": 0.22,
      "acc_stderr": 0.04163331998932269,
      "acc_norm": 0.25,
      "acc_norm_stderr": 0.04351941398892446
    },
    "hendrycksTest-high_school_physics": {
      "acc": 0.23841059602649006,
      "acc_stderr": 0.034791855725996586,
      "acc_norm": 0.2913907284768212,
      "acc_norm_stderr": 0.03710185726119995
    },
    "hendrycksTest-elementary_mathematics": {
      "acc": 0.26455026455026454,
      "acc_stderr": 0.022717467897708624,
      "acc_norm": 0.2566137566137566,
      "acc_norm_stderr": 0.022494510767503154
    },
    "hendrycksTest-high_school_microeconomics": {
      "acc": 0.23529411764705882,
      "acc_stderr": 0.027553614467863797,
      "acc_norm": 0.24789915966386555,
      "acc_norm_stderr": 0.028047967224176896
    },
    "hendrycksTest-management": {
      "acc": 0.36893203883495146,
      "acc_stderr": 0.047776151811567386,
      "acc_norm": 0.3786407766990291,
      "acc_norm_stderr": 0.048026946982589726
    },
    "hendrycksTest-college_chemistry": {
      "acc": 0.25,
      "acc_stderr": 0.04351941398892446,
      "acc_norm": 0.31,
      "acc_norm_stderr": 0.04648231987117316
    },
    "hendrycksTest-high_school_european_history": {
      "acc": 0.28484848484848485,
      "acc_stderr": 0.03524390844511782,
      "acc_norm": 0.32727272727272727,
      "acc_norm_stderr": 0.03663974994391242
    },
    "hendrycksTest-us_foreign_policy": {
      "acc": 0.29,
      "acc_stderr": 0.04560480215720683,
      "acc_norm": 0.31,
      "acc_norm_stderr": 0.04648231987117316
    },
    "hendrycksTest-world_religions": {
      "acc": 0.38011695906432746,
      "acc_stderr": 0.037229657413855394,
      "acc_norm": 0.4327485380116959,
      "acc_norm_stderr": 0.03799978644370607
    },
    "hendrycksTest-college_physics": {
      "acc": 0.22549019607843138,
      "acc_stderr": 0.041583075330832865,
      "acc_norm": 0.23529411764705882,
      "acc_norm_stderr": 0.04220773659171453
    },
    "sciq": {
      "acc": 0.955,
      "acc_stderr": 0.006558812241406128,
      "acc_norm": 0.958,
      "acc_norm_stderr": 0.006346359293033846
    },
    "hendrycksTest-jurisprudence": {
      "acc": 0.2777777777777778,
      "acc_stderr": 0.04330043749650742,
      "acc_norm": 0.32407407407407407,
      "acc_norm_stderr": 0.04524596007030048
    },
    "hendrycksTest-college_medicine": {
      "acc": 0.3179190751445087,
      "acc_stderr": 0.03550683989165581,
      "acc_norm": 0.3179190751445087,
      "acc_norm_stderr": 0.03550683989165581
    },
    "hendrycksTest-high_school_chemistry": {
      "acc": 0.27586206896551724,
      "acc_stderr": 0.031447125816782405,
      "acc_norm": 0.30049261083743845,
      "acc_norm_stderr": 0.03225799476233486
    },
    "hendrycksTest-professional_accounting": {
      "acc": 0.28368794326241137,
      "acc_stderr": 0.026891709428343957,