{
  "results": {
    "hendrycksTest-business_ethics": {
      "acc": 0.34,
      "acc_stderr": 0.04760952285695235,
      "acc_norm": 0.34,
      "acc_norm_stderr": 0.04760952285695235
    },
    "hendrycksTest-college_biology": {
      "acc": 0.2777777777777778,
      "acc_stderr": 0.03745554791462457,
      "acc_norm": 0.24305555555555555,
      "acc_norm_stderr": 0.03586879280080341
    },
    "hendrycksTest-high_school_psychology": {
      "acc": 0.3339449541284404,
      "acc_stderr": 0.020220554196736407,
      "acc_norm": 0.326605504587156,
      "acc_norm_stderr": 0.020106990889937303
    },
    "hendrycksTest-high_school_us_history": {
      "acc": 0.25980392156862747,
      "acc_stderr": 0.03077855467869326,
      "acc_norm": 0.29411764705882354,
      "acc_norm_stderr": 0.03198001660115072
    },
    "arc_easy": {
      "acc": 0.7276936026936027,
      "acc_stderr": 0.009134218447652673,
      "acc_norm": 0.7226430976430976,
      "acc_norm_stderr": 0.009186490105111909
    },
    "hendrycksTest-college_medicine": {
      "acc": 0.35260115606936415,
      "acc_stderr": 0.036430371689585475,
      "acc_norm": 0.32947976878612717,
      "acc_norm_stderr": 0.03583901754736412
    },
    "hendrycksTest-moral_scenarios": {
      "acc": 0.25139664804469275,
      "acc_stderr": 0.01450897945355398,
      "acc_norm": 0.2536312849162011,
      "acc_norm_stderr": 0.01455155365936992
    },
    "hendrycksTest-clinical_knowledge": {
      "acc": 0.26037735849056604,
      "acc_stderr": 0.027008766090708073,
      "acc_norm": 0.33584905660377357,
      "acc_norm_stderr": 0.029067220146644816
    },
    "hendrycksTest-high_school_biology": {
      "acc": 0.3258064516129032,
      "acc_stderr": 0.0266620105785671,
      "acc_norm": 0.34838709677419355,
      "acc_norm_stderr": 0.027104826328100944
    },
    "hendrycksTest-college_computer_science": {
      "acc": 0.31,
      "acc_stderr": 0.04648231987117316,
      "acc_norm": 0.32,
      "acc_norm_stderr": 0.046882617226215034
    },
    "hendrycksTest-jurisprudence": {
      "acc": 0.26851851851851855,
      "acc_stderr": 0.04284467968052191,
      "acc_norm": 0.3148148148148148,
      "acc_norm_stderr": 0.04489931073591311
    },
    "hendrycksTest-astronomy": {
      "acc": 0.26973684210526316,
      "acc_stderr": 0.03611780560284898,
      "acc_norm": 0.3026315789473684,
      "acc_norm_stderr": 0.037385206761196686
    },
    "hendrycksTest-miscellaneous": {
      "acc": 0.3895274584929757,
      "acc_stderr": 0.017438082556264594,
      "acc_norm": 0.37420178799489145,
      "acc_norm_stderr": 0.017304805072252037
    },
    "logiqa": {
      "acc": 0.2227342549923195,
      "acc_stderr": 0.01632005404616512,
      "acc_norm": 0.2565284178187404,
      "acc_norm_stderr": 0.01712944332788756
    },
    "hendrycksTest-medical_genetics": {
      "acc": 0.36,
      "acc_stderr": 0.04824181513244218,
      "acc_norm": 0.41,
      "acc_norm_stderr": 0.04943110704237102
    },
    "hendrycksTest-high_school_geography": {
      "acc": 0.35858585858585856,
      "acc_stderr": 0.03416903640391521,
      "acc_norm": 0.3686868686868687,
      "acc_norm_stderr": 0.03437305501980619
    },
    "hendrycksTest-high_school_european_history": {
      "acc": 0.30303030303030304,
      "acc_stderr": 0.03588624800091707,
      "acc_norm": 0.3212121212121212,
      "acc_norm_stderr": 0.03646204963253811
    },
    "hendrycksTest-conceptual_physics": {
      "acc": 0.2851063829787234,
      "acc_stderr": 0.02951319662553935,
      "acc_norm": 0.25957446808510637,
      "acc_norm_stderr": 0.028659179374292323
    },
    "hendrycksTest-high_school_world_history": {
      "acc": 0.3206751054852321,
      "acc_stderr": 0.030381931949990403,
      "acc_norm": 0.3037974683544304,
      "acc_norm_stderr": 0.029936696387138598
    },
    "hendrycksTest-philosophy": {
      "acc": 0.36012861736334406,
      "acc_stderr": 0.027264297599804015,
      "acc_norm": 0.36977491961414793,
      "acc_norm_stderr": 0.027417996705631005
    },
    "hendrycksTest-high_school_microeconomics": {
      "acc": 0.3319327731092437,
      "acc_stderr": 0.030588697013783663,
      "acc_norm": 0.31932773109243695,
      "acc_norm_stderr": 0.0302839955258844
    },
    "hendrycksTest-high_school_statistics": {
      "acc": 0.24537037037037038,
      "acc_stderr": 0.029346665094372948,
      "acc_norm": 0.26851851851851855,
      "acc_norm_stderr": 0.030225226160012393
    },
    "hendrycksTest-virology": {
      "acc": 0.3072289156626506,
      "acc_stderr": 0.03591566797824662,
      "acc_norm": 0.3253012048192771,
      "acc_norm_stderr": 0.03647168523683227
    },
    "hendrycksTest-college_chemistry": {
      "acc": 0.28,
      "acc_stderr": 0.04512608598542128,
      "acc_norm": 0.3,
      "acc_norm_stderr": 0.046056618647183814
    },
    "hendrycksTest-professional_law": {
      "acc": 0.2757496740547588,
      "acc_stderr": 0.011413813609161008,
      "acc_norm": 0.26401564537157757,
      "acc_norm_stderr": 0.011258435537723823
    },
    "wsc": {
      "acc": 0.36538461538461536,
      "acc_stderr": 0.0474473339327792
    },
    "hendrycksTest-high_school_government_and_politics": {
      "acc": 0.29015544041450775,
      "acc_stderr": 0.03275264467791515,
      "acc_norm": 0.32124352331606215,
      "acc_norm_stderr": 0.033699508685490674
    },
    "hendrycksTest-high_school_computer_science": {
      "acc": 0.29,
      "acc_stderr": 0.045604802157206845,
      "acc_norm": 0.32,
      "acc_norm_stderr": 0.046882617226215034
    },
    "hendrycksTest-world_religions": {
      "acc": 0.4444444444444444,
      "acc_stderr": 0.038110796698335316,
      "acc_norm": 0.47368421052631576,
      "acc_norm_stderr": 0.03829509868994727
    },
    "hendrycksTest-high_school_macroeconomics": {
      "acc": 0.2794871794871795,
      "acc_stderr": 0.02275238883977683,
      "acc_norm": 0.26666666666666666,
      "acc_norm_stderr": 0.022421273612923714
    },
    "hendrycksTest-security_studies": {
      "acc": 0.23265306122448978,
      "acc_stderr": 0.02704925791589618,
      "acc_norm": 0.20816326530612245,
      "acc_norm_stderr": 0.025991117672813292
    },
    "hendrycksTest-international_law": {
      "acc": 0.30578512396694213,
      "acc_stderr": 0.04205953933884125,
      "acc_norm": 0.38016528925619836,
      "acc_norm_stderr": 0.04431324501968431
    },
    "hendrycksTest-high_school_mathematics": {
      "acc": 0.22962962962962963,
      "acc_stderr": 0.025644108639267638,
      "acc_norm": 0.27037037037037037,
      "acc_norm_stderr": 0.027080372815145665
    },
    "hendrycksTest-human_aging": {
      "acc": 0.3273542600896861,
      "acc_stderr": 0.03149384670994131,
      "acc_norm": 0.273542600896861,
      "acc_norm_stderr": 0.029918586707798827
    },
    "hendrycksTest-elementary_mathematics": {
      "acc": 0.2777777777777778,
      "acc_stderr": 0.02306818884826111,
      "acc_norm": 0.2671957671957672,
      "acc_norm_stderr": 0.022789673145776554
    },
    "hendrycksTest-machine_learning": {
      "acc": 0.24107142857142858,
      "acc_stderr": 0.04059867246952688,
      "acc_norm": 0.21428571428571427,
      "acc_norm_stderr": 0.03894641120044793
    },
    "hendrycksTest-moral_disputes": {
      "acc": 0.2976878612716763,
      "acc_stderr": 0.024617055388677,
      "acc_norm": 0.2861271676300578,
      "acc_norm_stderr": 0.024332146779134135
    },
    "hendrycksTest-anatomy": {
      "acc": 0.37037037037037035,
      "acc_stderr": 0.04171654161354543,
      "acc_norm": 0.3333333333333333,
      "acc_norm_stderr": 0.04072314811876837
    },
    "hendrycksTest-us_foreign_policy": {
      "acc": 0.29,
      "acc_stderr": 0.04560480215720684,
      "acc_norm": 0.36,
      "acc_norm_stderr": 0.04824181513244218
    },
    "lambada_openai": {
      "ppl": 4.54689955133456,
      "ppl_stderr": 0.10154151624809357,
      "acc": 0.6784397438385407,
      "acc_stderr": 0.006507271043993027
    },