{
  "results": {
    "hendrycksTest-us_foreign_policy": {
      "acc": 0.26,
      "acc_stderr": 0.044084400227680794,
      "acc_norm": 0.32,
      "acc_norm_stderr": 0.04688261722621505
    },
    "hendrycksTest-public_relations": {
      "acc": 0.18181818181818182,
      "acc_stderr": 0.036942843353378,
      "acc_norm": 0.2,
      "acc_norm_stderr": 0.03831305140884603
    },
    "hendrycksTest-management": {
      "acc": 0.20388349514563106,
      "acc_stderr": 0.03989139859531772,
      "acc_norm": 0.22330097087378642,
      "acc_norm_stderr": 0.04123553189891431
    },
    "hendrycksTest-astronomy": {
      "acc": 0.2236842105263158,
      "acc_stderr": 0.033911609343436025,
      "acc_norm": 0.3026315789473684,
      "acc_norm_stderr": 0.03738520676119668
    },
    "winogrande": {
      "acc": 0.5209155485398579,
      "acc_stderr": 0.014040185494212943
    },
    "hendrycksTest-econometrics": {
      "acc": 0.2631578947368421,
      "acc_stderr": 0.041424397194893624,
      "acc_norm": 0.23684210526315788,
      "acc_norm_stderr": 0.039994238792813365
    },
    "hendrycksTest-high_school_computer_science": {
      "acc": 0.21,
      "acc_stderr": 0.04093601807403326,
      "acc_norm": 0.23,
      "acc_norm_stderr": 0.04229525846816506
    },
    "arc_easy": {
      "acc": 0.44823232323232326,
      "acc_stderr": 0.010204645126856931,
      "acc_norm": 0.4074074074074074,
      "acc_norm_stderr": 0.010082326627832868
    },
    "hendrycksTest-international_law": {
      "acc": 0.14049586776859505,
      "acc_stderr": 0.031722334260021606,
      "acc_norm": 0.35537190082644626,
      "acc_norm_stderr": 0.04369236326573981
    },
    "hendrycksTest-professional_psychology": {
      "acc": 0.22712418300653595,
      "acc_stderr": 0.016949853279212383,
      "acc_norm": 0.23039215686274508,
      "acc_norm_stderr": 0.01703522925803404
    },
    "hendrycksTest-global_facts": {
      "acc": 0.26,
      "acc_stderr": 0.0440844002276808,
      "acc_norm": 0.23,
      "acc_norm_stderr": 0.04229525846816506
    },
    "hendrycksTest-formal_logic": {
      "acc": 0.2777777777777778,
      "acc_stderr": 0.04006168083848877,
      "acc_norm": 0.2698412698412698,
      "acc_norm_stderr": 0.039701582732351734
    },
    "hendrycksTest-philosophy": {
      "acc": 0.24437299035369775,
      "acc_stderr": 0.024406162094668907,
      "acc_norm": 0.2572347266881029,
      "acc_norm_stderr": 0.024826171289250888
    },
    "hendrycksTest-miscellaneous": {
      "acc": 0.2515964240102171,
      "acc_stderr": 0.015517322365529615,
      "acc_norm": 0.25287356321839083,
      "acc_norm_stderr": 0.01554337731371968
    },
    "hendrycksTest-high_school_european_history": {
      "acc": 0.2606060606060606,
      "acc_stderr": 0.034277431758165236,
      "acc_norm": 0.3575757575757576,
      "acc_norm_stderr": 0.037425970438065864
    },
    "hendrycksTest-college_medicine": {
      "acc": 0.24277456647398843,
      "acc_stderr": 0.0326926380614177,
      "acc_norm": 0.27167630057803466,
      "acc_norm_stderr": 0.0339175032232166
    },
    "hendrycksTest-high_school_chemistry": {
      "acc": 0.20689655172413793,
      "acc_stderr": 0.02850137816789395,
      "acc_norm": 0.23645320197044334,
      "acc_norm_stderr": 0.029896114291733545
    },
    "hendrycksTest-moral_disputes": {
      "acc": 0.26878612716763006,
      "acc_stderr": 0.023868003262500104,
      "acc_norm": 0.29190751445086704,
      "acc_norm_stderr": 0.02447699407624733
    },
    "sciq": {
      "acc": 0.787,
      "acc_stderr": 0.012953717566737225,
      "acc_norm": 0.753,
      "acc_norm_stderr": 0.01364467578131413
    },
    "hendrycksTest-high_school_geography": {
      "acc": 0.25757575757575757,
      "acc_stderr": 0.031156269519646836,
      "acc_norm": 0.26262626262626265,
      "acc_norm_stderr": 0.031353050095330834
    },
    "hendrycksTest-high_school_mathematics": {
      "acc": 0.2740740740740741,
      "acc_stderr": 0.027195934804085622,
      "acc_norm": 0.28888888888888886,
      "acc_norm_stderr": 0.027634907264178544
    },
    "hendrycksTest-prehistory": {
      "acc": 0.25,
      "acc_stderr": 0.02409347123262133,
      "acc_norm": 0.20987654320987653,
      "acc_norm_stderr": 0.02265834408598137
    },
    "arc_challenge": {
      "acc": 0.19795221843003413,
      "acc_stderr": 0.011643990971573398,
      "acc_norm": 0.23293515358361774,
      "acc_norm_stderr": 0.012352507042617396
    },
    "hendrycksTest-virology": {
      "acc": 0.25301204819277107,
      "acc_stderr": 0.03384429155233135,
      "acc_norm": 0.26506024096385544,
      "acc_norm_stderr": 0.03436024037944968
    },
    "hendrycksTest-college_chemistry": {
      "acc": 0.31,
      "acc_stderr": 0.04648231987117316,
      "acc_norm": 0.32,
      "acc_norm_stderr": 0.046882617226215034
    },
    "hendrycksTest-high_school_us_history": {
      "acc": 0.25980392156862747,
      "acc_stderr": 0.030778554678693268,
      "acc_norm": 0.27450980392156865,
      "acc_norm_stderr": 0.031321798030832904
    },
    "hendrycksTest-college_biology": {
      "acc": 0.2916666666666667,
      "acc_stderr": 0.038009680605548574,
      "acc_norm": 0.2777777777777778,
      "acc_norm_stderr": 0.037455547914624576
    },
    "hendrycksTest-high_school_microeconomics": {
      "acc": 0.2605042016806723,
      "acc_stderr": 0.02851025151234193,
      "acc_norm": 0.31932773109243695,
      "acc_norm_stderr": 0.0302839955258844
    },
    "hendrycksTest-jurisprudence": {
      "acc": 0.2037037037037037,
      "acc_stderr": 0.03893542518824847,
      "acc_norm": 0.28703703703703703,
      "acc_norm_stderr": 0.043733130409147614
    },
    "hendrycksTest-clinical_knowledge": {
      "acc": 0.22641509433962265,
      "acc_stderr": 0.025757559893106734,
      "acc_norm": 0.30566037735849055,
      "acc_norm_stderr": 0.028353298073322666
    },
    "hendrycksTest-sociology": {
      "acc": 0.32338308457711445,
      "acc_stderr": 0.033076159479790354,
      "acc_norm": 0.39800995024875624,
      "acc_norm_stderr": 0.034611994290400135
    },
    "hendrycksTest-high_school_government_and_politics": {
      "acc": 0.30569948186528495,
      "acc_stderr": 0.03324837939758159,
      "acc_norm": 0.32124352331606215,
      "acc_norm_stderr": 0.033699508685490674
    },
    "hendrycksTest-business_ethics": {
      "acc": 0.29,
      "acc_stderr": 0.04560480215720683,
      "acc_norm": 0.3,
      "acc_norm_stderr": 0.046056618647183814
    },
    "hendrycksTest-abstract_algebra": {
      "acc": 0.17,
      "acc_stderr": 0.0377525168068637,
      "acc_norm": 0.21,
      "acc_norm_stderr": 0.040936018074033256
    },
    "hendrycksTest-high_school_statistics": {
      "acc": 0.2962962962962963,
      "acc_stderr": 0.03114144782353604,
      "acc_norm": 0.2916666666666667,
      "acc_norm_stderr": 0.03099866630456052
    },
    "hendrycksTest-medical_genetics": {
      "acc": 0.23,
      "acc_stderr": 0.04229525846816505,
      "acc_norm": 0.27,
      "acc_norm_stderr": 0.0446196043338474
    },
    "logiqa": {
      "acc": 0.21044546850998463,
      "acc_stderr": 0.015988369488888755,
      "acc_norm": 0.27342549923195086,
      "acc_norm_stderr": 0.01748247454768128
    },
    "hendrycksTest-high_school_psychology": {
      "acc": 0.24954128440366974,
      "acc_stderr": 0.018553897629501614,
      "acc_norm": 0.25504587155963304,
      "acc_norm_stderr": 0.01868850085653585
    },
    "hendrycksTest-marketing": {
      "acc": 0.32905982905982906,
      "acc_stderr": 0.030782321577688163,
      "acc_norm": 0.32051282051282054,
      "acc_norm_stderr": 0.03057281131029961
    },
    "hendrycksTest-computer_security": {
      "acc": 0.24,
      "acc_stderr": 0.04292346959909283,
      "acc_norm": 0.27,
      "acc_norm_stderr": 0.04461960433384741
    },
    "hendrycksTest-human_sexuality": {
      "acc": 0.3435114503816794,
      "acc_stderr": 0.041649760719448786,
      "acc_norm": 0.31297709923664124,