{
  "results": {
    "hendrycksTest-moral_scenarios": {
      "acc": 0.24134078212290502,
      "acc_stderr": 0.014310999547961452,
      "acc_norm": 0.23575418994413408,
      "acc_norm_stderr": 0.014196375686290804
    },
    "hendrycksTest-college_biology": {
      "acc": 0.25,
      "acc_stderr": 0.03621034121889507,
      "acc_norm": 0.2361111111111111,
      "acc_norm_stderr": 0.03551446610810826
    },
    "hendrycksTest-machine_learning": {
      "acc": 0.1875,
      "acc_stderr": 0.0370468111477387,
      "acc_norm": 0.17857142857142858,
      "acc_norm_stderr": 0.036352091215778065
    },
    "hendrycksTest-abstract_algebra": {
      "acc": 0.15,
      "acc_stderr": 0.035887028128263734,
      "acc_norm": 0.22,
      "acc_norm_stderr": 0.041633319989322716
    },
    "hendrycksTest-sociology": {
      "acc": 0.263681592039801,
      "acc_stderr": 0.031157150869355568,
      "acc_norm": 0.23880597014925373,
      "acc_norm_stderr": 0.030147775935409214
    },
    "hendrycksTest-high_school_government_and_politics": {
      "acc": 0.24870466321243523,
      "acc_stderr": 0.03119584087770029,
      "acc_norm": 0.2694300518134715,
      "acc_norm_stderr": 0.03201867122877794
    },
    "hendrycksTest-human_aging": {
      "acc": 0.2645739910313901,
      "acc_stderr": 0.02960510321703832,
      "acc_norm": 0.2645739910313901,
      "acc_norm_stderr": 0.029605103217038315
    },
    "hendrycksTest-college_mathematics": {
      "acc": 0.25,
      "acc_stderr": 0.04351941398892446,
      "acc_norm": 0.34,
      "acc_norm_stderr": 0.04760952285695235
    },
    "hendrycksTest-formal_logic": {
      "acc": 0.30158730158730157,
      "acc_stderr": 0.04104947269903394,
      "acc_norm": 0.2777777777777778,
      "acc_norm_stderr": 0.04006168083848877
    },
    "hendrycksTest-logical_fallacies": {
      "acc": 0.2147239263803681,
      "acc_stderr": 0.03226219377286774,
      "acc_norm": 0.26380368098159507,
      "acc_norm_stderr": 0.03462419931615623
    },
    "hendrycksTest-medical_genetics": {
      "acc": 0.3,
      "acc_stderr": 0.046056618647183814,
      "acc_norm": 0.28,
      "acc_norm_stderr": 0.04512608598542127
    },
    "hendrycksTest-college_physics": {
      "acc": 0.28431372549019607,
      "acc_stderr": 0.04488482852329017,
      "acc_norm": 0.30392156862745096,
      "acc_norm_stderr": 0.045766654032077636
    },
    "hendrycksTest-high_school_chemistry": {
      "acc": 0.19704433497536947,
      "acc_stderr": 0.02798672466673622,
      "acc_norm": 0.22660098522167488,
      "acc_norm_stderr": 0.02945486383529298
    },
    "hendrycksTest-econometrics": {
      "acc": 0.23684210526315788,
      "acc_stderr": 0.03999423879281336,
      "acc_norm": 0.23684210526315788,
      "acc_norm_stderr": 0.03999423879281336
    },
    "hendrycksTest-computer_security": {
      "acc": 0.3,
      "acc_stderr": 0.046056618647183814,
      "acc_norm": 0.37,
      "acc_norm_stderr": 0.048523658709391
    },
    "hendrycksTest-virology": {
      "acc": 0.3132530120481928,
      "acc_stderr": 0.036108050180310235,
      "acc_norm": 0.3192771084337349,
      "acc_norm_stderr": 0.03629335329947859
    },
    "hendrycksTest-public_relations": {
      "acc": 0.24545454545454545,
      "acc_stderr": 0.04122066502878285,
      "acc_norm": 0.19090909090909092,
      "acc_norm_stderr": 0.03764425585984925
    },
    "hendrycksTest-electrical_engineering": {
      "acc": 0.2482758620689655,
      "acc_stderr": 0.03600105692727772,
      "acc_norm": 0.2482758620689655,
      "acc_norm_stderr": 0.0360010569272777
    },
    "hendrycksTest-human_sexuality": {
      "acc": 0.29770992366412213,
      "acc_stderr": 0.04010358942462203,
      "acc_norm": 0.3282442748091603,
      "acc_norm_stderr": 0.041184385658062976
    },
    "hendrycksTest-business_ethics": {
      "acc": 0.3,
      "acc_stderr": 0.046056618647183814,
      "acc_norm": 0.23,
      "acc_norm_stderr": 0.04229525846816508
    },
    "hendrycksTest-high_school_geography": {
      "acc": 0.23232323232323232,
      "acc_stderr": 0.030088629490217483,
      "acc_norm": 0.29797979797979796,
      "acc_norm_stderr": 0.03258630383836556
    },
    "hendrycksTest-high_school_world_history": {
      "acc": 0.2616033755274262,
      "acc_stderr": 0.028609516716994934,
      "acc_norm": 0.2616033755274262,
      "acc_norm_stderr": 0.028609516716994934
    },
    "hendrycksTest-high_school_mathematics": {
      "acc": 0.2074074074074074,
      "acc_stderr": 0.024720713193952172,
      "acc_norm": 0.2777777777777778,
      "acc_norm_stderr": 0.02730914058823017
    },
    "logiqa": {
      "acc": 0.22734254992319508,
      "acc_stderr": 0.01643906767511776,
      "acc_norm": 0.25960061443932414,
      "acc_norm_stderr": 0.017196070008180016
    },
    "arc_easy": {
      "acc": 0.5938552188552189,
      "acc_stderr": 0.010077409815364063,
      "acc_norm": 0.5791245791245792,
      "acc_norm_stderr": 0.01013050216406634
    },
    "hendrycksTest-security_studies": {
      "acc": 0.2,
      "acc_stderr": 0.02560737598657916,
      "acc_norm": 0.19183673469387755,
      "acc_norm_stderr": 0.025206963154225395
    },
    "hendrycksTest-global_facts": {
      "acc": 0.27,
      "acc_stderr": 0.044619604333847394,
      "acc_norm": 0.29,
      "acc_norm_stderr": 0.04560480215720685
    },
    "hendrycksTest-philosophy": {
      "acc": 0.26366559485530544,
      "acc_stderr": 0.02502553850053234,
      "acc_norm": 0.2733118971061093,
      "acc_norm_stderr": 0.02531176597542612
    },
    "hendrycksTest-high_school_psychology": {
      "acc": 0.29541284403669726,
      "acc_stderr": 0.019560619182976,
      "acc_norm": 0.26788990825688075,
      "acc_norm_stderr": 0.018987462257978652
    },
    "hendrycksTest-international_law": {
      "acc": 0.256198347107438,
      "acc_stderr": 0.03984979653302871,
      "acc_norm": 0.36363636363636365,
      "acc_norm_stderr": 0.043913262867240704
    },
    "hendrycksTest-professional_law": {
      "acc": 0.26010430247718386,
      "acc_stderr": 0.01120438288782383,
      "acc_norm": 0.28226857887874834,
      "acc_norm_stderr": 0.011495852176241954
    },
    "hendrycksTest-elementary_mathematics": {
      "acc": 0.2566137566137566,
      "acc_stderr": 0.022494510767503154,
      "acc_norm": 0.26455026455026454,
      "acc_norm_stderr": 0.022717467897708614
    },
    "hendrycksTest-professional_psychology": {
      "acc": 0.26143790849673204,
      "acc_stderr": 0.01777694715752804,
      "acc_norm": 0.26143790849673204,
      "acc_norm_stderr": 0.01777694715752804
    },
    "hendrycksTest-high_school_european_history": {
      "acc": 0.24848484848484848,
      "acc_stderr": 0.03374402644139404,
      "acc_norm": 0.2727272727272727,
      "acc_norm_stderr": 0.0347769116216366
    },
    "hendrycksTest-high_school_biology": {
      "acc": 0.22580645161290322,
      "acc_stderr": 0.02378557788418101,
      "acc_norm": 0.27419354838709675,
      "acc_norm_stderr": 0.025378139970885196
    },
    "hendrycksTest-high_school_physics": {
      "acc": 0.2251655629139073,
      "acc_stderr": 0.03410435282008936,
      "acc_norm": 0.24503311258278146,
      "acc_norm_stderr": 0.03511807571804726
    },
    "hendrycksTest-college_computer_science": {
      "acc": 0.33,
      "acc_stderr": 0.04725815626252605,
      "acc_norm": 0.32,
      "acc_norm_stderr": 0.046882617226215034
    },
    "hendrycksTest-high_school_microeconomics": {
      "acc": 0.2184873949579832,
      "acc_stderr": 0.02684151432295895,
      "acc_norm": 0.25630252100840334,
      "acc_norm_stderr": 0.02835962087053395
    },
    "hendrycksTest-management": {
      "acc": 0.2524271844660194,
      "acc_stderr": 0.04301250399690879,
      "acc_norm": 0.27184466019417475,
      "acc_norm_stderr": 0.044052680241409216
    },
    "piqa": {
      "acc": 0.705114254624592,
      "acc_stderr": 0.010639030620156996,
      "acc_norm": 0.7040261153427638,
      "acc_norm_stderr": 0.010650414317148126
    },