{
  "results": {
    "hendrycksTest-world_religions": {
      "acc": 0.3216374269005848,
      "acc_stderr": 0.03582529442573122,
      "acc_norm": 0.3684210526315789,
      "acc_norm_stderr": 0.036996580176568775
    },
    "hendrycksTest-global_facts": {
      "acc": 0.28,
      "acc_stderr": 0.045126085985421276,
      "acc_norm": 0.29,
      "acc_norm_stderr": 0.045604802157206845
    },
    "hendrycksTest-public_relations": {
      "acc": 0.2727272727272727,
      "acc_stderr": 0.04265792110940588,
      "acc_norm": 0.22727272727272727,
      "acc_norm_stderr": 0.04013964554072774
    },
    "hendrycksTest-astronomy": {
      "acc": 0.13815789473684212,
      "acc_stderr": 0.028081042939576552,
      "acc_norm": 0.2236842105263158,
      "acc_norm_stderr": 0.03391160934343602
    },
    "hendrycksTest-high_school_chemistry": {
      "acc": 0.20689655172413793,
      "acc_stderr": 0.02850137816789395,
      "acc_norm": 0.2512315270935961,
      "acc_norm_stderr": 0.030516530732694436
    },
    "hendrycksTest-moral_scenarios": {
      "acc": 0.2335195530726257,
      "acc_stderr": 0.014149575348976267,
      "acc_norm": 0.23687150837988827,
      "acc_norm_stderr": 0.014219570788103987
    },
    "hendrycksTest-human_aging": {
      "acc": 0.26905829596412556,
      "acc_stderr": 0.029763779406874972,
      "acc_norm": 0.2645739910313901,
      "acc_norm_stderr": 0.029605103217038325
    },
    "hendrycksTest-high_school_european_history": {
      "acc": 0.23636363636363636,
      "acc_stderr": 0.033175059300091805,
      "acc_norm": 0.2727272727272727,
      "acc_norm_stderr": 0.0347769116216366
    },
    "hendrycksTest-high_school_geography": {
      "acc": 0.24242424242424243,
      "acc_stderr": 0.030532892233932032,
      "acc_norm": 0.30303030303030304,
      "acc_norm_stderr": 0.03274287914026869
    },
    "hendrycksTest-elementary_mathematics": {
      "acc": 0.24867724867724866,
      "acc_stderr": 0.02226181769240018,
      "acc_norm": 0.2724867724867725,
      "acc_norm_stderr": 0.02293097307163335
    },
    "lambada_openai": {
      "ppl": 9.862011960372213,
      "ppl_stderr": 0.26440868598336076,
      "acc": 0.5084416844556569,
      "acc_stderr": 0.006964984766924165
    },
    "arc_easy": {
      "acc": 0.5938552188552189,
      "acc_stderr": 0.010077409815364067,
      "acc_norm": 0.5778619528619529,
      "acc_norm_stderr": 0.010134620524592268
    },
    "hendrycksTest-clinical_knowledge": {
      "acc": 0.24150943396226415,
      "acc_stderr": 0.026341480371118352,
      "acc_norm": 0.30566037735849055,
      "acc_norm_stderr": 0.02835329807332267
    },
    "hendrycksTest-us_foreign_policy": {
      "acc": 0.28,
      "acc_stderr": 0.04512608598542128,
      "acc_norm": 0.33,
      "acc_norm_stderr": 0.04725815626252606
    },
    "hendrycksTest-virology": {
      "acc": 0.3072289156626506,
      "acc_stderr": 0.035915667978246635,
      "acc_norm": 0.26506024096385544,
      "acc_norm_stderr": 0.03436024037944967
    },
    "hendrycksTest-high_school_us_history": {
      "acc": 0.24019607843137256,
      "acc_stderr": 0.02998373305591361,
      "acc_norm": 0.27450980392156865,
      "acc_norm_stderr": 0.03132179803083293
    },
    "hendrycksTest-business_ethics": {
      "acc": 0.28,
      "acc_stderr": 0.04512608598542127,
      "acc_norm": 0.26,
      "acc_norm_stderr": 0.04408440022768078
    },
    "hendrycksTest-moral_disputes": {
      "acc": 0.29190751445086704,
      "acc_stderr": 0.02447699407624734,
      "acc_norm": 0.3092485549132948,
      "acc_norm_stderr": 0.024883140570071755
    },
    "hendrycksTest-philosophy": {
      "acc": 0.2282958199356913,
      "acc_stderr": 0.023839303311398205,
      "acc_norm": 0.2829581993569132,
      "acc_norm_stderr": 0.025583062489984824
    },
    "hendrycksTest-miscellaneous": {
      "acc": 0.27458492975734355,
      "acc_stderr": 0.01595982993308404,
      "acc_norm": 0.2554278416347382,
      "acc_norm_stderr": 0.015594955384455773
    },
    "hendrycksTest-college_biology": {
      "acc": 0.2708333333333333,
      "acc_stderr": 0.03716177437566016,
      "acc_norm": 0.20833333333333334,
      "acc_norm_stderr": 0.033961162058453336
    },
    "hendrycksTest-high_school_statistics": {
      "acc": 0.25925925925925924,
      "acc_stderr": 0.02988691054762695,
      "acc_norm": 0.2824074074074074,
      "acc_norm_stderr": 0.030701372111510937
    },
    "hendrycksTest-high_school_mathematics": {
      "acc": 0.26666666666666666,
      "acc_stderr": 0.02696242432507383,
      "acc_norm": 0.28888888888888886,
      "acc_norm_stderr": 0.027634907264178544
    },
    "sciq": {
      "acc": 0.916,
      "acc_stderr": 0.008776162089491122,
      "acc_norm": 0.918,
      "acc_norm_stderr": 0.008680515615523724
    },
    "hendrycksTest-high_school_psychology": {
      "acc": 0.28256880733944956,
      "acc_stderr": 0.019304243497707152,
      "acc_norm": 0.26972477064220185,
      "acc_norm_stderr": 0.01902848671111544
    },
    "hendrycksTest-management": {
      "acc": 0.2912621359223301,
      "acc_stderr": 0.04498676320572924,
      "acc_norm": 0.30097087378640774,
      "acc_norm_stderr": 0.04541609446503948
    },
    "hendrycksTest-college_chemistry": {
      "acc": 0.26,
      "acc_stderr": 0.04408440022768078,
      "acc_norm": 0.28,
      "acc_norm_stderr": 0.04512608598542127
    },
    "hendrycksTest-human_sexuality": {
      "acc": 0.32061068702290074,
      "acc_stderr": 0.040933292298342784,
      "acc_norm": 0.3282442748091603,
      "acc_norm_stderr": 0.041184385658062976
    },
    "wsc": {
      "acc": 0.36538461538461536,
      "acc_stderr": 0.0474473339327792
    },
    "hendrycksTest-formal_logic": {
      "acc": 0.30952380952380953,
      "acc_stderr": 0.04134913018303316,
      "acc_norm": 0.29365079365079366,
      "acc_norm_stderr": 0.040735243221471255
    },
    "hendrycksTest-high_school_physics": {
      "acc": 0.24503311258278146,
      "acc_stderr": 0.03511807571804725,
      "acc_norm": 0.23841059602649006,
      "acc_norm_stderr": 0.034791855725996586
    },
    "hendrycksTest-security_studies": {
      "acc": 0.22040816326530613,
      "acc_stderr": 0.026537045312145287,
      "acc_norm": 0.19183673469387755,
      "acc_norm_stderr": 0.025206963154225395
    },
    "hendrycksTest-high_school_biology": {
      "acc": 0.25806451612903225,
      "acc_stderr": 0.024892469172462833,
      "acc_norm": 0.27741935483870966,
      "acc_norm_stderr": 0.02547019683590005
    },
    "hendrycksTest-econometrics": {
      "acc": 0.2543859649122807,
      "acc_stderr": 0.04096985139843671,
      "acc_norm": 0.23684210526315788,
      "acc_norm_stderr": 0.03999423879281336
    },
    "hendrycksTest-high_school_government_and_politics": {
      "acc": 0.24870466321243523,
      "acc_stderr": 0.031195840877700304,
      "acc_norm": 0.24870466321243523,
      "acc_norm_stderr": 0.0311958408777003
    },
    "piqa": {
      "acc": 0.7083786724700761,
      "acc_stderr": 0.010604441527428787,
      "acc_norm": 0.705658324265506,
      "acc_norm_stderr": 0.01063331147034751
    },
    "hendrycksTest-nutrition": {
      "acc": 0.2908496732026144,
      "acc_stderr": 0.026004800363952113,
      "acc_norm": 0.35294117647058826,
      "acc_norm_stderr": 0.027363593284684937
    },
    "hendrycksTest-prehistory": {
      "acc": 0.2222222222222222,
      "acc_stderr": 0.023132376234543332,
      "acc_norm": 0.22530864197530864,
      "acc_norm_stderr": 0.02324620264781975
    },
    "hendrycksTest-international_law": {
      "acc": 0.2231404958677686,
      "acc_stderr": 0.03800754475228733,
      "acc_norm": 0.34710743801652894,
      "acc_norm_stderr": 0.04345724570292535
    },
    "hendrycksTest-professional_medicine": {
      "acc": 0.22794117647058823,
      "acc_stderr": 0.025483081468029804,
      "acc_norm": 0.22058823529411764,
      "acc_norm_stderr": 0.02518778666022727
    },
    "hendrycksTest-sociology": {
      "acc": 0.2537313432835821,