{
  "results": {
    "hendrycksTest-electrical_engineering": {
      "acc": 0.3310344827586207,
      "acc_stderr": 0.03921545312467122,
      "acc_norm": 0.30344827586206896,
      "acc_norm_stderr": 0.038312260488503336
    },
    "hendrycksTest-jurisprudence": {
      "acc": 0.3148148148148148,
      "acc_stderr": 0.04489931073591312,
      "acc_norm": 0.3611111111111111,
      "acc_norm_stderr": 0.04643454608906275
    },
    "hendrycksTest-prehistory": {
      "acc": 0.25617283950617287,
      "acc_stderr": 0.0242885336377261,
      "acc_norm": 0.22839506172839505,
      "acc_norm_stderr": 0.023358211840626267
    },
    "hendrycksTest-management": {
      "acc": 0.24271844660194175,
      "acc_stderr": 0.04245022486384496,
      "acc_norm": 0.27184466019417475,
      "acc_norm_stderr": 0.044052680241409216
    },
    "hendrycksTest-high_school_computer_science": {
      "acc": 0.23,
      "acc_stderr": 0.042295258468165065,
      "acc_norm": 0.28,
      "acc_norm_stderr": 0.04512608598542128
    },
    "hendrycksTest-nutrition": {
      "acc": 0.2679738562091503,
      "acc_stderr": 0.025360603796242564,
      "acc_norm": 0.30718954248366015,
      "acc_norm_stderr": 0.026415601914388995
    },
    "hendrycksTest-miscellaneous": {
      "acc": 0.2656449553001277,
      "acc_stderr": 0.01579430248788872,
      "acc_norm": 0.27586206896551724,
      "acc_norm_stderr": 0.015982814774695625
    },
    "wsc": {
      "acc": 0.36538461538461536,
      "acc_stderr": 0.0474473339327792
    },
    "hendrycksTest-global_facts": {
      "acc": 0.24,
      "acc_stderr": 0.04292346959909284,
      "acc_norm": 0.28,
      "acc_norm_stderr": 0.04512608598542127
    },
    "hendrycksTest-computer_security": {
      "acc": 0.33,
      "acc_stderr": 0.04725815626252604,
      "acc_norm": 0.3,
      "acc_norm_stderr": 0.046056618647183814
    },
    "hendrycksTest-us_foreign_policy": {
      "acc": 0.32,
      "acc_stderr": 0.046882617226215034,
      "acc_norm": 0.29,
      "acc_norm_stderr": 0.045604802157206845
    },
    "hendrycksTest-college_biology": {
      "acc": 0.2708333333333333,
      "acc_stderr": 0.03716177437566017,
      "acc_norm": 0.2638888888888889,
      "acc_norm_stderr": 0.03685651095897532
    },
    "piqa": {
      "acc": 0.6692056583242655,
      "acc_stderr": 0.010977520584714429,
      "acc_norm": 0.6626768226332971,
      "acc_norm_stderr": 0.011031114785059694
    },
    "hendrycksTest-human_aging": {
      "acc": 0.336322869955157,
      "acc_stderr": 0.031708824268455005,
      "acc_norm": 0.3094170403587444,
      "acc_norm_stderr": 0.031024411740572203
    },
    "hendrycksTest-logical_fallacies": {
      "acc": 0.19631901840490798,
      "acc_stderr": 0.031207970394709218,
      "acc_norm": 0.22085889570552147,
      "acc_norm_stderr": 0.032591773927421776
    },
    "hendrycksTest-high_school_microeconomics": {
      "acc": 0.19747899159663865,
      "acc_stderr": 0.02585916412205146,
      "acc_norm": 0.2815126050420168,
      "acc_norm_stderr": 0.029213549414372163
    },
    "hendrycksTest-public_relations": {
      "acc": 0.23636363636363636,
      "acc_stderr": 0.040693063197213754,
      "acc_norm": 0.20909090909090908,
      "acc_norm_stderr": 0.03895091015724136
    },
    "hendrycksTest-high_school_geography": {
      "acc": 0.1919191919191919,
      "acc_stderr": 0.02805779167298901,
      "acc_norm": 0.20202020202020202,
      "acc_norm_stderr": 0.02860620428922988
    },
    "hendrycksTest-college_medicine": {
      "acc": 0.2254335260115607,
      "acc_stderr": 0.03186209851641144,
      "acc_norm": 0.2543352601156069,
      "acc_norm_stderr": 0.0332055644308557
    },
    "hendrycksTest-sociology": {
      "acc": 0.31840796019900497,
      "acc_stderr": 0.03294118479054095,
      "acc_norm": 0.3283582089552239,
      "acc_norm_stderr": 0.033206858897443244
    },
    "hendrycksTest-econometrics": {
      "acc": 0.3333333333333333,
      "acc_stderr": 0.044346007015849245,
      "acc_norm": 0.3333333333333333,
      "acc_norm_stderr": 0.04434600701584925
    },
    "hendrycksTest-professional_medicine": {
      "acc": 0.20588235294117646,
      "acc_stderr": 0.024562204314142314,
      "acc_norm": 0.19852941176470587,
      "acc_norm_stderr": 0.024231013370541093
    },
    "hendrycksTest-human_sexuality": {
      "acc": 0.33587786259541985,
      "acc_stderr": 0.041423137719966634,
      "acc_norm": 0.3053435114503817,
      "acc_norm_stderr": 0.04039314978724562
    },
    "hendrycksTest-high_school_government_and_politics": {
      "acc": 0.24352331606217617,
      "acc_stderr": 0.03097543638684542,
      "acc_norm": 0.27461139896373055,
      "acc_norm_stderr": 0.032210245080411544
    },
    "hendrycksTest-high_school_physics": {
      "acc": 0.2119205298013245,
      "acc_stderr": 0.033367670865679766,
      "acc_norm": 0.23178807947019867,
      "acc_norm_stderr": 0.034454062719870546
    },
    "hendrycksTest-high_school_psychology": {
      "acc": 0.22385321100917432,
      "acc_stderr": 0.017871217767790222,
      "acc_norm": 0.22201834862385322,
      "acc_norm_stderr": 0.017818849564796624
    },
    "hendrycksTest-marketing": {
      "acc": 0.2948717948717949,
      "acc_stderr": 0.029872577708891155,
      "acc_norm": 0.2905982905982906,
      "acc_norm_stderr": 0.029745048572674043
    },
    "hendrycksTest-anatomy": {
      "acc": 0.18518518518518517,
      "acc_stderr": 0.03355677216313142,
      "acc_norm": 0.21481481481481482,
      "acc_norm_stderr": 0.03547854198560826
    },
    "hendrycksTest-business_ethics": {
      "acc": 0.31,
      "acc_stderr": 0.04648231987117316,
      "acc_norm": 0.32,
      "acc_norm_stderr": 0.04688261722621505
    },
    "hendrycksTest-abstract_algebra": {
      "acc": 0.13,
      "acc_stderr": 0.03379976689896309,
      "acc_norm": 0.22,
      "acc_norm_stderr": 0.041633319989322695
    },
    "hendrycksTest-elementary_mathematics": {
      "acc": 0.21693121693121692,
      "acc_stderr": 0.021227082449445055,
      "acc_norm": 0.21693121693121692,
      "acc_norm_stderr": 0.02122708244944505
    },
    "hendrycksTest-professional_psychology": {
      "acc": 0.27450980392156865,
      "acc_stderr": 0.018054027458815205,
      "acc_norm": 0.27124183006535946,
      "acc_norm_stderr": 0.0179866153040303
    },
    "hendrycksTest-professional_accounting": {
      "acc": 0.2553191489361702,
      "acc_stderr": 0.02601199293090202,
      "acc_norm": 0.25886524822695034,
      "acc_norm_stderr": 0.026129572527180848
    },
    "hendrycksTest-high_school_biology": {
      "acc": 0.2161290322580645,
      "acc_stderr": 0.023415293433568525,
      "acc_norm": 0.25483870967741934,
      "acc_norm_stderr": 0.024790118459332208
    },
    "hendrycksTest-medical_genetics": {
      "acc": 0.27,
      "acc_stderr": 0.044619604333847394,
      "acc_norm": 0.27,
      "acc_norm_stderr": 0.04461960433384741
    },
    "hendrycksTest-high_school_macroeconomics": {
      "acc": 0.2205128205128205,
      "acc_stderr": 0.02102067268082791,
      "acc_norm": 0.24871794871794872,
      "acc_norm_stderr": 0.021916957709213803
    },
    "hendrycksTest-high_school_mathematics": {
      "acc": 0.2518518518518518,
      "acc_stderr": 0.02646611753895991,
      "acc_norm": 0.2777777777777778,
      "acc_norm_stderr": 0.027309140588230172
    },
    "hendrycksTest-high_school_world_history": {
      "acc": 0.26582278481012656,
      "acc_stderr": 0.02875679962965834,
      "acc_norm": 0.27848101265822783,
      "acc_norm_stderr": 0.029178682304842555
    },
    "hendrycksTest-high_school_chemistry": {
      "acc": 0.16748768472906403,
      "acc_stderr": 0.026273086047535397,
      "acc_norm": 0.2019704433497537,
      "acc_norm_stderr": 0.028247350122180267
    },
    "logiqa": {
      "acc": 0.23809523809523808,
      "acc_stderr": 0.016705867034419633,
      "acc_norm": 0.26574500768049153,
      "acc_norm_stderr": 0.017326040808935697
    },