{
  "results": {
    "hendrycksTest-world_religions": {
      "acc": 0.28654970760233917,
      "acc_stderr": 0.034678266857038266,
      "acc_norm": 0.30409356725146197,
      "acc_norm_stderr": 0.03528211258245232
    },
    "hendrycksTest-professional_law": {
      "acc": 0.24445893089960888,
      "acc_stderr": 0.010976425013113899,
      "acc_norm": 0.26727509778357234,
      "acc_norm_stderr": 0.011302607515637518
    },
    "hendrycksTest-formal_logic": {
      "acc": 0.29365079365079366,
      "acc_stderr": 0.040735243221471276,
      "acc_norm": 0.2619047619047619,
      "acc_norm_stderr": 0.039325376803928704
    },
    "hendrycksTest-college_physics": {
      "acc": 0.30392156862745096,
      "acc_stderr": 0.045766654032077615,
      "acc_norm": 0.28431372549019607,
      "acc_norm_stderr": 0.04488482852329017
    },
    "hendrycksTest-logical_fallacies": {
      "acc": 0.19631901840490798,
      "acc_stderr": 0.031207970394709218,
      "acc_norm": 0.2085889570552147,
      "acc_norm_stderr": 0.031921934489347235
    },
    "hendrycksTest-marketing": {
      "acc": 0.2905982905982906,
      "acc_stderr": 0.029745048572674043,
      "acc_norm": 0.2948717948717949,
      "acc_norm_stderr": 0.029872577708891148
    },
    "hendrycksTest-professional_psychology": {
      "acc": 0.2761437908496732,
      "acc_stderr": 0.018087276935663133,
      "acc_norm": 0.2777777777777778,
      "acc_norm_stderr": 0.018120224251484584
    },
    "hendrycksTest-business_ethics": {
      "acc": 0.3,
      "acc_stderr": 0.046056618647183814,
      "acc_norm": 0.28,
      "acc_norm_stderr": 0.04512608598542127
    },
    "hendrycksTest-high_school_us_history": {
      "acc": 0.25980392156862747,
      "acc_stderr": 0.03077855467869326,
      "acc_norm": 0.29411764705882354,
      "acc_norm_stderr": 0.031980016601150706
    },
    "hendrycksTest-professional_accounting": {
      "acc": 0.29432624113475175,
      "acc_stderr": 0.027187127011503793,
      "acc_norm": 0.2730496453900709,
      "acc_norm_stderr": 0.02657786094330786
    },
    "hendrycksTest-college_medicine": {
      "acc": 0.20809248554913296,
      "acc_stderr": 0.030952890217749884,
      "acc_norm": 0.26011560693641617,
      "acc_norm_stderr": 0.033450369167889904
    },
    "hendrycksTest-college_biology": {
      "acc": 0.2777777777777778,
      "acc_stderr": 0.037455547914624555,
      "acc_norm": 0.3055555555555556,
      "acc_norm_stderr": 0.03852084696008534
    },
    "hendrycksTest-high_school_mathematics": {
      "acc": 0.2740740740740741,
      "acc_stderr": 0.027195934804085622,
      "acc_norm": 0.3037037037037037,
      "acc_norm_stderr": 0.028037929969114982
    },
    "hendrycksTest-virology": {
      "acc": 0.3072289156626506,
      "acc_stderr": 0.035915667978246635,
      "acc_norm": 0.3433734939759036,
      "acc_norm_stderr": 0.036965843170106004
    },
    "hendrycksTest-high_school_macroeconomics": {
      "acc": 0.2230769230769231,
      "acc_stderr": 0.02110773012724401,
      "acc_norm": 0.24615384615384617,
      "acc_norm_stderr": 0.02184086699042309
    },
    "hendrycksTest-high_school_statistics": {
      "acc": 0.2361111111111111,
      "acc_stderr": 0.02896370257079103,
      "acc_norm": 0.2824074074074074,
      "acc_norm_stderr": 0.030701372111510923
    },
    "hendrycksTest-international_law": {
      "acc": 0.2231404958677686,
      "acc_stderr": 0.03800754475228733,
      "acc_norm": 0.30578512396694213,
      "acc_norm_stderr": 0.04205953933884124
    },
    "hendrycksTest-prehistory": {
      "acc": 0.21604938271604937,
      "acc_stderr": 0.022899162918445806,
      "acc_norm": 0.2345679012345679,
      "acc_norm_stderr": 0.023576881744005716
    },
    "hendrycksTest-electrical_engineering": {
      "acc": 0.32413793103448274,
      "acc_stderr": 0.039004320691855554,
      "acc_norm": 0.2896551724137931,
      "acc_norm_stderr": 0.037800192304380156
    },
    "hendrycksTest-moral_disputes": {
      "acc": 0.2658959537572254,
      "acc_stderr": 0.02378620325550828,
      "acc_norm": 0.3063583815028902,
      "acc_norm_stderr": 0.024818350129436586
    },
    "hendrycksTest-computer_security": {
      "acc": 0.26,
      "acc_stderr": 0.044084400227680794,
      "acc_norm": 0.33,
      "acc_norm_stderr": 0.047258156262526045
    },
    "lambada_openai": {
      "ppl": 21.48351327248392,
      "ppl_stderr": 0.714491922675798,
      "acc": 0.376285658839511,
      "acc_stderr": 0.006749378304002007
    },
    "hendrycksTest-high_school_physics": {
      "acc": 0.1986754966887417,
      "acc_stderr": 0.03257847384436776,
      "acc_norm": 0.2185430463576159,
      "acc_norm_stderr": 0.03374235550425694
    },
    "arc_challenge": {
      "acc": 0.21245733788395904,
      "acc_stderr": 0.011953482906582949,
      "acc_norm": 0.22696245733788395,
      "acc_norm_stderr": 0.01224049153613287
    },
    "arc_easy": {
      "acc": 0.5075757575757576,
      "acc_stderr": 0.010258605792153321,
      "acc_norm": 0.4764309764309764,
      "acc_norm_stderr": 0.010248378585554031
    },
    "hendrycksTest-jurisprudence": {
      "acc": 0.2037037037037037,
      "acc_stderr": 0.03893542518824846,
      "acc_norm": 0.2777777777777778,
      "acc_norm_stderr": 0.043300437496507437
    },
    "hendrycksTest-high_school_microeconomics": {
      "acc": 0.23109243697478993,
      "acc_stderr": 0.02738140692786897,
      "acc_norm": 0.2857142857142857,
      "acc_norm_stderr": 0.029344572500634353
    },
    "hendrycksTest-abstract_algebra": {
      "acc": 0.22,
      "acc_stderr": 0.04163331998932269,
      "acc_norm": 0.25,
      "acc_norm_stderr": 0.04351941398892446
    },
    "winogrande": {
      "acc": 0.5201262825572218,
      "acc_stderr": 0.014041096664344329
    },
    "hendrycksTest-high_school_world_history": {
      "acc": 0.26582278481012656,
      "acc_stderr": 0.02875679962965834,
      "acc_norm": 0.2911392405063291,
      "acc_norm_stderr": 0.02957160106575337
    },
    "hendrycksTest-human_sexuality": {
      "acc": 0.3282442748091603,
      "acc_stderr": 0.04118438565806298,
      "acc_norm": 0.24427480916030533,
      "acc_norm_stderr": 0.037683359597287434
    },
    "hendrycksTest-miscellaneous": {
      "acc": 0.2554278416347382,
      "acc_stderr": 0.015594955384455772,
      "acc_norm": 0.26947637292464877,
      "acc_norm_stderr": 0.015866243073215058
    },
    "hendrycksTest-college_computer_science": {
      "acc": 0.3,
      "acc_stderr": 0.046056618647183814,
      "acc_norm": 0.28,
      "acc_norm_stderr": 0.04512608598542127
    },
    "piqa": {
      "acc": 0.6485310119695321,
      "acc_stderr": 0.011139207691931193,
      "acc_norm": 0.6517954298150164,
      "acc_norm_stderr": 0.0111152263432444
    },
    "hendrycksTest-management": {
      "acc": 0.23300970873786409,
      "acc_stderr": 0.04185832598928313,
      "acc_norm": 0.2621359223300971,
      "acc_norm_stderr": 0.04354631077260594
    },
    "hendrycksTest-professional_medicine": {
      "acc": 0.21323529411764705,
      "acc_stderr": 0.02488097151229426,
      "acc_norm": 0.20588235294117646,
      "acc_norm_stderr": 0.024562204314142314
    },
    "hendrycksTest-high_school_european_history": {
      "acc": 0.24848484848484848,
      "acc_stderr": 0.033744026441394036,
      "acc_norm": 0.2787878787878788,
      "acc_norm_stderr": 0.035014387062967806
    },
    "hendrycksTest-philosophy": {
      "acc": 0.21543408360128619,
      "acc_stderr": 0.023350225475471425,
      "acc_norm": 0.24115755627009647,
      "acc_norm_stderr": 0.024296594034763426
    },
    "hendrycksTest-nutrition": {
      "acc": 0.238562091503268,
      "acc_stderr": 0.024404394928087873,
      "acc_norm": 0.30718954248366015,
      "acc_norm_stderr": 0.026415601914388992
    },
    "sciq": {
      "acc": 0.839,
      "acc_stderr": 0.011628164696727184,
      "acc_norm": 0.836,
      "acc_norm_stderr": 0.011715000693181331
    },