{
  "results": {
    "hendrycksTest-high_school_biology": {
      "acc": 0.20967741935483872,
      "acc_stderr": 0.02315787934908352,
      "acc_norm": 0.25806451612903225,
      "acc_norm_stderr": 0.024892469172462833
    },
    "arc_easy": {
      "acc": 0.6691919191919192,
      "acc_stderr": 0.009654540125986131,
      "acc_norm": 0.6662457912457912,
      "acc_norm_stderr": 0.009676065683575473
    },
    "hendrycksTest-logical_fallacies": {
      "acc": 0.3128834355828221,
      "acc_stderr": 0.03642914578292406,
      "acc_norm": 0.31901840490797545,
      "acc_norm_stderr": 0.03661997551073836
    },
    "hendrycksTest-machine_learning": {
      "acc": 0.22321428571428573,
      "acc_stderr": 0.039523019677025116,
      "acc_norm": 0.21428571428571427,
      "acc_norm_stderr": 0.03894641120044793
    },
    "hendrycksTest-public_relations": {
      "acc": 0.36363636363636365,
      "acc_stderr": 0.04607582090719976,
      "acc_norm": 0.32727272727272727,
      "acc_norm_stderr": 0.0449429086625209
    },
    "hendrycksTest-college_biology": {
      "acc": 0.3125,
      "acc_stderr": 0.038760854559127644,
      "acc_norm": 0.3055555555555556,
      "acc_norm_stderr": 0.03852084696008534
    },
    "hendrycksTest-electrical_engineering": {
      "acc": 0.3310344827586207,
      "acc_stderr": 0.039215453124671215,
      "acc_norm": 0.30344827586206896,
      "acc_norm_stderr": 0.03831226048850333
    },
    "hendrycksTest-high_school_world_history": {
      "acc": 0.25738396624472576,
      "acc_stderr": 0.02845882099146029,
      "acc_norm": 0.25316455696202533,
      "acc_norm_stderr": 0.028304657943035286
    },
    "hendrycksTest-college_computer_science": {
      "acc": 0.36,
      "acc_stderr": 0.04824181513244218,
      "acc_norm": 0.33,
      "acc_norm_stderr": 0.04725815626252605
    },
    "hendrycksTest-college_physics": {
      "acc": 0.3333333333333333,
      "acc_stderr": 0.04690650298201943,
      "acc_norm": 0.3137254901960784,
      "acc_norm_stderr": 0.04617034827006717
    },
    "hendrycksTest-college_chemistry": {
      "acc": 0.31,
      "acc_stderr": 0.04648231987117316,
      "acc_norm": 0.32,
      "acc_norm_stderr": 0.046882617226215034
    },
    "wsc": {
      "acc": 0.36538461538461536,
      "acc_stderr": 0.0474473339327792
    },
    "hendrycksTest-college_medicine": {
      "acc": 0.3179190751445087,
      "acc_stderr": 0.0355068398916558,
      "acc_norm": 0.34104046242774566,
      "acc_norm_stderr": 0.03614665424180826
    },
    "sciq": {
      "acc": 0.946,
      "acc_stderr": 0.007150883521295437,
      "acc_norm": 0.95,
      "acc_norm_stderr": 0.006895472974897894
    },
    "hendrycksTest-human_sexuality": {
      "acc": 0.40458015267175573,
      "acc_stderr": 0.043046937953806645,
      "acc_norm": 0.3282442748091603,
      "acc_norm_stderr": 0.04118438565806297
    },
    "hendrycksTest-high_school_mathematics": {
      "acc": 0.25925925925925924,
      "acc_stderr": 0.026719240783712166,
      "acc_norm": 0.2814814814814815,
      "acc_norm_stderr": 0.027420019350945284
    },
    "hendrycksTest-computer_security": {
      "acc": 0.35,
      "acc_stderr": 0.047937248544110196,
      "acc_norm": 0.36,
      "acc_norm_stderr": 0.048241815132442176
    },
    "logiqa": {
      "acc": 0.22734254992319508,
      "acc_stderr": 0.01643906767511775,
      "acc_norm": 0.25499231950844853,
      "acc_norm_stderr": 0.01709571410527983
    },
    "hendrycksTest-conceptual_physics": {
      "acc": 0.2723404255319149,
      "acc_stderr": 0.029101290698386705,
      "acc_norm": 0.24680851063829787,
      "acc_norm_stderr": 0.028185441301234095
    },
    "hendrycksTest-professional_accounting": {
      "acc": 0.2872340425531915,
      "acc_stderr": 0.026992199173064356,
      "acc_norm": 0.28368794326241137,
      "acc_norm_stderr": 0.026891709428343957
    },
    "hendrycksTest-econometrics": {
      "acc": 0.22807017543859648,
      "acc_stderr": 0.03947152782669415,
      "acc_norm": 0.24561403508771928,
      "acc_norm_stderr": 0.04049339297748142
    },
    "hendrycksTest-professional_psychology": {
      "acc": 0.25326797385620914,
      "acc_stderr": 0.017593486895366835,
      "acc_norm": 0.272875816993464,
      "acc_norm_stderr": 0.018020474148393577
    },
    "hendrycksTest-abstract_algebra": {
      "acc": 0.18,
      "acc_stderr": 0.038612291966536955,
      "acc_norm": 0.18,
      "acc_norm_stderr": 0.03861229196653697
    },
    "winogrande": {
      "acc": 0.6022099447513812,
      "acc_stderr": 0.013755743513749022
    },
    "hendrycksTest-marketing": {
      "acc": 0.3162393162393162,
      "acc_stderr": 0.03046365674734025,
      "acc_norm": 0.3418803418803419,
      "acc_norm_stderr": 0.031075028526507762
    },
    "hendrycksTest-high_school_microeconomics": {
      "acc": 0.2857142857142857,
      "acc_stderr": 0.029344572500634353,
      "acc_norm": 0.31932773109243695,
      "acc_norm_stderr": 0.030283995525884396
    },
    "hendrycksTest-virology": {
      "acc": 0.2289156626506024,
      "acc_stderr": 0.03270745277352477,
      "acc_norm": 0.29518072289156627,
      "acc_norm_stderr": 0.03550920185689631
    },
    "hendrycksTest-high_school_european_history": {
      "acc": 0.23636363636363636,
      "acc_stderr": 0.033175059300091805,
      "acc_norm": 0.2606060606060606,
      "acc_norm_stderr": 0.03427743175816524
    },
    "hendrycksTest-moral_disputes": {
      "acc": 0.29190751445086704,
      "acc_stderr": 0.024476994076247323,
      "acc_norm": 0.33236994219653176,
      "acc_norm_stderr": 0.02536116874968822
    },
    "hendrycksTest-sociology": {
      "acc": 0.31840796019900497,
      "acc_stderr": 0.03294118479054095,
      "acc_norm": 0.2935323383084577,
      "acc_norm_stderr": 0.03220024104534205
    },
    "hendrycksTest-high_school_statistics": {
      "acc": 0.2824074074074074,
      "acc_stderr": 0.030701372111510937,
      "acc_norm": 0.28703703703703703,
      "acc_norm_stderr": 0.030851992993257013
    },
    "hendrycksTest-international_law": {
      "acc": 0.256198347107438,
      "acc_stderr": 0.03984979653302871,
      "acc_norm": 0.30578512396694213,
      "acc_norm_stderr": 0.04205953933884125
    },
    "hendrycksTest-elementary_mathematics": {
      "acc": 0.2962962962962963,
      "acc_stderr": 0.02351729433596328,
      "acc_norm": 0.2962962962962963,
      "acc_norm_stderr": 0.02351729433596328
    },
    "hendrycksTest-high_school_geography": {
      "acc": 0.29797979797979796,
      "acc_stderr": 0.03258630383836557,
      "acc_norm": 0.3434343434343434,
      "acc_norm_stderr": 0.03383201223244442
    },
    "hendrycksTest-anatomy": {
      "acc": 0.21481481481481482,
      "acc_stderr": 0.035478541985608236,
      "acc_norm": 0.21481481481481482,
      "acc_norm_stderr": 0.03547854198560825
    },
    "hendrycksTest-high_school_physics": {
      "acc": 0.23178807947019867,
      "acc_stderr": 0.034454062719870546,
      "acc_norm": 0.24503311258278146,
      "acc_norm_stderr": 0.03511807571804724
    },
    "hendrycksTest-business_ethics": {
      "acc": 0.27,
      "acc_stderr": 0.04461960433384741,
      "acc_norm": 0.3,
      "acc_norm_stderr": 0.046056618647183814
    },
    "piqa": {
      "acc": 0.7334058759521219,
      "acc_stderr": 0.010316749863541367,
      "acc_norm": 0.7301414581066377,
      "acc_norm_stderr": 0.010356595421852192
    },
    "hendrycksTest-high_school_government_and_politics": {
      "acc": 0.2694300518134715,
      "acc_stderr": 0.032018671228777947,
      "acc_norm": 0.2538860103626943,
      "acc_norm_stderr": 0.03141024780565317
    },
    "hendrycksTest-high_school_psychology": {
      "acc": 0.29357798165137616,
      "acc_stderr": 0.019525151122639667,
      "acc_norm": 0.28256880733944956,
      "acc_norm_stderr": 0.019304243497707152
    },
    "hendrycksTest-jurisprudence": {
      "acc": 0.25,
      "acc_stderr": 0.04186091791394607,
      "acc_norm": 0.3333333333333333,