{
  "results": {
    "hendrycksTest-high_school_mathematics": {
      "acc": 0.22592592592592592,
      "acc_stderr": 0.025497532639609542,
      "acc_norm": 0.25555555555555554,
      "acc_norm_stderr": 0.02659393910184408
    },
    "hendrycksTest-high_school_biology": {
      "acc": 0.23548387096774193,
      "acc_stderr": 0.02413763242933771,
      "acc_norm": 0.25806451612903225,
      "acc_norm_stderr": 0.024892469172462843
    },
    "hendrycksTest-high_school_microeconomics": {
      "acc": 0.23529411764705882,
      "acc_stderr": 0.027553614467863773,
      "acc_norm": 0.25630252100840334,
      "acc_norm_stderr": 0.02835962087053395
    },
    "arc_challenge": {
      "acc": 0.22610921501706485,
      "acc_stderr": 0.012224202097063284,
      "acc_norm": 0.25426621160409557,
      "acc_norm_stderr": 0.01272499994515774
    },
    "hendrycksTest-conceptual_physics": {
      "acc": 0.2170212765957447,
      "acc_stderr": 0.026947483121496214,
      "acc_norm": 0.2297872340425532,
      "acc_norm_stderr": 0.027501752944412417
    },
    "hendrycksTest-high_school_macroeconomics": {
      "acc": 0.24615384615384617,
      "acc_stderr": 0.02184086699042309,
      "acc_norm": 0.26666666666666666,
      "acc_norm_stderr": 0.02242127361292371
    },
    "hendrycksTest-business_ethics": {
      "acc": 0.34,
      "acc_stderr": 0.04760952285695235,
      "acc_norm": 0.33,
      "acc_norm_stderr": 0.04725815626252604
    },
    "hendrycksTest-college_computer_science": {
      "acc": 0.34,
      "acc_stderr": 0.04760952285695235,
      "acc_norm": 0.32,
      "acc_norm_stderr": 0.046882617226215034
    },
    "hendrycksTest-professional_medicine": {
      "acc": 0.16911764705882354,
      "acc_stderr": 0.022770868010113014,
      "acc_norm": 0.19852941176470587,
      "acc_norm_stderr": 0.024231013370541114
    },
    "piqa": {
      "acc": 0.6702937976060935,
      "acc_stderr": 0.010968357083095152,
      "acc_norm": 0.6741022850924918,
      "acc_norm_stderr": 0.010935760218903946
    },
    "hendrycksTest-astronomy": {
      "acc": 0.19078947368421054,
      "acc_stderr": 0.031975658210324984,
      "acc_norm": 0.2236842105263158,
      "acc_norm_stderr": 0.03391160934343602
    },
    "hendrycksTest-electrical_engineering": {
      "acc": 0.23448275862068965,
      "acc_stderr": 0.035306258743465914,
      "acc_norm": 0.27586206896551724,
      "acc_norm_stderr": 0.037245636197746325
    },
    "hendrycksTest-global_facts": {
      "acc": 0.17,
      "acc_stderr": 0.0377525168068637,
      "acc_norm": 0.17,
      "acc_norm_stderr": 0.0377525168068637
    },
    "wsc": {
      "acc": 0.36538461538461536,
      "acc_stderr": 0.0474473339327792
    },
    "hendrycksTest-security_studies": {
      "acc": 0.20816326530612245,
      "acc_stderr": 0.025991117672813296,
      "acc_norm": 0.23265306122448978,
      "acc_norm_stderr": 0.02704925791589618
    },
    "hendrycksTest-management": {
      "acc": 0.24271844660194175,
      "acc_stderr": 0.042450224863844956,
      "acc_norm": 0.27184466019417475,
      "acc_norm_stderr": 0.044052680241409216
    },
    "hendrycksTest-prehistory": {
      "acc": 0.23765432098765432,
      "acc_stderr": 0.023683591837008553,
      "acc_norm": 0.24074074074074073,
      "acc_norm_stderr": 0.02378858355165854
    },
    "hendrycksTest-virology": {
      "acc": 0.29518072289156627,
      "acc_stderr": 0.03550920185689629,
      "acc_norm": 0.28313253012048195,
      "acc_norm_stderr": 0.03507295431370518
    },
    "winogrande": {
      "acc": 0.5201262825572218,
      "acc_stderr": 0.014041096664344327
    },
    "hendrycksTest-college_physics": {
      "acc": 0.22549019607843138,
      "acc_stderr": 0.04158307533083286,
      "acc_norm": 0.2647058823529412,
      "acc_norm_stderr": 0.04389869956808778
    },
    "hendrycksTest-high_school_computer_science": {
      "acc": 0.24,
      "acc_stderr": 0.04292346959909284,
      "acc_norm": 0.3,
      "acc_norm_stderr": 0.046056618647183814
    },
    "hendrycksTest-medical_genetics": {
      "acc": 0.33,
      "acc_stderr": 0.04725815626252605,
      "acc_norm": 0.33,
      "acc_norm_stderr": 0.04725815626252604
    },
    "hendrycksTest-anatomy": {
      "acc": 0.2222222222222222,
      "acc_stderr": 0.035914440841969694,
      "acc_norm": 0.2,
      "acc_norm_stderr": 0.034554737023254366
    },
    "hendrycksTest-moral_scenarios": {
      "acc": 0.26145251396648045,
      "acc_stderr": 0.014696599650364548,
      "acc_norm": 0.2681564245810056,
      "acc_norm_stderr": 0.014816119635317003
    },
    "hendrycksTest-high_school_government_and_politics": {
      "acc": 0.22279792746113988,
      "acc_stderr": 0.03003114797764154,
      "acc_norm": 0.23316062176165803,
      "acc_norm_stderr": 0.03051611137147601
    },
    "hendrycksTest-professional_accounting": {
      "acc": 0.2695035460992908,
      "acc_stderr": 0.026469036818590624,
      "acc_norm": 0.26595744680851063,
      "acc_norm_stderr": 0.026358065698880592
    },
    "hendrycksTest-clinical_knowledge": {
      "acc": 0.21509433962264152,
      "acc_stderr": 0.025288394502891363,
      "acc_norm": 0.2679245283018868,
      "acc_norm_stderr": 0.027257260322494845
    },
    "hendrycksTest-college_biology": {
      "acc": 0.2152777777777778,
      "acc_stderr": 0.03437079344106135,
      "acc_norm": 0.24305555555555555,
      "acc_norm_stderr": 0.03586879280080341
    },
    "hendrycksTest-human_sexuality": {
      "acc": 0.3816793893129771,
      "acc_stderr": 0.0426073515764456,
      "acc_norm": 0.3282442748091603,
      "acc_norm_stderr": 0.04118438565806298
    },
    "hendrycksTest-nutrition": {
      "acc": 0.28104575163398693,
      "acc_stderr": 0.025738854797818723,
      "acc_norm": 0.3202614379084967,
      "acc_norm_stderr": 0.026716118380156837
    },
    "hendrycksTest-philosophy": {
      "acc": 0.2282958199356913,
      "acc_stderr": 0.023839303311398195,
      "acc_norm": 0.24115755627009647,
      "acc_norm_stderr": 0.02429659403476343
    },
    "hendrycksTest-marketing": {
      "acc": 0.2905982905982906,
      "acc_stderr": 0.029745048572674043,
      "acc_norm": 0.2905982905982906,
      "acc_norm_stderr": 0.02974504857267404
    },
    "hendrycksTest-miscellaneous": {
      "acc": 0.26053639846743293,
      "acc_stderr": 0.015696008563807082,
      "acc_norm": 0.26181353767560667,
      "acc_norm_stderr": 0.01572083867844526
    },
    "hendrycksTest-high_school_psychology": {
      "acc": 0.24220183486238533,
      "acc_stderr": 0.01836817630659862,
      "acc_norm": 0.22568807339449543,
      "acc_norm_stderr": 0.017923087667803053
    },
    "hendrycksTest-moral_disputes": {
      "acc": 0.23121387283236994,
      "acc_stderr": 0.022698657167855716,
      "acc_norm": 0.2832369942196532,
      "acc_norm_stderr": 0.024257901705323374
    },
    "hendrycksTest-international_law": {
      "acc": 0.2396694214876033,
      "acc_stderr": 0.03896878985070417,
      "acc_norm": 0.35537190082644626,
      "acc_norm_stderr": 0.0436923632657398
    },
    "hendrycksTest-professional_psychology": {
      "acc": 0.2369281045751634,
      "acc_stderr": 0.017201662169789782,
      "acc_norm": 0.2581699346405229,
      "acc_norm_stderr": 0.017704531653250075
    },
    "hendrycksTest-machine_learning": {
      "acc": 0.24107142857142858,
      "acc_stderr": 0.040598672469526864,
      "acc_norm": 0.22321428571428573,
      "acc_norm_stderr": 0.039523019677025116
    },
    "hendrycksTest-jurisprudence": {
      "acc": 0.25925925925925924,
      "acc_stderr": 0.04236511258094634,
      "acc_norm": 0.28703703703703703,
      "acc_norm_stderr": 0.043733130409147614
    },
    "sciq": {
      "acc": 0.873,
      "acc_stderr": 0.010534798620855754,
      "acc_norm": 0.874,
      "acc_norm_stderr": 0.010499249222408044
    },
    "hendrycksTest-sociology": {
      "acc": 0.30845771144278605,
      "acc_stderr": 0.032658195885126966,
      "acc_norm": 0.2935323383084577,