{
  "results": {
    "hendrycksTest-high_school_microeconomics": {
      "acc": 0.20588235294117646,
      "acc_stderr": 0.026265024608275882,
      "acc_norm": 0.2773109243697479,
      "acc_norm_stderr": 0.029079374539480007
    },
    "hendrycksTest-college_computer_science": {
      "acc": 0.35,
      "acc_stderr": 0.047937248544110196,
      "acc_norm": 0.32,
      "acc_norm_stderr": 0.046882617226215034
    },
    "hendrycksTest-elementary_mathematics": {
      "acc": 0.2222222222222222,
      "acc_stderr": 0.02141168439369418,
      "acc_norm": 0.24867724867724866,
      "acc_norm_stderr": 0.022261817692400158
    },
    "hendrycksTest-machine_learning": {
      "acc": 0.23214285714285715,
      "acc_stderr": 0.04007341809755805,
      "acc_norm": 0.23214285714285715,
      "acc_norm_stderr": 0.04007341809755805
    },
    "hendrycksTest-security_studies": {
      "acc": 0.24489795918367346,
      "acc_stderr": 0.02752963744017492,
      "acc_norm": 0.20408163265306123,
      "acc_norm_stderr": 0.025801283475090506
    },
    "arc_challenge": {
      "acc": 0.22696245733788395,
      "acc_stderr": 0.01224049153613287,
      "acc_norm": 0.2636518771331058,
      "acc_norm_stderr": 0.01287592915129706
    },
    "hendrycksTest-virology": {
      "acc": 0.3072289156626506,
      "acc_stderr": 0.03591566797824663,
      "acc_norm": 0.3132530120481928,
      "acc_norm_stderr": 0.036108050180310235
    },
    "winogrande": {
      "acc": 0.5374901341752171,
      "acc_stderr": 0.014012928183336576
    },
    "hendrycksTest-high_school_european_history": {
      "acc": 0.2787878787878788,
      "acc_stderr": 0.03501438706296781,
      "acc_norm": 0.2909090909090909,
      "acc_norm_stderr": 0.03546563019624336
    },
    "hendrycksTest-human_sexuality": {
      "acc": 0.35877862595419846,
      "acc_stderr": 0.04206739313864908,
      "acc_norm": 0.2900763358778626,
      "acc_norm_stderr": 0.03980066246467765
    },
    "logiqa": {
      "acc": 0.2227342549923195,
      "acc_stderr": 0.016320054046165128,
      "acc_norm": 0.2488479262672811,
      "acc_norm_stderr": 0.016957985904525585
    },
    "hendrycksTest-high_school_government_and_politics": {
      "acc": 0.20725388601036268,
      "acc_stderr": 0.029252823291803613,
      "acc_norm": 0.21243523316062177,
      "acc_norm_stderr": 0.02951928261681725
    },
    "hendrycksTest-high_school_macroeconomics": {
      "acc": 0.25384615384615383,
      "acc_stderr": 0.022066054378726257,
      "acc_norm": 0.258974358974359,
      "acc_norm_stderr": 0.02221110681006167
    },
    "hendrycksTest-high_school_geography": {
      "acc": 0.2222222222222222,
      "acc_stderr": 0.029620227874790465,
      "acc_norm": 0.23737373737373738,
      "acc_norm_stderr": 0.0303137105381989
    },
    "hendrycksTest-nutrition": {
      "acc": 0.2679738562091503,
      "acc_stderr": 0.025360603796242557,
      "acc_norm": 0.3202614379084967,
      "acc_norm_stderr": 0.026716118380156837
    },
    "hendrycksTest-professional_law": {
      "acc": 0.2457627118644068,
      "acc_stderr": 0.01099615663514269,
      "acc_norm": 0.273142112125163,
      "acc_norm_stderr": 0.011380150567830422
    },
    "hendrycksTest-high_school_physics": {
      "acc": 0.24503311258278146,
      "acc_stderr": 0.035118075718047245,
      "acc_norm": 0.26490066225165565,
      "acc_norm_stderr": 0.03603038545360383
    },
    "hendrycksTest-prehistory": {
      "acc": 0.2345679012345679,
      "acc_stderr": 0.023576881744005716,
      "acc_norm": 0.2191358024691358,
      "acc_norm_stderr": 0.02301670564026219
    },
    "hendrycksTest-world_religions": {
      "acc": 0.30994152046783624,
      "acc_stderr": 0.03546976959393163,
      "acc_norm": 0.3508771929824561,
      "acc_norm_stderr": 0.03660298834049163
    },
    "hendrycksTest-high_school_biology": {
      "acc": 0.23870967741935484,
      "acc_stderr": 0.024251071262208834,
      "acc_norm": 0.25161290322580643,
      "acc_norm_stderr": 0.024685979286239956
    },
    "hendrycksTest-marketing": {
      "acc": 0.3034188034188034,
      "acc_stderr": 0.03011821010694266,
      "acc_norm": 0.2863247863247863,
      "acc_norm_stderr": 0.02961432369045665
    },
    "hendrycksTest-college_biology": {
      "acc": 0.20833333333333334,
      "acc_stderr": 0.03396116205845334,
      "acc_norm": 0.22916666666666666,
      "acc_norm_stderr": 0.03514697467862388
    },
    "hendrycksTest-high_school_world_history": {
      "acc": 0.2320675105485232,
      "acc_stderr": 0.027479744550808517,
      "acc_norm": 0.24050632911392406,
      "acc_norm_stderr": 0.02782078198114968
    },
    "hendrycksTest-professional_psychology": {
      "acc": 0.2581699346405229,
      "acc_stderr": 0.017704531653250075,
      "acc_norm": 0.27450980392156865,
      "acc_norm_stderr": 0.018054027458815198
    },
    "hendrycksTest-us_foreign_policy": {
      "acc": 0.28,
      "acc_stderr": 0.045126085985421276,
      "acc_norm": 0.29,
      "acc_norm_stderr": 0.04560480215720683
    },
    "wsc": {
      "acc": 0.36538461538461536,
      "acc_stderr": 0.0474473339327792
    },
    "hendrycksTest-philosophy": {
      "acc": 0.22186495176848875,
      "acc_stderr": 0.023598858292863047,
      "acc_norm": 0.24437299035369775,
      "acc_norm_stderr": 0.024406162094668893
    },
    "hendrycksTest-high_school_us_history": {
      "acc": 0.24509803921568626,
      "acc_stderr": 0.030190282453501954,
      "acc_norm": 0.28921568627450983,
      "acc_norm_stderr": 0.03182231867647554
    },
    "hendrycksTest-high_school_statistics": {
      "acc": 0.25,
      "acc_stderr": 0.029531221160930918,
      "acc_norm": 0.27314814814814814,
      "acc_norm_stderr": 0.030388051301678116
    },
    "hendrycksTest-clinical_knowledge": {
      "acc": 0.2339622641509434,
      "acc_stderr": 0.026055296901152915,
      "acc_norm": 0.27169811320754716,
      "acc_norm_stderr": 0.027377706624670713
    },
    "hendrycksTest-high_school_mathematics": {
      "acc": 0.24074074074074073,
      "acc_stderr": 0.026067159222275794,
      "acc_norm": 0.26296296296296295,
      "acc_norm_stderr": 0.026842057873833713
    },
    "hendrycksTest-medical_genetics": {
      "acc": 0.3,
      "acc_stderr": 0.046056618647183814,
      "acc_norm": 0.32,
      "acc_norm_stderr": 0.04688261722621504
    },
    "lambada_openai": {
      "ppl": 14.080322812137055,
      "ppl_stderr": 0.422334652341615,
      "acc": 0.4525519115078595,
      "acc_stderr": 0.006934541419085973
    },
    "hendrycksTest-college_physics": {
      "acc": 0.27450980392156865,
      "acc_stderr": 0.044405219061793275,
      "acc_norm": 0.3137254901960784,
      "acc_norm_stderr": 0.04617034827006717
    },
    "hendrycksTest-computer_security": {
      "acc": 0.27,
      "acc_stderr": 0.044619604333847394,
      "acc_norm": 0.3,
      "acc_norm_stderr": 0.046056618647183814
    },
    "hendrycksTest-professional_medicine": {
      "acc": 0.23529411764705882,
      "acc_stderr": 0.025767252010855963,
      "acc_norm": 0.20955882352941177,
      "acc_norm_stderr": 0.02472311040767705
    },
    "hendrycksTest-global_facts": {
      "acc": 0.25,
      "acc_stderr": 0.04351941398892446,
      "acc_norm": 0.24,
      "acc_norm_stderr": 0.04292346959909284
    },
    "hendrycksTest-management": {
      "acc": 0.1650485436893204,
      "acc_stderr": 0.036756688322331886,
      "acc_norm": 0.22330097087378642,
      "acc_norm_stderr": 0.04123553189891431
    },
    "hendrycksTest-professional_accounting": {
      "acc": 0.2198581560283688,
      "acc_stderr": 0.024706141070705474,
      "acc_norm": 0.20567375886524822,
      "acc_norm_stderr": 0.02411213895047188
    },
    "piqa": {
      "acc": 0.6702937976060935,
      "acc_stderr": 0.010968357083095152,
      "acc_norm": 0.676278563656148,
      "acc_norm_stderr": 0.010916765010708762
    },
    "hendrycksTest-anatomy": {
      "acc": 0.22962962962962963,
      "acc_stderr": 0.036333844140734664,