{
  "results": {
    "hendrycksTest-security_studies": {
      "acc": 0.3183673469387755,
      "acc_stderr": 0.029822533793982062,
      "acc_norm": 0.2612244897959184,
      "acc_norm_stderr": 0.02812342933514277
    },
    "hendrycksTest-medical_genetics": {
      "acc": 0.19,
      "acc_stderr": 0.03942772444036623,
      "acc_norm": 0.29,
      "acc_norm_stderr": 0.04560480215720684
    },
    "hendrycksTest-astronomy": {
      "acc": 0.21052631578947367,
      "acc_stderr": 0.03317672787533157,
      "acc_norm": 0.3092105263157895,
      "acc_norm_stderr": 0.037610708698674805
    },
    "hendrycksTest-philosophy": {
      "acc": 0.24758842443729903,
      "acc_stderr": 0.024513879973621967,
      "acc_norm": 0.28938906752411575,
      "acc_norm_stderr": 0.02575586592263293
    },
    "hendrycksTest-econometrics": {
      "acc": 0.2982456140350877,
      "acc_stderr": 0.04303684033537315,
      "acc_norm": 0.2719298245614035,
      "acc_norm_stderr": 0.041857744240220554
    },
    "hendrycksTest-moral_scenarios": {
      "acc": 0.24692737430167597,
      "acc_stderr": 0.014422292204808852,
      "acc_norm": 0.25251396648044694,
      "acc_norm_stderr": 0.014530330201468657
    },
    "hendrycksTest-human_aging": {
      "acc": 0.25112107623318386,
      "acc_stderr": 0.02910522083322462,
      "acc_norm": 0.20179372197309417,
      "acc_norm_stderr": 0.026936111912802263
    },
    "piqa": {
      "acc": 0.5892274211099021,
      "acc_stderr": 0.011478565556775774,
      "acc_norm": 0.5892274211099021,
      "acc_norm_stderr": 0.011478565556775776
    },
    "hendrycksTest-college_medicine": {
      "acc": 0.23699421965317918,
      "acc_stderr": 0.03242414757483099,
      "acc_norm": 0.3236994219653179,
      "acc_norm_stderr": 0.0356760379963917
    },
    "hendrycksTest-college_physics": {
      "acc": 0.27450980392156865,
      "acc_stderr": 0.04440521906179327,
      "acc_norm": 0.35294117647058826,
      "acc_norm_stderr": 0.047551296160629475
    },
    "arc_challenge": {
      "acc": 0.1825938566552901,
      "acc_stderr": 0.01128973068456499,
      "acc_norm": 0.21245733788395904,
      "acc_norm_stderr": 0.01195348290658295
    },
    "hendrycksTest-high_school_physics": {
      "acc": 0.2582781456953642,
      "acc_stderr": 0.035737053147634576,
      "acc_norm": 0.2582781456953642,
      "acc_norm_stderr": 0.035737053147634576
    },
    "hendrycksTest-anatomy": {
      "acc": 0.2518518518518518,
      "acc_stderr": 0.03749850709174023,
      "acc_norm": 0.24444444444444444,
      "acc_norm_stderr": 0.03712537833614867
    },
    "hendrycksTest-international_law": {
      "acc": 0.19834710743801653,
      "acc_stderr": 0.03640118271990945,
      "acc_norm": 0.38016528925619836,
      "acc_norm_stderr": 0.04431324501968431
    },
    "hendrycksTest-clinical_knowledge": {
      "acc": 0.2528301886792453,
      "acc_stderr": 0.026749899771241238,
      "acc_norm": 0.33962264150943394,
      "acc_norm_stderr": 0.02914690474779834
    },
    "hendrycksTest-computer_security": {
      "acc": 0.21,
      "acc_stderr": 0.040936018074033256,
      "acc_norm": 0.25,
      "acc_norm_stderr": 0.04351941398892446
    },
    "wsc": {
      "acc": 0.36538461538461536,
      "acc_stderr": 0.0474473339327792
    },
    "sciq": {
      "acc": 0.693,
      "acc_stderr": 0.014593284892852627,
      "acc_norm": 0.639,
      "acc_norm_stderr": 0.015195720118175124
    },
    "hendrycksTest-conceptual_physics": {
      "acc": 0.25957446808510637,
      "acc_stderr": 0.028659179374292323,
      "acc_norm": 0.2425531914893617,
      "acc_norm_stderr": 0.028020226271200217
    },
    "hendrycksTest-formal_logic": {
      "acc": 0.2857142857142857,
      "acc_stderr": 0.04040610178208841,
      "acc_norm": 0.2619047619047619,
      "acc_norm_stderr": 0.03932537680392869
    },
    "hendrycksTest-college_mathematics": {
      "acc": 0.18,
      "acc_stderr": 0.03861229196653694,
      "acc_norm": 0.28,
      "acc_norm_stderr": 0.04512608598542128
    },
    "hendrycksTest-high_school_macroeconomics": {
      "acc": 0.2743589743589744,
      "acc_stderr": 0.022622765767493214,
      "acc_norm": 0.28205128205128205,
      "acc_norm_stderr": 0.022815813098896603
    },
    "hendrycksTest-high_school_biology": {
      "acc": 0.23870967741935484,
      "acc_stderr": 0.024251071262208837,
      "acc_norm": 0.3032258064516129,
      "acc_norm_stderr": 0.026148685930671746
    },
    "hendrycksTest-high_school_statistics": {
      "acc": 0.2638888888888889,
      "acc_stderr": 0.030058202704309846,
      "acc_norm": 0.2638888888888889,
      "acc_norm_stderr": 0.030058202704309846
    },
    "hendrycksTest-machine_learning": {
      "acc": 0.21428571428571427,
      "acc_stderr": 0.03894641120044792,
      "acc_norm": 0.1875,
      "acc_norm_stderr": 0.0370468111477387
    },
    "hendrycksTest-abstract_algebra": {
      "acc": 0.15,
      "acc_stderr": 0.035887028128263686,
      "acc_norm": 0.19,
      "acc_norm_stderr": 0.03942772444036623
    },
    "hendrycksTest-professional_psychology": {
      "acc": 0.24183006535947713,
      "acc_stderr": 0.017322789207784326,
      "acc_norm": 0.2565359477124183,
      "acc_norm_stderr": 0.01766784161237899
    },
    "hendrycksTest-high_school_geography": {
      "acc": 0.2777777777777778,
      "acc_stderr": 0.03191178226713548,
      "acc_norm": 0.35858585858585856,
      "acc_norm_stderr": 0.0341690364039152
    },
    "hendrycksTest-college_computer_science": {
      "acc": 0.26,
      "acc_stderr": 0.04408440022768078,
      "acc_norm": 0.3,
      "acc_norm_stderr": 0.046056618647183814
    },
    "hendrycksTest-high_school_us_history": {
      "acc": 0.2107843137254902,
      "acc_stderr": 0.028626547912437395,
      "acc_norm": 0.24019607843137256,
      "acc_norm_stderr": 0.02998373305591361
    },
    "lambada_openai": {
      "ppl": 198.87965963906356,
      "ppl_stderr": 8.223416336442876,
      "acc": 0.17019212109450804,
      "acc_stderr": 0.005235649623696882
    },
    "hendrycksTest-high_school_psychology": {
      "acc": 0.29174311926605506,
      "acc_stderr": 0.019489300968876532,
      "acc_norm": 0.26972477064220185,
      "acc_norm_stderr": 0.01902848671111544
    },
    "hendrycksTest-high_school_world_history": {
      "acc": 0.2489451476793249,
      "acc_stderr": 0.028146970599422644,
      "acc_norm": 0.29957805907172996,
      "acc_norm_stderr": 0.0298180247497531
    },
    "hendrycksTest-professional_medicine": {
      "acc": 0.3235294117647059,
      "acc_stderr": 0.02841820861940679,
      "acc_norm": 0.31985294117647056,
      "acc_norm_stderr": 0.028332959514031218
    },
    "hendrycksTest-miscellaneous": {
      "acc": 0.23499361430395913,
      "acc_stderr": 0.015162024152278443,
      "acc_norm": 0.2388250319284802,
      "acc_norm_stderr": 0.015246803197398675
    },
    "hendrycksTest-management": {
      "acc": 0.2621359223300971,
      "acc_stderr": 0.04354631077260595,
      "acc_norm": 0.2815533980582524,
      "acc_norm_stderr": 0.04453254836326466
    },
    "logiqa": {
      "acc": 0.2119815668202765,
      "acc_stderr": 0.016030997960619388,
      "acc_norm": 0.25806451612903225,
      "acc_norm_stderr": 0.017162894755127073
    },
    "winogrande": {
      "acc": 0.4909234411996843,
      "acc_stderr": 0.014050170094497697
    },
    "hendrycksTest-marketing": {
      "acc": 0.2094017094017094,
      "acc_stderr": 0.026655699653922733,
      "acc_norm": 0.2264957264957265,
      "acc_norm_stderr": 0.027421007295392902
    },
    "hendrycksTest-logical_fallacies": {
      "acc": 0.2147239263803681,
      "acc_stderr": 0.03226219377286774,
      "acc_norm": 0.26993865030674846,
      "acc_norm_stderr": 0.03487825168497892
    },
    "hendrycksTest-high_school_mathematics": {
      "acc": 0.25555555555555554,
      "acc_stderr": 0.026593939101844075,
      "acc_norm": 0.32592592592592595,
      "acc_norm_stderr": 0.02857834836547308
    },