{
  "results": {
    "hendrycksTest-college_mathematics": {
      "acc": 0.19,
      "acc_stderr": 0.039427724440366234,
      "acc_norm": 0.26,
      "acc_norm_stderr": 0.0440844002276808
    },
    "hendrycksTest-clinical_knowledge": {
      "acc": 0.21509433962264152,
      "acc_stderr": 0.025288394502891363,
      "acc_norm": 0.2943396226415094,
      "acc_norm_stderr": 0.028049186315695248
    },
    "hendrycksTest-human_sexuality": {
      "acc": 0.2748091603053435,
      "acc_stderr": 0.03915345408847835,
      "acc_norm": 0.2900763358778626,
      "acc_norm_stderr": 0.03980066246467766
    },
    "hendrycksTest-college_biology": {
      "acc": 0.24305555555555555,
      "acc_stderr": 0.03586879280080341,
      "acc_norm": 0.22916666666666666,
      "acc_norm_stderr": 0.035146974678623884
    },
    "hendrycksTest-conceptual_physics": {
      "acc": 0.251063829787234,
      "acc_stderr": 0.028346963777162466,
      "acc_norm": 0.24680851063829787,
      "acc_norm_stderr": 0.028185441301234106
    },
    "arc_challenge": {
      "acc": 0.16723549488054607,
      "acc_stderr": 0.01090553272460121,
      "acc_norm": 0.21160409556313994,
      "acc_norm_stderr": 0.01193591635863286
    },
    "hendrycksTest-high_school_physics": {
      "acc": 0.2781456953642384,
      "acc_stderr": 0.03658603262763743,
      "acc_norm": 0.2913907284768212,
      "acc_norm_stderr": 0.03710185726119995
    },
    "hendrycksTest-human_aging": {
      "acc": 0.21524663677130046,
      "acc_stderr": 0.02758406660220827,
      "acc_norm": 0.17040358744394618,
      "acc_norm_stderr": 0.025234593447136168
    },
    "hendrycksTest-security_studies": {
      "acc": 0.3469387755102041,
      "acc_stderr": 0.030472526026726496,
      "acc_norm": 0.27755102040816326,
      "acc_norm_stderr": 0.028666857790274645
    },
    "hendrycksTest-high_school_microeconomics": {
      "acc": 0.22268907563025211,
      "acc_stderr": 0.027025433498882374,
      "acc_norm": 0.2857142857142857,
      "acc_norm_stderr": 0.029344572500634342
    },
    "hendrycksTest-anatomy": {
      "acc": 0.22962962962962963,
      "acc_stderr": 0.03633384414073462,
      "acc_norm": 0.22962962962962963,
      "acc_norm_stderr": 0.03633384414073461
    },
    "hendrycksTest-medical_genetics": {
      "acc": 0.25,
      "acc_stderr": 0.04351941398892446,
      "acc_norm": 0.31,
      "acc_norm_stderr": 0.04648231987117316
    },
    "hendrycksTest-abstract_algebra": {
      "acc": 0.22,
      "acc_stderr": 0.041633319989322695,
      "acc_norm": 0.26,
      "acc_norm_stderr": 0.0440844002276808
    },
    "piqa": {
      "acc": 0.5875952121871599,
      "acc_stderr": 0.011485407152743144,
      "acc_norm": 0.5914036996735582,
      "acc_norm_stderr": 0.01146924038724515
    },
    "hendrycksTest-jurisprudence": {
      "acc": 0.19444444444444445,
      "acc_stderr": 0.038260763248848646,
      "acc_norm": 0.3425925925925926,
      "acc_norm_stderr": 0.045879047413018105
    },
    "hendrycksTest-us_foreign_policy": {
      "acc": 0.24,
      "acc_stderr": 0.04292346959909283,
      "acc_norm": 0.24,
      "acc_norm_stderr": 0.04292346959909284
    },
    "arc_easy": {
      "acc": 0.37626262626262624,
      "acc_stderr": 0.009940646221513772,
      "acc_norm": 0.35984848484848486,
      "acc_norm_stderr": 0.00984848484848485
    },
    "hendrycksTest-high_school_computer_science": {
      "acc": 0.2,
      "acc_stderr": 0.040201512610368445,
      "acc_norm": 0.22,
      "acc_norm_stderr": 0.041633319989322695
    },
    "hendrycksTest-high_school_mathematics": {
      "acc": 0.2518518518518518,
      "acc_stderr": 0.02646611753895991,
      "acc_norm": 0.31851851851851853,
      "acc_norm_stderr": 0.02840653309060846
    },
    "sciq": {
      "acc": 0.677,
      "acc_stderr": 0.01479492784334864,
      "acc_norm": 0.636,
      "acc_norm_stderr": 0.015222868840522024
    },
    "hendrycksTest-high_school_world_history": {
      "acc": 0.23628691983122363,
      "acc_stderr": 0.027652153144159274,
      "acc_norm": 0.28270042194092826,
      "acc_norm_stderr": 0.02931281415395592
    },
    "hendrycksTest-logical_fallacies": {
      "acc": 0.2822085889570552,
      "acc_stderr": 0.03536117886664742,
      "acc_norm": 0.2883435582822086,
      "acc_norm_stderr": 0.035590395316173425
    },
    "hendrycksTest-professional_medicine": {
      "acc": 0.33088235294117646,
      "acc_stderr": 0.02858270975389844,
      "acc_norm": 0.3125,
      "acc_norm_stderr": 0.02815637344037142
    },
    "hendrycksTest-global_facts": {
      "acc": 0.24,
      "acc_stderr": 0.042923469599092816,
      "acc_norm": 0.21,
      "acc_norm_stderr": 0.040936018074033256
    },
    "hendrycksTest-high_school_statistics": {
      "acc": 0.2777777777777778,
      "acc_stderr": 0.03054674526495318,
      "acc_norm": 0.3055555555555556,
      "acc_norm_stderr": 0.031415546294025445
    },
    "hendrycksTest-marketing": {
      "acc": 0.2094017094017094,
      "acc_stderr": 0.026655699653922737,
      "acc_norm": 0.23076923076923078,
      "acc_norm_stderr": 0.027601921381417604
    },
    "hendrycksTest-astronomy": {
      "acc": 0.25,
      "acc_stderr": 0.03523807393012047,
      "acc_norm": 0.3881578947368421,
      "acc_norm_stderr": 0.03965842097512744
    },
    "hendrycksTest-miscellaneous": {
      "acc": 0.2260536398467433,
      "acc_stderr": 0.014957458504335835,
      "acc_norm": 0.23371647509578544,
      "acc_norm_stderr": 0.015133383278988837
    },
    "wsc": {
      "acc": 0.36538461538461536,
      "acc_stderr": 0.0474473339327792
    },
    "hendrycksTest-high_school_chemistry": {
      "acc": 0.21674876847290642,
      "acc_stderr": 0.02899033125251624,
      "acc_norm": 0.2857142857142857,
      "acc_norm_stderr": 0.03178529710642752
    },
    "hendrycksTest-electrical_engineering": {
      "acc": 0.2896551724137931,
      "acc_stderr": 0.03780019230438014,
      "acc_norm": 0.3103448275862069,
      "acc_norm_stderr": 0.03855289616378948
    },
    "winogrande": {
      "acc": 0.5153906866614049,
      "acc_stderr": 0.014045826789783665
    },
    "hendrycksTest-management": {
      "acc": 0.27184466019417475,
      "acc_stderr": 0.044052680241409216,
      "acc_norm": 0.33980582524271846,
      "acc_norm_stderr": 0.04689765937278135
    },
    "hendrycksTest-world_religions": {
      "acc": 0.24561403508771928,
      "acc_stderr": 0.03301405946987249,
      "acc_norm": 0.23976608187134502,
      "acc_norm_stderr": 0.03274485211946956
    },
    "lambada_openai": {
      "ppl": 177.98902361523986,
      "ppl_stderr": 7.131049041040376,
      "acc": 0.172132738210751,
      "acc_stderr": 0.005259254241062415
    },
    "hendrycksTest-high_school_european_history": {
      "acc": 0.2909090909090909,
      "acc_stderr": 0.03546563019624336,
      "acc_norm": 0.30303030303030304,
      "acc_norm_stderr": 0.03588624800091708
    },
    "hendrycksTest-moral_scenarios": {
      "acc": 0.2324022346368715,
      "acc_stderr": 0.014125968754673392,
      "acc_norm": 0.23910614525139665,
      "acc_norm_stderr": 0.01426555419233114
    },
    "logiqa": {
      "acc": 0.2411674347158218,
      "acc_stderr": 0.016779369344911064,
      "acc_norm": 0.27342549923195086,
      "acc_norm_stderr": 0.01748247454768128
    },
    "hendrycksTest-high_school_geography": {
      "acc": 0.2777777777777778,
      "acc_stderr": 0.031911782267135466,
      "acc_norm": 0.3383838383838384,
      "acc_norm_stderr": 0.033711241426263035
    },
    "hendrycksTest-formal_logic": {
      "acc": 0.3253968253968254,
      "acc_stderr": 0.041905964388711366,
      "acc_norm": 0.3333333333333333,
      "acc_norm_stderr": 0.04216370213557835
    },
    "hendrycksTest-philosophy": {
      "acc": 0.2540192926045016,
      "acc_stderr": 0.024723861504771686,
      "acc_norm": 0.31189710610932475,
      "acc_norm_stderr": 0.02631185807185416
    },
    "hendrycksTest-high_school_biology": {
      "acc": 0.2709677419354839,