{
  "results": {
    "logiqa": {
      "acc": 0.24270353302611367,
      "acc_stderr": 0.016815676206479533,
      "acc_norm": 0.28110599078341014,
      "acc_norm_stderr": 0.017632374626460005
    },
    "hendrycksTest-college_mathematics": {
      "acc": 0.24,
      "acc_stderr": 0.04292346959909282,
      "acc_norm": 0.36,
      "acc_norm_stderr": 0.04824181513244218
    },
    "hendrycksTest-high_school_mathematics": {
      "acc": 0.24814814814814815,
      "acc_stderr": 0.026335739404055803,
      "acc_norm": 0.26666666666666666,
      "acc_norm_stderr": 0.02696242432507382
    },
    "hendrycksTest-security_studies": {
      "acc": 0.27755102040816326,
      "acc_stderr": 0.028666857790274655,
      "acc_norm": 0.22857142857142856,
      "acc_norm_stderr": 0.026882144922307744
    },
    "hendrycksTest-public_relations": {
      "acc": 0.23636363636363636,
      "acc_stderr": 0.04069306319721376,
      "acc_norm": 0.22727272727272727,
      "acc_norm_stderr": 0.04013964554072775
    },
    "hendrycksTest-sociology": {
      "acc": 0.36318407960199006,
      "acc_stderr": 0.03400598505599015,
      "acc_norm": 0.3482587064676617,
      "acc_norm_stderr": 0.03368787466115461
    },
    "hendrycksTest-high_school_world_history": {
      "acc": 0.21940928270042195,
      "acc_stderr": 0.026939106581553945,
      "acc_norm": 0.25316455696202533,
      "acc_norm_stderr": 0.028304657943035293
    },
    "hendrycksTest-anatomy": {
      "acc": 0.1925925925925926,
      "acc_stderr": 0.03406542058502652,
      "acc_norm": 0.17777777777777778,
      "acc_norm_stderr": 0.0330278985990172
    },
    "hendrycksTest-virology": {
      "acc": 0.22289156626506024,
      "acc_stderr": 0.032400048255946876,
      "acc_norm": 0.2710843373493976,
      "acc_norm_stderr": 0.034605799075530276
    },
    "hendrycksTest-computer_security": {
      "acc": 0.25,
      "acc_stderr": 0.04351941398892446,
      "acc_norm": 0.3,
      "acc_norm_stderr": 0.046056618647183814
    },
    "hendrycksTest-high_school_geography": {
      "acc": 0.24242424242424243,
      "acc_stderr": 0.030532892233932036,
      "acc_norm": 0.25252525252525254,
      "acc_norm_stderr": 0.030954055470365914
    },
    "hendrycksTest-management": {
      "acc": 0.33980582524271846,
      "acc_stderr": 0.046897659372781356,
      "acc_norm": 0.3300970873786408,
      "acc_norm_stderr": 0.04656147110012349
    },
    "hendrycksTest-professional_law": {
      "acc": 0.24511082138200782,
      "acc_stderr": 0.010986307870045517,
      "acc_norm": 0.28292046936114734,
      "acc_norm_stderr": 0.011503891323188976
    },
    "hendrycksTest-jurisprudence": {
      "acc": 0.21296296296296297,
      "acc_stderr": 0.03957835471980982,
      "acc_norm": 0.25,
      "acc_norm_stderr": 0.04186091791394607
    },
    "hendrycksTest-miscellaneous": {
      "acc": 0.24776500638569604,
      "acc_stderr": 0.015438083080568961,
      "acc_norm": 0.2554278416347382,
      "acc_norm_stderr": 0.015594955384455772
    },
    "hendrycksTest-high_school_government_and_politics": {
      "acc": 0.29015544041450775,
      "acc_stderr": 0.03275264467791515,
      "acc_norm": 0.27979274611398963,
      "acc_norm_stderr": 0.032396370467357015
    },
    "hendrycksTest-high_school_us_history": {
      "acc": 0.25980392156862747,
      "acc_stderr": 0.030778554678693257,
      "acc_norm": 0.27941176470588236,
      "acc_norm_stderr": 0.031493281045079556
    },
    "piqa": {
      "acc": 0.6207834602829162,
      "acc_stderr": 0.011320331012905069,
      "acc_norm": 0.6147986942328618,
      "acc_norm_stderr": 0.011354179751257076
    },
    "hendrycksTest-nutrition": {
      "acc": 0.2581699346405229,
      "acc_stderr": 0.02505850331695816,
      "acc_norm": 0.3104575163398693,
      "acc_norm_stderr": 0.026493033225145894
    },
    "hendrycksTest-abstract_algebra": {
      "acc": 0.28,
      "acc_stderr": 0.04512608598542128,
      "acc_norm": 0.32,
      "acc_norm_stderr": 0.046882617226215034
    },
    "hendrycksTest-college_biology": {
      "acc": 0.25,
      "acc_stderr": 0.03621034121889507,
      "acc_norm": 0.25,
      "acc_norm_stderr": 0.03621034121889507
    },
    "hendrycksTest-econometrics": {
      "acc": 0.2631578947368421,
      "acc_stderr": 0.0414243971948936,
      "acc_norm": 0.24561403508771928,
      "acc_norm_stderr": 0.04049339297748141
    },
    "hendrycksTest-global_facts": {
      "acc": 0.29,
      "acc_stderr": 0.04560480215720684,
      "acc_norm": 0.28,
      "acc_norm_stderr": 0.04512608598542127
    },
    "hendrycksTest-international_law": {
      "acc": 0.17355371900826447,
      "acc_stderr": 0.0345727283691767,
      "acc_norm": 0.34710743801652894,
      "acc_norm_stderr": 0.04345724570292534
    },
    "hendrycksTest-high_school_biology": {
      "acc": 0.2645161290322581,
      "acc_stderr": 0.025091892378859275,
      "acc_norm": 0.2903225806451613,
      "acc_norm_stderr": 0.025822106119415898
    },
    "hendrycksTest-human_aging": {
      "acc": 0.2914798206278027,
      "acc_stderr": 0.030500283176545902,
      "acc_norm": 0.3094170403587444,
      "acc_norm_stderr": 0.03102441174057221
    },
    "hendrycksTest-world_religions": {
      "acc": 0.27485380116959063,
      "acc_stderr": 0.034240429246915824,
      "acc_norm": 0.28654970760233917,
      "acc_norm_stderr": 0.034678266857038266
    },
    "hendrycksTest-human_sexuality": {
      "acc": 0.3511450381679389,
      "acc_stderr": 0.04186445163013751,
      "acc_norm": 0.3053435114503817,
      "acc_norm_stderr": 0.04039314978724562
    },
    "hendrycksTest-professional_accounting": {
      "acc": 0.2801418439716312,
      "acc_stderr": 0.026789172351140245,
      "acc_norm": 0.2695035460992908,
      "acc_norm_stderr": 0.02646903681859063
    },
    "hendrycksTest-professional_psychology": {
      "acc": 0.27124183006535946,
      "acc_stderr": 0.01798661530403031,
      "acc_norm": 0.28104575163398693,
      "acc_norm_stderr": 0.018185218954318082
    },
    "hendrycksTest-high_school_chemistry": {
      "acc": 0.18719211822660098,
      "acc_stderr": 0.027444924966882618,
      "acc_norm": 0.2512315270935961,
      "acc_norm_stderr": 0.030516530732694436
    },
    "hendrycksTest-moral_scenarios": {
      "acc": 0.23575418994413408,
      "acc_stderr": 0.014196375686290804,
      "acc_norm": 0.23575418994413408,
      "acc_norm_stderr": 0.014196375686290804
    },
    "hendrycksTest-moral_disputes": {
      "acc": 0.23121387283236994,
      "acc_stderr": 0.022698657167855713,
      "acc_norm": 0.25722543352601157,
      "acc_norm_stderr": 0.023532925431044287
    },
    "hendrycksTest-us_foreign_policy": {
      "acc": 0.24,
      "acc_stderr": 0.04292346959909283,
      "acc_norm": 0.25,
      "acc_norm_stderr": 0.04351941398892446
    },
    "hendrycksTest-electrical_engineering": {
      "acc": 0.2689655172413793,
      "acc_stderr": 0.036951833116502325,
      "acc_norm": 0.25517241379310346,
      "acc_norm_stderr": 0.03632984052707842
    },
    "hendrycksTest-college_physics": {
      "acc": 0.20588235294117646,
      "acc_stderr": 0.04023382273617746,
      "acc_norm": 0.27450980392156865,
      "acc_norm_stderr": 0.044405219061793254
    },
    "winogrande": {
      "acc": 0.5067087608524072,
      "acc_stderr": 0.014051220692330349
    },
    "wsc": {
      "acc": 0.36538461538461536,
      "acc_stderr": 0.0474473339327792
    },
    "hendrycksTest-high_school_microeconomics": {
      "acc": 0.23109243697478993,
      "acc_stderr": 0.02738140692786897,
      "acc_norm": 0.3025210084033613,
      "acc_norm_stderr": 0.029837962388291915
    },
    "hendrycksTest-college_chemistry": {
      "acc": 0.32,
      "acc_stderr": 0.04688261722621504,
      "acc_norm": 0.32,
      "acc_norm_stderr": 0.04688261722621504
    },
    "lambada_openai": {
      "ppl": 54.48276943893026,
      "ppl_stderr": 2.053320720924025,
      "acc": 0.27304482825538523,
      "acc_stderr": 0.006207016010291536
    },