{
  "results": {
    "hendrycksTest-high_school_microeconomics": {
      "acc": 0.21008403361344538,
      "acc_stderr": 0.026461398717471874,
      "acc_norm": 0.27310924369747897,
      "acc_norm_stderr": 0.028942004040998164
    },
    "hendrycksTest-global_facts": {
      "acc": 0.22,
      "acc_stderr": 0.04163331998932269,
      "acc_norm": 0.24,
      "acc_norm_stderr": 0.042923469599092816
    },
    "hendrycksTest-professional_accounting": {
      "acc": 0.30851063829787234,
      "acc_stderr": 0.027553366165101355,
      "acc_norm": 0.3120567375886525,
      "acc_norm_stderr": 0.027640120545169917
    },
    "hendrycksTest-international_law": {
      "acc": 0.19834710743801653,
      "acc_stderr": 0.036401182719909456,
      "acc_norm": 0.36363636363636365,
      "acc_norm_stderr": 0.043913262867240704
    },
    "hendrycksTest-moral_disputes": {
      "acc": 0.22832369942196531,
      "acc_stderr": 0.022598703804321614,
      "acc_norm": 0.2745664739884393,
      "acc_norm_stderr": 0.024027745155265016
    },
    "hendrycksTest-moral_scenarios": {
      "acc": 0.2346368715083799,
      "acc_stderr": 0.014173044098303663,
      "acc_norm": 0.22681564245810057,
      "acc_norm_stderr": 0.014005843570897883
    },
    "hendrycksTest-sociology": {
      "acc": 0.34328358208955223,
      "acc_stderr": 0.03357379665433431,
      "acc_norm": 0.34328358208955223,
      "acc_norm_stderr": 0.03357379665433431
    },
    "hendrycksTest-high_school_chemistry": {
      "acc": 0.18226600985221675,
      "acc_stderr": 0.02716334085964515,
      "acc_norm": 0.21182266009852216,
      "acc_norm_stderr": 0.02874898368994106
    },
    "hendrycksTest-world_religions": {
      "acc": 0.27485380116959063,
      "acc_stderr": 0.03424042924691583,
      "acc_norm": 0.2807017543859649,
      "acc_norm_stderr": 0.034462962170884265
    },
    "hendrycksTest-anatomy": {
      "acc": 0.2,
      "acc_stderr": 0.03455473702325436,
      "acc_norm": 0.2222222222222222,
      "acc_norm_stderr": 0.0359144408419697
    },
    "hendrycksTest-high_school_macroeconomics": {
      "acc": 0.2282051282051282,
      "acc_stderr": 0.021278393863586275,
      "acc_norm": 0.2282051282051282,
      "acc_norm_stderr": 0.02127839386358628
    },
    "hendrycksTest-econometrics": {
      "acc": 0.24561403508771928,
      "acc_stderr": 0.04049339297748141,
      "acc_norm": 0.23684210526315788,
      "acc_norm_stderr": 0.039994238792813365
    },
    "hendrycksTest-management": {
      "acc": 0.2912621359223301,
      "acc_stderr": 0.04498676320572924,
      "acc_norm": 0.32038834951456313,
      "acc_norm_stderr": 0.046202840822800406
    },
    "hendrycksTest-professional_law": {
      "acc": 0.23402868318122555,
      "acc_stderr": 0.010813585552659686,
      "acc_norm": 0.25358539765319427,
      "acc_norm_stderr": 0.011111715336101146
    },
    "hendrycksTest-high_school_statistics": {
      "acc": 0.2638888888888889,
      "acc_stderr": 0.030058202704309846,
      "acc_norm": 0.2777777777777778,
      "acc_norm_stderr": 0.030546745264953195
    },
    "hendrycksTest-high_school_geography": {
      "acc": 0.22727272727272727,
      "acc_stderr": 0.029857515673386407,
      "acc_norm": 0.2727272727272727,
      "acc_norm_stderr": 0.03173071239071724
    },
    "hendrycksTest-high_school_computer_science": {
      "acc": 0.23,
      "acc_stderr": 0.04229525846816505,
      "acc_norm": 0.24,
      "acc_norm_stderr": 0.04292346959909284
    },
    "hendrycksTest-professional_medicine": {
      "acc": 0.25735294117647056,
      "acc_stderr": 0.026556519470041517,
      "acc_norm": 0.2647058823529412,
      "acc_norm_stderr": 0.026799562024887688
    },
    "hendrycksTest-business_ethics": {
      "acc": 0.3,
      "acc_stderr": 0.046056618647183814,
      "acc_norm": 0.26,
      "acc_norm_stderr": 0.04408440022768079
    },
    "hendrycksTest-electrical_engineering": {
      "acc": 0.2206896551724138,
      "acc_stderr": 0.034559302019248124,
      "acc_norm": 0.2413793103448276,
      "acc_norm_stderr": 0.03565998174135302
    },
    "hendrycksTest-college_biology": {
      "acc": 0.2638888888888889,
      "acc_stderr": 0.03685651095897532,
      "acc_norm": 0.2222222222222222,
      "acc_norm_stderr": 0.03476590104304135
    },
    "hendrycksTest-high_school_government_and_politics": {
      "acc": 0.25906735751295334,
      "acc_stderr": 0.03161877917935409,
      "acc_norm": 0.2849740932642487,
      "acc_norm_stderr": 0.0325771407770966
    },
    "hendrycksTest-high_school_world_history": {
      "acc": 0.21518987341772153,
      "acc_stderr": 0.026750826994676173,
      "acc_norm": 0.26582278481012656,
      "acc_norm_stderr": 0.02875679962965834
    },
    "hendrycksTest-security_studies": {
      "acc": 0.27346938775510204,
      "acc_stderr": 0.028535560337128448,
      "acc_norm": 0.22040816326530613,
      "acc_norm_stderr": 0.026537045312145287
    },
    "hendrycksTest-college_computer_science": {
      "acc": 0.28,
      "acc_stderr": 0.04512608598542127,
      "acc_norm": 0.3,
      "acc_norm_stderr": 0.046056618647183814
    },
    "hendrycksTest-college_physics": {
      "acc": 0.18627450980392157,
      "acc_stderr": 0.038739587141493524,
      "acc_norm": 0.19607843137254902,
      "acc_norm_stderr": 0.03950581861179962
    },
    "hendrycksTest-nutrition": {
      "acc": 0.2679738562091503,
      "acc_stderr": 0.025360603796242557,
      "acc_norm": 0.32679738562091504,
      "acc_norm_stderr": 0.026857294663281416
    },
    "lambada_openai": {
      "ppl": 51.78515427082731,
      "ppl_stderr": 1.895078091874544,
      "acc": 0.2712982728507665,
      "acc_stderr": 0.006194560326572713
    },
    "hendrycksTest-high_school_european_history": {
      "acc": 0.23636363636363636,
      "acc_stderr": 0.033175059300091805,
      "acc_norm": 0.296969696969697,
      "acc_norm_stderr": 0.035679697722680474
    },
    "hendrycksTest-human_aging": {
      "acc": 0.32286995515695066,
      "acc_stderr": 0.031381476375754995,
      "acc_norm": 0.26905829596412556,
      "acc_norm_stderr": 0.02976377940687497
    },
    "sciq": {
      "acc": 0.809,
      "acc_stderr": 0.012436787112179487,
      "acc_norm": 0.788,
      "acc_norm_stderr": 0.012931481864938036
    },
    "hendrycksTest-professional_psychology": {
      "acc": 0.26143790849673204,
      "acc_stderr": 0.017776947157528037,
      "acc_norm": 0.2581699346405229,
      "acc_norm_stderr": 0.017704531653250075
    },
    "hendrycksTest-us_foreign_policy": {
      "acc": 0.2,
      "acc_stderr": 0.04020151261036845,
      "acc_norm": 0.27,
      "acc_norm_stderr": 0.0446196043338474
    },
    "wsc": {
      "acc": 0.36538461538461536,
      "acc_stderr": 0.0474473339327792
    },
    "hendrycksTest-astronomy": {
      "acc": 0.21052631578947367,
      "acc_stderr": 0.03317672787533157,
      "acc_norm": 0.25,
      "acc_norm_stderr": 0.03523807393012047
    },
    "hendrycksTest-human_sexuality": {
      "acc": 0.366412213740458,
      "acc_stderr": 0.04225875451969638,
      "acc_norm": 0.3511450381679389,
      "acc_norm_stderr": 0.0418644516301375
    },
    "hendrycksTest-abstract_algebra": {
      "acc": 0.2,
      "acc_stderr": 0.040201512610368445,
      "acc_norm": 0.26,
      "acc_norm_stderr": 0.0440844002276808
    },
    "hendrycksTest-prehistory": {
      "acc": 0.25925925925925924,
      "acc_stderr": 0.024383665531035457,
      "acc_norm": 0.2345679012345679,
      "acc_norm_stderr": 0.023576881744005716
    },
    "hendrycksTest-elementary_mathematics": {
      "acc": 0.24603174603174602,
      "acc_stderr": 0.022182037202948368,
      "acc_norm": 0.25132275132275134,
      "acc_norm_stderr": 0.022340482339643895
    },
    "winogrande": {
      "acc": 0.5232833464877664,
      "acc_stderr": 0.01403724130957364
    },
    "hendrycksTest-virology": {
      "acc": 0.25903614457831325,
      "acc_stderr": 0.03410646614071856,
      "acc_norm": 0.3192771084337349,