{
  "results": {
    "hendrycksTest-high_school_statistics": {
      "acc": 0.22685185185185186,
      "acc_stderr": 0.028561650102422273,
      "acc_norm": 0.25925925925925924,
      "acc_norm_stderr": 0.02988691054762697
    },
    "hendrycksTest-college_mathematics": {
      "acc": 0.23,
      "acc_stderr": 0.04229525846816506,
      "acc_norm": 0.27,
      "acc_norm_stderr": 0.044619604333847394
    },
    "hendrycksTest-marketing": {
      "acc": 0.2564102564102564,
      "acc_stderr": 0.02860595370200425,
      "acc_norm": 0.2564102564102564,
      "acc_norm_stderr": 0.028605953702004257
    },
    "hendrycksTest-abstract_algebra": {
      "acc": 0.14,
      "acc_stderr": 0.03487350880197769,
      "acc_norm": 0.19,
      "acc_norm_stderr": 0.03942772444036623
    },
    "arc_easy": {
      "acc": 0.46464646464646464,
      "acc_stderr": 0.010234104543411428,
      "acc_norm": 0.4305555555555556,
      "acc_norm_stderr": 0.010160345396860075
    },
    "hendrycksTest-high_school_us_history": {
      "acc": 0.25,
      "acc_stderr": 0.03039153369274154,
      "acc_norm": 0.28921568627450983,
      "acc_norm_stderr": 0.031822318676475544
    },
    "hendrycksTest-high_school_government_and_politics": {
      "acc": 0.32124352331606215,
      "acc_stderr": 0.033699508685490674,
      "acc_norm": 0.32642487046632124,
      "acc_norm_stderr": 0.033840286211432945
    },
    "hendrycksTest-college_chemistry": {
      "acc": 0.26,
      "acc_stderr": 0.04408440022768078,
      "acc_norm": 0.25,
      "acc_norm_stderr": 0.04351941398892446
    },
    "hendrycksTest-professional_medicine": {
      "acc": 0.22426470588235295,
      "acc_stderr": 0.025336848563332365,
      "acc_norm": 0.23529411764705882,
      "acc_norm_stderr": 0.02576725201085597
    },
    "hendrycksTest-sociology": {
      "acc": 0.3034825870646766,
      "acc_stderr": 0.03251006816458619,
      "acc_norm": 0.29850746268656714,
      "acc_norm_stderr": 0.032357437893550424
    },
    "hendrycksTest-anatomy": {
      "acc": 0.2,
      "acc_stderr": 0.03455473702325436,
      "acc_norm": 0.2074074074074074,
      "acc_norm_stderr": 0.035025531706783165
    },
    "winogrande": {
      "acc": 0.5201262825572218,
      "acc_stderr": 0.01404109666434433
    },
    "hendrycksTest-miscellaneous": {
      "acc": 0.24393358876117496,
      "acc_stderr": 0.015357212665829489,
      "acc_norm": 0.26309067688378035,
      "acc_norm_stderr": 0.01574549716904904
    },
    "hendrycksTest-human_aging": {
      "acc": 0.31390134529147984,
      "acc_stderr": 0.031146796482972465,
      "acc_norm": 0.32286995515695066,
      "acc_norm_stderr": 0.03138147637575498
    },
    "hendrycksTest-econometrics": {
      "acc": 0.2719298245614035,
      "acc_stderr": 0.041857744240220575,
      "acc_norm": 0.23684210526315788,
      "acc_norm_stderr": 0.039994238792813365
    },
    "arc_challenge": {
      "acc": 0.19795221843003413,
      "acc_stderr": 0.0116439909715734,
      "acc_norm": 0.23122866894197952,
      "acc_norm_stderr": 0.012320858834772267
    },
    "hendrycksTest-clinical_knowledge": {
      "acc": 0.22264150943396227,
      "acc_stderr": 0.025604233470899105,
      "acc_norm": 0.2943396226415094,
      "acc_norm_stderr": 0.02804918631569524
    },
    "hendrycksTest-professional_accounting": {
      "acc": 0.2907801418439716,
      "acc_stderr": 0.027090664368353178,
      "acc_norm": 0.29432624113475175,
      "acc_norm_stderr": 0.027187127011503793
    },
    "hendrycksTest-college_medicine": {
      "acc": 0.24277456647398843,
      "acc_stderr": 0.0326926380614177,
      "acc_norm": 0.2947976878612717,
      "acc_norm_stderr": 0.034765996075164785
    },
    "hendrycksTest-high_school_chemistry": {
      "acc": 0.18226600985221675,
      "acc_stderr": 0.02716334085964515,
      "acc_norm": 0.20689655172413793,
      "acc_norm_stderr": 0.02850137816789395
    },
    "sciq": {
      "acc": 0.825,
      "acc_stderr": 0.012021627157731961,
      "acc_norm": 0.8,
      "acc_norm_stderr": 0.012655439943366665
    },
    "hendrycksTest-human_sexuality": {
      "acc": 0.29770992366412213,
      "acc_stderr": 0.04010358942462203,
      "acc_norm": 0.2824427480916031,
      "acc_norm_stderr": 0.03948406125768361
    },
    "hendrycksTest-management": {
      "acc": 0.2621359223300971,
      "acc_stderr": 0.04354631077260595,
      "acc_norm": 0.2815533980582524,
      "acc_norm_stderr": 0.04453254836326467
    },
    "hendrycksTest-moral_disputes": {
      "acc": 0.2832369942196532,
      "acc_stderr": 0.02425790170532337,
      "acc_norm": 0.3063583815028902,
      "acc_norm_stderr": 0.024818350129436586
    },
    "hendrycksTest-college_biology": {
      "acc": 0.2569444444444444,
      "acc_stderr": 0.03653946969442099,
      "acc_norm": 0.2222222222222222,
      "acc_norm_stderr": 0.03476590104304134
    },
    "hendrycksTest-us_foreign_policy": {
      "acc": 0.25,
      "acc_stderr": 0.04351941398892446,
      "acc_norm": 0.3,
      "acc_norm_stderr": 0.046056618647183814
    },
    "hendrycksTest-philosophy": {
      "acc": 0.2090032154340836,
      "acc_stderr": 0.023093140398374224,
      "acc_norm": 0.2572347266881029,
      "acc_norm_stderr": 0.024826171289250888
    },
    "hendrycksTest-public_relations": {
      "acc": 0.22727272727272727,
      "acc_stderr": 0.040139645540727756,
      "acc_norm": 0.23636363636363636,
      "acc_norm_stderr": 0.040693063197213775
    },
    "hendrycksTest-high_school_computer_science": {
      "acc": 0.19,
      "acc_stderr": 0.03942772444036622,
      "acc_norm": 0.22,
      "acc_norm_stderr": 0.0416333199893227
    },
    "hendrycksTest-prehistory": {
      "acc": 0.2623456790123457,
      "acc_stderr": 0.024477222856135114,
      "acc_norm": 0.2191358024691358,
      "acc_norm_stderr": 0.02301670564026219
    },
    "lambada_openai": {
      "ppl": 44.43952390617013,
      "ppl_stderr": 1.6067335478605995,
      "acc": 0.2910925674364448,
      "acc_stderr": 0.0063288149295274675
    },
    "hendrycksTest-machine_learning": {
      "acc": 0.21428571428571427,
      "acc_stderr": 0.03894641120044793,
      "acc_norm": 0.19642857142857142,
      "acc_norm_stderr": 0.03770970049347018
    },
    "hendrycksTest-logical_fallacies": {
      "acc": 0.26380368098159507,
      "acc_stderr": 0.03462419931615624,
      "acc_norm": 0.2883435582822086,
      "acc_norm_stderr": 0.035590395316173425
    },
    "hendrycksTest-high_school_world_history": {
      "acc": 0.24472573839662448,
      "acc_stderr": 0.027985699387036413,
      "acc_norm": 0.26582278481012656,
      "acc_norm_stderr": 0.028756799629658335
    },
    "hendrycksTest-college_physics": {
      "acc": 0.24509803921568626,
      "acc_stderr": 0.042801058373643966,
      "acc_norm": 0.2647058823529412,
      "acc_norm_stderr": 0.04389869956808778
    },
    "hendrycksTest-international_law": {
      "acc": 0.18181818181818182,
      "acc_stderr": 0.035208939510976534,
      "acc_norm": 0.30578512396694213,
      "acc_norm_stderr": 0.04205953933884124
    },
    "logiqa": {
      "acc": 0.24423963133640553,
      "acc_stderr": 0.016851689430077556,
      "acc_norm": 0.2780337941628264,
      "acc_norm_stderr": 0.01757318777028271
    },
    "hendrycksTest-high_school_geography": {
      "acc": 0.22727272727272727,
      "acc_stderr": 0.029857515673386407,
      "acc_norm": 0.2474747474747475,
      "acc_norm_stderr": 0.030746300742124498
    },
    "hendrycksTest-high_school_mathematics": {
      "acc": 0.26666666666666666,
      "acc_stderr": 0.026962424325073835,
      "acc_norm": 0.2777777777777778,
      "acc_norm_stderr": 0.027309140588230193
    },
    "hendrycksTest-college_computer_science": {
      "acc": 0.3,
      "acc_stderr": 0.046056618647183814,
      "acc_norm": 0.3,
      "acc_norm_stderr": 0.046056618647183814
    },
    "piqa": {
      "acc": 0.6322089227421109,
      "acc_stderr": 0.011250616646678795,
      "acc_norm": 0.6240478781284005,