{
  "results": {
    "hendrycksTest-college_mathematics": {
      "acc": 0.28,
      "acc_stderr": 0.04512608598542127,
      "acc_norm": 0.32,
      "acc_norm_stderr": 0.04688261722621505
    },
    "hendrycksTest-logical_fallacies": {
      "acc": 0.25153374233128833,
      "acc_stderr": 0.03408997886857529,
      "acc_norm": 0.294478527607362,
      "acc_norm_stderr": 0.03581165790474082
    },
    "hendrycksTest-security_studies": {
      "acc": 0.3510204081632653,
      "acc_stderr": 0.03055531675557364,
      "acc_norm": 0.2653061224489796,
      "acc_norm_stderr": 0.028263889943784596
    },
    "hendrycksTest-anatomy": {
      "acc": 0.17037037037037037,
      "acc_stderr": 0.03247781185995593,
      "acc_norm": 0.18518518518518517,
      "acc_norm_stderr": 0.03355677216313142
    },
    "hendrycksTest-miscellaneous": {
      "acc": 0.23499361430395913,
      "acc_stderr": 0.01516202415227844,
      "acc_norm": 0.24904214559386972,
      "acc_norm_stderr": 0.015464676163395977
    },
    "hendrycksTest-high_school_macroeconomics": {
      "acc": 0.24358974358974358,
      "acc_stderr": 0.02176373368417393,
      "acc_norm": 0.2512820512820513,
      "acc_norm_stderr": 0.021992016662370568
    },
    "hendrycksTest-clinical_knowledge": {
      "acc": 0.2528301886792453,
      "acc_stderr": 0.026749899771241238,
      "acc_norm": 0.27547169811320754,
      "acc_norm_stderr": 0.027495663683724053
    },
    "hendrycksTest-us_foreign_policy": {
      "acc": 0.32,
      "acc_stderr": 0.046882617226215034,
      "acc_norm": 0.3,
      "acc_norm_stderr": 0.046056618647183814
    },
    "hendrycksTest-philosophy": {
      "acc": 0.21864951768488747,
      "acc_stderr": 0.023475581417861106,
      "acc_norm": 0.24758842443729903,
      "acc_norm_stderr": 0.024513879973621967
    },
    "hendrycksTest-marketing": {
      "acc": 0.26495726495726496,
      "acc_stderr": 0.028911208802749472,
      "acc_norm": 0.2948717948717949,
      "acc_norm_stderr": 0.02987257770889117
    },
    "hendrycksTest-elementary_mathematics": {
      "acc": 0.24867724867724866,
      "acc_stderr": 0.02226181769240017,
      "acc_norm": 0.26455026455026454,
      "acc_norm_stderr": 0.022717467897708617
    },
    "hendrycksTest-econometrics": {
      "acc": 0.24561403508771928,
      "acc_stderr": 0.04049339297748142,
      "acc_norm": 0.2631578947368421,
      "acc_norm_stderr": 0.04142439719489361
    },
    "hendrycksTest-moral_scenarios": {
      "acc": 0.23798882681564246,
      "acc_stderr": 0.014242630070574908,
      "acc_norm": 0.23575418994413408,
      "acc_norm_stderr": 0.014196375686290804
    },
    "hendrycksTest-high_school_government_and_politics": {
      "acc": 0.2849740932642487,
      "acc_stderr": 0.03257714077709659,
      "acc_norm": 0.3316062176165803,
      "acc_norm_stderr": 0.03397636541089116
    },
    "hendrycksTest-high_school_statistics": {
      "acc": 0.2916666666666667,
      "acc_stderr": 0.03099866630456053,
      "acc_norm": 0.3101851851851852,
      "acc_norm_stderr": 0.03154696285656629
    },
    "hendrycksTest-college_biology": {
      "acc": 0.3055555555555556,
      "acc_stderr": 0.03852084696008534,
      "acc_norm": 0.2638888888888889,
      "acc_norm_stderr": 0.03685651095897532
    },
    "hendrycksTest-college_computer_science": {
      "acc": 0.32,
      "acc_stderr": 0.046882617226215034,
      "acc_norm": 0.29,
      "acc_norm_stderr": 0.04560480215720684
    },
    "wsc": {
      "acc": 0.36538461538461536,
      "acc_stderr": 0.0474473339327792
    },
    "hendrycksTest-machine_learning": {
      "acc": 0.16964285714285715,
      "acc_stderr": 0.0356236785009539,
      "acc_norm": 0.16071428571428573,
      "acc_norm_stderr": 0.03485946096475742
    },
    "hendrycksTest-professional_accounting": {
      "acc": 0.2730496453900709,
      "acc_stderr": 0.02657786094330786,
      "acc_norm": 0.2801418439716312,
      "acc_norm_stderr": 0.02678917235114025
    },
    "hendrycksTest-medical_genetics": {
      "acc": 0.24,
      "acc_stderr": 0.04292346959909283,
      "acc_norm": 0.27,
      "acc_norm_stderr": 0.04461960433384741
    },
    "hendrycksTest-high_school_biology": {
      "acc": 0.31290322580645163,
      "acc_stderr": 0.02637756702864586,
      "acc_norm": 0.34838709677419355,
      "acc_norm_stderr": 0.027104826328100944
    },
    "hendrycksTest-college_medicine": {
      "acc": 0.24855491329479767,
      "acc_stderr": 0.03295304696818318,
      "acc_norm": 0.2774566473988439,
      "acc_norm_stderr": 0.03414014007044036
    },
    "hendrycksTest-human_aging": {
      "acc": 0.26905829596412556,
      "acc_stderr": 0.029763779406874975,
      "acc_norm": 0.27802690582959644,
      "acc_norm_stderr": 0.03006958487449403
    },
    "hendrycksTest-high_school_mathematics": {
      "acc": 0.26296296296296295,
      "acc_stderr": 0.02684205787383371,
      "acc_norm": 0.3,
      "acc_norm_stderr": 0.027940457136228395
    },
    "arc_challenge": {
      "acc": 0.20392491467576793,
      "acc_stderr": 0.011774262478702254,
      "acc_norm": 0.23720136518771331,
      "acc_norm_stderr": 0.012430399829260847
    },
    "arc_easy": {
      "acc": 0.44696969696969696,
      "acc_stderr": 0.010201914927791683,
      "acc_norm": 0.43686868686868685,
      "acc_norm_stderr": 0.010177672928157687
    },
    "hendrycksTest-formal_logic": {
      "acc": 0.24603174603174602,
      "acc_stderr": 0.038522733649243183,
      "acc_norm": 0.2222222222222222,
      "acc_norm_stderr": 0.037184890068181146
    },
    "hendrycksTest-conceptual_physics": {
      "acc": 0.2765957446808511,
      "acc_stderr": 0.02924188386962882,
      "acc_norm": 0.24680851063829787,
      "acc_norm_stderr": 0.028185441301234102
    },
    "hendrycksTest-high_school_european_history": {
      "acc": 0.24242424242424243,
      "acc_stderr": 0.03346409881055953,
      "acc_norm": 0.296969696969697,
      "acc_norm_stderr": 0.035679697722680474
    },
    "piqa": {
      "acc": 0.6284004352557128,
      "acc_stderr": 0.011274603006724743,
      "acc_norm": 0.6294885745375408,
      "acc_norm_stderr": 0.011267826475447665
    },
    "hendrycksTest-international_law": {
      "acc": 0.1652892561983471,
      "acc_stderr": 0.03390780612972776,
      "acc_norm": 0.2727272727272727,
      "acc_norm_stderr": 0.04065578140908705
    },
    "hendrycksTest-astronomy": {
      "acc": 0.17105263157894737,
      "acc_stderr": 0.030643607071677084,
      "acc_norm": 0.2236842105263158,
      "acc_norm_stderr": 0.03391160934343602
    },
    "hendrycksTest-nutrition": {
      "acc": 0.3006535947712418,
      "acc_stderr": 0.026256053835718968,
      "acc_norm": 0.33986928104575165,
      "acc_norm_stderr": 0.027121956071388852
    },
    "hendrycksTest-high_school_psychology": {
      "acc": 0.27155963302752295,
      "acc_stderr": 0.019069098363191445,
      "acc_norm": 0.26972477064220185,
      "acc_norm_stderr": 0.019028486711115445
    },
    "logiqa": {
      "acc": 0.20890937019969277,
      "acc_stderr": 0.015945399396423917,
      "acc_norm": 0.2749615975422427,
      "acc_norm_stderr": 0.017512971782225207
    },
    "hendrycksTest-high_school_physics": {
      "acc": 0.2781456953642384,
      "acc_stderr": 0.03658603262763743,
      "acc_norm": 0.2913907284768212,
      "acc_norm_stderr": 0.037101857261199946
    },
    "hendrycksTest-computer_security": {
      "acc": 0.27,
      "acc_stderr": 0.044619604333847394,
      "acc_norm": 0.3,
      "acc_norm_stderr": 0.046056618647183814
    },
    "hendrycksTest-virology": {
      "acc": 0.27710843373493976,
      "acc_stderr": 0.034843315926805875,
      "acc_norm": 0.22289156626506024,
      "acc_norm_stderr": 0.03240004825594689
    },
    "hendrycksTest-professional_law": {
      "acc": 0.2470664928292047,
      "acc_stderr": 0.011015752255279329,
      "acc_norm": 0.25945241199478486,
      "acc_norm_stderr": 0.011195262076350307
    },
    "hendrycksTest-management": {
      "acc": 0.23300970873786409,