{
  "results": {
    "crows_pairs_french": {
      "likelihood_difference": 3.589897324090638,
      "likelihood_difference_stderr": 0.08725649473560756,
      "pct_stereotype": 0.5026833631484794,
      "pct_stereotype_stderr": 0.012213123335181908
    },
    "crows_pairs_english_age": {
      "likelihood_difference": 3.2063873626373627,
      "likelihood_difference_stderr": 0.29440834278695316,
      "pct_stereotype": 0.6593406593406593,
      "pct_stereotype_stderr": 0.04995670951276871
    },
    "crows_pairs_french_physical_appearance": {
      "likelihood_difference": 3.439236111111111,
      "likelihood_difference_stderr": 0.4381609733960981,
      "pct_stereotype": 0.625,
      "pct_stereotype_stderr": 0.05745481997211521
    },
    "crows_pairs_french_religion": {
      "likelihood_difference": 3.2184782608695652,
      "likelihood_difference_stderr": 0.3526867106934207,
      "pct_stereotype": 0.6173913043478261,
      "pct_stereotype_stderr": 0.04552031372871532
    },
    "crows_pairs_french_socioeconomic": {
      "likelihood_difference": 4.126235650510204,
      "likelihood_difference_stderr": 0.2761635948696114,
      "pct_stereotype": 0.673469387755102,
      "pct_stereotype_stderr": 0.033581769437038424
    },
    "crows_pairs_english_nationality": {
      "likelihood_difference": 3.3678385416666665,
      "likelihood_difference_stderr": 0.2348815543299067,
      "pct_stereotype": 0.5277777777777778,
      "pct_stereotype_stderr": 0.0340470532865388
    },
    "crows_pairs_english_disability": {
      "likelihood_difference": 5.755769230769231,
      "likelihood_difference_stderr": 0.6443277622791218,
      "pct_stereotype": 0.7230769230769231,
      "pct_stereotype_stderr": 0.055934767585573
    },
    "crows_pairs_french_race_color": {
      "likelihood_difference": 2.946399456521739,
      "likelihood_difference_stderr": 0.16127272291531114,
      "pct_stereotype": 0.3717391304347826,
      "pct_stereotype_stderr": 0.02255707596561352
    },
    "crows_pairs_french_age": {
      "likelihood_difference": 3.3027777777777776,
      "likelihood_difference_stderr": 0.3378496580657223,
      "pct_stereotype": 0.4666666666666667,
      "pct_stereotype_stderr": 0.052881985302540166
    },
    "crows_pairs_english_sexual_orientation": {
      "likelihood_difference": 4.712701612903226,
      "likelihood_difference_stderr": 0.4361688266523618,
      "pct_stereotype": 0.8709677419354839,
      "pct_stereotype_stderr": 0.03495073154102977
    },
    "crows_pairs_french_disability": {
      "likelihood_difference": 4.599905303030303,
      "likelihood_difference_stderr": 0.4330023031629729,
      "pct_stereotype": 0.6060606060606061,
      "pct_stereotype_stderr": 0.06060606060606062
    },
    "lambada_openai": {
      "ppl": 6.009715785089729,
      "ppl_stderr": 0.15148468163344558,
      "acc": 0.6239084028721134,
      "acc_stderr": 0.00674868729612088
    },
    "crows_pairs_english_religion": {
      "likelihood_difference": 3.5249155405405403,
      "likelihood_difference_stderr": 0.31690079126568477,
      "pct_stereotype": 0.8018018018018018,
      "pct_stereotype_stderr": 0.03800905064816031
    },
    "crows_pairs_english": {
      "likelihood_difference": 3.523861434108527,
      "likelihood_difference_stderr": 0.08299457753685147,
      "pct_stereotype": 0.614788312462731,
      "pct_stereotype_stderr": 0.011887089206792465
    },
    "crows_pairs_french_sexual_orientation": {
      "likelihood_difference": 5.0048076923076925,
      "likelihood_difference_stderr": 0.405566404722775,
      "pct_stereotype": 0.8021978021978022,
      "pct_stereotype_stderr": 0.04198895203196222
    },
    "crows_pairs_english_gender": {
      "likelihood_difference": 2.7935546875,
      "likelihood_difference_stderr": 0.15824173492813898,
      "pct_stereotype": 0.63125,
      "pct_stereotype_stderr": 0.02701290980694683
    },
    "crows_pairs_english_physical_appearance": {
      "likelihood_difference": 4.01171875,
      "likelihood_difference_stderr": 0.38378906444435984,
      "pct_stereotype": 0.7083333333333334,
      "pct_stereotype_stderr": 0.05394274771736147
    },
    "crows_pairs_french_nationality": {
      "likelihood_difference": 4.044589920948616,
      "likelihood_difference_stderr": 0.2129016319672366,
      "pct_stereotype": 0.3794466403162055,
      "pct_stereotype_stderr": 0.030567832939072927
    },
    "crows_pairs_english_race_color": {
      "likelihood_difference": 3.341781496062992,
      "likelihood_difference_stderr": 0.14069477582064072,
      "pct_stereotype": 0.4921259842519685,
      "pct_stereotype_stderr": 0.022203025891301083
    },
    "crows_pairs_english_autre": {
      "likelihood_difference": 5.167613636363637,
      "likelihood_difference_stderr": 1.7877735046202903,
      "pct_stereotype": 0.6363636363636364,
      "pct_stereotype_stderr": 0.15212000482437738
    },
    "crows_pairs_english_socioeconomic": {
      "likelihood_difference": 3.943996710526316,
      "likelihood_difference_stderr": 0.2366195742511278,
      "pct_stereotype": 0.6842105263157895,
      "pct_stereotype_stderr": 0.03381137233892749
    },
    "crows_pairs_french_autre": {
      "likelihood_difference": 3.8076923076923075,
      "likelihood_difference_stderr": 0.9824484234659396,
      "pct_stereotype": 0.46153846153846156,
      "pct_stereotype_stderr": 0.14390989949130548
    },
    "crows_pairs_french_gender": {
      "likelihood_difference": 3.4559482087227416,
      "likelihood_difference_stderr": 0.18965457497870777,
      "pct_stereotype": 0.5202492211838006,
      "pct_stereotype_stderr": 0.027927918885132307
    }
  },
  "versions": {
    "crows_pairs_french": 0,
    "crows_pairs_english_age": 0,
    "crows_pairs_french_physical_appearance": 0,
    "crows_pairs_french_religion": 0,
    "crows_pairs_french_socioeconomic": 0,
    "crows_pairs_english_nationality": 0,
    "crows_pairs_english_disability": 0,
    "crows_pairs_french_race_color": 0,
    "crows_pairs_french_age": 0,
    "crows_pairs_english_sexual_orientation": 0,
    "crows_pairs_french_disability": 0,
    "lambada_openai": 0,
    "crows_pairs_english_religion": 0,
    "crows_pairs_english": 0,
    "crows_pairs_french_sexual_orientation": 0,
    "crows_pairs_english_gender": 0,
    "crows_pairs_english_physical_appearance": 0,
    "crows_pairs_french_nationality": 0,
    "crows_pairs_english_race_color": 0,
    "crows_pairs_english_autre": 0,
    "crows_pairs_english_socioeconomic": 0,
    "crows_pairs_french_autre": 0,
    "crows_pairs_french_gender": 0
  },
  "config": {
    "model": "hf-causal",
    "model_args": "pretrained=EleutherAI/pythia-v1.1-1.4b-deduped,revision=step132000",
    "num_fewshot": 0,
    "batch_size": 16,
    "device": "cuda:2",
    "no_cache": true,
    "limit": null,
    "bootstrap_iters": 100000,
    "description_dict": {}
  }
}