{
  "results": {
    "crows_pairs_english_socioeconomic": {
      "likelihood_difference": 3.964391447368421,
      "likelihood_difference_stderr": 0.2362530951678259,
      "pct_stereotype": 0.6842105263157895,
      "pct_stereotype_stderr": 0.03381137233892748
    },
    "crows_pairs_french_disability": {
      "likelihood_difference": 4.614109848484849,
      "likelihood_difference_stderr": 0.40849048914758385,
      "pct_stereotype": 0.6060606060606061,
      "pct_stereotype_stderr": 0.06060606060606062
    },
    "crows_pairs_english_age": {
      "likelihood_difference": 3.2429601648351647,
      "likelihood_difference_stderr": 0.29514734345637533,
      "pct_stereotype": 0.6923076923076923,
      "pct_stereotype_stderr": 0.04865042554105199
    },
    "crows_pairs_english_nationality": {
      "likelihood_difference": 3.2964409722222223,
      "likelihood_difference_stderr": 0.22773919507522625,
      "pct_stereotype": 0.5138888888888888,
      "pct_stereotype_stderr": 0.03408655867977748
    },
    "crows_pairs_french_age": {
      "likelihood_difference": 3.5395833333333333,
      "likelihood_difference_stderr": 0.33853466212863165,
      "pct_stereotype": 0.4444444444444444,
      "pct_stereotype_stderr": 0.05267171812666418
    },
    "crows_pairs_french_gender": {
      "likelihood_difference": 3.372760903426791,
      "likelihood_difference_stderr": 0.17896456541255448,
      "pct_stereotype": 0.5389408099688473,
      "pct_stereotype_stderr": 0.027865952192986033
    },
    "crows_pairs_french": {
      "likelihood_difference": 3.5877776535480024,
      "likelihood_difference_stderr": 0.08598882395811323,
      "pct_stereotype": 0.4877757901013715,
      "pct_stereotype_stderr": 0.01220964857450294
    },
    "crows_pairs_english_religion": {
      "likelihood_difference": 3.4306024774774775,
      "likelihood_difference_stderr": 0.31955136283219815,
      "pct_stereotype": 0.7927927927927928,
      "pct_stereotype_stderr": 0.03864434340455356
    },
    "crows_pairs_english": {
      "likelihood_difference": 3.4451121794871793,
      "likelihood_difference_stderr": 0.08274837135885127,
      "pct_stereotype": 0.6094215861657722,
      "pct_stereotype_stderr": 0.011917249398352711
    },
    "crows_pairs_french_socioeconomic": {
      "likelihood_difference": 4.061304209183674,
      "likelihood_difference_stderr": 0.27567641882133526,
      "pct_stereotype": 0.6938775510204082,
      "pct_stereotype_stderr": 0.03300438939031182
    },
    "crows_pairs_french_religion": {
      "likelihood_difference": 3.1934782608695653,
      "likelihood_difference_stderr": 0.33734782878429903,
      "pct_stereotype": 0.6521739130434783,
      "pct_stereotype_stderr": 0.044607754438485005
    },
    "crows_pairs_english_autre": {
      "likelihood_difference": 5.474431818181818,
      "likelihood_difference_stderr": 1.8869591064518298,
      "pct_stereotype": 0.6363636363636364,
      "pct_stereotype_stderr": 0.15212000482437738
    },
    "crows_pairs_french_physical_appearance": {
      "likelihood_difference": 3.8328993055555554,
      "likelihood_difference_stderr": 0.48113336113359395,
      "pct_stereotype": 0.6111111111111112,
      "pct_stereotype_stderr": 0.05785537103478462
    },
    "crows_pairs_english_sexual_orientation": {
      "likelihood_difference": 4.433131720430108,
      "likelihood_difference_stderr": 0.45552747984774555,
      "pct_stereotype": 0.7849462365591398,
      "pct_stereotype_stderr": 0.04283507835554755
    },
    "crows_pairs_english_physical_appearance": {
      "likelihood_difference": 3.7200520833333335,
      "likelihood_difference_stderr": 0.3707093929345014,
      "pct_stereotype": 0.7361111111111112,
      "pct_stereotype_stderr": 0.05230618728513983
    },
    "crows_pairs_french_nationality": {
      "likelihood_difference": 3.9919713438735176,
      "likelihood_difference_stderr": 0.22064199973064244,
      "pct_stereotype": 0.3557312252964427,
      "pct_stereotype_stderr": 0.030157425619935844
    },
    "crows_pairs_french_race_color": {
      "likelihood_difference": 3.1496603260869565,
      "likelihood_difference_stderr": 0.16074586743882963,
      "pct_stereotype": 0.31956521739130433,
      "pct_stereotype_stderr": 0.021765400438850536
    },
    "crows_pairs_english_disability": {
      "likelihood_difference": 5.769230769230769,
      "likelihood_difference_stderr": 0.6314591461959626,
      "pct_stereotype": 0.7076923076923077,
      "pct_stereotype_stderr": 0.05685286730420954
    },
    "lambada_openai": {
      "ppl": 6.375605621311252,
      "ppl_stderr": 0.1606887190828351,
      "acc": 0.609935959635164,
      "acc_stderr": 0.006795511465879205
    },
    "crows_pairs_french_autre": {
      "likelihood_difference": 4.209134615384615,
      "likelihood_difference_stderr": 1.0363932096981732,
      "pct_stereotype": 0.5384615384615384,
      "pct_stereotype_stderr": 0.14390989949130545
    },
    "crows_pairs_french_sexual_orientation": {
      "likelihood_difference": 3.9361263736263736,
      "likelihood_difference_stderr": 0.39144226535445126,
      "pct_stereotype": 0.7252747252747253,
      "pct_stereotype_stderr": 0.04705213398778438
    },
    "crows_pairs_english_gender": {
      "likelihood_difference": 2.7009765625,
      "likelihood_difference_stderr": 0.1623153704708145,
      "pct_stereotype": 0.625,
      "pct_stereotype_stderr": 0.027105679632478466
    },
    "crows_pairs_english_race_color": {
      "likelihood_difference": 3.2610728346456694,
      "likelihood_difference_stderr": 0.13803785281497608,
      "pct_stereotype": 0.4940944881889764,
      "pct_stereotype_stderr": 0.022204230673972467
    }
  },
  "versions": {
    "crows_pairs_english_socioeconomic": 0,
    "crows_pairs_french_disability": 0,
    "crows_pairs_english_age": 0,
    "crows_pairs_english_nationality": 0,
    "crows_pairs_french_age": 0,
    "crows_pairs_french_gender": 0,
    "crows_pairs_french": 0,
    "crows_pairs_english_religion": 0,
    "crows_pairs_english": 0,
    "crows_pairs_french_socioeconomic": 0,
    "crows_pairs_french_religion": 0,
    "crows_pairs_english_autre": 0,
    "crows_pairs_french_physical_appearance": 0,
    "crows_pairs_english_sexual_orientation": 0,
    "crows_pairs_english_physical_appearance": 0,
    "crows_pairs_french_nationality": 0,
    "crows_pairs_french_race_color": 0,
    "crows_pairs_english_disability": 0,
    "lambada_openai": 0,
    "crows_pairs_french_autre": 0,
    "crows_pairs_french_sexual_orientation": 0,
    "crows_pairs_english_gender": 0,
    "crows_pairs_english_race_color": 0
  },
  "config": {
    "model": "hf-causal",
    "model_args": "pretrained=EleutherAI/pythia-v1.1-1.4b-deduped,revision=step117000",
    "num_fewshot": 0,
    "batch_size": 16,
    "device": "cuda:3",
    "no_cache": true,
    "limit": null,
    "bootstrap_iters": 100000,
    "description_dict": {}
  }
}