{
  "results": {
    "crows_pairs_french_physical_appearance": {
      "likelihood_difference": 3.4995659722222223,
      "likelihood_difference_stderr": 0.4445094596816863,
      "pct_stereotype": 0.625,
      "pct_stereotype_stderr": 0.05745481997211521
    },
    "crows_pairs_french_sexual_orientation": {
      "likelihood_difference": 4.757898351648351,
      "likelihood_difference_stderr": 0.39817889777123006,
      "pct_stereotype": 0.7692307692307693,
      "pct_stereotype_stderr": 0.04441155916843277
    },
    "crows_pairs_english_autre": {
      "likelihood_difference": 4.917613636363637,
      "likelihood_difference_stderr": 1.897662628185849,
      "pct_stereotype": 0.6363636363636364,
      "pct_stereotype_stderr": 0.15212000482437738
    },
    "crows_pairs_french_disability": {
      "likelihood_difference": 4.633049242424242,
      "likelihood_difference_stderr": 0.4163447423003362,
      "pct_stereotype": 0.6212121212121212,
      "pct_stereotype_stderr": 0.06016741025240241
    },
    "crows_pairs_english_physical_appearance": {
      "likelihood_difference": 3.9375,
      "likelihood_difference_stderr": 0.3984313868858115,
      "pct_stereotype": 0.7083333333333334,
      "pct_stereotype_stderr": 0.05394274771736147
    },
    "crows_pairs_english": {
      "likelihood_difference": 3.535461389385808,
      "likelihood_difference_stderr": 0.08422076696994124,
      "pct_stereotype": 0.5963029218843172,
      "pct_stereotype_stderr": 0.011984619898142332
    },
    "crows_pairs_french_socioeconomic": {
      "likelihood_difference": 4.084661989795919,
      "likelihood_difference_stderr": 0.27740280853905663,
      "pct_stereotype": 0.673469387755102,
      "pct_stereotype_stderr": 0.033581769437038424
    },
    "lambada_openai": {
      "ppl": 6.033381503214896,
      "ppl_stderr": 0.151734380988704,
      "acc": 0.6188627983698817,
      "acc_stderr": 0.006766279471108959
    },
    "crows_pairs_french_gender": {
      "likelihood_difference": 3.3861468068535827,
      "likelihood_difference_stderr": 0.18755734800324478,
      "pct_stereotype": 0.5171339563862928,
      "pct_stereotype_stderr": 0.027934433698537306
    },
    "crows_pairs_english_gender": {
      "likelihood_difference": 2.794580078125,
      "likelihood_difference_stderr": 0.16463988551979483,
      "pct_stereotype": 0.621875,
      "pct_stereotype_stderr": 0.027150254412347145
    },
    "crows_pairs_english_nationality": {
      "likelihood_difference": 3.373553240740741,
      "likelihood_difference_stderr": 0.23338489714000069,
      "pct_stereotype": 0.5231481481481481,
      "pct_stereotype_stderr": 0.03406315360711507
    },
    "crows_pairs_french_race_color": {
      "likelihood_difference": 3.1252717391304348,
      "likelihood_difference_stderr": 0.16696508450857062,
      "pct_stereotype": 0.2847826086956522,
      "pct_stereotype_stderr": 0.02106538604116979
    },
    "crows_pairs_english_race_color": {
      "likelihood_difference": 3.4343934547244093,
      "likelihood_difference_stderr": 0.14297066846908837,
      "pct_stereotype": 0.47244094488188976,
      "pct_stereotype_stderr": 0.022172023280100768
    },
    "crows_pairs_english_age": {
      "likelihood_difference": 3.2821085164835164,
      "likelihood_difference_stderr": 0.2967491944171771,
      "pct_stereotype": 0.6373626373626373,
      "pct_stereotype_stderr": 0.05067669921031868
    },
    "crows_pairs_french_autre": {
      "likelihood_difference": 4.396634615384615,
      "likelihood_difference_stderr": 1.1280806323811048,
      "pct_stereotype": 0.5384615384615384,
      "pct_stereotype_stderr": 0.14390989949130545
    },
    "crows_pairs_english_sexual_orientation": {
      "likelihood_difference": 4.589717741935484,
      "likelihood_difference_stderr": 0.4675744536278618,
      "pct_stereotype": 0.8172043010752689,
      "pct_stereotype_stderr": 0.04029530010615517
    },
    "crows_pairs_french_religion": {
      "likelihood_difference": 3.3192934782608696,
      "likelihood_difference_stderr": 0.35803474683536685,
      "pct_stereotype": 0.6434782608695652,
      "pct_stereotype_stderr": 0.04485981954131494
    },
    "crows_pairs_french_nationality": {
      "likelihood_difference": 4.107089920948616,
      "likelihood_difference_stderr": 0.22347546753316103,
      "pct_stereotype": 0.3359683794466403,
      "pct_stereotype_stderr": 0.029753859790872784
    },
    "crows_pairs_french": {
      "likelihood_difference": 3.623835345855695,
      "likelihood_difference_stderr": 0.08812137058209307,
      "pct_stereotype": 0.47167561121049495,
      "pct_stereotype_stderr": 0.012193686719906048
    },
    "crows_pairs_english_socioeconomic": {
      "likelihood_difference": 3.8913651315789473,
      "likelihood_difference_stderr": 0.24113265931427313,
      "pct_stereotype": 0.6473684210526316,
      "pct_stereotype_stderr": 0.03475405259582098
    },
    "crows_pairs_english_religion": {
      "likelihood_difference": 3.4617117117117115,
      "likelihood_difference_stderr": 0.31922056174345265,
      "pct_stereotype": 0.7837837837837838,
      "pct_stereotype_stderr": 0.03925056618715643
    },
    "crows_pairs_english_disability": {
      "likelihood_difference": 5.763461538461539,
      "likelihood_difference_stderr": 0.6139211007251568,
      "pct_stereotype": 0.7076923076923077,
      "pct_stereotype_stderr": 0.056852867304209534
    },
    "crows_pairs_french_age": {
      "likelihood_difference": 3.1479166666666667,
      "likelihood_difference_stderr": 0.318482375839464,
      "pct_stereotype": 0.4444444444444444,
      "pct_stereotype_stderr": 0.05267171812666418
    }
  },
  "versions": {
    "crows_pairs_french_physical_appearance": 0,
    "crows_pairs_french_sexual_orientation": 0,
    "crows_pairs_english_autre": 0,
    "crows_pairs_french_disability": 0,
    "crows_pairs_english_physical_appearance": 0,
    "crows_pairs_english": 0,
    "crows_pairs_french_socioeconomic": 0,
    "lambada_openai": 0,
    "crows_pairs_french_gender": 0,
    "crows_pairs_english_gender": 0,
    "crows_pairs_english_nationality": 0,
    "crows_pairs_french_race_color": 0,
    "crows_pairs_english_race_color": 0,
    "crows_pairs_english_age": 0,
    "crows_pairs_french_autre": 0,
    "crows_pairs_english_sexual_orientation": 0,
    "crows_pairs_french_religion": 0,
    "crows_pairs_french_nationality": 0,
    "crows_pairs_french": 0,
    "crows_pairs_english_socioeconomic": 0,
    "crows_pairs_english_religion": 0,
    "crows_pairs_english_disability": 0,
    "crows_pairs_french_age": 0
  },
  "config": {
    "model": "hf-causal",
    "model_args": "pretrained=EleutherAI/pythia-v1.1-1.4b-deduped,revision=step129000",
    "num_fewshot": 0,
    "batch_size": 16,
    "device": "cuda:7",
    "no_cache": true,
    "limit": null,
    "bootstrap_iters": 100000,
    "description_dict": {}
  }
}