{
  "results": {
    "hendrycksTest-professional_medicine": {
      "acc": 0.23897058823529413,
      "acc_stderr": 0.025905280644893013,
      "acc_norm": 0.25,
      "acc_norm_stderr": 0.026303648393696036
    },
    "hendrycksTest-nutrition": {
      "acc": 0.2647058823529412,
      "acc_stderr": 0.0252616912197295,
      "acc_norm": 0.29411764705882354,
      "acc_norm_stderr": 0.02609016250427904
    },
    "hendrycksTest-high_school_world_history": {
      "acc": 0.27848101265822783,
      "acc_stderr": 0.029178682304842555,
      "acc_norm": 0.28270042194092826,
      "acc_norm_stderr": 0.02931281415395592
    },
    "hendrycksTest-professional_accounting": {
      "acc": 0.25886524822695034,
      "acc_stderr": 0.026129572527180848,
      "acc_norm": 0.24113475177304963,
      "acc_norm_stderr": 0.02551873104953776
    },
    "hendrycksTest-professional_law": {
      "acc": 0.25554106910039115,
      "acc_stderr": 0.01113985783359852,
      "acc_norm": 0.27640156453715775,
      "acc_norm_stderr": 0.011422153194553582
    },
    "hendrycksTest-human_aging": {
      "acc": 0.29596412556053814,
      "acc_stderr": 0.03063659134869981,
      "acc_norm": 0.28699551569506726,
      "acc_norm_stderr": 0.030360379710291947
    },
    "piqa": {
      "acc": 0.6817192600652884,
      "acc_stderr": 0.010868093932082231,
      "acc_norm": 0.6779107725788901,
      "acc_norm_stderr": 0.01090234169510343
    },
    "hendrycksTest-miscellaneous": {
      "acc": 0.2567049808429119,
      "acc_stderr": 0.015620480263064536,
      "acc_norm": 0.26309067688378035,
      "acc_norm_stderr": 0.015745497169049053
    },
    "hendrycksTest-sociology": {
      "acc": 0.2935323383084577,
      "acc_stderr": 0.032200241045342054,
      "acc_norm": 0.26865671641791045,
      "acc_norm_stderr": 0.03134328358208954
    },
    "winogrande": {
      "acc": 0.5295974743488555,
      "acc_stderr": 0.014027843827840086
    },
    "hendrycksTest-logical_fallacies": {
      "acc": 0.22085889570552147,
      "acc_stderr": 0.03259177392742178,
      "acc_norm": 0.25766871165644173,
      "acc_norm_stderr": 0.03436150827846917
    },
    "hendrycksTest-high_school_mathematics": {
      "acc": 0.23333333333333334,
      "acc_stderr": 0.02578787422095929,
      "acc_norm": 0.25925925925925924,
      "acc_norm_stderr": 0.026719240783712152
    },
    "hendrycksTest-marketing": {
      "acc": 0.29914529914529914,
      "acc_stderr": 0.029996951858349497,
      "acc_norm": 0.2905982905982906,
      "acc_norm_stderr": 0.029745048572674036
    },
    "hendrycksTest-public_relations": {
      "acc": 0.2545454545454545,
      "acc_stderr": 0.041723430387053825,
      "acc_norm": 0.23636363636363636,
      "acc_norm_stderr": 0.04069306319721377
    },
    "hendrycksTest-jurisprudence": {
      "acc": 0.23148148148148148,
      "acc_stderr": 0.04077494709252626,
      "acc_norm": 0.2777777777777778,
      "acc_norm_stderr": 0.043300437496507437
    },
    "hendrycksTest-virology": {
      "acc": 0.3072289156626506,
      "acc_stderr": 0.035915667978246635,
      "acc_norm": 0.30120481927710846,
      "acc_norm_stderr": 0.0357160923005348
    },
    "hendrycksTest-elementary_mathematics": {
      "acc": 0.20634920634920634,
      "acc_stderr": 0.020842290930114665,
      "acc_norm": 0.20899470899470898,
      "acc_norm_stderr": 0.020940481565334845
    },
    "hendrycksTest-college_medicine": {
      "acc": 0.19653179190751446,
      "acc_stderr": 0.030299574664788147,
      "acc_norm": 0.2543352601156069,
      "acc_norm_stderr": 0.0332055644308557
    },
    "hendrycksTest-high_school_chemistry": {
      "acc": 0.1921182266009852,
      "acc_stderr": 0.027719315709614778,
      "acc_norm": 0.24630541871921183,
      "acc_norm_stderr": 0.030315099285617732
    },
    "hendrycksTest-international_law": {
      "acc": 0.24793388429752067,
      "acc_stderr": 0.03941897526516302,
      "acc_norm": 0.33884297520661155,
      "acc_norm_stderr": 0.043207678075366684
    },
    "hendrycksTest-business_ethics": {
      "acc": 0.29,
      "acc_stderr": 0.045604802157206845,
      "acc_norm": 0.29,
      "acc_norm_stderr": 0.045604802157206845
    },
    "hendrycksTest-medical_genetics": {
      "acc": 0.28,
      "acc_stderr": 0.04512608598542127,
      "acc_norm": 0.31,
      "acc_norm_stderr": 0.04648231987117316
    },
    "hendrycksTest-prehistory": {
      "acc": 0.22839506172839505,
      "acc_stderr": 0.023358211840626267,
      "acc_norm": 0.19753086419753085,
      "acc_norm_stderr": 0.022152889927898947
    },
    "hendrycksTest-high_school_biology": {
      "acc": 0.24516129032258063,
      "acc_stderr": 0.024472243840895525,
      "acc_norm": 0.2806451612903226,
      "acc_norm_stderr": 0.02556060472102289
    },
    "hendrycksTest-anatomy": {
      "acc": 0.17037037037037037,
      "acc_stderr": 0.03247781185995593,
      "acc_norm": 0.18518518518518517,
      "acc_norm_stderr": 0.03355677216313141
    },
    "hendrycksTest-security_studies": {
      "acc": 0.3224489795918367,
      "acc_stderr": 0.029923100563683913,
      "acc_norm": 0.2612244897959184,
      "acc_norm_stderr": 0.028123429335142783
    },
    "hendrycksTest-management": {
      "acc": 0.23300970873786409,
      "acc_stderr": 0.04185832598928313,
      "acc_norm": 0.2524271844660194,
      "acc_norm_stderr": 0.0430125039969088
    },
    "hendrycksTest-moral_scenarios": {
      "acc": 0.23575418994413408,
      "acc_stderr": 0.014196375686290804,
      "acc_norm": 0.2324022346368715,
      "acc_norm_stderr": 0.014125968754673394
    },
    "hendrycksTest-high_school_statistics": {
      "acc": 0.2037037037037037,
      "acc_stderr": 0.027467401804057982,
      "acc_norm": 0.25462962962962965,
      "acc_norm_stderr": 0.02971127586000534
    },
    "hendrycksTest-college_chemistry": {
      "acc": 0.23,
      "acc_stderr": 0.04229525846816508,
      "acc_norm": 0.27,
      "acc_norm_stderr": 0.0446196043338474
    },
    "hendrycksTest-professional_psychology": {
      "acc": 0.25980392156862747,
      "acc_stderr": 0.017740899509177788,
      "acc_norm": 0.2696078431372549,
      "acc_norm_stderr": 0.017952449196987866
    },
    "hendrycksTest-machine_learning": {
      "acc": 0.25,
      "acc_stderr": 0.04109974682633932,
      "acc_norm": 0.24107142857142858,
      "acc_norm_stderr": 0.04059867246952688
    },
    "hendrycksTest-high_school_psychology": {
      "acc": 0.23302752293577983,
      "acc_stderr": 0.018125669180861486,
      "acc_norm": 0.22935779816513763,
      "acc_norm_stderr": 0.018025349724618684
    },
    "hendrycksTest-electrical_engineering": {
      "acc": 0.2896551724137931,
      "acc_stderr": 0.03780019230438014,
      "acc_norm": 0.2827586206896552,
      "acc_norm_stderr": 0.037528339580033376
    },
    "hendrycksTest-high_school_european_history": {
      "acc": 0.2545454545454545,
      "acc_stderr": 0.03401506715249039,
      "acc_norm": 0.28484848484848485,
      "acc_norm_stderr": 0.035243908445117836
    },
    "hendrycksTest-global_facts": {
      "acc": 0.15,
      "acc_stderr": 0.0358870281282637,
      "acc_norm": 0.17,
      "acc_norm_stderr": 0.03775251680686371
    },
    "hendrycksTest-human_sexuality": {
      "acc": 0.3435114503816794,
      "acc_stderr": 0.041649760719448786,
      "acc_norm": 0.31297709923664124,
      "acc_norm_stderr": 0.04066962905677697
    },
    "hendrycksTest-abstract_algebra": {
      "acc": 0.18,
      "acc_stderr": 0.03861229196653694,
      "acc_norm": 0.21,
      "acc_norm_stderr": 0.040936018074033256
    },
    "hendrycksTest-clinical_knowledge": {
      "acc": 0.2037735849056604,
      "acc_stderr": 0.0247907845017754,
      "acc_norm": 0.2792452830188679,
      "acc_norm_stderr": 0.027611163402399715
    },
    "hendrycksTest-college_physics": {
      "acc": 0.22549019607843138,
      "acc_stderr": 0.041583075330832865,
      "acc_norm": 0.28431372549019607,
      "acc_norm_stderr": 0.04488482852329017
    },