{
  "results": {
    "hendrycksTest-nutrition": {
      "acc": 0.26143790849673204,
      "acc_stderr": 0.025160998214292456,
      "acc_norm": 0.2973856209150327,
      "acc_norm_stderr": 0.026173908506718576
    },
    "hendrycksTest-college_mathematics": {
      "acc": 0.2,
      "acc_stderr": 0.04020151261036846,
      "acc_norm": 0.26,
      "acc_norm_stderr": 0.04408440022768078
    },
    "hendrycksTest-high_school_world_history": {
      "acc": 0.270042194092827,
      "acc_stderr": 0.028900721906293426,
      "acc_norm": 0.2742616033755274,
      "acc_norm_stderr": 0.029041333510598035
    },
    "hendrycksTest-high_school_mathematics": {
      "acc": 0.2074074074074074,
      "acc_stderr": 0.024720713193952172,
      "acc_norm": 0.25555555555555554,
      "acc_norm_stderr": 0.026593939101844065
    },
    "hendrycksTest-logical_fallacies": {
      "acc": 0.24539877300613497,
      "acc_stderr": 0.03380939813943354,
      "acc_norm": 0.27607361963190186,
      "acc_norm_stderr": 0.03512385283705051
    },
    "winogrande": {
      "acc": 0.5382794001578532,
      "acc_stderr": 0.014011242594964115
    },
    "hendrycksTest-high_school_government_and_politics": {
      "acc": 0.24870466321243523,
      "acc_stderr": 0.03119584087770031,
      "acc_norm": 0.25906735751295334,
      "acc_norm_stderr": 0.03161877917935409
    },
    "hendrycksTest-virology": {
      "acc": 0.29518072289156627,
      "acc_stderr": 0.035509201856896294,
      "acc_norm": 0.3192771084337349,
      "acc_norm_stderr": 0.036293353299478595
    },
    "hendrycksTest-machine_learning": {
      "acc": 0.25,
      "acc_stderr": 0.04109974682633932,
      "acc_norm": 0.24107142857142858,
      "acc_norm_stderr": 0.04059867246952688
    },
    "hendrycksTest-elementary_mathematics": {
      "acc": 0.2222222222222222,
      "acc_stderr": 0.02141168439369418,
      "acc_norm": 0.21164021164021163,
      "acc_norm_stderr": 0.021037331505262883
    },
    "hendrycksTest-international_law": {
      "acc": 0.2396694214876033,
      "acc_stderr": 0.03896878985070417,
      "acc_norm": 0.3305785123966942,
      "acc_norm_stderr": 0.04294340845212095
    },
    "arc_easy": {
      "acc": 0.5555555555555556,
      "acc_stderr": 0.010196254838691677,
      "acc_norm": 0.5286195286195287,
      "acc_norm_stderr": 0.010242962617927199
    },
    "hendrycksTest-computer_security": {
      "acc": 0.34,
      "acc_stderr": 0.04760952285695236,
      "acc_norm": 0.34,
      "acc_norm_stderr": 0.047609522856952365
    },
    "hendrycksTest-high_school_geography": {
      "acc": 0.2222222222222222,
      "acc_stderr": 0.029620227874790465,
      "acc_norm": 0.2676767676767677,
      "acc_norm_stderr": 0.03154449888270285
    },
    "hendrycksTest-professional_accounting": {
      "acc": 0.2553191489361702,
      "acc_stderr": 0.02601199293090202,
      "acc_norm": 0.24113475177304963,
      "acc_norm_stderr": 0.025518731049537762
    },
    "hendrycksTest-marketing": {
      "acc": 0.29914529914529914,
      "acc_stderr": 0.0299969518583495,
      "acc_norm": 0.2777777777777778,
      "acc_norm_stderr": 0.029343114798094486
    },
    "hendrycksTest-high_school_microeconomics": {
      "acc": 0.23109243697478993,
      "acc_stderr": 0.027381406927868966,
      "acc_norm": 0.2815126050420168,
      "acc_norm_stderr": 0.02921354941437215
    },
    "hendrycksTest-anatomy": {
      "acc": 0.15555555555555556,
      "acc_stderr": 0.03130948364878314,
      "acc_norm": 0.2,
      "acc_norm_stderr": 0.03455473702325437
    },
    "hendrycksTest-high_school_us_history": {
      "acc": 0.2647058823529412,
      "acc_stderr": 0.03096451792692339,
      "acc_norm": 0.29411764705882354,
      "acc_norm_stderr": 0.031980016601150726
    },
    "hendrycksTest-public_relations": {
      "acc": 0.2545454545454545,
      "acc_stderr": 0.041723430387053825,
      "acc_norm": 0.24545454545454545,
      "acc_norm_stderr": 0.041220665028782855
    },
    "arc_challenge": {
      "acc": 0.2175767918088737,
      "acc_stderr": 0.012057262020972502,
      "acc_norm": 0.25853242320819114,
      "acc_norm_stderr": 0.012794553754288679
    },
    "hendrycksTest-high_school_statistics": {
      "acc": 0.2175925925925926,
      "acc_stderr": 0.028139689444859683,
      "acc_norm": 0.25,
      "acc_norm_stderr": 0.029531221160930918
    },
    "piqa": {
      "acc": 0.6789989118607181,
      "acc_stderr": 0.0108926415747079,
      "acc_norm": 0.675734494015234,
      "acc_norm_stderr": 0.010921539041347978
    },
    "hendrycksTest-human_sexuality": {
      "acc": 0.3435114503816794,
      "acc_stderr": 0.041649760719448786,
      "acc_norm": 0.33587786259541985,
      "acc_norm_stderr": 0.04142313771996664
    },
    "hendrycksTest-college_computer_science": {
      "acc": 0.38,
      "acc_stderr": 0.048783173121456316,
      "acc_norm": 0.33,
      "acc_norm_stderr": 0.047258156262526045
    },
    "hendrycksTest-high_school_macroeconomics": {
      "acc": 0.24871794871794872,
      "acc_stderr": 0.021916957709213796,
      "acc_norm": 0.26153846153846155,
      "acc_norm_stderr": 0.022282141204204423
    },
    "hendrycksTest-human_aging": {
      "acc": 0.29596412556053814,
      "acc_stderr": 0.030636591348699813,
      "acc_norm": 0.273542600896861,
      "acc_norm_stderr": 0.029918586707798824
    },
    "hendrycksTest-sociology": {
      "acc": 0.2885572139303483,
      "acc_stderr": 0.0320384104021332,
      "acc_norm": 0.2935323383084577,
      "acc_norm_stderr": 0.032200241045342054
    },
    "hendrycksTest-us_foreign_policy": {
      "acc": 0.3,
      "acc_stderr": 0.046056618647183814,
      "acc_norm": 0.35,
      "acc_norm_stderr": 0.0479372485441102
    },
    "hendrycksTest-abstract_algebra": {
      "acc": 0.18,
      "acc_stderr": 0.03861229196653694,
      "acc_norm": 0.24,
      "acc_norm_stderr": 0.04292346959909282
    },
    "hendrycksTest-college_chemistry": {
      "acc": 0.23,
      "acc_stderr": 0.042295258468165085,
      "acc_norm": 0.28,
      "acc_norm_stderr": 0.04512608598542127
    },
    "hendrycksTest-prehistory": {
      "acc": 0.24074074074074073,
      "acc_stderr": 0.023788583551658533,
      "acc_norm": 0.20679012345679013,
      "acc_norm_stderr": 0.022535006705942825
    },
    "hendrycksTest-astronomy": {
      "acc": 0.19078947368421054,
      "acc_stderr": 0.03197565821032499,
      "acc_norm": 0.24342105263157895,
      "acc_norm_stderr": 0.034923496688842384
    },
    "hendrycksTest-college_biology": {
      "acc": 0.24305555555555555,
      "acc_stderr": 0.0358687928008034,
      "acc_norm": 0.2777777777777778,
      "acc_norm_stderr": 0.037455547914624555
    },
    "hendrycksTest-moral_disputes": {
      "acc": 0.2658959537572254,
      "acc_stderr": 0.02378620325550828,
      "acc_norm": 0.2745664739884393,
      "acc_norm_stderr": 0.02402774515526501
    },
    "hendrycksTest-business_ethics": {
      "acc": 0.3,
      "acc_stderr": 0.046056618647183814,
      "acc_norm": 0.27,
      "acc_norm_stderr": 0.044619604333847394
    },
    "hendrycksTest-high_school_computer_science": {
      "acc": 0.2,
      "acc_stderr": 0.04020151261036843,
      "acc_norm": 0.22,
      "acc_norm_stderr": 0.0416333199893227
    },
    "sciq": {
      "acc": 0.903,
      "acc_stderr": 0.009363689373248111,
      "acc_norm": 0.887,
      "acc_norm_stderr": 0.010016552866696848
    },
    "hendrycksTest-medical_genetics": {
      "acc": 0.28,
      "acc_stderr": 0.04512608598542127,
      "acc_norm": 0.3,
      "acc_norm_stderr": 0.046056618647183814
    },
    "hendrycksTest-security_studies": {
      "acc": 0.2979591836734694,
      "acc_stderr": 0.029279567411065667,
      "acc_norm": 0.2653061224489796,
      "acc_norm_stderr": 0.028263889943784617
    },
    "lambada_openai": {
      "ppl": 15.800720723310823,
      "ppl_stderr": 0.4824066041011406,
      "acc": 0.4315932466524355,
      "acc_stderr": 0.006900475331549949
    },