{
  "results": {
    "hendrycksTest-virology": {
      "acc": 0.29518072289156627,
      "acc_stderr": 0.035509201856896294,
      "acc_norm": 0.3072289156626506,
      "acc_norm_stderr": 0.035915667978246635
    },
    "hendrycksTest-astronomy": {
      "acc": 0.19736842105263158,
      "acc_stderr": 0.03238981601699397,
      "acc_norm": 0.24342105263157895,
      "acc_norm_stderr": 0.034923496688842384
    },
    "hendrycksTest-college_biology": {
      "acc": 0.24305555555555555,
      "acc_stderr": 0.03586879280080341,
      "acc_norm": 0.2569444444444444,
      "acc_norm_stderr": 0.03653946969442099
    },
    "hendrycksTest-professional_psychology": {
      "acc": 0.2777777777777778,
      "acc_stderr": 0.018120224251484587,
      "acc_norm": 0.2777777777777778,
      "acc_norm_stderr": 0.018120224251484587
    },
    "hendrycksTest-college_chemistry": {
      "acc": 0.22,
      "acc_stderr": 0.04163331998932269,
      "acc_norm": 0.26,
      "acc_norm_stderr": 0.04408440022768077
    },
    "hendrycksTest-public_relations": {
      "acc": 0.19090909090909092,
      "acc_stderr": 0.03764425585984925,
      "acc_norm": 0.19090909090909092,
      "acc_norm_stderr": 0.03764425585984926
    },
    "hendrycksTest-high_school_us_history": {
      "acc": 0.28431372549019607,
      "acc_stderr": 0.03166009679399814,
      "acc_norm": 0.30392156862745096,
      "acc_norm_stderr": 0.032282103870378914
    },
    "hendrycksTest-marketing": {
      "acc": 0.28205128205128205,
      "acc_stderr": 0.02948036054954119,
      "acc_norm": 0.2777777777777778,
      "acc_norm_stderr": 0.029343114798094486
    },
    "lambada_openai": {
      "ppl": 15.525327879961225,
      "ppl_stderr": 0.4830190559126148,
      "acc": 0.4346982340384242,
      "acc_stderr": 0.006906311803948981
    },
    "hendrycksTest-management": {
      "acc": 0.18446601941747573,
      "acc_stderr": 0.03840423627288276,
      "acc_norm": 0.20388349514563106,
      "acc_norm_stderr": 0.03989139859531771
    },
    "hendrycksTest-high_school_statistics": {
      "acc": 0.20833333333333334,
      "acc_stderr": 0.02769691071309394,
      "acc_norm": 0.21296296296296297,
      "acc_norm_stderr": 0.027920963147993656
    },
    "hendrycksTest-jurisprudence": {
      "acc": 0.2777777777777778,
      "acc_stderr": 0.043300437496507437,
      "acc_norm": 0.3333333333333333,
      "acc_norm_stderr": 0.04557239513497752
    },
    "sciq": {
      "acc": 0.891,
      "acc_stderr": 0.009859828407037188,
      "acc_norm": 0.882,
      "acc_norm_stderr": 0.010206869264381791
    },
    "hendrycksTest-human_aging": {
      "acc": 0.2825112107623318,
      "acc_stderr": 0.03021683101150878,
      "acc_norm": 0.2600896860986547,
      "acc_norm_stderr": 0.029442495585857497
    },
    "hendrycksTest-philosophy": {
      "acc": 0.2508038585209003,
      "acc_stderr": 0.024619771956697168,
      "acc_norm": 0.26688102893890675,
      "acc_norm_stderr": 0.025122637608816643
    },
    "hendrycksTest-high_school_computer_science": {
      "acc": 0.23,
      "acc_stderr": 0.042295258468165044,
      "acc_norm": 0.22,
      "acc_norm_stderr": 0.041633319989322716
    },
    "hendrycksTest-high_school_mathematics": {
      "acc": 0.2222222222222222,
      "acc_stderr": 0.02534809746809783,
      "acc_norm": 0.25925925925925924,
      "acc_norm_stderr": 0.026719240783712156
    },
    "hendrycksTest-electrical_engineering": {
      "acc": 0.31724137931034485,
      "acc_stderr": 0.03878352372138623,
      "acc_norm": 0.3103448275862069,
      "acc_norm_stderr": 0.03855289616378949
    },
    "hendrycksTest-high_school_macroeconomics": {
      "acc": 0.2205128205128205,
      "acc_stderr": 0.02102067268082791,
      "acc_norm": 0.24871794871794872,
      "acc_norm_stderr": 0.0219169577092138
    },
    "logiqa": {
      "acc": 0.2227342549923195,
      "acc_stderr": 0.016320054046165128,
      "acc_norm": 0.25806451612903225,
      "acc_norm_stderr": 0.017162894755127066
    },
    "piqa": {
      "acc": 0.6708378672470077,
      "acc_stderr": 0.0109637504141347,
      "acc_norm": 0.6692056583242655,
      "acc_norm_stderr": 0.010977520584714436
    },
    "wsc": {
      "acc": 0.36538461538461536,
      "acc_stderr": 0.0474473339327792
    },
    "hendrycksTest-global_facts": {
      "acc": 0.15,
      "acc_stderr": 0.0358870281282637,
      "acc_norm": 0.16,
      "acc_norm_stderr": 0.03684529491774709
    },
    "hendrycksTest-high_school_biology": {
      "acc": 0.2161290322580645,
      "acc_stderr": 0.023415293433568525,
      "acc_norm": 0.26129032258064516,
      "acc_norm_stderr": 0.024993053397764812
    },
    "hendrycksTest-econometrics": {
      "acc": 0.22807017543859648,
      "acc_stderr": 0.03947152782669415,
      "acc_norm": 0.21052631578947367,
      "acc_norm_stderr": 0.038351539543994194
    },
    "arc_challenge": {
      "acc": 0.22184300341296928,
      "acc_stderr": 0.012141659068147887,
      "acc_norm": 0.2645051194539249,
      "acc_norm_stderr": 0.012889272949313368
    },
    "hendrycksTest-college_physics": {
      "acc": 0.22549019607843138,
      "acc_stderr": 0.041583075330832865,
      "acc_norm": 0.21568627450980393,
      "acc_norm_stderr": 0.04092563958237655
    },
    "hendrycksTest-high_school_european_history": {
      "acc": 0.2727272727272727,
      "acc_stderr": 0.0347769116216366,
      "acc_norm": 0.28484848484848485,
      "acc_norm_stderr": 0.03524390844511782
    },
    "hendrycksTest-computer_security": {
      "acc": 0.34,
      "acc_stderr": 0.04760952285695236,
      "acc_norm": 0.34,
      "acc_norm_stderr": 0.047609522856952365
    },
    "hendrycksTest-formal_logic": {
      "acc": 0.2698412698412698,
      "acc_stderr": 0.03970158273235172,
      "acc_norm": 0.23809523809523808,
      "acc_norm_stderr": 0.03809523809523811
    },
    "hendrycksTest-nutrition": {
      "acc": 0.24183006535947713,
      "acc_stderr": 0.024518195641879334,
      "acc_norm": 0.28431372549019607,
      "acc_norm_stderr": 0.025829163272757468
    },
    "hendrycksTest-us_foreign_policy": {
      "acc": 0.28,
      "acc_stderr": 0.04512608598542129,
      "acc_norm": 0.3,
      "acc_norm_stderr": 0.046056618647183814
    },
    "arc_easy": {
      "acc": 0.5471380471380471,
      "acc_stderr": 0.010214087372211396,
      "acc_norm": 0.5260942760942761,
      "acc_norm_stderr": 0.010245801990240049
    },
    "hendrycksTest-international_law": {
      "acc": 0.23140495867768596,
      "acc_stderr": 0.03849856098794089,
      "acc_norm": 0.34710743801652894,
      "acc_norm_stderr": 0.043457245702925355
    },
    "hendrycksTest-professional_medicine": {
      "acc": 0.20220588235294118,
      "acc_stderr": 0.024398192986654924,
      "acc_norm": 0.20955882352941177,
      "acc_norm_stderr": 0.024723110407677072
    },
    "hendrycksTest-professional_law": {
      "acc": 0.2457627118644068,
      "acc_stderr": 0.010996156635142692,
      "acc_norm": 0.2653194263363755,
      "acc_norm_stderr": 0.011276198843958867
    },
    "hendrycksTest-anatomy": {
      "acc": 0.16296296296296298,
      "acc_stderr": 0.0319054147448284,
      "acc_norm": 0.18518518518518517,
      "acc_norm_stderr": 0.0335567721631314
    },
    "hendrycksTest-logical_fallacies": {
      "acc": 0.22699386503067484,
      "acc_stderr": 0.032910995786157686,
      "acc_norm": 0.24539877300613497,
      "acc_norm_stderr": 0.03380939813943354
    },
    "winogrande": {
      "acc": 0.5193370165745856,
      "acc_stderr": 0.014041972733712972
    },
    "hendrycksTest-high_school_psychology": {
      "acc": 0.22935779816513763,
      "acc_stderr": 0.018025349724618684,
      "acc_norm": 0.22201834862385322,
      "acc_norm_stderr": 0.017818849564796634
    },
    "hendrycksTest-conceptual_physics": {
      "acc": 0.2723404255319149,
      "acc_stderr": 0.0291012906983867,
      "acc_norm": 0.23829787234042554,
      "acc_norm_stderr": 0.027851252973889788
    },